id,text,hate_speech,casteism,religous_incitement,political_defamation,cyberbullying,severity
1,ta aaija ta pagal... malai bahira janu parxa,1,0,0,0,0,2
2,सहि गर्नु भयो समाज भाडुवा हरु देश द्रोही हुन्छन कडा भन्दा कडा कार्बाही होस।,1,0,0,1,0,4
3,"तोडफोड गर्दैन ,जातीय विभेद र छुवाछूत को पिडा पोखेको हो ।",0,0,0,0,0,1
4,Ta mula jungle mei basey ni bas na ani,1,0,0,0,0,3
5,Ta muji le j vanyo tei mannu parne ta sarkar le?,0,0,0,1,0,4
6,"Ani ta muji lai taha chaina yo samsad bhawan yo sarkar le
 hoina paila kai sarkar le banako ho vanera?",0,0,0,1,0,4
7,"जे गरेनी नहुने,जसो गरेनि नहुने,उ गरेर नि नहुने, हुने गर्दा नि नहुने, मर्दा पनि नहुने, 
बाच्दा पनि नहुने, रुदानी नहुने हास्दा नि नहुने बैगुनी पार्टी भनेको नेपालमा बा मा ले र कांग्रेस होला",0,0,0,1,0,3
8,"Aba sthaniye nikayeka raithani karmachari ra prabidhik lai pani yestai 
kisimle bela belama saruwa garema bhrastachar rokinthyo ki balen sarkar",0,0,0,1,0,2
9,bharastachari jaha gaye pani bharastachar garxa nai,0,0,0,0,0,2
10,Uchha samman ka sath machikney vanna chanxu,1,0,0,0,0,5
11,Now I hope Justice for My Nation,0,0,0,0,0,1
12,सहिद ले न्यय पाउनु पर्छ ।,0,0,0,0,0,1
13,"सिंहदरबार जलाइने केमिकलको बन्दोवस्त, प्रयोग कस्ले र कहाँबाट 'जानकार' ईञ्जिनियरले
 गराए ? यी सबै चासो राष्ट्रिय मानवाधिकारको प्रतिवेदनमा आवोस् !",0,0,0,1,0,2
14,दोषी जोसुकै भएपनी ढिलोचाडो जेल जाने नै छन सत्ता सधै कसैको हातमा रहि रहने छैन।,0,0,0,0,0,2
15,"Real id बाट होकि फेक आईडि बाट हो भनेर चेक जाज गर्नु छैन ! अन्धा धुन्दामा शेयर गरेको छ , 
फटह गुईठे। हैन १ मिनेट नपुग्दै 19k लाईक बालेन shah को त आउदैन हावा।",0,0,0,0,1,3
16,"वधाई तथा शुभकामना भुमि पुत्रहरु छातीभरि देशको माया वोकेर देशको उज्ज्वल भविश्यको 
कामना",0,0,0,0,0,1
17,"तिमिले जनताको कुरा सुनेको त अहिले सम्म सुनेको छैन । न अहिले न पहिले तिमी 
आफुलाइजे थिक लाग्छ तेहि गर्ने मान्छे हौ । नचिनेको होर । बात कर्ते हो",0,0,0,0,1,2
18,Eh guithe last ma harni nai ho kina dherai natak garnu paryo,0,0,0,1,0,2
19,माननीयज्यू आज सदन नै छैन भोलि 3: 30 pm मा हो .,0,0,0,0,0,1
20,"Afno kam gar muji, copy garera exam pass hune person pani pass
 hunxa fail hudaina",0,0,0,0,1,3
21,पागल,1,0,0,0,0,4
22,पागल हर्के यो भबन के ऐलेको सरकारले बनाउन सुरु गरे होर,0,0,0,1,0,4
23,हजुरको सादा जीवन उच्च विचार तर अधिकांस नेताको उच्च जीवन सादा विचार सायद तैभएर होला,0,0,0,0,0,1
24,"धेरै माया छ Sudan Gurung जी र सधैं रहने पनि छ हजुर को निणर्य हाम्लाई accept छ 
देशको नियम भन्दा माथि कोहि पनि छैन यो सब कुराहरू लाई स्वीकार गर्न पनि एउटा सुन्दर मन
 चाहिन्छ so proud  iam waiting for you respect person",0,0,0,0,0,1
25,"कपटपूर्ण अन्तर्वार्ताको उत्तर ! आज रास्वपाको नेता, सांसद नमुछिएको भए यतिबेला देशमा 
आगो बल्थ्यो! हिजो ओलि र लेखक चाही कुन निकायले अनुसन्धान गरेर पक्राउ गरेका थियौ? 
मात्रै कार्की आयोगको प्रतिवेदन होइन र?",0,0,0,1,0,2
26,तेरो खरानी चोर फटाहा,1,0,0,1,1,4
27,चाेर हरामि,1,0,0,0,1,4
28,यो खाते चोर नै हो,0,0,0,0,1,4
29,"भदौ २३ गते जेन-जि बालबालिकालाई टाउको र छाती मा ताकि ताकी गोलि हानेर मार्न आदेश
 दिने तत्कालीन सरकारलाई अनुसन्धान र कारबाही नहुने हो ? कि ७६ जना जेन-जि बालबालिका 
मारेको मा खुशी छ ? कि भ्रष्टाचारि हत्यारा एमाले र कांग्रेसको हत्यारा भ्रष्टाचारि नेताहरुलाई 
छानीछानी ७६ जनालाई मार्दियो भने कारबाही नगरी छोड्दिने हो ? के तरबार बोकेर जनता बाहिर
 निस्कनु पर्ने हो ? मान्छे मारेको ठूलो घट्ना होकि घर जलेको ठूलो घट्ना हो ? २३ गतेको नरसंहारको
 ढाकछोप गर्न २४ गते एमाले, कांग्रेस, माओवादी को नेता तथा कार्यकर्ता हरु सिंहदरबार, सर्बोच्च
 अदालत जस्ता राज्यको सम्पती जलाउन निस्केको थियो । राज्यको सम्पति र नेता हरुको घर
 जल्नमा यो ३ पार्टी को नै हातछ । यो ३ पार्टी मा देखिएको असन्तुष्ट कार्यकर्ताले नै हो मौकामा
 चौका हानेर आफ्नो पार्टीको नेताहरुको घर जलाएको हो ।",0,0,0,1,0,3
30,"प्रधानमन्त्री र अर्थमन्त्रीले देश कायापलट गर्ने बजेट ल्याउँदै, इतिहासकै सबैभन्दा बढी बजेट आउने",0,0,0,0,0,1
31,Good हामी सचेत जनता हुँ भन्दा भन्दै हामी पनि बिस्तारै झोले बन्दै गइरहेको पत्तै पाइरहेको छैन,0,0,0,0,0,1
32,"यो भिडियो हेर्दा पहिलो पटक कुनै पहाड समुदायको व्यक्तिले आफ्नो मन देखि नै हामी मधेसी 
लाइ सम्मान गरेको हो जस्तो महसुस भयो tq for making this type of video",0,0,0,0,0,1
33,"We, as Madhesis, need to take a loud stand for fellow Madhesis and 
other Nepali cultures, traditions and tribes. Not India. Period",0,0,0,0,0,2
34,"Madhesi ta madhesi nai ho, kei garna sakidaina yiniharulai",1,1,0,0,0,5
35,yo nepal bahun ko matra hora? ke hami manxe hainau?,1,1,0,0,0,3
36,tero bau,0,0,0,0,1,5
37,Proud to be Madhesi,0,0,0,0,0,1
38,"yo purano naya naya sab kura ho, kasaiko kei kam xaina",0,0,0,1,0,3
39,muslim jati sab lai desh nikala garnu parxa,1,0,1,0,0,5
40,yo ghante gang lai kei bhanna hudaina mardinxan,0,0,0,1,0,4
41,"I studied catholic school in koteshwor and I am proud to be sanatani. 
No religion is beautiful than hinduism, buddhism and kirati religions.",0,0,1,0,0,2
42,अाफ्नो धर्म नमास है मनुवाहरू पछि तिम्रै सन्तानले थुक्नेछन,0,1,0,0,0,3
43,Mugii bhahun,0,1,0,0,0,5
44,"Religion should not matter—whether someone is Hindu or belongs to any
 other religion, strict punishment should be given for such incidents.",0,0,0,0,0,1
45,लाज का पोका हरु! !,0,0,0,0,0,2
46,म हिन्दु हु यसमा मलाई गर्ब लाग्छ।जय नेपाल,0,0,0,0,0,1
47,"जनताको सेवा गर्न गएका हैनौ, तलबभत्ता लिन बन्द गर उसोभए। आखिर सबै करडौका मालिक छौ त।",0,0,0,1,0,2
48,"पुरानो दल लाई गाली गरेर उदाएको खराने ग्याङका संसद हरु झन् बादर लखट्ने झै मात्रै छन्।
तमासा पैला भन्दा ज्यादा देखिदै छ जे होस भत्ता सत्ता पचाउ देश लाई अझै खोक्रो बनाउ भोट हाल्ने 
हामी भेडा जनता छदै छौ।",0,0,0,1,0,3
49,"अब जुन दिन काम हुन्छ त्यही दिन मात्र भत्ता पाउने कानुन बनाउनु पर्छ नाइ भने नेपाली
 जनताले तिरेको कर खेर जान्छ।",0,0,0,0,0,1
50,"timi jela kahile jani abo navaya abo feri aago lagaii deau ani jaunu pradaeena 
meeting ma",0,0,0,0,1,3
51,इद मुबारक कमरेड,0,0,0,0,0,1
52,"यी आतंकवादीहरूको उदय जति सजिलो भयो, अन्त्य त्यति नै भयावह हुनेछ।",0,0,0,1,0,4
53,"पार्टीको ट्रेड युनियन नेपालमा कुनै औचित्य छैन।काम नगर्ने अवसर खोज्ने व्यवसायलाई दुःख 
दिने यस्तै झुण्डहरूले गर्दा देश विकास नभएको",0,0,0,1,0,3
54,Sala thag haruko jatha bhela vayexan lootera khane bani Jo pareko xa,1,0,0,0,1,3
55,"""मैले गो'ली हा'न्न आदेश दिएको छैन"" भन्दैमा केपी ओलीले उन्मुक्ति नपाउने",0,0,0,1,0,2
56,रातीको १२ बजे रबी दाइको बेडरुम मा गएर अन्तिम इच्छा सोध्दा कहाँ गएको थियो मानाव अधिकार ?,0,0,0,0,1,2
57,Sansad bighathan garnu parxa bhanne yehi pradhanmantri hoina ra,0,0,0,1,0,2
58,Singha durbar aago lagauxu bhanne yehi chor hoina kasto report nikale ko yo,0,0,0,1,0,4
59,यस्ता रास्वपाका खराने साम्सदलाइ कारवाही हुनै पर्छ,0,0,0,1,0,4
60,जन्म दिनको शुभ उपलक्ष्यमा हार्दिक मंगलमय शुभकामना छ सम्धिनी ज्यूलाई,0,0,0,0,0,1
61,अनि जिबि राई खोइत ???,0,0,0,0,0,1
62,ऐस्ता अराजक लाई हाल्दे सरकार जिन्दगी भर लाइ,1,0,0,1,0,4
63,Tyo Ramesh prasai bhanni dai Nepal ma bhaye g.b Rai samatxau bhani guff dinthye ta. Yesta sano sano case ma ta red notice jari garayera samatna vyaye xan ta,1,0,0,0,0,3
64,ठ्गेको लुटेको पैसा सबै फिर्ता गर्नु पर्यो निकै डरलाग्दो आईमाई रहेछ ।,0,0,0,0,1,3
65,Thailand bata deport hunu ni achievement nai ho,0,0,0,0,0,2
66,Ladako dam dar chicne talai dam dar lagyo Sala jhole,1,0,0,0,0,5
67,जय नेपाल,0,0,0,0,0,1
68,हजुरको चित्त बुझ्दो प्रस्तुति जय नेपाल,0,0,0,0,0,1
69,शालिन भद्र नेता,0,0,0,0,0,1
70,तपाईंको कुरा सहिहो । तर नेतृत्वमा पुगेपछि गरिब सर्वसाधारण ईमानदार कार्यकर्ता लाई नेतृत्वले नोकर सम्झिन्छ । सदस्य होस जतिसुकै विमति भएपनि भोट हाल नत्र कार्वाही हुन्छ ! नेतृत्व गठबन्धन गर्छ तर कार्यकर्ता एमाले माओवादी का कार्यकर्ता संग बोल्दा समेत संका गर्ने बानी काँग्रेस लगायत सबै पार्टीमा छ । त्यसैले तपाईं नेतृत्व गर्ने गर्नुस तर कृपया नागरिक लाई सदस्य क्रियाशील सदस्य बनाएर सदस्यताको नाममा नोकर नबनाउनुस  ।,0,0,0,1,0,3
71,सान्दर्भिक र वास्तविकता,0,0,0,0,0,1
72,"तपाई घन्टेको एक नम्बर को झोले हो, हुनत तपाई सुरुमा खतरा गणतन्त्र बादी तेसपछि दुर्गा प्रसाइको भक्त राजा बादी, तेसपछि राप्रपाको होनोहार कार्यकर्ता संसद उमेद्वार, संसद उमेद्वार हुदा जमना जफत भए पछि अर्को चुनाबमा टिकट पाइन्छ की भनेर अहिले घन्टेको अन्ध भक्त, अब तपाइको कुरा कसैले पत्याउने वाला छैन ढुक्क भए हुन्छ।",0,0,0,1,0,4
73,यो स्वागत नेपाल भन्नेपनि तलुवा चटुवा रछ।बजेटको मर्म केहो थाहा छैन अहिले सम्मको हंसिलो अर्थमन्तृ अरे।,0,0,0,1,0,5
74,Yo mujiko anuhaar dekha rish uthax achel,1,0,0,0,0,5
75,Presentation ramro tara madham barga janatako hitma chhina.,0,0,0,0,0,2
76,Terima kogle hune lai thapis nahune beroj gari lai rojgari nai khosis,1,0,0,0,0,4
77,"गरीब मारुवा बजेट, जसले गर्छ सपोर्ट त्यो नि गरीब मारुवा हो।",0,0,0,1,0,3
78,Yo gungan gayer vayen Ali vidhyut ko bare vannu paryo,0,0,0,0,0,2
79,लुटेरा,1,0,0,0,0,4
80,उचित स्थान उचित मूल्य मिलाएर ढुङ्गा गिट्टी उत्खनन गर्नु पर्छ नत्र के ले बाटो घर संरचना बनाउने? माटो ले? यत्रो पहाड हुँदा जनता ले ढुङ्गा लाई महङ्गो हालेर किन्नु पर्ने पटक्कै मन परेको छैन मलाई,0,0,0,0,0,2
81,गजब भान्जा,0,0,0,0,0,1
82,एस्ता सङ अन्तर्बार्ता लिने पत्रकार पनि कस्तो होला,0,0,0,0,1,3
83,Ramailo xa,0,0,0,0,0,1
84,Sala haruko natak,1,0,0,0,0,4
85,Nepal ko university Lai ramro banauchu bhannu chhaina..,0,0,0,0,0,2
86,Bideshi nai lyaunu Cha.,0,0,0,0,0,2
87,"हार्दिक श्रद्धाञ्जली, छानविन समितिको प्रतिवेदन सार्वजनिक होस्।",0,0,0,0,0,1
88,"तर , मधेशले के पायो ?",0,0,1,1,0,2
89,Oye khate Israeli agent ta dherai bhukne karan yehi rahecha haina. Israel ko dalal,1,0,0,1,0,5
90,तलाई नेता मान्नुपर्नेअझ राई लिम्बुको त पिता नै पो,0,1,1,0,0,4
91,राइहरुले खाने भयो पुर्ब। जय किरात,0,1,1,0,0,4
92,Tata tetai ga machikne khate kukur,1,0,0,0,1,5
93,यो भुसिया कुकुरलाई निन्द्रा लाग्दैन।।। कहाँ तातातो गु खान पाइन्छ भनेर सोचिरहेको छ।।।।,1,0,0,0,1,5
94,मदिरा र श्रुतिजन्य पदार्थमा भ्याट यथावत राखेर दैनिक जीवनमा उपभोग हुने बिजुलीमा १३% भ्याट किन?,0,0,0,0,0,1
95,धुम्रपान स्वास्थ्यको लागि हानिकारक छ ।,0,0,0,0,0,1
96,Night shift मा nursing बाहेक अरु स्वस्थेकर्मी पनि छन मन्त्रि जिउ,0,0,0,0,0,1
97,Timile turunt rajina dinu parx natra pachii thik nahola hepne hamilai.,0,0,0,1,0,3
98,त्यो खरानि ग्याङ ले बनाएको हैन ! केहि गरेनन भनेर जस को घर मा आगो लगायौ देश जलायौ उनि हरुले नै बनाएका हुन होस मा आउ घण्टे,1,0,0,1,0,4
99,हामी धोका दिदैनौँ।,0,0,0,0,0,1
100,रबि लामिछाने हत्यारा हो,1,0,0,1,0,3
101,खानेपानीको धेरै जस मैले पाउनुपर्छः,0,0,0,0,0,1
102,"Private Boarding School Teacher लाई के राहत छ? बिदेशमा Toilet Cleaning गर्नेलाई पनि Pension हुन्छ, नेपालमा विद्यर्थीको भविष्य बनाउने शिक्षिक लाई किन विभेद??",0,0,0,1,0,2
103,कर्णाली किन हेला?,0,0,0,1,0,2
104,समाचारमा र तपाईँहरूमा खासै केही फरक छैन।,0,0,0,0,0,2
105,हेर्दै जाउ तिमिहरुको राजनीतिक अवसान यति निर्मम हुनेछ त्यो कल्पना भन्दा बाहिर छ।,0,0,0,1,0,2
106,Baula ko ho sab lai tha xa,1,0,0,0,1,4
107,kahako aafnai kitab bechera aabiskar kendra bnaune khako QR lutera,1,0,0,0,1,4
108,Divide and rule garayara kasari ladauxa uniharu janajati lai yahi bata thaha hunxa,0,1,1,0,0,5
109,"Thik chaina scientists jyuu...boli sudharnus...barbara ko 1 ta samman le jindagi nachalla....23, 24 ko vanda kroor samaya vognu parcha...herdai Janu hola...",1,0,0,0,0,4
110,महावीर पुनलाई पनि हर्केको कुरा गर्दा सारो रिस उठ्दो रहेछ मलाई जस्तै,0,0,0,0,0,2
111,राम्रो साक्षात्कार जनता सग,0,0,0,0,0,1
112,तेरिमा झोले तैले आमदानी गर्छस तिर्छस सबै तँ जस्तै कमाउने हुन्छन तँलाई हजार एक रूपे बराबर हो भनी गाउँका गरिब जनताको लागि त्यही पचिस रूपैयाँ पनि लाख बराबर हो गलत लाई गलत हो भन्न सक्दैनस,1,0,0,1,0,5
113,त पनि घन्टेग्याङको हनुमान त हस,1,0,0,0,1,3
114,Dalal le malik ko kaam ramrari gardaixa,1,0,0,0,0,3
115,जन्मदिनको धेरै-धेरै शुभकामना तिमीलाई,0,0,0,0,0,1
116,traffic lite bigreko kasaile dekhadaina... galti nahuda nahuda cheat kateko dekhadaina...,0,0,0,0,0,2
117,प्रहरी आतंक बन्द गर,1,0,0,0,0,3
118,म पदको लोभले आएको हैन,0,0,0,0,0,1
119,Nepali power,0,0,0,0,0,1
120,Yo galat bhayo yasako birudhma bolnu parchha,0,0,0,0,0,1
121,hamle ni tha payou k garnu aba...esta nalayek arthamantri bhaye pachi,1,0,0,1,0,4
122,ECD शिक्षकको माग संवोधन गर्न शिक्षा ऐनमा नै व्यवस्था गर्नुपर्छ,0,0,0,0,0,1
123,ढुङ्गा बोक्नेको औकात र हैसियत त्याहाँभन्दा माथि कसरी होस् त ?,1,0,0,0,0,3
124,jasto j bhayeni long term ma ramro nai hunxa hola,0,0,0,0,0,1
125,"dherai birodh matra garera basnu pani hunna, positive side ta tannai xan ta",0,0,0,0,0,1
126,talai kukur jaile jhole bhayera hideko xa kam xaina ho?,1,0,0,1,0,4
127,सम्झाउनु पर्यो है अध्यक्ष लाई,0,0,0,1,0,2
128,नक्कली र सक्कली पोस्ट छुटाउन नसक्नेले pm बन्छु रे,0,0,0,1,1,2
129,esai bheda bhaneko haina kun page ho jaach buj garnu chhaina,0,0,0,1,0,3
130,Feri rai Limbu haru le Gali garlan hai,0,1,1,0,0,4
131,madhesi = indian,0,1,1,0,0,5
132,rai limbu lai desh ko 20% bechera xuttai duita desh banauna parxa,0,1,1,0,0,5
133,jaat ra dharma ko name ma desh barbad garnu hudaina,0,0,0,0,0,1
134,"sabai prakar ko manxe sangai basnu parxa, balla po nepal nepal hunxa",0,0,0,0,0,1
135,harek manxe le dignity ko sath bachne adhikar payeko xa,0,0,0,0,0,1
136,2 karod lagani garna sakne kisan xa jasto ta malai lagdaina,0,0,0,1,0,2
137,किसान मारा रहेछ बालेन सर।,1,0,0,1,0,4
138,desh euta sundar bagaicha ho rangi changi fhool haru,0,0,0,0,0,1
139,"mechi to mahakali are all nepali, luv u all",0,0,0,0,0,1
140,nepal is the best country i have ever been to,0,0,0,0,0,1
141,किसान र उद्योगी छुट्याउन सकेन ।,0,0,0,1,0,3
142,हाम्रो प्रधानमन्त्री जी अहिले पनि विद्यार्थी हुनुहुन्छ।,0,0,0,1,0,2
143,Great attitude,0,0,0,0,0,1
144,lau ta police daju,0,0,0,0,0,1
145,यस्तो काम गर्दा झोले भईन्छ है फेरी !!,0,0,0,0,1,3
146,harka साम्पाङको समर्थक श्रमदान गर्दा गर्दै अचानक् ढ-लेपछि तनाव,0,0,0,0,0,1
147,Kasto cute,0,0,0,0,0,1
148,yo para le desh bikash hunxa jasto xaina hai,0,0,0,1,0,3
149,ktaho sab milera yeslai chai godnai parxa,1,0,0,0,1,5
150,yesko kura sunda ta acchamma po lagxa,0,0,0,0,0,2
151,"badar marne ki aru kei solution xa ta? solution ta chaiyo ni, there are millions affected by this thing",0,0,0,0,0,3
152,chaupadi lai end garnai parxa jasari ni,0,0,0,0,0,1
153,autism school kholne decision is one of the best,0,0,0,0,0,1
154,i love the ministers are trying at least,0,0,0,0,0,1
155,"kasto kura gareko, yo ta impossible xa ni nepal ko context ma mainly",0,0,0,0,0,1
156,nepal ma mountaineering haru ko scope ta ekdam high xa ta kina testo bhaneko,0,0,0,0,0,1
157,idk engineering ta almost ded ho aaba,0,0,0,0,0,2
158,"nepal lai actually 2 bagh ma badhera, yo madhesi lai euta ma pardinu parxa jasto xa",0,1,1,0,0,5
159,literally dharma ra jaat ko name ma ladnu is not okay at all,0,1,0,0,0,1
160,kp oli bhanda ni namraro decisions lirako xa balen le,0,0,0,1,0,3
161,mero kura namanne lai thankot ko dada kataidinxu,1,0,0,0,1,4
162,tero bau hawa kura nagar na tori jasto,1,0,0,0,1,5
163,kukur nai raixa yo youtuber ta,1,0,0,0,1,5
164,CM Saroj Kumar Yadav jindabad,0,0,0,0,0,1
165,bheda janata bhayesi kei hudaina,1,0,0,0,1,4
166,nepal sati le sarapeko desh ho,1,0,0,0,0,3
167,rai limbu ko jach garera mental hospital ma haldinu parxa,0,1,1,0,0,5
168,"dalit lai entry xaina yo hospital ma, yo kina gako bhitra?",0,1,1,0,0,5
169,"nepal police ko kam nai xaina, edit banayo basyo, aru thulo case ta solve garna sakdaina",1,0,0,1,0,4
170,boru kukur ko puchxar sida hola tara sher bahadur deuba ko kei hudaina,0,0,0,1,1,3
171,nepo baby bhanera aaile ko minister chai k?,0,0,0,1,0,3
172,"yo limbu haru ko ta aakha yitro syano hunxa, kei dekhdaina hola",0,1,1,0,0,3
173,hat yo khate lai ta paxi kutnu parxa,1,0,0,0,1,5
174,"yesko dimag nai xaina, yeslai desh nikala garna parxa, chor nai ho yo",1,0,0,0,1,5
175,chutiya desh ma chutiya janta,1,0,0,0,1,5
176,gang fight hanne bhaye aaija afno gang liyera indrachowk ma?,1,0,0,0,1,5
177,tero aaukaat nai k xa ra,1,0,0,0,0,4
178,tero thar bhanda ta mero jutta ramro xa,0,1,1,0,0,5
179,yo manxe lai ta kukur sanga compare garna ni mildaina hola,1,0,0,0,1,5
180,"yo hotel ma ramro khana pauxa, yei janu hajur haru",0,0,0,0,0,1
181,video ta ramro xa comment section regulate garnu paryo,0,0,0,0,0,1
182,"content chai ekdam new and informative hai, love it",0,0,0,0,0,1
183,"desh ettikai bigreko ta haina, yesta bikhari nathe haru le garda ho",1,0,0,0,1,4
184,chor sala hat,1,0,0,0,1,5
185,टाढाको काम रामरो हो तारा घर र अफिसको सीमा नै हरियो जसो लग्न थलेको छ । काम सक्किए पक्सी पानी मन काम बहिरा आउना गारो हुन्सा।,0,0,0,0,0,2
186,कम्तीमा मन्त्रीज्यूले प्रयास गरेको मलाई मन पर्छ,0,0,0,0,0,1
187,आज पुरानो रेडियो चलाउँदा बचपन सम्झियो।,0,0,0,0,0,1
188,"हिन्दू र धर्म सबै बेकार छन्, तिनीहरूको लागि कोही छैन",1,0,1,0,0,4
189,जंगलमा आधार छैन।,1,0,0,0,0,3
190,रामाइलो xa,0,0,0,0,0,1
191,muslim lai hatauna parxa.,1,0,1,0,0,5
192,राई कागतीले देश खाइरहेको छ,1,1,0,0,0,5
193,यो एप अपडेट गरेपछि ब्याट्री जान छाडो सकिना थाल्यो।,0,0,0,0,0,3
194,यो कुलमान घिसिङ को कुरा मात्र थुलो हो अहिले केटीएम मा दैनिक ५ छोटी लोडसेडिङ जसो नेट र बत्ती जंक्सा तारा सबाइले येस्लै नै नायक बनाउक्सान कसो वेद जनता हुन हमरा,0,0,0,1,0,2
195,ध्यान खोज xa खान,0,0,0,0,1,4
196,Timi le jaana jaan galat artha lagauna khojya jasto dekhinxaa,0,0,0,0,1,2
197,आज मौसम सफा भएकाले हिमाल स्पष्ट देखियो।,0,0,0,0,0,1
198,मछिकने तेरा त्यो सि अनुहर फेसबुक म नदेखा तेरा फोटो हेर्दा कुकुर ले पानी मक्सा होला कास्तो मोटी गधा देखेको के टिमी जसो लै त सीधा टोक्नु पर्ने,1,0,0,0,1,5
199,त्यसको फाइदा भाउजु र भाउजुले उठाइरहेका छन् ।,0,1,0,0,0,4
200,हिन्दू धर्म बेकार छ।,0,0,1,0,0,4
201,"Tero jasto veda dimag vako le malai sikauna pardaina sa khate kukur tero bau ko jggya haina yo fb page, tero aukaat xaina mero post ma reply garne block mji",1,0,0,0,1,5
202,Yo restaurant ko service herda ta paisa kharcha gareko nai bekar lagyo tait,0,0,0,0,0,2
203,Delivery rider lai exact address diyeko thiye tara feri phone garirakhyo.,0,0,0,0,0,2
204,प्रत्येक व्यक्तिलाई सम्मानपूर्वक बाँच्ने अधिकार छ।,0,0,0,0,0,1
205,तँ जस्तो बेवकुफले फेरि उही गल्ती दोहोर्यायो।,1,0,0,0,1,4
206,हिजोको कार्यक्रममा स्थानीय कलाकारले निकै राम्रो प्रस्तुति दिए।,0,0,0,0,0,1
207,"नेवार जाति भन्दासी कञ्जुसी को ठुलो तौको हुन इनीहरु, जहाँ गए नी स अफ्नो कैसेन मात्र हरक्सन अरु सबाइको पैसा कसरी खाने भने सोच वाको गद्दर फोहोर जान हो",1,0,0,0,0,4
208,यो भिडियो बनाउनेले रिसर्च नै नगरी अपलोड गरेको जस्तो लाग्यो।,0,0,0,0,0,2
209,ta damai bhayera thulo kura garxas,0,1,0,0,1,5
210,आज ट्राफिक जाममा आधा दिन लाग्यो ।,0,0,0,0,0,3
211,धेरै राम्रो विश्लेषण,0,0,0,0,0,1
212,"राई लिम्बु जात ले साधै बिदेशी मास्टर को डलर खैरा आफनो देश को संस्कृति बेचदै छन, इनिहरु को दिमाग मा नेपाली को माया ज़ैना बिदेशी दलाल हुन इनिहरु सबाई",1,1,0,0,0,4
213,"बोरु कुकुरको योनीको मुख यस्तो छ, बहादुर केटा स्वर्गमा छ।",0,0,0,1,1,3
214,"Aaja gym ma first day thiyo, body ta purai dukheko xa aहिले",0,0,0,0,0,1
215,"परिक्षाको नतिजा आउनेछ, परिश्रम अनुसारको नतिजा धेरै खुसी हुनेछ।",0,0,0,0,0,1
216,आज community cleanup campaign ramro lagyo.,0,0,0,0,0,1
217,यो जातिको मान्छे कहिल्यै सुध्रिदैन,1,1,0,0,0,5
218,"यो सरकार जनताको पक्षमा छैन, सबै युवा विदेश पलायन भइरहेका छन्",0,0,0,1,0,3
219,Muji tero anuhar dera kukur pani bhagxa linux dherai hero naban fb m tero real face sabaiko agadi leak gariraxu cyber ma tero case haleko xu bholi thaha painxas sa,1,0,0,0,1,5
220,"पहिलो पटक गाउँमा होमस्टे बसेँ, अनुभव निकै फरक र रमाइलो रह्यो।",0,0,0,0,0,1
221,"भाउजु तिमीले देशको रक्षा गर्नु छ, सबै कुरा ठुलो छ, तिमी त्यता जादै छौ ।",1,1,0,0,0,5
222,क्रिश्चियन हरु ले मात्र समस्य बधाये,1,0,1,0,0,5
223,Yo party neta chor ho kora thulo bhrastachar ko raja ho yo neta,1,0,0,1,0,4
224,"गलत सूचना हटाउनुको सट्टा, तपाईंले यसलाई फैलाउनुभयो।",0,0,0,0,1,3
225,आजको यात्रा थाकेको थियो तर दृश्य निकै सुन्दर थियो ।,0,0,0,0,0,2
226,"आज पहिलो पटक गाउँमा फाइबर इन्टरनेट जडान भयो, खुशीको कुनै सीमा छैन",0,0,0,0,0,1
227,hindu bahek aru dharma bekar hun sanatan dharma nai yo sansar ko saba bhanda clean ra s s sanskar vako ho aru dharma ka manxe haru sabai narak ko bhagi hudaixan dhongi haru,1,0,1,0,0,4
228,तेरो त्यो फोहोरी सि फेस दादा कुकुर ले नी मुत्सा होला कमेन्ट मा आयरा धराई हिरो नबन @manche_xyz निर्दोष केटीको खातिर तल्लो तहको साइबर शाखामा बुझाउनुपर्छ ।,1,0,0,0,1,5
229,Muji tero tyo si anuhar dera kukur pani bhagxa hola comment ma aayera dherai expert naban tero reality ma bholi leak gariraxu fb ma tero ijjat chat parxu,1,0,0,0,1,5
230,chor mantri lai tatkal hataunu parxa,1,0,0,1,0,4
231,muslim jati nai yo sansar ko thulo virus ho jaha gae ni kranti ra ladai bahek kei jandainan iniharu lai nepal bata chitto nikalnu parxa natra hamro sanskar sakinx fohor virus,1,0,1,0,0,5
232,aru dharma manney haru lai yo desh ma basne adhikar xaina,1,0,1,0,0,5
233,"हिन्दू धर्मबाट मुक्त छन्, सनातन धर्म सबैले प्रयोग गर्दैनन्, तिनीहरूले पुरानो हो बिदेशी डलर म बिकेरा धर्म परिवर्तन गर्ने हरु सबाइ नरक जन्डक्सन साथी",1,0,1,0,0,4
234,"यो यहाँ समीक्षा गर्नुहोस् होटल बुक गरको थिये, तारा कोठाको फोटो जसो नै रैनाक्स।",0,0,0,0,0,2
235,अफिसमा आएर चिठ्ठी पढेँ ।,0,0,0,0,0,1
236,"Dalit jaat ko manxe haru mandir ma xirera hamro sanskar fohor garna thale, yiniharu ko thau tallo nai thik xa quota dyaera sarkar le sabaiko tauko mathi chadhayo",1,1,0,0,0,5
237,तपाईंले तथ्य जाँच नगरी पोस्ट गर्नुभयो।,0,0,0,0,1,3
238,डेलिभरी राइडरले सही ठेगाना दिएको थियो तारा फेरी फोन गरिरख्यो ल्यायो।,0,0,0,0,0,2
239,internet slow xa aaja,0,0,0,0,0,2
240,"मधेसी लाइ विश्वास गर्ना सकिदैना, इनिहरु को दिल मा दुख हुंक्सा",1,1,0,0,0,5
241,यो जवाफ देखेर रन्डीले शुल्क तिर्न बाध्य बनायो।,1,0,0,0,1,5
242,"Laptop update garepaxi jhan slow bhayo, k update ho yo ?",0,0,0,0,0,2
243,कुकुर खाँदै।,0,0,0,0,1,5
244,dalit sanga milera kaam hudaina,0,1,0,0,0,5
245,मेरो कुरा नमन लाई धन्यवाद को दादा कटैदिन्सु,1,0,0,0,1,4
246,हिन्दु धर्म बेकर,0,0,1,0,0,4
247,भाउजुले भात हेरिन्,0,1,0,0,0,5
248,किन हरेक बहसलाई व्यक्तिगत आक्रमणमा परिणत गर्नुहुन्छ ?,0,0,0,0,1,2
249,yo neta ko sampati sab choriko,0,0,0,1,0,4
250,"सिंहदरबारमा केमिकल जलाउने प्रबन्ध, कसले प्रयोग गर्छ र कहाँबाट, 'विद्वान' इन्जिनियरहरूद्वारा
 बनाएको? यी सबै चिन्ता राष्ट्रिय मानवअधिकार प्रतिवेदनमा आउनुहोस्!",0,0,0,1,0,2
251,"कफी लास्ट mito raixa yo new café co, ambient ni clean xa",0,0,0,0,0,1
252,आज हजुरआमाको पुरानो फोटो भेट्टाउँदा रमाइलो लाग्यो।,0,0,0,0,0,1
253,म सबै जाति र देशको बोझ हुँ।,1,0,0,0,0,4
254,यो डकुमेन्ट्रीले नयाँ कुरा सिकाएको छ ।,0,0,0,0,0,1
255,आजा बिहान को मौसम रमाइलो भको ले दधा माथी पदयात्रा गको कास्तो ताजा प्राकृतिक हावा खाना पायो वान्या केटीएम को प्रदुषण बताता थुडा वाये नी राहत मिलो साथी प्रकृति दृश्य,0,0,0,0,0,1
256,यस पाठ्यक्रममा व्यावहारिक सामग्री धेरै उपयोगी थियो।,0,0,0,0,0,2
257,मुस्लिम लाइ देश बता हातौं परक्सा,1,0,1,0,0,5
258,यो वृत्तचित्रले गाउँको जीवनलाई राम्रोसँग देखाउँछ।,0,0,0,0,0,1
259,"खातामा तर्क सुन्नु पर्छ, उठ्नु पर्छ।",0,0,0,0,1,4
260,"ल्यापटप अपडेट ढिलो भैयो, किन अपडेट ?",0,0,0,0,0,2
261,तेरो त्ययो फुर मुख बन्द गर मी जथा तेरो औकत जाना मेरो स्तर को पोस्ट मा बोले रास्ता को कुकुर जसो मा आयरा वुकिराक्सस साइबर मा रिपोर्ट GRXU,1,0,0,0,1,5
262,यो त बहनबाद हो,0,1,0,0,0,4
263,"श्रमजीवी जातिका नारी यस्ता छन्, बर्बादी, थप विचार, फल, काम, जीआरडीए, मस्तिष्क, अधिक भाषा, इनिहारु थेठी, काही, माथी, औडैना, स.",1,1,0,0,0,5
264,आजा परिवार संग बसेरा पुराण एल्बम हेरियो।,0,0,0,0,0,1
265,"बिहान मौसम यस्तो हुनेछ, रामेलो वाको ले दधा माथी, गक्को कास्तो, ताजा प्राकृतिक हावा खाऔं, वाण्य केटीएम को प्रदुषण बटा ठुडा भे नि पाइन्छ ।",0,0,0,0,0,1
266,Yo electric scooter ko mileage company le bhane bhanda adha matra raixa battery heating problem ni dherai xa so don't buy this model guys fraud marketing garya,0,0,0,0,0,2
267,यो सांसद त अपराधी नै हो।,0,0,0,1,0,4
268,तपाईंले अरू कसैको पोस्ट प्रतिलिपि गर्नुभयो र यसलाई आफ्नो रूपमा राख्नुभयो।,0,0,0,0,1,3
269,ta pagal hos kya ho ?,0,0,0,0,1,4
270,इनिहरू देशद्रोही हुन्,1,0,0,0,0,5
271,"आउनुहोस्, कृपया हामीलाई पछ्याउनुहोस्।",0,0,0,0,1,2
272,तपाईंले सम्पूर्ण कथा नबुझेर निर्णय गर्नुभयो।,0,0,0,0,1,2
273,दलित लाइ मनदीर झिर्ना नदीनु पाप लगक्सा पक्सी प्रतिस्था घाटा,1,1,0,0,0,5
274,"musalman haru sanga business garnu hudaina, sabb dhokebaaj hun",1,0,1,0,0,5
275,Aaja school reunion ma purana sathi bhetda ramailo lagyo.,0,0,0,0,0,1
276,Timi jasto hawa analyst le market ko ke bujhxa ra.,1,0,0,0,1,4
277,तिमीले हल्लालाई समाचार बनाएर फैलायौ।,0,0,0,0,1,3
278,तँले तथ्यभन्दा अनुमानलाई बढी महत्व दिएको छस्।,0,0,0,0,1,2
279,मुस्लिम शाखा काहिले नमिला,0,0,1,0,0,5
280,"बस २ घण्टा ढिलो आयो, तारा चालक दाई ले माफी मग्नु भयौ सो ठिकै लाग्यो ।",0,0,0,0,0,2
281,यो ब्यान्डले धर्म प्रचार गर्न थाल्यो,0,0,1,0,0,4
282,"तिम्री भाउजुले तल्लो जातको संगत लिइन्, मेरी भाउजु तिमी के छौ, मेरी सासु, मलाई मेरो जीवनको ज्ञान दिनुभयो, तिम्रो जातले निधार जित्यो, मानौं",1,1,0,0,0,5
283,तिमी र समाचारमा खासै फरक छैन ।,0,0,0,0,0,2
284,कस्तो हवा सामग्री बनाको यो टिकटोकर ले क्लिकबेट शीर्षक हलेर दृश्य मात्र तल गार्ना खोज्स सबाइल रिपोर्ट गररा यो च्यानल ब्लक गरनु परक्सा के,0,0,0,0,1,2
285,sabai samasya ko jad yei haru,1,0,0,0,0,4
286,आफ्नो गल्ती स्विकारे राम्रो हुन्थ्यो ।,0,0,0,0,1,2
287,अरु धर्म तिमीलाई यो देशमा बस्ने अधिकार दिएको छु।,1,0,1,0,0,5
288,यति महँगो टिकटपछि पनि रंगशालामा यस्तो व्यवस्थापन हुनु दुःखद् कुरा हो,0,0,0,0,0,2
289,विद्यालयले यस वर्ष विज्ञान प्रदर्शनी निकै व्यवस्थित तरिकाले आयोजना गरेको रहेछ।,0,0,0,0,0,1
290,"बाहुनमुजी हारु ढेराई विज्ञ नबन सबाई वन्द थुलो भ्राष्टाचारी टिमराई नेता हारु सान के, बिदेश बता डलर लिरा देश बेचेर काम बाहुन ले न गरको हो साथी",1,1,0,0,0,5
291,तपाईंले समाचार बनाएर हल्ला फैलाउनुहुन्छ।,0,0,0,0,1,3
292,"क्षेत्री भन्धै मा सबाइले ठुलो तौको बधना परक्सा वान्या झिना, कोटा रिश्वत लियारा माथी आको इनिहारु को रगत माई घमाण्ड र लुट हुंक्सा भृष्ट जात हो यो फोहोर",1,1,0,0,0,4
293,आज पुस्तकालयमा बस्दा धेरै काम सकियो।,0,0,0,0,0,1
294,"दलित जातको माँक्से हारु मन्दिर मा छिरेरा हाम्रो संस्कार फोहोर गर्ना थले, यिनिहरु को ठाउ तल्लो नै ठिक Xa कोटा दियारा सरकार ले सबाइको तौको माथी चढायो",1,1,0,0,0,5
295,यो नेताको पैसा अब पानी जस्तै बग्दैन,0,0,0,1,0,4
296,अनि जिवि राई खोईत ???,0,0,0,0,0,1
297,तेरो त्यो फोहोर सि फेस ड्डा कुकुर ले नी मुत्सा होला कमेन्ट मा आयेरा ढेरै हिरो नबन @manchhe_xyz तेरो असली ठेगाना तल्लो तह को साइबर शाखा मा पेश गरि खाए भोली उनको,1,0,0,0,1,5
298,Yo smart watch brand ko step tracker total fake raixa cycle chaluda ni automatic step count badhiraxaa battery line ni 1 din matra x worst purchase decision lagyo malai tait,0,0,0,0,0,2
299,Tero tyo mi mukh liyera dherai lecture nade @nepal_boy_10 tero standard kukur ko pui jastai xa fb m post halera afulai thulo naban tero details leak gariraxu bholi khate,1,0,0,0,1,5
300,Exam सकिएपछि बल्ल ढुक्क भएर सुत्न पाइयो।,0,0,0,0,0,1
301,यो नेता चोर हो मलाई,0,0,0,1,1,5
302,क्रिस्चियन हारुले सबै कुराको हेरचाह गरे,0,0,1,0,0,5
303,तपाईं जस्ता मानिसहरूसँग काम गर्नु धैर्यताको परीक्षा हो।,0,0,0,0,1,3
304,यो मन्त्री जनताको पैसा खायो।,0,0,0,1,0,4
305,स्थानीय सङ्ग्रहालयमा राखिएका पुराना नक्साहरू हेर्दा नेपालको भौगोलिक र सांस्कृतिक इतिहास बुझ्न निकै सहयोग पुग्यो ।,0,0,0,0,0,1
306,tyo group prati kei bharosa xaina,1,0,0,0,0,4
307,मधेसीलाई कहिल्यै विश्वास गर्न सकिँदैन,1,1,0,0,0,5
308,आजा पहली छोटी आफनाई किचन मा पिज्जा बनाको कास्तो स्वादिष्ट भयो वान्या बिदेश को रेस्टुरेन्ट भाँडा सस्तो रा ताजा थियो परिवार सबाइले एकदम मन पराए छत माथि अर्गानिक परीक्षण वायो,0,0,0,0,0,1
309,हिजोको कार्यक्रममा स्थानीय कलाकारहरुले निकै राम्रो प्रस्तुति दिएका थिए ।,0,0,0,0,0,1
310,hindu haru murkha.,0,0,1,0,0,5
311,pahadi haru le sadhai madhesi lai hepchan iniharu ko rajya thulo re,1,0,0,0,0,3
312,देशमा सुशासन आवश्यक छ,0,0,0,1,0,2
313,"यो क्रिस्चियन संगठन हरु ले गाऊँ मा गयारा भेडा भेदी लै डॉलर बडाई धर्म परिवर्तन गरूडक्सन, हमरो सनातन धर्म नास्ता गर्ना एको विदेशी दलालहरु हरु हुन इनिहरु",1,0,1,0,0,5
314,हिजो म एक वृद्ध मानिसलाई स्मार्टफोन चलाउन सिकाउँदै थिएँ। भिडियो कलपछि उनीहरुको अनुहारमा देखिएको खुशीले प्रविधिको अर्को पाटो उजागर गरेको छ ।,0,0,0,0,0,1
315,मचिकने तेरो त्यो सि अनुहर फेसबुक कमेन्ट मा नदेखा तेरो रियलिटी थाहा xa मलाई साइबर मा रिपोर्ट गरि खाके भोली पोल्स ले क्सदेपक्सी थाहा दर्दनाक खाटे जथा वेद,1,0,0,0,1,5
316,मन्त्री जिउले नर्सिङका अलावा रातिको सिफ्टमा अन्य स्वास्थ्यकर्मी पनि रहेको बताउनुभयो,0,0,0,0,0,1
317,praman chaina tara yo pakka doshi ho,0,0,0,1,0,4
318,muji afno kaam her.,0,0,0,0,1,5
319,तिमी नै हौ जसले मेरो दिमाग पार गरेको छ,0,1,0,0,0,4
320,नेवार हरु संग काम गर्ना गारो,1,0,0,0,0,3
321,"Yo neta ko kura patyauna sakidaina, yesle chunab aghi matra jhut bolxa",0,0,0,1,0,2
322,मधेसी हुनुमा गर्व छ,0,0,0,0,0,1
323,"कृषकलाई राहत दिनुपर्छ सरकारले, मल नपाएर बर्बाद भैसक्यो यहाँ",0,0,0,1,0,2
324,गएराति विद्युत् अवरुद्ध हुँदा काम अधुरो रह्यो ।,0,0,0,0,0,1
325,Yo mantri ko thulo rishwat kanda aba chitto bahira aaudaixxa digital nepal ko budget sab aafno real estate company m use garyo yesko property japt garera jail thunnu prxa,0,0,0,1,0,4
326,क्षेत्री को नाटक,0,1,0,0,0,4
327,फेरि त्यही गल्ती दोहोर्‍याउँदै हुनुहुन्छ।,0,0,0,0,1,3
328,यो समुदायका मान्छे सबै एउटै हो भन्ने सोच्नु गलत हो ।,0,0,0,0,0,1
329,"मुस्लिम हरु को मस्जिद बताउने साउण्ड ले सबलाइ डिस्टर्ब गर्यो, यो धर्म को माँक्से हरु लाई नेपाल मा ढेरै खुल्ला क्सद्दिनु नै शंकर को ठुलो गल्ती हो ब्रस",1,0,1,0,0,5
330,तिमीजस्तो मुर्खले फेरि उही गल्ती दोहोर्‍यायो।,1,0,0,0,1,4
331,"मलाई तेरो मन को कुरा सुनेर थुकाना मन लगाक्स कसतो बेवकूफ जाउ वान्या, त जसो अल्लारे संगा समुहको परियोजना गरना भाँडा रास्ता को कुकुर संगा गुरुनु रामरो",1,0,0,0,1,5
332,सस्तो लाइकको लागि केहि पोस्ट गर्नु आजकल चलन हो।,0,0,0,0,0,3
333,मुस्लिम समुदाय देशका लागि खतरा हो,1,0,1,0,0,5
334,त्यो समूह को मान्छे देखे पुग्यो,1,0,0,0,0,4
335,सरकारले स्पष्ट जवाफ दिनुपर्छ,0,0,0,1,0,2
336,"यो नेता घुसखोर हो, उसलाई स्वास्नी भनिन्छ",0,0,0,1,0,4
337,"Yo website ko customer support lastai slow raixa, use nagarda hunxa",0,0,0,0,0,2
338,muji le article nai napadhi gyan diyexa,1,0,0,0,1,5
339,dalit bhayera thulo kura,0,1,0,0,0,4
340,आजको कार्यशाला बता ढेराई कुरा सिक्ना पाये ।,0,0,0,0,0,1
341,muji expert,0,0,0,0,1,5
342,"नेतालाई घूस लिनुभयो, प्रमाण पाउनुभयो र जेलमा हुनुहुन्छ ।",0,0,0,1,0,4
343,आजा म्याराथन मा भाग लिन नसके पानी हरना रमाइलो लाग्यो।,0,0,0,0,0,1
344,Tero bau le tallo jaat sanga sathi nabana bhanya thiyena kya ho sa damai tero ghar ma chaldaina bhandai ma hami lai k gyan diyexa tero jaat xito mathi chadheko jasto xa,1,1,0,0,0,5
345,यस पार्टीका नेताले विदेशी कम्पनीलाई बेचेर सिंगो देश लुटेर सबैलाई जेल हालेका छन् ।,1,0,0,1,0,4
346,"भाइ तिमरो भ्लग हेर्दा जसो सजिलो ट्र्याकिङ रियालिटी मा रिक्सा जसो लागेना। वास्तविक स्थिति, मौसम जोखिम वा शारीरिक चुनौतीलाई ध्यानमा राख्न नडराउनुहोस्।",0,0,0,0,1,2
347,neta le desh bechyo,0,0,0,1,0,4
348,राई लिम्बु जाति हारु ढेरै मातो को कुरा गर्क्सन तारा बुद्धि Xaina Bidesh मा लेरा जानदाई खाने बाहेक केहि जानदाईं हाम्रो देश को जग्ग्य सबाई इनिहरु ले सस्ता मा बीच,1,1,0,0,0,4
349,सार्वजनिक शौचालयको अवस्था सुधार्न सम्बन्धित निकायले ध्यान दिनुपर्छ।,0,0,0,0,0,2
350,"Khate kukur jasto bhukiraxa comment ma yo idiot, block garo sabaile",1,0,0,0,1,5
351,विद्यालयमा खेलकुदलाई पनि प्राथमिकता दिनुपर्छ ।,0,0,0,0,0,1
352,christian haru le desh bigare,1,0,1,0,0,5
353,यो सांसदलाई जेल हाल्नुपर्छ,0,0,0,1,0,4
354,तपाईंले अरू कसैको पोस्ट चोरी गरेको प्रमाण।,0,0,0,0,1,3
355,"अनलाइन बैंकिङ प्रयोग गर्दा बलियो पासवर्ड राख्नु महत्त्वपूर्ण छ र आफ्नो OTP कसैसँग सेयर नगर्नुहोस्, वित्तीय अपराधहरू बढ्दै गएकाले हामी सतर्क रहनुपर्छ।",0,0,0,0,0,1
356,तिमीले अनुमानलाई तथ्यझैँ प्रस्तुत गरिरहेका छौ।,0,0,0,0,1,2
357,फिल्मको पहिलो हाफ रामरो थियो तारा अन्त्य कमजोर लाग्यो मलाइ,0,0,0,0,0,2
358,ta jasto bekar manche,0,0,0,0,1,4
359,"यो क्रिप्टो मुद्रा प्रतिबन्ध गरको ले नेपाल मा डलर औना सकेको छैना, शंकर पुरानो बुद्धि को माँक्से हारु ले चलाको सान ज सबाइले टेक भन्दासी दारौक्सन कास्तो बेकर नियम",0,0,0,1,0,2
360,यस वेबसाइटको ग्राहक समर्थन धेरै ढिलो छ।,0,0,0,0,0,2
361,तेरो त्यो फोहोर मुख बन्द गर मी जथा तेरो औकात Xaina मेरो स्तर को पोस्ट मा बोल्ने रास्ता को कुकुर जास्तो टिप्पणी मा आयरा vukiraxas साइबर मा रिपोर्ट grxu वेद खाते मी,1,0,0,0,1,5
362,"तपाईंले बहस जित्ने प्रयास गर्नुभयो, विषय बुझेनन्।",0,0,0,0,1,3
363,नराम्रो गन्ध आउँछ,0,0,0,0,1,5
364,यो एपको अधिसूचना प्रणालीलाई चिन्ताजनक xa ले।,0,0,0,0,0,2
365,ta pagal hos ki k ho?,1,0,0,0,1,4
366,muji afulai hero thanxa.,0,0,0,0,1,5
367,"स्वास्थ्य नै धन हो त्यसैले जंक फूड खान छोडेर घरमै स्वस्थकर खानेकुरा खाने बानी बसाल्नुहोस्, यसले हाम्रो शरीर र दिमाग दुवैलाई स्वस्थ राख्न धेरै मद्दत गर्छ ।",0,0,0,0,0,1
368,यी खतरनाक छन्,1,0,0,0,0,4
369,यस्तो काम गर्यौ भने झोला बन्छौ।,0,0,0,0,1,3
370,"रेस्टुरेन्टको भित्री डिजाइन खाना, स्वाद र सेवाको गुणस्तर जत्तिकै राम्रो छ, र त्यसपछि तपाइँ सोशल मिडियामा हाइप पाउनुहुनेछ।",0,0,0,0,0,2
371,आज बिहान को मौसम रमाइलो वाको ले दधा माथी पदयात्रा गको कास्तो ताजा प्राकृतिक हावा खाना पायो वान्या केटीएम को प्रदूषण बता थुडा वे नी राहत मिलो साथी प्रकृति दृश्य,0,0,0,0,0,1
372,"Yo sankar ko khulla loot herda ta aba nepal ma basna bhanda khadi ma gaeera pasina bagaunu thik lagna thalyo, border ko checking ma ni ghus matra khojxan jtha haru",0,0,0,1,0,3
373,घरको पुरानो फोटो एल्बम हेर्दा धेरै सम्झना ताजा भए।,0,0,0,0,0,1
374,आजको बस यात्रामा यति धेरै भीड थियो कि सास फेर्न गाह्रो भयो ।,0,0,0,0,0,3
375,Bahun muji haru le garda desh bigryo sab bhanda thulo bhrastachari hun yo jaat,1,1,0,0,0,5
376,yo neta le karodau choryo re,0,0,0,1,0,4
377,yo ta bahunbaad ho,0,1,0,0,0,4
378,यो मन्त्री को ठुलो घुस काण्ड अब चित्तो बहिरा औडैक्सा डिजिटल नेपाल को बजेट सब आफनो रियल इस्टेट कम्पनी म उपयोग गर्यो यस्को सम्पत्ति जाप्त गरेरा जेल थुन्नु प्रक्सा,0,0,0,1,0,4
379,Ta jasto murkha maile dekheko xaina aukaat ma basa mi,1,0,0,0,1,5
380,यी चोर मन्त्रीले लाइसेन्स बड्यो बदमास खोल्न घुस लिए,1,0,0,1,0,4
381,आज पुरानो स्कुल रियुनियन म भेट्टा कसतो खुशी लाग्यो सबाइले अफ्नो बिजनेश एण्ड स्टार्टअप को कुरा गर्द प्रप्राउड फील भयो डिजिटल ट्रान्सफर्मेसन नेपाल मा रमाइलो हुडाइक्स साथी,0,0,0,0,0,1
382,यो विषयमा थप अध्ययन चाहिन्छ,0,0,0,0,0,2
383,"Madhesi ta Madhesi nai ho, iniharu bideshi bhanda kam xainan",1,1,0,0,0,5
384,Yo delivery app ko interface purano version bhanda jhan confusing ra fohor xa k orders place garda ni app crash hunxa worst software implementation by the team,0,0,0,0,0,2
385,राई लिम्बु हल्दिनु पार्कमा रहेको मानसिक अस्पताल हो ।,0,1,1,0,0,5
386,सत्तामा आएपछि सबै त्यही ठाउँमा बसे ।,0,0,0,1,0,4
387,आजको खेलमा रेफ्रीको निर्णय विवादास्पद बनेको छ ।,0,0,0,0,0,2
388,डिजिटल भुक्तानीले साना व्यवसायहरूलाई धेरै मद्दत गरेको छ।,0,0,0,0,0,1
389,"हामीले संस्कृतलाई हाम्रो समाजको एक अंगको रूपमा संरक्षित गरेका छौं, यसलाई विदेशी प्रभावबाट जोगाएर राखेका छौं, जसले हामीलाई कसैलाई चिन्ता गर्न छोडेको छैन।",0,0,0,0,0,1
390,muji chup,0,0,0,0,1,5
391,यी मन्त्रीको सम्पत्ति छानबिन हुनुपर्छ ।,0,0,0,1,0,4
392,यो नेता चोर हो।,0,0,0,1,0,4
393,"Delivery ko lagi 2 din bhaneko 2 hapta lagyo, worst company",0,0,0,0,0,2
394,आजकल सामाजिक सञ्जालमा एउटा सानो क्लिप हेरेरै पुरा घटना बुझेझैँ यस्ता प्रतिक्रिया दिने चलन बढेको छ । कहिलेकाहीँ पूर्ण प्रसङ्ग बुझ्ने प्रयास गर्दा धेरै अलगाव हुन्छ।,0,0,0,0,0,2
395,ईसाईहरूले हाम्रो धर्म लिन सक्छन् र डलर लिन सक्छन्,1,0,1,0,0,5
396,"हिन्दु धर्मका कारण बेकार छन्, अब रहेनन् ।",1,0,1,0,0,4
397,भाउजु हारु धेरै प्यारो छ,1,1,0,0,0,4
398,"Newar haru jpt jat hun paisa bhandasi mxan fohor sanskar xa iniharu ko jaha gae ni guff matra thulo lagauxan, kam ko bela ek paisa nikalna ni mne jtha haru",1,0,0,0,0,4
399,यस ग्याजेटको ब्याट्री ब्याकअपलाई मेरो अनुभवको आधारमा सकारात्मक समीक्षा दिइएको छ तर विज्ञापित कार्यसम्पादनलाई विज्ञापन प्रदर्शनसँग तुलना गर्न सकिँदैन।,0,0,0,0,0,2
400,क्रिश्चियन को भर हुदैना,0,0,1,0,0,4
401,यो डिलिवरी एप को इन्टरफेस पुरानो संस्करण भन्दा जान कन्फ्युजिंग रा फोहोर एक्सए के अर्डर प्लेस गर्दा नी एप क्र्यास हुन्जा टोली द्वारा सबैभन्दा खराब सफ्टवेयर कार्यान्वयन,0,0,0,0,0,2
402,भेडा जनता भयेसी के हुदैना,1,0,0,0,1,4
403,मन्त्रीलाई खाए,0,0,0,1,0,4
404,मेल यो एप प्रयोग गर्नुहोस्,0,0,0,0,0,1
405,"सरकारले किसानलाई राहत दिनुपर्छ, मलविना यहाँ खेर गएको छ",0,0,0,1,0,2
406,घूसखोरी र लैङ्गिक कोटा प्रणालीमा दिदीबहिनी बेच्ने संस्कृतिको गुलाम बनेका छौ ।,1,1,0,0,0,5
407,"पहिलो जातका जनतालाई आफ्नो अधिकारमा गर्व छ, मधेसीको अधिकारमा गर्व छ, देशको रक्षा गरेकोमा गर्व छ, मन हारेका छन् ।",1,0,0,0,0,4
408,मुस्लिम हरु संग व्यापार गर्नू हुदैना इनिहारु को दिल मा धोका रा कपता मात्रा हुन्सा सबलाइ ल्ना खोज्सन यो धर्म को मांक्से ठग हुनु प्रक्सा सा इनिहारु फोहोर,1,0,1,0,0,5
409,दलित हारु लाइ विश्वास गर्ना गारो छ।,0,1,0,0,0,5
410,"कोठा भाडा फेरी बढ्यो रे, अब त केटीएम मा बस्न नी गारो हुन्सा",0,0,0,0,0,2
411,खातामा पोस्ट गर्नुहोस्,0,0,0,0,1,4
412,हिन्दुहरु सबै गलत भन्छन्।,0,0,1,0,0,5
413,मुस्लिमले हातौना परक्सा ल्याए ।,1,0,1,0,0,5
414,muji chup,0,0,0,0,1,5
415,आजा बस पार्क मा टिकट लाइन मा १ घण्टा बस्नु पर्यो ।,0,0,0,0,0,2
416,यस कम्पनीले कर्मचारीहरूको समस्या सुन्नुपर्छ।,0,0,0,0,0,2
417,तँले अरूको मेहनतको श्रेय लिन खोज्नु गलत हो।,0,0,0,0,1,3
418,यो खातेले जानीजानी गलत सूचना फैलाइरहेको छ,1,0,0,0,1,4
419,मैले बहिनीलाई गर्वले हेरेँ ।,0,1,0,0,0,4
420,ल्यापटपको स्पिकरको गुणस्तर सोचेभन्दा राम्रो छ ।,0,0,0,0,0,2
421,तै जसो सि मुख भको केती देखेरा रास्ता को कुकुर नी थुक्सा होला @user_girl_89 मोडलिङ को नाम मा त्यो फोहोर ड्रेस लगायेरा छोटो भिडियो बनाउना xod तेरो घर म रिपोर्ट पठाइरक्सु,1,0,0,0,1,5
422,khate le feri fake screenshot halera hero banna khojexa,1,0,0,0,1,4
423,"शिक्षामा सुधार गर्न आवश्यक छ, सबै बालबालिकालाई समान अवसर दिनुपर्छ",0,0,0,1,0,2
424,हामी पर्दामा गयौं आमा,1,1,0,0,0,5
425,Chor mantri lai tatkal hataunu parxa yesle pura budget aafai khayo,1,0,0,1,0,4
426,तेरो तर्क शून्य,0,0,0,0,1,4
427,सम्पूर्ण समूहले देशलाई नष्ट गर्नेछ,1,0,0,1,0,4
428,@manchhe123 tero हावा समात्छ,0,0,0,0,1,4
429,service ali dhilo raixa,0,0,0,0,0,2
430,क्रिश्चियन हरु ले मात्र समस्य बधाये,1,0,1,0,0,5
431,"मधेसीले नेपालीको पहिचान चोरेका छन्, आफ्नो पहिचान गुमाउनेहरू नै हुन् ।",1,1,0,0,0,5
432,"Yo budget garib virodhi xa, neta ra thulabada lai matra faida",0,0,0,1,0,3
433,christian haru le sabai culture bigareka xan.,0,0,1,0,0,5
434,हामीसँग फ्राइङ छैन,1,1,0,0,0,5
435,यस रेस्टुरेन्टमा खाना स्वादिष्ट भए पनि पार्किङको समस्या छ ।,0,0,0,0,0,2
436,Phone ko battery 100% bata 20% jharna 2 ghanta ni lagena.,0,0,0,0,0,2
437,"बुझ्ने कोसिस गर्नुपर्छ, तर्क जितेर होइन ।",0,0,0,0,1,2
438,machikne comment garera attention khojdai xa,1,0,0,0,1,5
439,यी मन्त्रीको सम्पत्ति छानबिन हुनुपर्छ ।,0,0,0,1,0,4
440,"कामी जातको मनके हरुको जोर जोरी ढेरे माथी चढाउने थाला, कोटा प्रणाली ले गर्द वास्तविक प्रतिभा पक्सदी पर्यो इनिहारु को काम ति पुरानो लोहा मार ठीक थियो ।",1,1,0,0,0,5
441,यो प्रोजेक्ट रामरो लाग्यो मलाइ,0,0,0,0,0,1
442,आज मौसम निकै राम्रो छ,0,0,0,0,0,1
443,यो पुस्तक सरल भाषामा लेखिएको छ त्यसैले बुझ्न सजिलो छ।,0,0,0,0,0,1
444,यो मोबाइल अपडेटेड प्याक्सी क्यामेराको गुणस्तर अपेक्षित भण्डा जान बेकर भययो तताउने मुद्दा नी ढेरै बढ्यो त्यसैले आफ्नो फोन अपडेट नगर्नुहोस् साथीहरू अर्को सुरक्षा प्याचको लागि पर्खनुहोस्,0,0,0,0,0,2
445,साला हारुको नाटक,1,0,0,0,0,4
446,"विश्वमा मुस्लिम समुदाय ठूलो समस्या बनेको छ, जहाँ बम र आतंककारी गतिविधि छन्, नेपाल चर्चित भएको छ, कुनै अधिकार चर्चित भएको छ र भाइरस फैलिएको छ ।",1,0,1,0,0,5
447,Yo neta chor ho yesle rabi lamichhane lai jhoot kanda m fasauna thulo kaisen banako xa yesko pol bistarai sabai bahira audaixxa janta le sabaile thaha painxan,1,0,0,1,0,4
448,तिमीले पुरै भिडियो नहेरी प्रतिक्रिया दिएको जस्तो लाग्यो।,0,0,0,0,1,2
449,आजकल AI लाई वाटर मार्केटिङ पनि भनिन्छ।,0,0,0,0,0,3
450,मधेसी र मधेसीले मात्रै किनेका हुन् र कसरी नेपालका लागि शुद्ध बनाउने व्यवस्था बनेको छ र भारतीयले मात्रै बेचिरहेका छन् ।,1,1,0,0,0,5
451,आज बिहानदेखि पानी परिरहेको छ। यस्तो मौसममा तातो चिया र मनपर्ने किताब लिएर झ्यालछेउ बस्न पाए अरू केही चाहिँदैन जस्तो लाग्छ।,0,0,0,0,0,1
452,राई लिम्बु जाति हारु धरै मातो को कुरा गरकसों तारा बुद्धी एक्ना अभिदेश मा लेरा जन्दै खाने बहि कि जान्दान हमरो देश को जग्ग्या सबाई इनिहारु ले सस्तो मा फोहोर बेचे,1,1,0,0,0,4
453,"यो समुदायले देशलाई पछाडि तानेको छ, यसलाई देशबाट निकाल्नुपर्छ",1,1,0,0,0,5
454,नेवार हारु साधै अफनै फैदा हरक्सन,1,0,0,0,0,4
455,यो निर्णयले विद्यार्थीहरूलाई थप दबाब दिने देखिन्छ।,0,0,0,0,0,2
456,मुस्लिम हरु संग व्यापार गर्नू हुदैना इनिहारु को दिल मा धोका रा कपता मात्रा हुन्सा सबलाइ ल्ना खोज्सन यो धर्म को मांक्से ठग हुनु प्रक्स सा इनिहरु,1,0,1,0,0,5
457,christian haru le dollar ko var ma dharma parivartan garaudaixan,1,0,1,0,0,5
458,"तपाईंले फेसबुकमा कुनै ठाउँ फेला पार्न सक्नुहुन्न जहाँ तपाईं आफ्नो वास्तविक स्थान फेला पार्न सक्नुहुन्छ, जहाँ तपाईं आफ्नो नायक जहाँ पनि फेला पार्न सक्नुहुन्छ।",1,0,0,0,1,5
459,"Aaja gym ma first day thiyo, body ta purai dukheko xa.",0,0,0,0,0,1
460,त जसो बेवकुफ खाते संग कुरा गररा समय मात्र खेर गयो मी तेरो त्यो फोहोर मुख फेसबुक कमेन्ट मा नदेखा तेरो मानक डेरा थुक्ना मन लाग्क्सा,1,0,0,0,1,5
461,भाउजू भावुक छिन् ।,0,1,0,0,0,5
462,मुस्लिमहरू देशका लागि खतरा हुन्,0,0,1,0,0,5
463,"तपाईंले अहिलेसम्म जनताको कुरा सुन्नुभएन। न अहिले न त पहिले नै 
तपाईं एक व्यक्ति हुनुहुन्छ जसले उहाँलाई जे ठीक लाग्छ त्यही गर्नुहुन्छ। थाहा छैन। बोल्ने",0,0,0,0,1,2
464,हरेक बहसलाई व्यक्तिगत आक्रमण किन बनाउनुहुन्छ ?,0,0,0,0,1,2
465,आज आराम गर्ने दिन,0,0,0,0,0,1
466,दलित भाई यो काम गर्खा,0,1,0,0,0,4
467,"Yo jaat ko manxe haru ko buddhi kahilyai audaina fohor sanskar ra rago katne bahek kei jandainan, iniharu le garda gaun ko thiti sabai bigrisakyo fohor jati haru",1,1,0,0,0,5
468,म मौन रहनेछु।,1,0,0,0,1,5
469,food mitho thiyo tara service average,0,0,0,0,0,2
470,कृषकलाई राहत दिनुपर्छ,0,0,0,1,0,2
471,bahun haru sab ustai,0,1,0,0,0,4
472,तिमि ले स्रोत प्रमाणित नगरी शेयर गरको जानकारी आयले सम्मा डिलिट पानी गरको छैनौ । अरु ले सुधार दिदा उपेक्षा गर्ने बनी रामरो हैना।,0,0,0,0,1,3
473,दलाल राजा तिम्रो संरक्षक हो।,1,0,0,0,0,3
474,बलेन सरलाई किसानले मारेका छन् ।,1,0,0,1,0,4
475,"बदर मार्ने कि अरु के समाधान छ त ? समाधान त चाइयो नि, यसबाट लाखौं प्रभावित छन्",0,0,0,0,0,3
476,ठुलो अनुहार सुन्दा ता अछम्मा पो लक्ष,0,0,0,0,0,2
477,आजको यात्रा सम्झनलायक रह्यो।,0,0,0,0,0,1
478,सबैलाई शुभकामना,0,0,0,0,0,1
479,Aaja community garden ma sabai le milera rukh ropne kaam gare.,0,0,0,0,0,1
480,कामी हरु लै माथी चढौना हुदैना।,0,1,0,0,0,5
481,कामि हरु लाइ थाचार्नु पर्क्षा माथी औना दिदा थिति बिगर्यो,1,1,0,0,0,5
482,"यो पार्टी गरिबको पार्टी हो, तपाईंले आफ्नो नेता गुमाउनु भयो र हो",1,0,0,1,0,4
483,स्थानीय बजारमा उत्पादित सामानको गुणस्तर राम्रो हुँदै गएको छ,0,0,0,0,0,1
484,क्रिश्चियन हरु ले गाऊँ मा डलर बधाइ हमरो भगवान को नराम्रो कुरा गररा धर्म परिवर्तन गरुड़ाईक्षण यो बिदेशी षडयन्त्र लै रास्ता मै कुनु परक्सा चित्तो,1,0,1,0,0,5
485,विश्वमा मुस्लिम राष्ट्र समस्या होइन तर नेपालमा बम विष्फोट र आतंककारी गतिविधि भइरहेका छन् ।,1,0,1,0,0,5
486,यो documentary ले गाउँको जीवन राम्रोसँग देखाएको छ।,0,0,0,0,0,1
487,Yo hostel ko khana quality month by month ghatdai xa.,0,0,0,0,0,2
488,"ढेरै बिरोध मात्र गररा बस्नु पानी हुन, सकारात्मक पक्ष तन्नै छन त",0,0,0,0,0,1
489,christian haru khatra hun.,0,0,1,0,0,5
490,मधेसीले देशमा सुन्दरता ल्यायो,1,0,0,0,0,5
491,मुस्लिमहरू देशका लागि खतरा हुन्,0,0,1,0,0,5
492,"धेरै धेरै धन्यवाद सर यति राम्रो प्रस्तुतिको लागि, मैले धेरै कुरा सिकें।",0,0,0,0,0,1
493,विद्यार्थीको भविष्यमा ध्यान दिनुपर्छ,0,0,0,0,0,1
494,आज पुरानो रेडियो बजाउँदा बाल्यकालको याद आयो ।,0,0,0,0,0,1
495,आज स्थानीय विज्ञान मेलामा विद्यालयका विद्यार्थीहरूले बनाएका परियोजनाहरू देख्दा अचम्म लाग्यो। सही अवसर र मार्गदर्शन दिएमा युवाहरूले धेरै गर्न सक्छन्।,0,0,0,0,0,1
496,स्थानीय पुस्तकालयले पुराना हस्तलिखित दस्तावेजहरू डिजिटल रूपमा सुरक्षित गर्न थालेको खबर सुन्दा खुसी लाग्यो। यस्ता सामग्री हराए भने फेरि कहिल्यै फर्काउन सकिँदैन।,0,0,0,0,0,1
497,तँ जस्तो बेवकुफसँग कुरा गरेर समय खेर गयो।,1,0,0,0,1,4
498,Food delivery ko quality ghatdai xa.,0,0,0,0,0,3
499,होटल फोटो र वास्तविक कोठा बीच फरक छ।,0,0,0,0,0,2
500,तिनीहरू देशद्रोही हुन्,1,0,0,0,0,5
501,yo party ko neta thug ho,0,0,0,1,0,4
502,dalit haru lai biswas garna garo,0,1,0,0,0,5
503,यो शंकर को खुल्ला लुट हेर्दा त अब नेपाल मा बस्न भाडा खादी मा गायरा पासीना बगाउनु ठिक लग्न थाल्यो सीमा को चेक मा नी घुस मात्रा खोज्न ज*था हारु भ्रष्ट नियम,0,0,0,1,0,3
504,आजकल सबैले प्रेरक भनाइ राख्छन् तर व्यवहारमा देखिँदैन।,0,0,0,0,0,3
505,यो वृत्तचित्रले हिमाली क्षेत्रको जीवनलाई राम्रोसँग देखाएको छ ।,0,0,0,0,0,1
506,Muji tero dimag thik xaina jasto xa mental hospital ja mi,1,0,0,0,1,5
507,मुस्लिम हरु प्रति यास्तो घरिना फेलोने पोस्ट हारु रिपोर्ट गरनु पार्कसा।,0,0,0,0,0,2
508,यो पार्टीका नेता शेरबहादुर देउवा चोर हुन् । त्यो गरीब देश हो; उसले आफ्नो पद हटाएको छ। उसले यस्तो निर्दोष तरिकाले देश चलाइरहेको छ कि ऊ भाग्न खोजिरहेको छ।,1,0,0,1,0,4
509,विनम्रतापूर्वक छानबिन समितिको प्रतिवेदन सार्वजनिक गरियोस् ।,0,0,0,0,0,1
510,यो एपको नयाँ डिजाइन पुरानो भन्दा पनि अनौठो छ।,0,0,0,0,0,2
511,मलाइ तेरो अनुहर कुकुर को पुई जसो एक्स एफबी मा आयरा ढेराई ज्ञान नादे तेरो असली लोकेशन थाहा xa मलाई घर मै आयरा टोकदिन्सु ढेराई नायक नबन सा खाते जथा अल्लारे,1,0,0,0,1,5
512,यस कम्पनीले कर्मचारीहरूको समस्या सुन्नुपर्छ।,0,0,0,0,0,2
513,"यो गुफादी जसो बोलना XOD ना यार, कुरा बुढेरा बोलना जन्दन्स",0,0,0,0,1,3
514,यो पार्टी नेता चोर हो कोरा ठुलो भ्राष्टाचार काण्ड यस्ले नै गरियो थाहा छ सब लाइ सहकारी बैंक को पैसा लेटरा अफनो बिल्डिंग बनायो यो डाकु लै सजा पक्का छ,1,0,0,1,0,4
515,"यो सांसदलाई जेल हाल्नु पर्छ, संसदमा नाटक मात्रै गर्छ",0,0,0,1,0,4
516,Delivery ko lagi 2 din bhaneko 2 hapta lagyo.,0,0,0,0,0,2
517,"Haha lol म माफी चाहन्छु यो भिडियो मा कलाकारहरु को लागी,",0,0,0,0,1,2
518,Yo digital market course ko price expected bhanda high raixa tara tools and support zero x tutorial sab free youtube video jastai x totally fraud package waste of money,0,0,0,0,0,2
519,"हिन्दु धर्मका कारण बेकार छन्, अब रहेनन् ।",1,0,1,0,0,4
520,मुजी अफलाई आधारभूत बडा पानी पकाउने माहिर थिए।,0,0,0,0,1,5
521,yo idea man paryo,0,0,0,0,0,1
522,सामाजिक संजालमा भाइरल भयौ भनाइ मा साई कुरा सत्य हुदैना । कहिलेकै सबाई भाँडा लोकप्रिय कथा नै सबाई भाँडा भ्रामक हुन सक्क्सा।,0,0,0,0,0,2
523,मेयर ले बजेट अफनै घर लग्यो,0,0,0,1,0,4
524,हिन्दु धर्म बेकर,0,0,1,0,0,4
525,फेरी ज्ञान दीक्षा खाओ,1,0,0,0,1,4
526,यो मेयरले बजेटको पैसा आफन्तलाई बाँडेको हो भन्ने चर्चा छ।,0,0,0,1,0,4
527,"मलाई कास्तो फोहोर अभिनय गरको यो टिकटोकर ले यस्को अनुहर हेर्दा नी थुक मन लगक्सा, तेरो त्य्यो लियारा फ्लैट फेस भोली देखी क्यामेरा अगाडी ना-आ मी डिका लगिसक्यो सबाइलै",1,0,0,0,1,5
528,यी मन्त्रीले जनताको पैसाको दुरुपयोग गरेका छन् ।,0,0,0,1,0,4
529,"राई लिम्बु हरु विदेशी डलर खयरा हाम्रो नेपाली संस्कार बेच्दै क्षन, इनिहारु को मन मे बुद्धि कसैना मातो को मात्रा कुरा गरि जनता लाई मुर्खा बानोक्सन फोहोरी जात दलाल हुन",1,1,0,0,0,4
530,Muji tero anuhar dera ris uthxa sa khate kukur tero fake screenshot halera hero banna khojne bani xod tero ghar aayera tokdinxu dherai hoba naban,1,0,0,0,1,5
531,यो सडक चाँडै बन्नुपर्छ,0,0,0,0,0,1
532,यो नेता पैसा अब पानी गार्सा नहोस्,0,0,0,1,0,4
533,यस्तो मूर्खसँग कुरा गरेर समय बर्बाद भयो।,1,0,0,0,1,5
534,kami haru sadhai yestai,0,1,0,0,0,5
535,christian dalal haru dollar ko loobh ma hamro purano sabyata ra sanskar nasta garna laage iniharu lai gaun bata nikalera knu parxa bideshi master ko kutta hun iniharu sabbai,1,0,1,0,0,5
536,"आऊ तिमी मेलामा मेरो पहिरनमा आउने छौ, जहाँ मन लाग्यो त्यहीँ लगाउने छौ ।",0,0,0,0,0,1
537,"हिन्दू र धर्म सबै बेकार छन्, तिनीहरूको लागि कोही छैन",1,0,1,0,0,4
538,यो शंकर को नेता हरु झैले बिदेसी दलाल संग मिलेरा नेपाल को मुख्य खनिज सम्पदा हरु चोरेरा बेचदैकसान यसको प्रमाण चित्तो बहिरा ल्यायेरा रास्ता आम सजा दिनु पर्क्षा डाकु,0,0,0,1,0,4
539,"यो अनलाइन कोर्स को फी एकदमै थुलो लाग्यो मलाइ, सामग्री त युट्युब मा फ्री मा पेन जैत रिक्सा पैसा र समयको पूर्ण बर्बादी हो त्यसैले यसलाई नकिन्नुहोस् साथीहरू",0,0,0,0,0,2
540,यो संसद खुला मुख छ,0,0,0,1,0,4
541,ta pagal jasto bolxas।,0,0,0,0,1,4
542,सत्ता पाएपछि सबै उस्तै रहेछन्,0,0,0,1,0,4
543,यी चोर मन्त्रीले लाइसेन्स बड्यो बदमास खोल्न घुस लिए,1,0,0,1,0,4
544,यी सांसद कालो व्यवसायमा छन् ।,0,0,0,1,0,4
545,"नेपालमा जलविद्युतको प्रचुर सम्भावना छ तर राजनीतिक अस्थिरताका कारण विदेशी लगानीकर्ता आउन डराएका छन्, यो क्षेत्रलाई राम्रोसँग व्यवस्थित गर्न सके मुलुक धनी हुन बेर लाग्दैन ।",0,0,0,1,0,2
546,"नेपालको जैविक विविधता र प्राकृतिक सौन्दर्यको संरक्षण गर्नु हाम्रो कर्तव्य हो, पर्यटन प्रवर्द्धन गर्दै वातावरणलाई असर नगरी दिगो विकासको अवधारणालाई आत्मसात गर्नुपर्छ ।",0,0,0,0,0,1
547,"जब मैले पहिलो स्थानमा यो समूह देखे, म हाँस्न थाले।",1,0,0,0,0,4
548,ta jasto murkha dekheko xaina,0,0,0,0,1,4
549,मुस्लिम हारु प्रति घरिना लगक्सा।,0,0,1,0,0,5
550,तपाईंले अरू कसैको पोस्ट प्रतिलिपि गर्नुभयो र यसलाई आफ्नो रूपमा राख्नुभयो।,0,0,0,0,1,3
551,"यो बिक्रेताले वारेन्टी लिन्छ, एक्जा भनेर बेचियो तारा दावी गर्ना मिल्दाना रे ।",0,0,0,0,0,2
552,नेपालका प्राविधिक प्रतिभालाई स्रोतसाधनको अभावबाट मुक्त गराउन सरकारले क्रिप्टो र फ्रीलान्सिङमा लाग्ने कर कानूनलाई हटाउने निर्णय गरेको भए पनि सरकारले व्यस्त युवालाई मात्रै छनोट गर्न सक्नेछ ।,0,0,0,1,0,2
553,Yo neta lai bholi nai gaddhi bata nikalera thunnu parxa lootera,1,0,0,1,0,4
554,मन्त्रीले पैसा लुकाएर राखेका छन्,0,0,0,1,0,4
555,पोडकास्ट को पाहुना रोचक थियो तारा होस्ट ले धेरे इंटरप्ट गर जसो लाग्यो। नादिनको गेस्ट हाउसको उद्देश्य के हो?,0,0,0,0,0,2
556,यो समुदाय मात्र एक वास्तविक समस्या हो।,1,0,0,0,0,4
557,"Yo pradhanmantri le feri jhut bolyo, yesko ghar bachat bidesh ma xa re",0,0,0,1,0,4
558,"मलाई कसो सामान्य ज्ञान नभको वेडा रिक्सौ त्ययो फेक लिंक मा क्लिक गेरा अफलाई के ठुलो ठान्डै क्स, तेरो ज्ञान हेर्दा तेरो जिमेकी लाइ नी लाज लगाक्स होला जाथा चुप लग",1,0,0,0,1,5
559,तिमीले गलत सूचना हटाउनुको सट्टा झन् फैलायौ।,0,0,0,0,1,4
560,राई लिम्बु जाति हारु ढेरै मातो को कुरा गर्क्सन तारा बुद्धि Xaina Bidesh मा लेरा जानदाई खने बाहेक केहि जानदाईं हाम्रो देश को जग्ग्य सबाई इनिहरु ले सस्ता मा बीच फोहोर,1,1,0,0,0,4
561,पुस्तकालय मा डिजिटल आर्काइभ सुरु भयपक्सी रिसर्च गर्ना सजिलो भय्यो।,0,0,0,0,0,1
562,सहरभरि साइकल लेन बनाउने योजना राम्रो लाग्यो।,0,0,0,0,0,1
563,मुस्लिम हारु सबाइ लाइ निकालनु परक्सा,1,0,1,0,0,5
564,christian lai rokna parxa.,0,0,1,0,0,5
565,kami ko chhora bhayera thulo kura garcha.,0,1,0,0,0,5
566,"तपाईको दिमागको पेंच मात्र फुकुवा गर्नुहोस्, डा. @user2 lai dekha",1,0,0,0,1,4
567,यो मेयर को निर्णय ठीक लागेना,0,0,0,1,0,2
568,पहिलो पटक गाउँको होमस्टेमा बसेको अनुभव एकदमै फरक र रमाइलो थियो ।,0,0,0,0,0,1
569,"बस २ घण्टा ढिलो आयो, चालकले ताराको सहयोग लिएर माफी मागे, त्यसैले ठिकै लाग्यो ।",0,0,0,0,0,2
570,machikne comment nagar,1,0,0,0,1,5
571,"यो संसारमा मुस्लिम समुदाय समस्याको सामना गरिरहेको छ, जहाँ बम र आतंककारी गतिविधि भइरहेका छन्, नेपाल प्रख्यात भएको छ, कुनै अधिकार प्रख्यात भएको छ, वेदलाई भाइरसका लागि प्रयोग भइरहेको छ ।",1,0,1,0,0,5
572,"Yo sabyata ra sanskriti bachauna hami sabai ek huna parxa, bideshi prabhav le garda aaja hamro sanskar haru bistarai haraundai gaeraxan jun ekdam chintajanak kura ho",0,0,0,0,0,1
573,"तै जसो मै अल्लारे लाइ के था कुरा को दीपाना सा कुकुर जसो भुकिरक्सस कमेन्ट मा आयरा, तेरो रियालिटी सबाइको अगदी लाएरा तेरो इज्जत कुराकानी पराक्षु पारखी",1,0,0,0,1,5
574,क्रिश्चियन हारु ले संस्कृति बिगरे।,0,0,1,0,0,5
575,यो वृत्तचित्रले गाउँको जीवनलाई राम्रोसँग देखाउँछ।,0,0,0,0,0,1
576,मैले शान्ति ल्याएँ र मेरो दिनमा थप कुरा गरें।,0,1,0,0,0,5
577,"आज ट्रेकिङ जाँदा मौसम एक्कासी बिग्रियो, बीच बाटोबाट फर्किनुपर्‍यो।",0,0,0,0,0,1
578,क्रिश्चियन हारु ले हमो धर्म माये डलर को वर मा,1,0,1,0,0,5
579,yo samudaay sadhai samasya matra ho,1,0,0,0,0,4
580,यी सांसद सबै घोटालामा संलग्न छन् ।,0,0,0,1,0,4
581,"अनलाइन भुक्तानी सफल, तारा बुकिङ पुष्टि भएको हेर्नुहोस्।",0,0,0,0,0,2
582,टिमी ले नभुजी जेपीटी टिप्पणी नगरा ना ब्रो पहिलो तर्क र लेख स्पष्ट गर आनी बल्ला वुक्ना आइजा एफबी मा जनता मा हा कुरा फैलेरा के नक्कली ध्यान खोज्या के परिपक्व बन्न सिक्का,0,0,0,0,1,2
583,यी हेडफोनहरूको ध्वनि गुणस्तर औसत निर्माण गुणस्तर भन्दा राम्रो छ।,0,0,0,0,0,2
584,स्थानीय सङ्ग्रहालयमा राखिएका पुराना नक्साहरू हेर्दा नेपालको भौगोलिक र सांस्कृतिक इतिहास बुझ्न धेरै मद्दत पुग्यो ।,0,0,0,0,0,1
585,यो पार्टी को नेता शेर बहादुर देउवा ठुलो चोर हो देश बेचरा खायो लडा ले यस्को औकात Xaina Desh Chalaune yeslai Bholi Na Rasta Ma Nikalnu Parxa,1,0,0,1,0,4
586,तँ जस्तो गफाडीले सबै कुरा बढाइचढाइ गरेर सुनाउँछ।,1,0,0,0,1,4
587,तिमीलाई आलोचना सहन गाह्रो पर्ने रहेछ।,0,0,0,0,1,2
588,यी सांसद दलालमा निर्भर छन् ।,0,0,0,1,0,4
589,party adhyaksha pakka aparadhi,0,0,0,1,0,4
590,यो नेता खुल्ला डाकु हो भ्राष्टाचारी ले बैंक को कैसेन लुटेरा बिदेश पठायो यसको झोरा बिदेश मा लक्जरी कार म घुमक्सा तारा हमी जनता भने पेट्रोल को मुल्य बढ्यो भनाइ रुक्सम,0,0,0,1,0,4
591,यो फोटो सम्पादन धेरै सफा देखिन्छ।,0,0,0,0,0,1
592,धन्यवाद मुजी अफलाई हिरो।,0,0,0,0,1,5
593,यो नेता खुलेआम लुटेरा हो ।,0,0,0,1,0,4
594,"newar haru lastai kanjus hunchan, euta khaja khwanna ni mxan",1,0,0,0,0,4
595,Yo jaat ko manxe haru ko buddhi kahilyai audaina fohor sanskar ra rago katne bahek kei jandainan iniharu le garda gaun ko peace environment sabai bigrisakyo tait fohor,1,1,0,0,0,5
596,मधेसी र मधेसी समस्यामा छैनन् तर बिहारीलाई नेपालले सिकार गरिरहेको छ र सिमानामा लुकेर बसेका गुङ्गाहरूले भारत खाइरहेका छन् ।,1,1,0,0,0,5
597,यो इलेक्ट्रिक स्कुटर को माइलेज कम्पनी ले भन्ने भाँडा अधा मात्र रिक्सा ब्याट्री तताउने समस्या नी ढेरै छ त्यसैले यो मोडेल किन नगर्नुहोस् साथीहरू ठगी मार्केटिंग गर्या,0,0,0,0,0,2
598,यो मन्त्री को ठुलो घुस काण्ड अब चित्तो बहिरा औडैक्सा डिजिटल नेपाल को बजेट सब आफनो रियल इस्टेट कम्पनी म उपयोग गर्यो यस्को सम्पत्ति जाप्त गरेरा जेल थुन्नु प्रक्सा,0,0,0,1,0,4
599,मधेसी अन्धविश्वास त्यागौं,1,1,0,0,0,5
600,"ल्यापटपको स्पिकरको गुणस्तर सोचेभन्दा कम, मोडल खराब ।",0,0,0,0,0,2
601,ta muji hawa guffadi.,0,0,0,0,1,5
602,तपाईले एउटै गलत जानकारी बारम्बार फैलाइरहनु भएको छ।,0,0,0,0,1,3
603,तपाईंले टिप्पणी खण्ड पूर्ण रूपमा विषाक्त बनाउनुभयो।,0,0,0,0,1,4
604,"मधेसीले ल्याए नेपालीको सुहौदिन, धर्तीका बोझ हुन् ।",1,1,0,0,0,5
605,Aaja bihan ko weather rmailo vako le dadha mathi trekking gako kasto fresh natural air khana paeyo vanya ktm ko pollution bata thuda vaye ni relief milo sathi nature view,0,0,0,0,0,1
606,पुस्तकालयमा डिजिटल संग्रह सुरु भयो र अनुसन्धान गर्न सजिलो भयो।,0,0,0,0,0,1
607,यो सांसद कालो धन्दामा लागेको छ।,0,0,0,1,0,4
608,भाउजुले सबाई खाइन् ।,0,1,0,0,0,5
609,आज बिहान पहिलो पटक इलेक्ट्रिक स्कुटर लिएर अफिस गएँ । पेट्रोलको मूल्य घट्यो तर चार्जिङ स्टेसन नहुँदा लामो दुरीको यात्रा असहज भएको छ ।,0,0,0,0,0,1
610,"यी नेताहरू चुनावअघि धेरै कुरा गर्छन् तर पछि सम्पर्कमा आउँदैनन्, जनतालाई भ्रममा पारेका छन् ।",0,0,0,1,0,4
611,machikne टिप्पणी gerera ध्यान खोज्दाई exa यो s*la Kate,1,0,0,0,1,5
612,"Yo neta ghus khor ho, yesko swasni ko name m thulo jggya xa",0,0,0,1,0,4
613,आज बिहान पार्कमा दौडिँदा मौसम निकै राम्रो थियो।,0,0,0,0,0,1
614,Congratulations to our student group for organizing the cleaning campaign inside pashupati temple today digital and social work highly appreciated proud of you guys nepal,0,0,0,0,0,1
615,फेरी राई लिम्बु हरु ले गली गर्लान है,0,1,1,0,0,4
616,तिनीहरू परजीवी हुन्,1,0,0,0,0,5
617,dalit lai bharosa garna sakidaina,0,1,0,0,0,5
618,Ta harami jasto attitude le team bigarxas.,1,0,0,0,1,5
619,Online class ko bela net gayepaxi pura important lecture miss bhayo tait,0,0,0,0,0,2
620,Timi lai aalochana sunnai man naparne raixa kasto ego vako manxe raixau afno galti huda ni accepts nagarera ulto arkalai blame garne bani sudhra bro very bad tait,0,0,0,0,1,2
621,यो नेता लुटेरा हो बैंक घोटाला येस्को प्रत्यक्ष हात Xa Praman Xito ल्या,0,0,0,1,0,4
622,तेरो तयो हा फेस लियारा इन्स्टाग्राम मा रिल्स बनायेरा फुलाइ के मोडेल थन्डाई,1,0,0,0,1,5
623,"यो मेयरको डिजिटल टोकन प्रणाली पूर्ण रूपमा असफल छ, लाइन सेटलमेन्ट, सफ्टवेयर परीक्षण, नयाँ शहर प्रक्षेपण, गारेप्याक्सीमा गडबडी सिर्जना गर्दै, यो जनताको लागि ठूलो समस्या हो।",0,0,0,1,0,2
624,"यो प्रधानमन्त्री ज्यु खुल्ला निर्देशन गरेर देशको राजा हो, भारतको जमिन किनेर जेलमा बसेर सबै पैसा खाएको डाँकु तिमी मात्रै हो ।",0,0,0,1,0,4
625,कसैको फरक मत भएको कारणले गर्दा तिनीहरूको नराम्रो नियत छ भनी अनुमान गर्ने प्रवृत्ति बढ्दो छ। यसले संवादको सट्टा ध्रुवीकरणलाई बढावा दिन्छ।,0,0,0,0,0,2
626,तपाईंले कमाएको कुनै पनि नयाँ लाभले अरूलाई पीडा दिन सक्छ।,1,0,0,0,0,4
627,"ढुङ्गा र गिट्टी सही ठाउँमा र उचित मूल्यमा उत्खनन गर्नुपर्छ, अन्यथा सडक घरको संरचना के बनाउँछ? माटो लिने ? धेरै हिमाल हुँदा जनताले महंगो मुल्यमा ढुङ्गा किन्नु पर्ने कुरा मन पर्दैन",0,0,0,0,0,2
628,हिजोको शो राम्रो थियो,0,0,0,0,0,1
629,जानकारी को लागी धन्यवाद,0,0,0,0,0,1
630,यो स्पष्ट छ कि तपाईं अरू मानिसहरूको कडा परिश्रमको श्रेय लिन खोज्दै हुनुहुन्छ।,0,0,0,0,1,3
631,महान मनोवृत्ति,0,0,0,0,0,1
632,Yo pradhanmantri open bideshi isara ma chalxa bhrastachar ko raja ho yo yesle boundary ko land india lai ghus khayera becheko thulo praman niskya xa jail hal yeslai daku,0,0,0,1,0,4
633,कफी राम्रो थियो तर सेवा निकै ढिलो भयो।,0,0,0,0,0,2
634,यो नयाँ बस रुटले धेरै यात्रुलाई सहज बनाएको छ ।,0,0,0,0,0,1
635,हामी आफैंमा सच्चा रह्यौं।,0,1,0,0,0,5
636,muji comment padhera nai dimag kharab bhayo.,0,0,0,0,1,5
637,तपाईं कहाँबाट हुनुहुन्छ? FB m,1,0,0,0,1,5
638,केपी ओली भण्डा नि नामारो निर्णय लिराको परीक्षा बल्ले ले,0,0,0,1,0,3
639,जानकारी मुलक भिडियो,0,0,0,0,0,1
640,त एकछोटी कुरा बुढेर बोल न ।,0,0,0,0,1,2
641,एआईको नाम चर्चामा छ।,0,0,0,0,0,3
642,मेरो नेताले देश बचाउन सक्दो प्रयास गरिरहनुभएको छ ।,1,0,0,1,0,5
643,"हामीले हाम्रो पूरा साहित्य र ज्ञान पढेका छैनौं, हाम्रा युवाहरू हाम्रा अंग्रेजी गीतहरू र टिकटक सिक्न व्यस्त छन्।",0,0,0,0,0,1
644,म पनि धर्म जस्तै समस्याको सामना गरिरहेको छु।,0,0,1,0,0,4
645,हिजोको कन्सर्ट सोचे भन्दा राम्रो थियो।,0,0,0,0,0,1
646,अब 10 किलोमिटर साइकल गर्नुहोस् र तपाईं थकित हुनुहुनेछ।,0,0,0,0,0,1
647,खाताले ध्यान र टिप्पणीहरू प्राप्त गर्दछ।,0,0,0,0,1,4
648,आजकल स्ट्रिमिङ प्लेटफर्मको सिफारिस एल्गोरिदमले उही प्रकारको सामग्री मात्र देखाउँछ। अब पत्ता लगाउनुहोस् कि तपाईं कहाँ हुनुहुन्छ र कहिले पछाडि पर्नुहुनेछ।,0,0,0,0,0,2
649,यो प्रचण्ड र केपीले हामीलाई देश बेच्न सक्छ,1,0,0,1,0,4
650,मैले कुनै ठूलो भेट्टाउन सकिन।,0,1,0,0,0,4
651,तिमीले कुरा बढाइचढाइ गरेर सुनाउने बानी छ।,0,0,0,0,1,2
652,"मुस्लिम जाति संसारको सबैभन्दा ठूलो भाइरस हो, जहाँ क्रान्ति हुन्छ, संसारका जनता बाहेक मैले नेपाल ल्याएको छु, बाट चित्तो निकलनु पार्कस नत्र, हाम्रो संस्कार सकिन्क्ष ।",1,0,1,0,0,5
653,आजको यात्रा रमाइलो रह्यो,0,0,0,0,0,1
654,"यो अनलाइन कोर्स को फी एकदमै थुलो लाग्यो मलाइ, सामग्री त युट्युब मा फ्री मा दुखाइ रिक्सा पैसा र समयको पूर्ण बर्बादी हो त्यसैले यो केटाहरू नकिन्नुहोस्",0,0,0,0,0,2
655,यो संसदले माफियासँग भेट्नुपर्छ ।,0,0,0,1,0,4
656,Yo party ko mayor balen le kora thulo ghus khayera real estate land mafia lai space khulla xaddiyo uo khulla loot ho janta lai tokne niyam afu chai ghuskhor daku jtha,1,0,0,1,0,4
657,हामीले सकारात्मक सोच्नुपर्छ,0,0,0,0,0,1
658,पहिलो पटक गाउँको होमस्टेमा बसेको अनुभव एकदमै फरक र रमाइलो थियो ।,0,0,0,0,0,1
659,धेरै राम्रो विश्लेषण,0,0,0,0,0,1
660,अनलाइन बैठक को बेला माइक्रोफोन म्यूट गर्ना बिर्साइँ मान्छे हरु को पृष्ठभूमि कोलाहल ले कोहेलिकै पुरा चर्चा गडबडी गरिदिनाक्स।,0,0,0,0,0,2
661,अनलाइन शपिङ गरिको समान औडा साइज पुरा मिलेन।,0,0,0,0,0,2
662,आजको दिन रमाइलो थियो,0,0,0,0,0,1
663,यो एपको नयाँ डिजाइन पुरानो भन्दा धेरै अप्ठ्यारो छ।,0,0,0,0,0,2
664,विभाजन र शासन गर्नुहोस्,0,1,1,0,0,5
665,"हे मेयर, तपाईंले पैसा चोर्नुभयो, तपाईंले बाटोमा पैसा चोर्नुभयो।",0,0,0,1,0,4
666,यो सेलिब्रेटी धन्यवाद को लागी एक नो-गो हो,1,0,0,0,1,5
667,हिजोको म्याच रेफ्रीको निर्णय पूर्णतया शंकास्पद देखिन्थ्यो।,0,0,0,0,0,3
668,काठमाडौं उपत्यकामा खानेपानीको समस्या सधैं उस्तै छ । मेलम्चीको पानी लिने नाममा चर्को महसुल असुल्दा पनि ट्याङ्करबाट फोहोर पानी किन्न बाध्य हुनु दुःखद अवस्था हो ।,0,0,0,0,0,1
669,Dalit jaat ko manxe haru mandir ma xirera hamro sanskar fohor garna thale yiniharu ko thau tallo nai thik xa quota dyaera sarkar le sabaiko tauko mathi chadhayo sa iniharu fohor jaat,1,1,0,0,0,5
670,ta kasto hawa kura garxas yaar,0,0,0,0,1,3
671,"आज पशुपति मन्दिर भित्र सरसफाई अभियान आयोजना गरेकोमा हाम्रो विद्यार्थी समुहलाई बधाई छ, डिजिटल र सामाजिक कार्यको धेरै प्रशंसा भयो, तपाईहरू नेपाललाई गर्व छ",0,0,0,0,0,1
672,खाना खान फर्किए,0,0,0,0,1,5
673,नपढी ज्ञान दैक्षा बारे लेख पढौं,1,0,0,0,1,5
674,अहिले विद्यालयको पुनर्मिलनमा मेरो पुरानो साथी भेडा रामाइलोले मलाई भेटे ।,0,0,0,0,0,1
675,Yo mantri open bhrastachari ho yesle education board ko pura fund khayera janta ko xora xori lai book ni napaune banayo yesko property japt garera jail thunnu prxa,0,0,0,1,0,4
676,त्यसैले समूहको हात बेकार छ,1,0,0,0,0,4
677,मन्त्रीले तुरुन्तै पार्कलाई घृणा गर्न थाले र त्यसपछि सम्पूर्ण बजेट सुरक्षित रूपमा खर्च गरे।,1,0,0,1,0,4
678,"Tero naam thaha xa malai, ghar mai aayera thokदिन्छु dherai hero naban",1,0,0,0,1,5
679,मलाइ तेरो अनुहर डेरा कुकुर पानी भाग्सा होला धेराई हिरो नबन एफबी म तेरो असली फेस सबाइको अगाडी लीक गरिरक्सु साइबर मा तेरो केस हलेको जू भोली थाहा दर्द,1,0,0,0,1,5
680,"यो जात को माँक्से हारु को बुद्धि कहिल्यै औदैना फोहोर संस्कार र रागो काट्ने बाहेक केई जान्दान, इनिहारु ले गर्द गाँउ को थिति सबाई बिगरिसक्यो फोहोर जाती हारु",1,1,0,0,0,5
681,यो भेडाले कुन पृष्ठ किन्छ?,0,0,0,1,0,3
682,हिजो राती आकाश एकदम सफा थियो। सहरको बत्ती अलिकति मधुरो भएको भए अझै धेरै ताराहरू देख्न सकिन्थ्यो भन्ने सोचिरहेँ ।,0,0,0,0,0,1
683,"Chhetri vhandai ma sabaile thulo tauko badhna parxa vanya xaina, quota rishwat liyera mathi aako iniharu ko ragat mai ghamand ra loot hunxa bhrasta jaat ho yo",1,1,0,0,0,4
684,आज खेतमा पानी पुगेपछि किसानहरू खुशी देखिन्थे।,0,0,0,0,0,1
685,"आज पहिलो पटक घरको छतमा तरकारी खेती सुरु गरेँ, सिर्जनात्मक अनुभूति भयो, म आएँ, ताजा अर्गानिक टमाटर देखेँ, सागसब्जी देखेँ, नयाँ खुसीको अनुभूति भयो, हे प्रभु मेरो साथी ।",0,0,0,0,0,1
686,यो अनलाइन कोर्स को फी खसरी थुलो लाग्यो मलाइ सामग्री त युट्युब मा फ्री मा पेन जैत रिक्सा पैसा र समयको पूर्ण बर्बादी हो त्यसैले साथीहरू यो बेकार उत्पादन नकिन्नुहोस्,0,0,0,0,0,2
687,तिमि जस्तो मुर्खले फेरी उही गल्ती दोहोर्यायो ।,1,0,0,0,1,4
688,नेताले परीक्षा उत्तीर्ण गरेको हुनुपर्छ ।,0,0,0,1,0,4
689,christian haru le sanskriti bigare.,0,0,1,0,0,5
690,भाउजु बेकार छ।,0,1,0,0,0,5
691,नेताले देश लुट्यो भने जेल जान्छ ।,1,0,0,1,0,4
692,मन्त्रीले सबाई डिग्री लिएका छन् ।,0,0,0,1,0,4
693,हामीले ट्राफिक नियम पालना गर्न अझै धेरै सिक्न बाँकी छ।,0,0,0,0,0,1
694,ta pagal.,0,0,0,0,1,4
695,किन यो लेखिएको छैन कि यो एपले गोपनीयता नीति अधिसूचना अद्यावधिक गरेको छ ताकि सामान्य प्रयोगकर्ताहरूले बुझ्ने भाषामा के परिवर्तन भयो?,0,0,0,0,0,2
696,"आउनुहोस्, कृपया हामीलाई पछ्याउनुहोस्।",0,0,0,0,1,2
697,यो प्रवृत्ति पछ्याउन सधैं बुद्धिमानी छैन।,0,0,0,0,0,1
698,आज पार्कमा बालबालिकाको चित्रकला प्रतियोगिता भएको थियो।,0,0,0,0,0,1
699,आज telescope bata chandra herna pauda ramailo lagyo.,0,0,0,0,0,1
700,हिजोको साँस्कृतिक कार्यक्रममा स्थानीय कलाकारहरुको प्रस्तुति उत्कृष्ट रहेको थियो ।,0,0,0,0,0,1
701,Ta muji afulai genius samjhinxas kya ho?,1,0,0,0,1,5
702,यो नेता त खुल्ला चोर हो।,0,0,0,1,0,4
703,"madhesi lai biswas garna sakidaina, iniharu ko dil ma dhoka hunxa",1,1,0,0,0,5
704,"अब काम गरेको दिन मात्रै भत्ता पाउने कानुन बनाउनुपर्छ
 जनताले तिरेको कर खेर जानेछ ।",0,0,0,0,0,1
705,यो मन्त्रीको सबै कारोबार शंकास्पद देखिन्छ।,0,0,0,1,0,4
706,Today market ma naya bike ride test gareko kasto dynamic control raixa vanya acceleration ni linear xa daily commute ko lagi yo model ekdam best option ho bross super model,0,0,0,0,0,1
707,"तिमी पलको नम्बर एक झोला हौ, सायद गणतन्त्रका लागि खतरा थियौ, पहिले दुर्गा प्रसाईंको भक्त, त्यसपछि राप्रपाको सम्मानित कार्यकर्ता, संसदको उम्मेदवार, पैसा जफत भएपछि संसदको उम्मेदवार, अहिले त्यो क्षणको अन्धो भक्त हौ र अबको चुनावमा टिकट पाउँला भनेर पत्याउनुभएको छ, अब त पक्कै छैन ।",0,0,0,1,0,4
708,मेरो भाउजु र बुवाले देश खाए र मैले छोडे ।,1,1,0,0,0,5
709,सेलिब्रेटी थन्क्साका लागि यो निषेध गरिएको छ,1,0,0,0,1,5
710,त बौला हो क्या हो तेरो कमेन्ट यहाँरा सबाइले हसिरक्षण,1,0,0,0,1,3
711,आज धेरै दिन पछि पुरानो साथी देख्दा खुसी लाग्यो।,0,0,0,0,0,1
712,yo sansad mafia sanga mileko xa,0,0,0,1,0,4
713,"हिन्दू धर्म बेकार छ, सनातन धर्म सात लोकमा छ, पुरानो दुनियाँ स्वच्छ छ, हिन्दू धर्म परिवारमा भारतीय डलर छ, वेदको साथ संसार नरकमा छ।",1,0,1,0,0,4
714,"Yo influencer le afno success story matra dekhauxa, pachhadi ko reality bare kahile boldaina.",0,0,0,0,1,3
715,यी मन्त्रीले जनताको पैसा खाए ।,0,0,0,1,0,4
716,ती बुद्धिमान् जीनियस जीनियसहरू के हुन्?,1,0,0,0,1,5
717,"यो नेता चुनावअघि ठूलो कुरा गर्छ तर पछि सम्पर्कमै आउँदैन, पक्कै जनतालाई झुक्याउने काम गरेको हो।",0,0,0,1,0,4
718,यो मलाइको औख्यार देखा रिस उठ्छ,1,0,0,0,0,5
719,तपाईं सम्पूर्ण लेख पढे बिना नै निष्कर्षमा जानुहुन्छ।,0,0,0,0,1,2
720,मचिकने तेरो त्यो सि अनुहर फेसबुक कमेन्ट मा नदेखा तेरो रियलिटी तो अक्स मलाइ साइबर मा रिपोर्ट गरि खातीर भोली पोल ले झाडेपक्सी तहा पेनक्सास खाता जाठ वेद,1,0,0,0,1,5
721,"मधेसी र मधेसीले मात्रै किनेका हुन्, नेपाललाई कसरी बेच्ने ?",1,1,0,0,0,5
722,काठमाडौँ उपत्यकाको सार्वजनिक यातायात प्रणालीमा व्यापक सुधारको खाँचो छ पुराना र बढी धुवाँ फाल्ने सवारी साधनलाई विस्थापित गरी विद्युतीय बसहरू सञ्चालन गर्नुपर्छ वातावरण सरसफाइ,0,0,0,0,0,1
723,यी मेयरले बजेटको पैसा आफन्तलाई बाँडेको बताइएको छ ।,0,0,0,1,0,4
724,नेता को खाता विदेश मा एक्सा रे,0,0,0,1,0,4
725,yo dharma ko manche sadhai samasya,0,0,1,0,0,4
726,#Nepal ko lagi ramro khabar,0,0,0,0,0,1
727,आमाले काम गर्न थाल्नुभयो ।,0,0,0,0,1,5
728,तपाईं तथ्यहरू भन्दा बढी अनुमानहरू प्रयोग गर्दै हुनुहुन्छ।,0,0,0,0,1,2
729,खाते ko logic sunera has uthyo.,0,0,0,0,1,4
730,यो नेता ले करोदौ चोर्यो रे,0,0,0,1,0,4
731,आज बजारमा नयाँ बाइक राइड टेस्ट ग्यारेको कास्तो डायनामिक कन्ट्रोल रिक्सा वान्या एक्सेलेरेशन नी लिनियर एक्सए डेली कम्युट को लगी यो मोडल एकदम बेस्ट विकल्प हो ब्रस,0,0,0,0,0,1
732,"मलाई मुर्ख जस्तै हेर, म नराम्रो ठाउँमा बसेको छु।",1,0,0,0,1,5
733,"नेवार जाती को माँक्से हारु जहाँ गए नी आफनो फैदा मात्र हरक्सन, बापर को नाम मा जनता लाई लुत्क्सन इनिहरु को रगत माई कंजुसी रा भ्राष्टचार हुन्सा तैत फोहोर गद्दर जाती",1,0,0,0,0,4
734,तिम्रो यस्तो लापरवाहीले अरूलाई समस्या पर्छ भन्ने बुझ।,0,0,0,0,1,2
735,Bahun ko raj chaleko xa desh ma dalit jati lai sadhai thichera thau napaune banaye iniharu ko dhongi buddhi le sabaiko adhikar khayo bahun muji haru lai mathi bata nikalnu jaat,1,1,0,0,0,4
736,Online food delivery bata order gareko momo purai chiso aayo। Packaging ramro thiyo tara khana ko quality ra temperature herda paisa tirera pani satisfaction aayena।,0,0,0,0,0,2
737,"तिमि ला आलोचना सुनै मन नपर्ने रिक्सा, कसो अहंकार तेरा",0,0,0,0,1,2
738,दलित जातको माँक्से हारु मन्दिर मा छिरेरा हाम्रो संस्कार फोहोर गर्ना थले यिनिहरु को थाउ तल्लो नै ठिक Xa कोटा दियारा सरकार ले सबाइको तौको माथी चढायो सा इनिहरु फोहोर जाती,1,1,0,0,0,5
739,यसपछि एप अपडेटले ब्याट्री खेर जान थाल्यो।,0,0,0,0,0,3
740,यी पाठ्यक्रमहरू निःशुल्क छन् तर लागू हुँदैनन्।,0,0,0,0,0,2
741,यो पार्टी नेता चोर हो कोरा ठुलो भ्राष्टचार को राजा हो यो नेता,1,0,0,1,0,4
742,Muji tero anuhar kukur ko pui jasto xa fb ma aayera dherai gyan nade tero real location thaha xa malai ghar mai aayera tokdinxu dherai hero naban sa khate jtha allare,1,0,0,0,1,5
743,आजकलका बालबालिकाले प्रयोग गर्ने एआई उपकरणहरू हेर्दा हामीले पढेको समय र अहिलेको समयमा ठूलो भिन्नता छ भन्ने महसुस हुन्छ।,0,0,0,0,0,1
744,टाटा तै ग मचिकने खाते कुकुर,1,0,0,0,1,5
745,newar haru sadhai afnai faida herxan aru ko dukha sdanan jaat le,1,0,0,0,0,4
746,"Yo review herera hotel book gareko thiye, tara room photo jasto nai rainaxa.",0,0,0,0,0,2
747,खाते कुखर जसो करुणा XOD,1,0,0,0,1,5
748,"madhesi lai desh ko maya hudaina, upendra ra reshmlai thaha xa",1,0,0,0,0,5
749,"कोठा भाडा फेरी बढ्यो रे, अब त केटीएम मा बसना नी गारो हंक्सा",0,0,0,0,0,2
750,तेरो बुद्धी घास चरना गयो,0,0,0,0,1,4
751,भाउजुले सबाई खाइन् ।,0,1,0,0,0,5
752,यस रेस्टुरेन्टमा खाना स्वादिष्ट छ तर मूल्य अलि बढी छ।,0,0,0,0,0,2
753,"अब धेरै पैदल यात्रा गर्दा, जताततै जङ्गली फूलहरू देख्छु।",0,0,0,0,0,1
754,आज साथीहरूसँग भेट भयो,0,0,0,0,0,1
755,ता एकछोटी कुराको गहिराई बुझेरा बोल ना साथि कसो होला आत्मविश्वास ले भरना रिक्सास तेरो जेपीटी तर्क सुनेर हमी सबाइले कमेन्ट मा हसिरक्षम वान्या हा बेवकूफ गुफादी,0,0,0,0,1,2
756,यो photo contest ma dherai ramra entries dekhiya.,0,0,0,0,0,1
757,Madhesi ta Madhesi nai ho,1,1,0,0,0,5
758,वासना लागि सींग स्वाद परीक्षण,0,1,0,0,0,5
759,नेपो बेबी भनेर आइले को मन्त्री चिया ?,0,0,0,1,0,3
760,कलेजको प्रोजेक्टमा काम गर्ने बेला सबै जना उत्साहित देखिन्छन् तर अन्तिम दिन नजिकिँदै जाँदा दुई तीन जनाले मात्र सबै जिम्मेवारी बोक्नुपर्ने अवस्था किन सधैं आउँछ ?,0,0,0,0,0,2
761,kami haru lai mathi chadhauda yestai hunxa bhanne soch khatam hunu parxa.,0,0,0,0,0,2
762,"Bro yo politician le aafno kaam gardaina, totally useless xa #Nepal #Sarkar",0,0,0,1,0,3
763,आजा बिहान को मौसम रमाइलो भको ले दधा माथी पदयात्रा गको कास्तो ताजा प्राकृतिक हावा खाना पायो वान्या केटीएम को प्रदुषण बटा थुडा वाये नी राहत मिलो साथी प्रभु,0,0,0,0,0,1
764,"यो समुदायले देशलाई फिर्ता लिएको छ, यसलाई देश बाहिर फाल्नुपर्छ ।",1,1,0,0,0,5
765,यो मेयर ले जग्गा कबजा गर्यो,0,0,0,1,0,4
766,विद्यालयमा खेलकुदलाई पनि प्राथमिकता दिनुपर्छ।,0,0,0,0,0,1
767,राई लिम्बु हरु ले बैसा लाउंक्सन तारा बुद्धि ज़ैना,1,1,0,0,0,4
768,bahun muji haru le desh khai sake.,1,1,0,0,0,5
769,हिमाललाई गम्भीरतापूर्वक लिनुपर्छ,1,0,0,0,0,3
770,हिजोको यात्रा थकाइलाग्दो भए पनि हिमालको दृश्य निकै सुन्दर थियो,0,0,0,0,0,1
771,"Ta hawa confidence le bhariyeko raixas, afno reality her pahila",0,0,0,0,1,2
772,क्रिश्चियन दलाल हरु डलर को लूभ मा हाम्रो पुरानो सब्यता र संस्कार नास्त गर्ना लागे इनिहरु लाई गाँउ बता निकलेरा कुनु पर्क्सा बिदेशी मास्टर को कुट हुन इनीहरु सबाई दलाल,1,0,1,0,0,5
773,यो पार्टी को नेता ठग हो,0,0,0,1,0,4
774,hos अनुसार ta,0,0,0,0,1,4
775,"तिमी गलत छौ भाइ, म तिमीलाई चरा जस्तै बोलाउन खोज्दै छु।",0,0,0,0,0,1
776,टा खाताहरू।,0,0,0,0,1,4
777,मेरो आवाज मौन रहनेछ,0,0,0,0,1,5
778,यस वेबसाइटको ग्राहक समर्थन धेरै ढिलो छ।,0,0,0,0,0,2
779,उचा सम्मान संग माचिक्ने भान्ना चान्सु,1,0,0,0,0,5
780,यो gadget ko battery backup bare review haru dherai positive thiye tara mero experience ma ta advertised performance ko najik pani pugena।,0,0,0,0,0,2
781,तिमरो या बुझ्दैनन् कि लापरवाहीले अरूलाई समस्या दिन्छ,0,0,0,0,1,2
782,यो भिडियोको निर्माताले कुनै अनुसन्धान नगरी अपलोड गरेको देखिन्छ।,0,0,0,0,0,2
783,Exam ramro bhayo aaja,0,0,0,0,0,1
784,क्रिश्चियन लाइ रोकना पर्क्सा,0,0,1,0,0,5
785,सहमत छु,0,0,0,0,0,1
786,Yo sarkar ko neta kp oli ra deuba le gathabandhan garera cooperative ko saba garib ko paisa l*teka hun iniharu thula bhrastachari hun sa desh dubaune ke daku neta haru,1,0,0,1,0,4
787,क्रिश्चियन लाइ रोकना पर्क्सा।,0,0,1,0,0,5
788,यस्तो छ कि तपाईलाई सामान्य शिष्टाचार पनि थाहा छैन।,0,0,0,0,1,3
789,bahun lai dekhda ris uthxa,0,1,0,0,0,5
790,"Madhesi haru lai nepali ko kura garna suhaudaina, iniharu dharati ka bojh hun",1,1,0,0,0,5
791,लाज लाग्छ! !,0,0,0,0,0,2
792,Nice presentation sir,0,0,0,0,0,1
793,"तिमी राजनैतिक नेता हौ, भारतले मात्र देश बेच्ने छ ।",0,0,0,1,0,4
794,यी मन्त्रीले घुस लिएका छन्,0,0,0,1,0,4
795,सती ले सरापेको देश नेपाल हो,1,0,0,0,0,3
796,"तिमी पार्टीको मन्त्री हौ, चोरको नाममा बैंक खोल्छौ भने मिडियामा लिक गरेर निर्दोष जनतालाई कसरी नष्ट गर्छौ जनतालाई भन ।",0,0,0,1,0,4
797,गैंग लड हान्ने भय आइजा अफ्नो गैंग लियारा इन्द्रचोक मा ?,1,0,0,0,1,5
798,कार्यालयमा आज नवनियुक्त कर्मचारीहरुलाई स्वागत कार्यक्रमको आयोजना गरिएको थियो ।,0,0,0,0,0,1
799,यो सांसद ठग हो ।,0,0,0,1,0,4
800,यस वर्षको पुस्तक मेलामा धेरै नयाँ लेखकहरूको सहभागिता देखियो।,0,0,0,0,0,1
801,"मलाई कास्तो फोहोर अभिनय गरको यो टिकटोकर ले यस्को अनुहर हेर्दा नी थुक मन लगक्सा, तेरो त्य्यो लियारा फ्लैट फेस भोली देखी क्यामेरा अगाडी ना-आ मी डिका लगिसक्यो सबाइलै",1,0,0,0,1,5
802,विद्यालयले खेलकुदमा पनि ध्यान दिनुपर्छ ।,0,0,0,0,0,1
803,फेरि त्यही गल्ती दोहोर्‍याउँदै हुनुहुन्छ।,0,0,0,0,1,3
804,नेवार हारु लस्तै कञ्जुस,1,0,0,0,0,4
805,आज गाउँको पुरानो खानेपानी मिलले फेरि काम गर्न थालेको खबर आयो । यस्ता परम्परागत संरचनालाई आधुनिक प्रविधिसँगै जोगाउनु पनि उत्तिकै जरुरी छ ।,0,0,0,0,0,1
806,मन्त्रीले पैसा लुकाएर राखेका छन्,0,0,0,1,0,4
807,tyo समूह प्रेम र विश्वास,1,0,0,0,0,4
808,यो बिक्रेता ले फोटो मा देखाइको जसो समान नाइ पठाइना ।,0,0,0,0,0,2
809,"नेपालमा जैविक खेतीको ठूलो सम्भावना छ, रासायनिक मलको सट्टा कम्पोष्ट मल प्रयोग गर्दा माटोको उर्वराशक्ति जोगिनुका साथै उपभोक्ताको स्वास्थ्य पनि राम्रो हुन्छ",0,0,0,0,0,1
810,आजको खेलमा गोलकिपरले राम्रो प्रदर्शन गर्यो।,0,0,0,0,0,1
811,दलित हारु लाइ भरोसा गर्ना सकिदैना।,0,1,0,0,0,5
812,AI ko naam ma hype dherai raixa.,0,0,0,0,0,3
813,"राम्रो हो, हामी सचेत जनता हौँ भन्दैमा हामी बिस्तारै अल्छी बन्दै गइरहेका छौँ भन्ने थाहै छैन",0,0,0,0,0,1
814,"यो channel le pahila informative content banauthyo, ahile clickbait dherai xa.",0,0,0,0,0,2
815,तिमीले बहस जित्न होइन बुझ्न प्रयास गर्नुपर्छ।,0,0,0,0,1,2
816,यो मन्त्री त देश बेच्न तयार छ भन्ने लाग्छ।,0,0,0,1,0,4
817,"हामीले सार्वजनिक स्थान सफा राख्न सिक्नुपर्छ, जथाभावी फोहोर नगरौं",0,0,0,0,0,1
818,तपाईंले अनुमानलाई तथ्यको रूपमा प्रस्तुत गर्दै हुनुहुन्छ।,0,0,0,0,1,2
819,यो बिक्रेता ले झुट बोलेरा अर्डर लिना कोज्यो,0,0,0,0,1,3
820,"यो मन्त्री खुलेआम भ्रष्टाचार गरेर शिक्षा बोर्डको पूरै कोष जनतालाई दिएका छन् र किताबलाई नाप्न नसकिने गरी सम्पत्ति जफत, जेल, ठुन्नु प्रतिक्षा, डकैती चोर गरेका छन् ।",0,0,0,1,0,4
821,यो परियोजनामा ​​धेरै मेहनत गरिएको देखिन्छ।,0,0,0,0,0,1
822,धेरै राम्रो विश्लेषण,0,0,0,0,0,1
823,तपाईले ल्याउनुभएको मात्र हो,1,0,0,0,1,3
824,गएराति विद्युत् अवरुद्ध हुँदा काम अधुरो रह्यो ।,0,0,0,0,0,1
825,भरतस्ताचारी जहाँ पानी फैलिन्छ भारतस्ताचार गर्खा नै,0,0,0,0,0,2
826,धर्मको अपमान गर्ने तिमी हौ।,0,0,1,0,0,4
827,श्रमदान गर्ने क्रममा एक्कासी ढलेपछि हर्क साम्पाङका समर्थक तनावमा छन्,0,0,0,0,0,1
828,ग्राहक सेवा कलहरू सधैं होल्डमा मात्र राखिन्छन्।,0,0,0,0,0,2
829,Aaja library ma basera pura report sakiyo.,0,0,0,0,0,1
830,Tero jasto gyan sunnu bhanda diwal sanga kura grna sajilo x yaar,1,0,0,0,1,3
831,बहिनीको अनुहार हेर्नुस्,0,1,0,0,0,5
832,नेपाल बहिनीको लागि कति समय छ ? हामीले के गर्नुपर्छ?,1,1,0,0,0,3
833,तपाईंले नगरेको कुराको श्रेय लिन खोज्नुभयो।,0,0,0,0,1,3
834,tero dimag thik xaina,1,0,0,0,1,3
835,तिमि लाइ आलोचना सुनै मन नपर्ने रैक्सा कसो अहं भको माँक्से रैक्सौ अफ्नो गलती हुदा नी स्वीकार नगरेरा अल्टो अरकालै दोष गर्ने बनी सुध्र भाई धेरै खराब कुरा,0,0,0,0,1,2
836,तपाईंले तथ्य जाँच नगरी अफवाह फैलाउनुभएको देखिन्छ।,0,0,0,0,1,3
837,"आउनुहोस्, पहिलो दिन जिम जानुहोस्, आफ्नो शरीरलाई हेर्नुहोस्।",0,0,0,0,0,1
838,तपाईं कति वर्षको हुनुहुन्छ?,0,1,0,0,0,4
839,यो नेता अपराधी हो।,0,0,0,1,0,4
840,नेपालको पर्यटन प्रवद्र्धन गर्नुपर्छ,0,0,0,0,0,1
841,तपाईलाई काम भन्दा नाटक धेरै लाग्छ।,0,0,0,0,1,3
842,यो सांसदको डिग्री नै नकली हो रे ।,0,0,0,1,0,4
843,त खाते रान्डी को छोरो ढेरै हिरो नबन एफबी कमेन्ट म मेरो रियल लुक dda कुकुर पानी रास्ता म रोइडिन्क्स कास्तो फोहोर छाउ वान्या मेरो विवरण भोली लीक ह्यान्डिन्क्सु साइबर म,1,0,0,0,1,5
844,त्यो जान को मन्छे हरु देश को बोझ हुन,1,0,0,0,0,4
845,राई लिम्बु जाती हारु धरै मातो को कुरा गरकसान तारा बुद्धि एक्ना अभिदेश मा लेरा जानदाई खाने बहि कह जन्दैन हमरो देश को जग्ग्या सबाइ इनिहरु ले मा सस्ता मा बेचे,1,1,0,0,0,4
846,यो अनलाईन सपिङ साइट ले फोटो मा देखेको जसो रियल प्रोडक्ट दिनैना सा लुटेरा कम्पनीको नक्कल उत्पादन पथेर फिर्ता गर्ना खोज्दा फोन न उठाउनै,0,0,0,0,0,2
847,Today capital market nepal ma kasto heavy crash bhayo vanya share market ko rule clear nabhayera investor haru purai panic mode ma xan sankar ko finance team totally fail raixa tait,0,0,0,1,0,2
848,"देश सुन्दर बगैँचा बनेको छ, फूलका रङ फेरिएका छन् ।",0,0,0,0,0,1
849,खाते कुकुर जसो करुणा xod,1,0,0,0,1,5
850,Yo pradhanmantri open bideshi isara ma chalxa bhrastachar ko raja ho yo yesle boundary ko land india lai ghus khayera becheko thulo praman niskya xa jail hal yeslai,0,0,0,1,0,4
851,"काम गर्दा सबै गायब हुन्छन्, क्रेडिट लिँदा सबै अगाडि।",0,0,0,0,0,3
852,"तपाईले जे भन्नुभयो, कसैले तपाईलाई विश्वास गर्दैन",0,0,0,0,1,4
853,"Madhesi haru lai nepal ko citizenship dina nai hudaina thiyo, aaja aayera border ma indians haru halera hamro pahadi sanskriti lai thichomicho garna thalisake iniharu border daku hun",1,1,0,0,0,5
854,माचिकने तेरो तेयोको फेसबुक कमेन्ट वास्तविकता साइबर होइन भन्ने छ ।,1,0,0,0,1,5
855,तेरो त्यो हा मस्तिष्क सिक्उना औक्सस एफबी कमेन्ट मा जथा तेरो औकात Xaina मेरो स्तर को तर्क संग लार्ना तेरो मानक डेरा थुक्ना मन लगक्सा ब्लक प्रयोगकर्ता काटे,1,0,0,0,1,5
856,Ta jasto murkha maile dekheko chaina,1,0,0,0,1,4
857,आज पुरानो क्यामेरा भेट्दा धेरै सम्झनाहरू ल्याए।,0,0,0,0,0,1
858,Remote work ramro ho tara ghar ra office ko boundary nai harayo jasto lagna thaleko xa। Kaam sakkiye paxi pani dimaag kaam bata bahira aauna garo hunxa।,0,0,0,0,0,2
859,"मैले तपाइँको समीक्षा देखे पछि किन्नुभयो, तर उत्पादन धेरै कमजोर छ।",0,0,0,0,1,2
860,मैले चारैलाई हराएँ,1,0,0,0,1,4
861,तपाईं नम्बर एक हुनुहुन्छ,1,0,0,0,1,4
862,अटिजम स्कूल खोल्ने निर्णय सबै भन्दा राम्रो मध्ये एक हो,0,0,0,0,0,1
863,"मुस्लिम हरु संग व्यापार गरनु हुदैना, सब ढोकेबाज हुन",1,0,1,0,0,5
864,रामरो पहल हो,0,0,0,0,0,1
865,राम्रो काम टोली,0,0,0,0,0,1
866,"यो जान को मन्छे हरु जाहिले यसै गरछन, बदलाइन हैना",1,1,0,0,0,4
867,पोडकास्ट को पाहुना रोचक थियो तारा होस्ट ले धेरे इंटरप्ट गर जसो लाग्यो। नादिनको गेस्ट हाउसको उद्देश्य के हो?,0,0,0,0,0,2
868,आजको खाना मिठो थियो,0,0,0,0,0,1
869,मधेसीले देशमा सुन्दरता ल्यायो,1,0,0,0,0,5
870,आफ्नो गल्ती स्विकारेको भए कुरा यहीं टुंगिन्थ्यो ।,0,0,0,0,1,2
871,"प्रधानमन्त्री र अर्थमन्त्रीले देशको रुपान्तरण गर्ने बजेट ल्याइरहेका छन्, इतिहासकै सबैभन्दा ठूलो बजेट",0,0,0,0,0,1
872,डेलिभरी समय 2 दिन वा 8 दिन हो।,0,0,0,0,0,2
873,"आबा स्थानिए निकयेका रैठानी कर्मचारी र प्राधिकरण लाइ पानी यसै 
बलेन सरकारले एक न एक दिन भ्रष्टाचार किन रोक्यो ?",0,0,0,1,0,2
874,यो सांसद ठग हो ।,0,0,0,1,0,4
875,मुस्लिम हरु प्रति यास्तो घरिना असफल हुदै पछि हरु रिपोर्ट गरनु परक्सा ।,0,0,0,0,0,2
876,आज सामुदायिक बगैचा मा ढेरै युवा सहभागी भये ।,0,0,0,0,0,1
877,"Ta khate randi ko xoro dherai thulo naban fb comment ma aayera, tero aukaat thaha xa malai tero address liyera bholi pols ma complaint handinxu tero pol sab kholxu",1,0,0,0,1,5
878,"हामी तपाईलाई मालीको रूपमा सामेल गर्नेछौं, हामी हाम्रो घरको हेरचाह गर्नेछौं।",1,1,0,0,0,5
879,"तपाईंले पागल जस्तै प्रतिक्रिया गर्नुभयो, सबैले गार्ससलाई विचलित गरे।",0,0,0,0,1,4
880,दलित ले माथी चडौडा यसै हुंक्सा,0,1,0,0,0,5
881,"तपाईंले यो सुझाव दिंदा यो किन व्यक्तिगत आक्रमण जस्तो लाग्छ? यदि कसैले गल्ती औंल्यायो भने, यसलाई सुधारको अवसरको रूपमा पनि लिन सकिन्छ।",0,0,0,0,1,2
882,"Tero dimag ko screw loose xa jasto xa, dr. @user2 lai dekha",1,0,0,0,1,4
883,आजको दिन निकै व्यस्त रह्यो,0,0,0,0,0,1
884,यो नेता दलालको एजेन्ट जस्तो देखिन्छ।,0,0,0,1,0,4
885,bahun muji dherai gyan nade hami lai tero jant bhrasta ho thaha xa,1,1,0,0,0,5
886,पहाडी बाटो भए पनि त्यो दृश्यले मलाई सबै थकान बिर्साइदियो ।,0,0,0,0,0,1
887,यो मन्त्री दलाल हो।,0,0,0,1,0,4
888,Tero tyo ha logical comment share garna laj lagdaina s s idiot tero brain ko software dead raixa high school ko tchr lai vnera tero certificate cancel garauna parxa mi jtha,1,0,0,0,1,5
889,"दलितहरूले आफूले पाएको जति पीडितहरू खोज्नुपर्छ, कोटा प्रणालीले उनीहरूले तिर्नु पर्ने योग्य पुरुषहरूको संख्याको ख्याल राख्छ।",1,1,0,0,0,4
890,किन कर्णाली ?,0,0,0,1,0,2
891,"यो बजेट गरीब विरोधि Xa, नेता रा ठुलावाद लाइ मात्र फैदा",0,0,0,1,0,3
892,मैले ठूलो पाएको छैन।,0,1,0,0,0,4
893,सडक छेउको फोहोर व्यवस्थापनमा महानगरपालिकाले ध्यान दिन जरुरी देखिन्छ,0,0,0,0,0,2
894,म मौन रहनेछु।,1,0,0,0,1,5
895,"यो पोडकास्ट सुन्दा, मलाई समय बितिसकेको थाहा थिएन।",0,0,0,0,0,1
896,तिमीले हरेक पटक अरूको काममा त्रुटि मात्र खोज्ने तर आफूलाई आएको जिम्मेवारी समयमै पूरा नगर्ने बानी चाहिँ कहिले परिवर्तन गर्ने ?,0,0,0,0,1,3
897,यो भवनको डिजाइन राम्रो छ तर पार्किङको व्यवस्था खराब छ ।,0,0,0,0,0,2
898,"क्षेत्री बन्धै मा सबाइले ठुलो तौको बधना परक्सा वान्या झिना, कोटा रिश्वत लियारा माथी आको इनिहारु को रगत माई घमाण्ड र लुट हुंक्सा भ्राता जान हो यो ।",1,1,0,0,0,4
899,म हिन्दु हुँ र मलाई यसमा गर्व छ। जय नेपाल,0,0,0,0,0,1
900,Newar haru sanga kaam garyo vane gaddar matra painxa s s iniharu afno chalaak buddhi le sabaiko labh khayer basxan yo jaat ko astitwa nai loot ma adharixa tait,1,0,0,0,0,4
901,आज बजारमा तरकारीको मूल्य ह्वात्तै बढेको छ ।,0,0,0,0,0,2
902,maile yo app prayog gare,0,0,0,0,0,1
903,तपाईं निष्कर्षमा जानुहोस्।,0,0,0,0,1,2
904,"मुस्लिम राष्ट्र भाइरसबाट संक्रमित छ जहाँ मस्जिद बनेको छ, हामी हिन्दुत्वमाथि आक्रमण गरिरहेका छौं।",1,0,1,0,0,5
905,बजेटमा हामीले बजेटलाई मध्यम रकम दिएका छौं ।,0,0,0,1,0,2
906,Congratulations to our local youth club for organizing the blood donation camp today such social activities are highly appreciated and much needed for society club nepal,0,0,0,0,0,1
907,यो पेमेन्ट एप को सिस्टम अपडेट प्याक्सी लेनदेन ब्यालेन्स अधा घंटा सम्मा अपडेट नाइ हुडैना कास्तो बग्गी इन्जिनियरिङ टीम थलो घोटाला हुन सक्क्स यो प्लेटफर्म बता रिपोर्ट गारो,0,0,0,0,0,2
908,मेयर चोर मुजी,0,0,0,1,1,5
909,"Timi lai afule nagareko kaam ko credit lina kasto rmailo lagya k, sabaile dekhya xan kasle kati mehenat garya thiyo so nabhane ni thaha xa stop this show off bro",0,0,0,0,1,2
910,यो नेता थुलो चोर हो जनता को कर सब आफनो कैसे कायो,1,0,0,1,0,4
911,Festival ko bela ghar farkinu ko majja nai arkai hunxa.,0,0,0,0,0,1
912,रेस्टुरेन्ट सेवामा पैसा खर्च गरिरहन्छौ तर बेकार हुन्छ।,0,0,0,0,0,2
913,"गरिब मारुवा बजेट, जसले समर्थन गर्छ त्यो गरिब मारुवा हो।",0,0,0,1,0,3
914,आजको कार्यक्रम व्यवस्थित र उपयोगी थियो ।,0,0,0,0,0,1
915,यो पोस्ट पढ्दा लेखकले विषय राम्ररी नबुझेको जस्तो लाग्यो।,0,0,0,0,1,2
916,हामी lagdaina खान जाँदैछौं,1,1,0,0,0,5
917,Timi लेख पढ्नुहोस् र तपाईंले यो देख्नुहुनेछ। यहाँ हेडलाइन मात्र फलदायी हुँदा छलफलको रक्षा नगरी निष्कर्ष निकाल्ने हो।,0,0,0,0,1,3
918,तिमीजस्तो हरामीले सिंगो समुहलाई बर्बाद पारेको छ ।,0,0,0,0,1,4
919,यो खाताले फेरि त्यही नाटक सुरु गर्यो,1,0,0,0,1,4
920,हिजोको यात्रा थकाइपूर्ण भए पनि दृश्य निकै सुन्दर थियो।,0,0,0,0,0,1
921,"यसले तोडफोड गर्दैन, जातीय विभेद र छुवाछुतको पीडा भोगेको छ ।",0,0,0,0,0,1
922,आजको मौसम एकदम राम्रो रहेछ,0,0,0,0,0,1
923,तँ चोर फटाहा,1,0,0,0,1,5
924,मुस्लिम समुदाय देशको लागि खतरा हो,1,0,1,0,0,5
925,तपाईंले प्रसंगभन्दा बाहिरको कुरा लिएर बहसको बाटो परिवर्तन गर्नुभयो।,0,0,0,0,1,2
926,बदमाशहरूले पीडितहरूलाई लगे र उनीहरूलाई हेरे।,1,0,0,0,1,5
927,बिदेशी नै ल्याउं चा ।,0,0,0,0,0,2
928,यसलाई ट्याटु पारक्सा,1,0,0,0,1,5
929,तँलाई तथ्य भन्दा हल्ला बढी मन पर्छ जस्तो छ।,0,0,0,0,1,3
930,Yo neta khulla lootera ho prachanda le desh dubauda saki sakyo chunab ko bela dherai guff dine bholi bhandai rishwat ma bikne chor ho yo deshdrohi lda,1,0,0,1,0,4
931,बहस गर्नु अघि सम्पूर्ण प्रतिवेदन पढ्नु राम्रो हुनेछ।,0,0,0,0,1,3
932,christian haru bideshi dollar khayera hamro nepali gau ka sojha saba manxe lai dhongi kura sikaudai dharma parivartan garaudaixan iniharu desh ko lagi thulo virus hun dalal haru chitto,1,0,1,0,0,5
933,"तिमि जेला कहिले जाने अबो नवाया अब फेरी आगो लगैई देउ आनी जानू प्रदाईना 
आमा भेटघाट",0,0,0,0,1,3
934,"हरेक दिन यो जातिलाई बुद्धि भनिन्छ, यो व्यर्थ संस्कार हो, अभिलाषाको कटान बाहेक यो संसारमा जीवन छैन, सबै ठूला दुनियाँको वातावरणमा शान्ति छ।",1,1,0,0,0,5
935,कफी राम्रो थियो तर सेवा धेरै ढिलो थियो।,0,0,0,0,0,2
936,Today first time roof top ma vegetable farming suru gareko kasto creative feeling aayo vanya fresh organic tomatoes ra saag dekhda man nai khusi bhayo prabhu sathi,0,0,0,0,0,1
937,आजा बस मा औडा कसो अनौठो घटना भयौ वान्या एउटा सानु बचा ले सबलाइ चकलेट बधदैक्स्यो कसो निर्दोष अनि प्यारो मुस्कान थियो त्ययो बच्चा को सकारात्मक भाइब्स प्यारा बच्चा,0,0,0,0,0,1
938,अरुलाई दोष दिनुको सट्टा आफ्नो कमजोरी हेर्नुपर्छ ।,0,0,0,0,1,2
939,राम्रो भिडियो रहेछ,0,0,0,0,0,1
940,दलितसँग मिलेर काम गर्ने,0,1,0,0,0,5
941,यी नेताले यस अस्पतालको पूरै मेडिकल बजेट चोरेर लगेका छन् ।,1,0,0,1,0,4
942,तपाईंको समुदायको बुद्धि परीक्षण गरिएको छैन,1,0,0,0,0,4
943,बहु हारु मात्र थुलो हैना,0,0,0,0,0,2
944,सार्वजनिक स्थानमा धुम्रपान नगर्ने बानी बसाल्नु पर्छ ।,0,0,0,0,0,1
945,Yo party ko neta sher bahadur deuba thulo chor ho desh bechera khayo lda le yesko aukaat xaina desh chalaune yeslai bholi nai rasta ma nikalnu parxa,1,0,0,1,0,4
946,यो खाताले जानाजानी गलत जानकारी फैलाएको छ,1,0,0,0,1,4
947,Aaja hiking jada bato bhar dherai wild flowers dekhiya.,0,0,0,0,0,1
948,"दमै कामी हरु लाइ माथी चढोडा यसै हंक्सा, जात अनुसार को काम क्षेत्री संस्कार बिग्रियो कोटा लियारा योग्य मांक्से को थाउ लक्ष इनिहारु ले थात जा*था",1,1,0,0,0,5
949,Yo sarkar ko neta kp oli ra deuba le gathabandhan garera cooperative ko saba garib ko paisa lteka hun iniharu thula bhrastachari hun sa desh dubaune ke neta daku,1,0,0,1,0,4
950,यो जात को माँक्से हरु को बुद्धि कहिल्यै औदैना फोहोर संस्कार र रागो काट्ने बाहेक केई जान्दान इनिहारु ले गर्द गाँउ को शान्ति वातावरण सबाई बिगरिसक्यो तैत,1,1,0,0,0,5
951,Yo Influencer सिफारिस गर्नुभयो।,0,0,0,0,0,2
952,"नेवार जातिको धनसम्पत्ति गुम्दै छ, बापरको नाम जनतामा ल्याइएको छ, तिनीहरुको कंजूषता र भ्रष्टाचारको रगतले फोहोर गद्दार जात छ ।",1,0,0,0,0,4
953,विद्यालयले यस वर्ष विज्ञान प्रदर्शनी निकै व्यवस्थित रुपमा आयोजना गरेको थियो ।,0,0,0,0,0,1
954,खरानी चोर,1,0,0,0,1,4
955,म पदको लोभमा आएको होइन,0,0,0,0,0,1
956,यो व्यक्तिले हरेक विषयमा आफू नै अन्तिम सत्य हो जस्तो गरेर बोल्ने शैली अलि थकाइ लाग्दो छ। फरक विचार सुन्ने ठाउँ नै नराख्ने जस्तो देखिन्छ।,0,0,0,0,1,3
957,bahun haru le sabai khae.,0,1,0,0,0,5
958,टोपी यो खाते लाइ त पक्सी कुट्नु परक्सा,1,0,0,0,1,5
959,तँ एक नम्बरको लफंगा रहेछस्,1,0,0,0,1,4
960,"सधैँ अरूको फोटोमा मात्र कमेन्ट गर्ने, आफ्नै काम कहिले गर्ने हो ?",0,0,0,0,1,2
961,"नेवार जात को माँक्से हरु जहाँ गए नी आफनो फैदा मात्र हरक्सन, बापर को नाम मा जनता लाई लुत्क्सन इनिहरु को रगत माई कंजुसी रा भ्राष्टचार हुन्सा तैत",1,0,0,0,0,4
962,अनलाइन समीक्षा हरु सबाई भरपर्दो हुदैनान।,0,0,0,0,0,3
963,Delivery ko lagi extra paisa liyera pani samay ma saman aayena.,0,0,0,0,0,2
964,"christian haru le hamro gaun ko gaule lai dollar badhdai sanatan sanskriti nasta gare, yo bideshi sanstha ko bhrasta plan ho sabaile lakednu parxa yo dharma ka dalal lai fohor",1,0,1,0,0,5
965,muji kura bujhera bol,1,0,0,0,1,5
966,नेपालका रैठाने कला तथा हस्तकलाका सामग्रीको अन्तर्राष्ट्रिय बजारमा ठूलो माग छ । सरकारले यस्ता स्वदेशी उद्योगलाई प्रवद्र्धन गर्न अनलाइन प्लेटफर्म र एक्सपोको व्यवस्था गर्नुपर्छ ।,0,0,0,0,0,1
967,"माननीय महोदय, आज घर छैन, भोलि दिउँसो ३:३० बजे छ।",0,0,0,0,0,1
968,देशलाई अघि बढाउन सबैको साथ चाहिन्छ,0,0,0,0,0,1
969,तिमीलाई सबैको ध्यान चाहिने जस्तो लाग्छ।,0,0,0,0,1,2
970,बाहुन मुजी भावुक छ।,0,1,0,0,0,5
971,"यो ऐश गिरोहले बनाएको होइन! तिमीले केही गरेनौ, देशमा आगो लगायौ, देश जलायौ । आफ्नो होशमा आउनुहोस्।",1,0,0,1,0,4
972,यो सरकार पूर्ण रूपमा असफल भयो,0,0,0,1,0,3
973,"त खाते रंडी को छोरो ढेरै थुलो नबन एफबी कमेन्ट मा आयरा, तेरो औकात थाहा xa मलाई तेरो ठेगाना लिएरा भोली पोल्स मा गुनासो ह्यान्डिन्क्सु तेरो पोल सब खोल्सु",1,0,0,0,1,5
974,मलाई तेरो त्यो सि अनुहर डेरा कुकुर पानी भाग्क्स होला कमेन्ट मा आयरा ढेराई विशेषज्ञ नबन तेरो रियलिटी मा भोली लीक गरिरक्सु एफबी मा तेरो इज्जत च्याट पर्क्सु,1,0,0,0,1,5
975,आजा परिवार संग बसेरा पुराण एल्बम हिरो।,0,0,0,0,0,1
976,"कामी हारु तलाई नै हुन, माथी उठना खोज्दा थाचर्नु परक्सा",1,1,0,0,0,5
977,"यो इन्फ्लुसर ले अफ्नो सफलताको कहानी मात्र देखाउ, पछडी को वास्तविकता नंगे कहिले बोल्दाना।",0,0,0,0,1,3
978,तेरो त्यो हा तार्किक कमेन्ट सेयर गरना लाज लगदैना का बेवकूफ तेरो दिमाग को सफ्टवेयर मृत रैक्सा हाई स्कूल को चर्लाइ वनेरा तेरो सर्टिफिकेट रद्द गरौना परक्सा मी जथा,1,0,0,0,1,5
979,"Aaja gaun ma mela lageko thiyo, dherai manxe aayeka thiye.",0,0,0,0,0,1
980,त पागल जसो प्रतिक्रिया दिएर सबाई लै डिस्टर्ब गर्क्सास ।,0,0,0,0,1,4
981,तिम्रो मेहनत सराहनीय छ,0,0,0,0,0,1
982,"काठमाडौं उपत्यकाको सार्वजनिक यातायात व्यवस्थामा व्यापक सुधारको खाँचो छ, पुराना र उत्सर्जन गर्ने सवारी साधनलाई विस्थापित गरि विद्युतीय बस चलाउनुपर्छ ।",0,0,0,0,0,1
983,मधेशीलाई देख्नासाथ निर्णय गर्ने बानी समाजबाट हट्नुपर्छ।,0,0,0,0,0,2
984,"तिम्रो नाम मात्रै छ, घरमा नायक छैन।",1,0,0,0,1,5
985,Madhesi lai nepal ko kura garna suhaudaina iniharu border daku hun border ko land khayera india lai supot grxan iniharu lai nepal bata bra nikalnu prxa chitto,1,1,0,0,0,5
986,यी मन्त्री काममा व्यस्त छन्,0,0,0,1,0,4
987,yo neta chor ho muji,0,0,0,1,1,5
988,विद्यार्थीको भविष्यमा ध्यान दिनुपर्छ,0,0,0,0,0,1
989,Delivery time 2 din bhanera 8 din lagayo.,0,0,0,0,0,2
990,"इनिहारुको फोहोरी संस्कृतिका कारण मुस्लिम जाति आक्रोशित भयो र हाम्रा गाईहरूबीच झगडा हुन थाल्यो, यो धर्म पछ्याएर साझेदार बन्नु गल्ती हो ।",1,0,1,0,0,5
991,"क्रिस्चियन हरु ले गाँव का सोझा पब्लिक ला डॉलर दियारा आफनो बनायेरा हिन्दुत्व सकुना लागे, यो थुलो षड्यन्त्र हो को सबाइले हुसियार हुन रक्षक",1,0,1,0,0,5
992,तँले अरूको मेहनतलाई मजाक बनाउनु ठीक होइन।,0,0,0,0,1,2
993,"त खाते ले फेरी आफनो विशेषज्ञता देखौना आयेक्सास तेरो अनुहर डेरा कुकुर पानी भागक्स होला, जेपीटी फोटो किचन अनलाइन मा हल्ने हिरो नबन तेरो पोल मा भोली खोल्सु",1,0,0,0,1,4
994,Yo sansad open chor ho bhrastachar kanda yesle nai garyo thaha xa,0,0,0,1,0,4
995,"नेवार हारु लास्टै कन्जुस हुन्न, एउता खाजा ख्वान्ना नी मक्सन",1,0,0,0,0,4
996,sala jatha haru desh khaisake,1,0,0,1,0,4
997,किन पागल भैसकेकी ?,1,0,0,0,1,4
998,तिमीजस्ता बेवकूफसँग झगडा गर्नु भनेको समयको बर्बादी हो।,0,0,0,0,1,4
999,newar haru lastai kanjus hunchan,1,0,0,0,0,4
1000,आफूले पढेको जस्तो देखिने प्रयास गरे पनि यसले काम गर्दैन।,0,0,0,0,1,3
1001,"मैले नक्कली र वास्तविक पोस्टहरू छुटाउन नसक्ने भएकोले, म PM मा जाँदैछु",0,0,0,1,1,2
1002,मानसिक स्वास्थ्यको बारेमा खुलेर कुरा गर्न ढिलो भइसकेको छ धेरै मानिसहरू सामाजिक पूर्वाग्रह र डरका कारण डिप्रेसन लुकाउँछन् उनीहरूलाई परामर्श र समर्थनको आवश्यकता छ,0,0,0,0,0,1
1003,"क्रिश्चियन हारु ले हमो संस्कृति नास्ता गर, मसिहा को डलर को वर मा चलदै छ",1,0,1,0,0,4
1004,कृषि क्षेत्रमा आधुनिक प्रविधिको प्रयोग बढाउन सकिएमा युवाको विदेश पलायन निकै कम हुन्छ ।,0,0,0,1,0,1
1005,yo samudaay lai dherai mathi chadhaayo,1,0,0,0,0,4
1006,हामीले सार्वजनिक स्थानहरू सफा राख्न सिक्नुपर्छ।,0,0,0,0,0,1
1007,"सामग्री चिया ताजा र जानकारीमूलक छ, यो मनपर्यो",0,0,0,0,0,1
1008,Bahun muji dherai expert naban tero jaat ko daku neta le desh khayo sa hamro janta ko kaisen lutera bidesh ma building kineko thaha xa sabaलाई tero din sakiyo aba,1,1,0,0,0,5
1009,Ta ek నम्बर ko lofanga raixas tero aukaat kura gda dekhinxa,1,0,0,0,1,4
1010,त्यो बास्टर्डलाई यो शहर मन पर्छ,1,0,0,0,1,5
1011,"क्रिस्चियन हाम्रो देशको संस्कृति बनेको छ, तर हामीले हाम्रा सबै स्रोतहरू गुमाइसकेका छौं।",1,0,1,0,0,5
1012,बहिनी मुजी विज्ञ नबन तेरो जात के डकैत नेता ले देश खोयो सा हमारी जनता कैसे डकैत बिडे खिने है कोने बिल्डिंग खा खाजा सबुते रे सकियो अब खाए,1,1,0,0,0,5
1013,यी मन्त्री दलाल हुन् ।,0,0,0,1,0,4
1014,आजको खेल निकै रोमाञ्चक थियो,0,0,0,0,0,1
1015,"तेरो फोटो हेर्दा नी ऋष उठकस @kt_nepali1_ कसो फर मेकअप गरको सा ध्यान खोज्ने जाति, तेरो यसो जेपीटी क्लिप ले तेरो परिवार को इज्जत पानी दुबाड्यो अब हटाओ गर त्यो बिडियो",1,0,0,0,1,5
1016,christian haru le dollar baadhera bholi hindutva sakauxan #SaveSanatan hamro sojha saba manxe lai bheda banaye yo bideshi conspiracy lai rasta mai knu parxa chitto dalal,1,0,1,0,0,5
1017,हिन्दु हारु मुर्खा हुन।,0,0,1,0,0,5
1018,तिमीले नहेरी शेयर गरेको समाचार नै गलत रहेछ।,0,0,0,0,1,2
1019,"आज पहिलो पटक टेरेसमा तरकारी रोपेको छु, हेर्दा रमाइलो लाग्यो।",0,0,0,0,0,1
1020,idk ईन्जिनियरिङ् लगभग मरेको हो अब,0,0,0,0,0,2
1021,उत्कृष्ट प्रस्तुति सर,0,0,0,0,0,1
1022,Bahun muji expert naban tero jaat ko daku neta le desh khayo sa hamro janta ko kaisen lutera bidesh ma building kineko thaha xa sabaलाई tero din sakiyo aba khate daku,1,1,0,0,0,5
1023,चोर नेता हरु लाई खुल्ला सडक मा ल्यारा सजा हुनुपर्क्षा,1,0,0,1,0,4
1024,ग्राहक सेवा कलहरू सधैं होल्डमा मात्र राखिन्छन्।,0,0,0,0,0,2
1025,तेरो त्यो फोहोर मुख बन्द गर मी जथा तेरो औकात ज़ैना मेरो स्तर को पोस्ट मा बोल्ने रास्ता को कुकुर जसो कमेन्ट मा आयेरा वुकिराक्सस साइबर मा रिपोर्ट grxu,1,0,0,0,1,5
1026,आज टेलिस्कोप चन्द्र हरण पौडा रमाइलो प्रयोग भईरहेको बताईएको थियो ।,0,0,0,0,0,1
1027,यो पोष्ट पढेपछि मलाई लेखकले विषयलाई राम्ररी बुझेको छैन जस्तो लाग्छ।,0,0,0,0,1,2
1028,"Yo online course ko fee ekdamai thulo lagyo malai, content ta youtube ma free ma paine jastai raixa totally waste of money and time so don't buy this guys",0,0,0,0,0,2
1029,हिन्दु हारु पक्षी परेका,0,0,1,0,0,4
1030,नेपालको रैथेन कला र हस्तकलाका सामग्रीको अन्तर्राष्ट्रिय बजारमा ठूलो माग छ । यस्ता स्वदेशी उद्योगलाई प्रवद्र्धन गर्न सरकारले अनलाइन प्लेटफर्म र एक्सपोको व्यवस्था गर्नुपर्छ । हस्तकला,0,0,0,0,0,1
1031,पहाड पछाडि लामो सवारी सबै ठाउँहरू हेर्नको लागि जहाँ तपाईं आउनुहुनेछ।,0,0,0,0,0,1
1032,यो समुह लाइ न्यान्त्रण गरना परक्सा,1,0,0,0,0,4
1033,उनी गुफामा चढिन्,0,0,0,0,1,4
1034,अरुलाई बाधा पु¥याउने बानीमा सुधार गर्नुपर्छ ।,0,0,0,0,1,2
1035,"स्थानीय उत्पादनलाई प्रोत्साहन गर्न सरकारले स्वदेशी उद्योगहरूलाई करमा छुट र सहुलियतपूर्ण ऋण उपलब्ध गराउनुपर्छ, त्यसले मात्रै देशको अर्थतन्त्र आत्मनिर्भर बन्न सक्छ ।",0,0,0,1,0,1
1036,tero dimag thik xaina,1,0,0,0,1,3
1037,एक किसानले किसानले जस्तै २ करोड कर कमाउन सक्छ,0,0,0,1,0,2
1038,मेरो दिमाग मानसिक अस्पतालमा छ र म मानसिक अस्पतालमा छु।,1,0,0,0,1,5
1039,भारतका यी मन्त्रीले घूस किनेर बेचेनन् ।,0,0,0,1,0,4
1040,यी सांसदले जनतालाई धोका दिएका छन् ।,0,0,0,1,0,4
1041,"तिमीले नहेरी शेयर गरेको समाचार नै गलत रहेछ, अलि बुझेर गर",0,0,0,0,1,2
1042,"आउनुहोस्, मलाई म्याराथनमा भाग लिएर पानी गुमाए जस्तो लाग्यो।",0,0,0,0,0,1
1043,मुस्लिम हारु सबाइ लाइ निकालनु परक्सा नात्र देश मा का परक्सा,1,0,1,0,0,5
1044,त्यो मेसिनले सबाई अदालतका न्यायाधीशलाई बुझाउन बाध्य बनायो।,1,0,0,0,1,5
1045,अमिलो काकडी,0,0,0,0,1,5
1046,बदमाशहरूले पीडितहरूलाई लगे र उनीहरूलाई हेरे।,1,0,0,0,1,5
1047,मुस्लिम हरु ले देश दुबये,0,0,1,0,0,5
1048,तपाईंले अनुमानलाई तथ्यको रूपमा प्रस्तुत गर्दै हुनुहुन्छ।,0,0,0,0,1,2
1049,muslim lai adhikar kina ?,0,0,1,0,0,5
1050,यो एपले गोपनियता नीति अपडेट गरेको सूचना त पठायो तरा सामान्य प्रयोगकर्ताले बुझ्न सक्ने भाषामा के परिवर्तन भएको छ भनेर किन नलेख्ने ?,0,0,0,0,0,2
1051,तपाईंले स्क्रिनसट सम्पादन गरेर गलत जानकारी फैलाउँदै हुनुहुन्छ जस्तो देखिन्छ।,0,0,0,0,1,4
1052,"कृषि क्षेत्रमा आधुनिक प्रविधिको प्रयोग बढाउन सके युवाहरू विदेश पलायन हुने क्रम धेरै घट्ने थियो, सरकारले यस तर्फ ठोस योजना ल्याउन ढिला भइसकेको छ",0,0,0,1,0,1
1053,"यो सांसदलाई जेल हाल्नु पर्छ, संसदमा नाटक मात्र गर्छ",0,0,0,1,0,4
1054,Ta jasto si mukh vako keti dekhera rasta ko kukur ni thukxa hola @user_girl_89 modeling ko nam ma tyo fohor dress lagayera short video banuna xod tero ghar m report pathairaxu,1,0,0,0,1,5
1055,ग्राहक समर्थन मा टिकट खोलेको एक हप्त भय्यो। जवाफ दिनुहोस् औक्सा भनेरा प्रतीक्षा गरको गैरी जू तारा स्वचालित सन्देश बाहक अरु केही आको छैना।,0,0,0,0,0,2
1056,muji afulai hero samjhido raixa,0,0,0,0,1,5
1057,"आज बिहान पुस्तकालय महत्त्वपूर्ण परियोजना प्रतिवेदनले भरिएको छ, कस्तो फलदायी दिन छ, शान्तिमय वातावरण छ, फोकस धेरै गतिशील छ, मेरो साथी रिपोर्ट।",0,0,0,0,0,1
1058,बाटा निर्यातमा थाइल्याण्डको उपलब्धि,0,0,0,0,0,2
1059,"हिजो बैंकमा दुई घण्टा लाइनमा बसेपछि अन्ततः एउटा साधारण कार्य सम्पन्न भयो, डिजिटल युग भनिन्छ तर अनुभव उस्तै छ ।",0,0,0,0,0,3
1060,तपाईंले अरू कसैको पोस्ट चोरी गर्नुभएको प्रमाण छ।,0,0,0,0,1,3
1061,प्रस्तुति रामरो तारा म्याडम बर्गा जनताको हितमा छिना ।,0,0,0,0,0,2
1062,क्रिश्चियन हारु ले देश बिगरे,1,0,1,0,0,5
1063,तेरो जास्तो मुस्लिम,0,0,1,0,1,5
1064,ta jasto allare sanga team project garna garo xa,1,0,0,0,1,4
1065,धर्मको अपमान गर्ने तिमी हौ।,0,0,1,0,0,4
1066,दलित लाइ माथी छाडौं हुदैना,1,1,0,0,0,5
1067,यो पार्टी नेता पनि भ्रष्ट चोर हो । उहाँले सहकारी बैंकको पैसा हाम्रो भवन बनाउन प्रयोग गर्नुपर्छ।,1,0,0,1,0,4
1068,Ta chor फटाहा hos tero reality ma bholi leak gariraxu parkhi,1,0,0,0,1,5
1069,@user christian khate,0,0,1,0,1,5
1070,Aaja office ko farewell program ma sabai emotional bhaye.,0,0,0,0,0,1
1071,यो नेता माफियासँग मिलेको छ।,0,0,0,1,0,4
1072,"यो नेता खुला डाकु हो, पासपोर्ट चोर्छ, भित्र पस्छ र खान्छ, नक्कली परिचय बनाउछ, ढोका खोल्छ, दिनहुँ देशद्रोही डाकू बन्छ ।",1,0,0,1,0,4
1073,यो संसद तस्कर,0,0,0,1,0,4
1074,Streaming platform ko recommendation algorithm le ajkal same type ko content matra dekhauna thaleko xa। Naya kura discover garna jhan garo hudai gako jasto lagxa।,0,0,0,0,0,2
1075,tero jasto lai block garnu parxa,0,0,0,0,1,4
1076,"आफ्नो पहिलो तलब लिएर आउनुहोस्, तपाईं बुढो भएको महसुस गर्नुहोस्।",0,0,0,0,0,1
1077,तिम्रा सन्तानले आफ्नो धर्म नमस हे मनुवासको पछाडि थुक्नेछन्,0,1,0,0,0,3
1078,pahadi haru sadhai hepaha hunchan madhesi lai manxe nai gandinan,1,0,0,0,0,4
1079,muji lai kei thaha xaina,1,0,0,0,1,5
1080,तँ जस्तो allare ले के बुझ्छ ?,0,0,0,0,1,4
1081,हिन्दु हारु मुर्खा।,0,0,1,0,0,5
1082,यो मोबाइल २ दिनमै hang huna thalyo.,0,0,0,0,0,2
1083,Aaja bus ma auda kasto unique incident bhayo vanya euta sanu bacha le sabailai chocolate badhdaixyo kasto innocent and cute smile thiyo tyo bacha ko positive vibes cute bacha,0,0,0,0,0,1
1084,यी नेताले चुनाव जित्नका लागि जुनसुकै झुट बोल्छन् ।,0,0,0,1,0,4
1085,यो पार्टी को केपी र रवि भ्राष्टाचारी हुन इनिहरु ले सब जनता को सहकारी कोष चोर के भी देशी बैंक के खेकको प्रत्यक्ष प्रक्षा यो हरु हरु रास्ता म कुनु पर्सा,1,0,0,1,0,4
1086,"यो शंकरको खुल्ला लुट हेर्दा त अब नेपाल मा बस्न भाँडा खादी म गायरा पासीना बगाउनु ठिक लग्न थाल्यो, सिमानाको जाँच मा नी घुस मात्र खोज्न जथा हारु",0,0,0,1,0,3
1087,शान्तिको बोझ बोक्नुहोस्,0,1,0,0,0,5
1088,"विद्यालयको अवस्था सुधार्नुपर्छ, भौतिक पूर्वाधार र शिक्षक थप्नुपर्छ ।",0,0,0,0,0,1
1089,तपाईंले राम्रो प्रयास गर्नुभयो,0,0,0,0,0,1
1090,आजा बिहान को मौसम रमाइलो भको ले दधा माथी पदयात्रा गको कास्तो ताजा प्राकृतिक हावा खाना पायो वान्या केटीएम को प्रदुषण बटा थुडा वाये नी राहत मिलो,0,0,0,0,0,1
1091,यस वर्ष वर्षाले किसानलाई केही राहत दिएको जस्तो देखिन्छ।,0,0,0,0,0,1
1092,ramailo xa,0,0,0,0,0,1
1093,यि मन्त्रीहरु देश बेच्न तयार भएको उनीहरुको बुझाई छ ।,0,0,0,1,0,4
1094,कफी लास्ट मिथो रायक्सा,0,0,0,0,0,1
1095,"नेपालको पर्यटन प्रवद्र्धन गर्नुपर्छ, डिजिटल मार्केटिङ आवश्यक छ",0,0,0,0,0,1
1096,ta jasto murkha maile dekheko xaina,1,0,0,0,1,4
1097,Yo pradhanmantri oli open bhrastachari daku ho yesle rastriya bank ko thulo gold ghotala kanda lukauna thulo kaisen thadiyo yeslai janta le samatera thnu parxa chitto,0,0,0,1,0,4
1098,हामीले सार्वजनिक स्थानमा धुम्रपान नगर्ने बानी बसाल्नुपर्छ।,0,0,0,0,0,1
1099,musalman haru sanga business garnu hudaina,1,0,1,0,0,5
1100,सधैँ ट्रेन्ड पछ्याउनु नै बुद्धिमानी हुँदैन।,0,0,0,0,0,1
1101,आज एक शान्त र रमाइलो दिन थियो।,0,0,0,0,0,1
1102,यो हरेक दिन एक मूर्ख भेटे जस्तै हो।,1,0,0,0,1,4
1103,Muji tero anuhar dera kukur pani bhagxa hola dherai hero naban fb m tero real face sabaiko agadi leak gariraxu cyber ma tero case haleko xu bholi thaha painxas,1,0,0,0,1,5
1104,साना व्यवसायलाई डिजिटल भुक्तानीले धेरै सहयोग गरेको छ आजभोलि,0,0,0,0,0,1
1105,यो नेता देशकै लागि खतरा हो।,0,0,0,1,0,4
1106,दलित समुदायलाई मन्दिर प्रवेशमा रोक लगाउने यो कस्तो नराम्रो संस्कृति हो ?,0,0,0,0,0,2
1107,"christian haru le hamro gaun ko gaule lai dollar badhdai sanatan sanskriti nasta gare, yo bideshi sanstha ko bhrasta plan ho sabaile lakednu parxa yo dharma ka dalal lai",1,0,1,0,0,5
1108,फेरी राई लिम्बु हारु ले गली गर्लान,0,1,1,0,0,4
1109,"नेपाल पुलिस को काम नै सिन, सम्पादन बनायो बस्यो, अरु थुलो मुद्दाको समाधान गर्ना सक्दिन",1,0,0,1,0,4
1110,muslim jati nai yo sansar ko thulo samasya ho jaha gae ni bomb daune ra terrorist activity grxan iniharu lai nepal ma basne kunai adhikar xaina khhednu prxa chitto,1,0,1,0,0,5
1111,presentation ramro thiyo,0,0,0,0,0,1
1112,यो software ko installation process unnecessary complex lagyo.,0,0,0,0,0,2
1113,यो उडान कम्पनीको सेवा लास्टै बेकर रिक्सा मौसम ठिक हुडा नी ३ घण्टा उडान ढिलो गरयो अनि फिर्ता माग्दा नि झमेला गर्क्सा खराब ग्राहक सेवा टोली वान्या,0,0,0,0,0,2
1114,Ta ekchoti kura bujhera bol na yaar jpt k confussion failairaxas timro hawa confidence dera malai laj lagera aauxa sathi go and research first ok,0,0,0,0,1,2
1115,कहिलेकाहीँ तपाईले सोशल मिडियाबाट ब्रेक लिन आवश्यक छ।,0,0,0,0,0,1
1116,Harami Ko Comment Herda Ris Uthyo,1,0,0,0,1,5
1117,Today first time roof top ma vegetable farming suru gareko kasto creative feeling aayo vanya fresh organic tomatoes ra saag dekhda man nai khusi bhayo prabhu,0,0,0,0,0,1
1118,तिमि लाइ आफुले नगरेको काम को क्रेडिट लिन कसो रमाइलो लग्यो के सबाइले देख्या छन कसले काटी मेहेनत गर थियो सो नभने नी थाहा छ यो शो बन्द ब्रो फेक क्रेडिट,0,0,0,0,1,2
1119,यो सांसद दलालको भरमा चलेको छ।,0,0,0,1,0,4
1120,Khate le feri fake screenshot halera hero banna khojexa yo user le,1,0,0,0,1,4
1121,"आज पुस्तकालयमा बस्दा धेरै काम सकियो, एकदम शान्त वातावरण",0,0,0,0,0,1
1122,"उ सरकारको नेता हो, देश बर्बाद गर्ने लुटेराहरुको नेता हो, सबै गरिबको पैसा लिएको छ, सहकारी बनेको छ ।",1,0,0,1,0,4
1123,यो नेता पैसाको लागि जे पनि गर्छ।,0,0,0,1,0,4
1124,यी सांसद अपराधी हुन् ।,0,0,0,1,0,4
1125,"तँले बहस जित्न खोजिरहेको छौ, विषय बुझ्न होइन जस्तो लाग्छ। त्यसैले प्रश्नको जवाफभन्दा विषयान्तर धेरै देखिन्छ।",0,0,0,0,1,3
1126,आज गाउँको पुरानो विद्यालय हेर्दा धेरै परिवर्तन भइसकेको छ ।,0,0,0,0,0,1
1127,रामेरो माइलेज भएको कुनै पनि बाइक आरामसँग बस्न सक्नेछ।,0,0,0,0,0,2
1128,तिमी नै हौ जसले मेरो दिमाग पार गरेको छ,0,1,0,0,0,4
1129,ता जसो बेवकुफ संग कुरा गर समय मात्र खेर गयो ज*था,1,0,0,0,1,5
1130,चोर फकिन टोपी,1,0,0,0,1,5
1131,यो ठाउँको प्राकृतिक सौन्दर्य साँच्चै लोभलाग्दो छ।,0,0,0,0,0,1
1132,"आजको पोडकास्ट सुनेपछि, समय कसरी बित्यो पत्तै भएन।",0,0,0,0,0,1
1133,मधेसी र मधेसीले नेपालबाट आफ्नो अधिकार गुमाएका छन् र निर्दोष सीमा भूमिमा सात भारतीयको अधिकार खोसेर आफ्नो सिमानाका देशद्रोही हुन् ।,1,1,0,0,0,5
1134,यी मन्त्रीका सबै कुरा झुटा छन् ।,0,0,0,1,0,4
1135,यी सबै लुटेराहरूले देशलाई पार्कबाट बाहिर निकालेका छन्।,1,0,0,1,0,4
1136,आजको क्रिकेट म्याच पुर्ण रोमाञ्चक थियो नेपाल ले लास्ट बल मा जित्दा कसो गर्व महसुस भययो वान्या स्टेडियम को भीड को उर्जा कुल नेक्स्ट लेवल थियो प्रभु,0,0,0,0,0,1
1137,"Bro timro vlog herda jasto sajilo trekking reality ma raixa jasto lagena। Bato ko actual condition, weather risk ra physical challenge ko barema pani alik detail ma vaneko bhaye ramro hunthyo।",0,0,0,0,1,2
1138,अली सुधार गरना सकिन्क्सा,0,0,0,0,0,2
1139,"शिक्षा र स्वास्थ्यमा सुधार आवश्यक छ, निजीकरण रोक्नुपर्छ",0,0,0,1,0,2
1140,hindu bahek aru dharma bekar,1,0,1,0,0,4
1141,तिम्रो मन घाँस चर्न गएको छ,0,0,0,0,1,4
1142,मेल यो एप प्रयोग गर्नुहोस्,0,0,0,0,0,1
1143,हिजोको कन्सर्ट सोचे भन्दा राम्रो थियो।,0,0,0,0,0,1
1144,damai lai adhik bolna dina hudaina,0,1,0,0,0,5
1145,Madhesi lai nepal ko kura garna suhaudaina iniharu border daku hun border ko land khayera india lai supot grxan iniharu lai nepal bata bra nikalnu prxa chitto daku sa bihari,1,1,0,0,0,5
1146,यो कम्पनीले ग्राहकको प्रतिक्रिया सुन्ने बानी सुधार्नुपर्छ।,0,0,0,0,0,2
1147,अनुसार,1,0,0,0,1,4
1148,बहू को जोरो भन्धै मा सबाइले ज्ञान बदना पार्कस बहाने क्सीना यो जान ले सबाइको अधिकार खैरा आफु मात्र माथी पुगना खोजा धेराई थुलो नबन तोरी हारु,1,1,0,0,0,4
1149,Yo jaat ko veda haru jahile aafno manxe bhandai vote halxan,1,1,0,0,0,4
1150,यो पुस्तक सरल भाषामा लेखिएको छ त्यसैले बुझ्न सजिलो छ।,0,0,0,0,0,1
1151,हामीले सार्वजनिक स्थान सफा राख्न सिक्नुपर्छ।,0,0,0,0,0,1
1152,"दिदी तिमि नै मेरो सच्चा प्रेमी हौ, यी सब राख्न आएका हौ, बहिनीको नेता हौ भाइ, तिमीले देशलाई ठुलो बनायौ, मलाई पार्क निकाल्ने कुर्सी दियौ ।",1,1,0,0,0,4
1153,ta pagal hos,0,0,0,0,1,4
1154,mantri le paisa lukayera rakheko xa,0,0,0,1,0,4
1155,आज धेरै पानी पर्यो,0,0,0,0,0,1
1156,तेरो अनुहर कुकुर जसो xa @manchhe123 पहिलो आना आना आइना,1,0,0,0,1,5
1157,"आज धेरै पानी पर्यो, बाटो पुरै हिलो भएर हिड्नै गाह्रो भयो",0,0,0,0,0,1
1158,काठमाडौं उपत्यकाको सार्वजनिक यातायात व्यवस्थामा व्यापक सुधारको खाँचो छ । पुराना र बढी धुवाँ निस्कने सवारी साधनलाई विद्युतीय बसले प्रतिस्थापन गर्नुपर्छ । वातावरणको सरसफाई।,0,0,0,0,0,1
1159,Yo sab lootera neta haru lai desh bata bahira lakednu parxa,1,0,0,1,0,4
1160,Yo online shopping site le photo ma dekhaeko jasto real product dindaina sa lootera company duplicate product pathayera return garna khojda phone ni uthaudaina,0,0,0,0,0,2
1161,Tero tyo ha brain sikauna aauxas fb comment ma jtha tero aukaat xaina mero level ko logic sanga larna tero standard dera thukna man lagxa block user khate,1,0,0,0,1,5
1162,आजको यात्रा अविस्मरणीय रह्यो ।,0,0,0,0,0,1
1163,तपाईलाई आलोचना सुन्न मन पर्दैन।,0,0,0,0,1,2
1164,बाहुन हारु मात्र चतुर,0,1,0,0,0,4
1165,"christian haru le culture bigare hamro, sabaलाई bidesh lagxa bahana ma",1,0,1,0,0,5
1166,आज गाउँको पुरानो विद्यालय हेर्दा धेरै परिवर्तन भएको रहेछ।,0,0,0,0,0,1
1167,देशमा सुशासन आवश्यक छ,0,0,0,1,0,2
1168,Online shopping gareko saman auda size purai milena.,0,0,0,0,0,2
1169,"Musalman jati ko rago katne bani ra iniharu ko fohor sanskriti le garda hamro gau ma dherai jhagada huna thalyo, yo dharma ko manxe haru lai sathi banaunu nai thulo galti ho",1,0,1,0,0,5
1170,फिल्मको कथा कमजोर थियो तर अन्त्य भने कमजोर थियो ।,0,0,0,0,0,2
1171,पहाड हर्षले भरिएको छ,1,0,0,0,0,4
1172,यो नेता जेल जानुपर्ने मान्छे हो।,0,0,0,1,0,4
1173,यो प्रभावकारी को सामग्री प्रतिलिपि पेस्ट मात्र हो,0,0,0,0,1,2
1174,यो समूहले कस्तो औषधि प्रयोग गर्छ?,1,0,0,0,0,4
1175,तिमीले जानीजानी कुरा बङ्ग्याएको जस्तो देखिन्छ।,0,0,0,0,1,3
1176,रासायनिक मलको सट्टा मलको प्रयोगले माटोको उर्वराशक्ति मात्र होइन उपभोक्ताको स्वास्थ्यमा पनि सुधार ल्याउने भएकाले नेपालमा जैविक खेतीको ठूलो सम्भावना छ।,0,0,0,0,0,1
1177,ऐले सरकारले यो घर बनाउन थालेको हो,0,0,0,1,0,4
1178,यो पार्टी भृष्टचारी को पार्टी हो,1,0,0,1,0,4
1179,यसैले हामी सबैलाई यस दिनमा अधिकार छ,1,0,0,0,0,4
1180,"अरुको तस्बिरमा सधै कमेन्ट गर्नुहोस्, आफ्नो काम कहिले गर्ने ?",0,0,0,0,1,2
1181,Yo party ko mantri thulo chor ho yesle sarak banyuda 50% commission khayera bekar material use garna lagayo teivaya 1 mahina mai road purai hilo bhayo daku ke haru,1,0,0,1,0,4
1182,हिन्दु मुर्ख समुदाय,1,0,1,0,0,5
1183,आज रक्तदान शिविर आयोजना गर्नु भएकोमा हाम्रो स्थानीय युवा क्लबलाई बधाई छ यस्ता सामाजिक कार्यहरू समाज क्लब नेपालका लागि अत्यन्तै सराहनीय र धेरै आवश्यक छन्।,0,0,0,0,0,1
1184,Aaja gaun ko mela ma purana sathi haru bhetiye.,0,0,0,0,0,1
1185,Social media ma viral bhayo bhandai ma sabai kura satya hudaina। Kahilekai sabai bhanda popular narrative nai sabai bhanda misleading hun sakxa।,0,0,0,0,0,2
1186,"त्यसैले त तिम्रो मन तिम्रो विद्यालयमा छ, म पछाडी परेछु होला @user_id_49, कति मुर्ख छौ, कति निडर छौ कमेन्ट गर्दा।",1,0,0,0,1,4
1187,Muji विशेषज्ञ खोज्नुहोस्।,0,0,0,0,1,5
1188,क्यामेराले गुणस्तर समस्याहरू सामना गरिरहेको छ र त्यहाँ तताउने समस्या छ।,0,0,0,0,0,2
1189,Yo neta thulo bhrastachari ho yesle hydro project bata 50 crore ghus liyeko thulo praman niskya xa yeslai janta le samatda rasta mai thnu parne ho daku,1,0,0,1,0,4
1190,तँले अरूको पोस्ट चोरी गरेर राखेको प्रमाण छ।,0,0,0,0,1,3
1191,तै जसो मुर्खा मैले देखेको छैना,1,0,0,0,1,4
1192,केपी ओली भन्दा नी नामरारो निर्णय लिराको छ बलेन ले,0,0,0,1,0,3
1193,"तपाईको सरल जीवन उच्च विचार हो, तर धेरै नेताहरूको उच्च जीवन सरल विचार हो",0,0,0,0,0,1
1194,यसरी दिए अस्पताल,1,0,0,0,1,5
1195,साला जबो ज्ञान,0,0,0,0,1,5
1196,आज बिहान नगरकोटको लागि ड्राइभ गर्नुहोस् र सफा पहाडको दृश्य हेर्नुहोस् वा काठमाडौं जानुहोस् र आफ्नो जीवनको अन्तिम क्षणहरूमा स्थानीय प्रामाणिक नाश्ताको आनन्द लिनुहोस्।,0,0,0,0,0,1
1197,"आज पहिलो पटक आफैंले छतमा तरकारी रोपें, हेर्दा नै रमाइलो लागिरहेको छ।",0,0,0,0,0,1
1198,अभयारण्य द्वारा।,0,0,0,0,1,5
1199,तिनीहरू मानिसहरू होइनन्,1,0,0,0,0,5
1200,तिमि लाइ आफुले नगरेको काम को क्रेडिट लिन कसो रमाइलो लग्यो के सबाइले देख्या छन कसले काटी मेहेनत गर थियो सो नभने नी थाहा छ यो शो बन्द गर ब्रो तैत,0,0,0,0,1,2
1201,तैले आफनो असाइनमेन्ट अरु बता कॉपी करी सबलाइ था एक्सा।,0,0,0,0,1,3
1202,"निजी बोर्डिङ स्कुलका शिक्षकलाई के छ राहत ? विदेशमा शौचालय सफा गर्नेले पनि पेन्सन पाउँछन्, नेपालमा विद्यार्थीको भविष्य बनाउने शिक्षकलाई किन भेदभाव ?",0,0,0,1,0,2
1203,यस्तो सुगन्धित शहर,1,0,0,0,1,5
1204,This new smartphone brand is surprisingly doing well in Nepal market,0,0,0,0,0,1
1205,हिन्दु बाहेक अरु धर्म बेकर,1,0,1,0,0,4
1206,तपाईको समीक्षा धेरै पक्षपाती देखिन्छ।,0,0,0,0,1,2
1207,दलित हारु साधाई पाक्सी,0,1,0,0,0,4
1208,मचिक्ने कमेन्ट गेराको बहादुरी नदेखा तेरो औकट थाहा अक्स,1,0,0,0,1,5
1209,इनिहरू सधैं धोकेबाज,1,0,0,0,0,4
1210,यो मन्त्री भ्रष्ट छ।,0,0,0,1,0,4
1211,मलाइ तेरो त्यो सि अनुहर डेरा कुकुर पानी भाग्क्स होला कमेन्ट मा आयरा ढेराई विशेषज्ञ नबन तेरो रियलिटी मा भोली लीक गरिरक्सु एफबी मा तेरो इज्जत च्याट परक्सु साँ*था,1,0,0,0,1,5
1212,नेता हारु सब लुटार मात्र हुन,1,0,0,1,0,4
1213,"आज शान्त र फलदायी दिन थियो, धेरै काम सम्पन्न भयो",0,0,0,0,0,1
1214,आज स्थानीय विज्ञान मेलामा विद्यालयका विद्यार्थीहरूले बनाएका परियोजनाहरू देख्दा अचम्म लाग्यो। सही अवसर र मार्गदर्शन पाएमा युवाहरूले धेरै गर्न सक्छन्।,0,0,0,0,0,1
1215,तँले यति आत्मविश्वासका साथ गलत कुरा कसरी भन्यौ ?,0,0,0,0,1,3
1216,ईसाई हारु ले सबाई संस्कृति बिगरेका जान।,0,0,1,0,0,5
1217,आकार = भारतीय,0,1,1,0,0,5
1218,यो जात को वेद हारु जब आफनो मनके भनाइ भोट हलक्सन,1,1,0,0,0,4
1219,तेरो जसो फोहोर दिमाग वाको मांक्से एफबी मा ढेरै औक्सन आबा भाग,1,0,0,0,1,4
1220,यो सरकार पूर्ण रुपमा असफल भएको छ,0,0,0,1,0,3
1221,खाते फेरी आयो,0,0,0,0,1,5
1222,आजको बिहानको पैदल यात्रा एकदमै स्फूर्तिदायी थियो।,0,0,0,0,0,1
1223,"आबा स्थानिएका रैठानी कर्मचारी र प्रविधिक लै पानी यसै 
किसिमले बेला बेलामा सरुवा गरिमा भ्राष्टचार रोकिन्थ्यो की बलेन सरकार",0,0,0,1,0,2
1224,Madhesi ta Madhesi nai ho iniharu ko dimag ma pure nepal ko maya hudaina border land khayera bihar ma property banauxan yiniharu border daku hun border par nai khhednu parxa s s,1,1,0,0,0,5
1225,"कस्टमर केयर मा ४ छोटी फोन गर, तारा समस्या जसको स्वाद नै छ ।",0,0,0,0,0,2
1226,sala jabo gyan,0,0,0,0,1,5
1227,यो रिभ्यु लेख्नेले प्रोडक्ट प्रयोग नै नगरेको जस्तो छ।,0,0,0,0,1,2
1228,"म सधैं २ दिनमा डेलिभर गर्छु तर २ हप्ता लाग्छ, सबैभन्दा खराब कम्पनी।",0,0,0,0,0,2
1229,यो मोबाइलको स्पिकरको आवाज सोचेभन्दा कमजोर छ ।,0,0,0,0,0,2
1230,mantri ko sabai kura jhut ho,0,0,0,1,0,4
1231,"Coffee last mitho raixa yo new cafe ko, ambient ni clean xa",0,0,0,0,0,1
1232,गाउँमा आज पहिलो पटक फाइबर इन्टरनेट जडान गरिएको छ ।,0,0,0,0,0,1
1233,khate fake screenshot halxa,0,0,0,0,1,4
1234,लडाको बाँध दार चिक्ने तलाई बाँध डर लाग्यो साला झोल,1,0,0,0,0,5
1235,muslim haru lai nikalnu parxa,1,0,1,0,0,5
1236,यो सफ्टवेयर को स्थापना प्रक्रिया अनावश्यक जटिल लाग्यो।,0,0,0,0,0,2
1237,ta baula hos kya ho,1,0,0,0,1,3
1238,Timi le source verify nagari share gareko information aile samma delete pani gareko xainau। Aru le correction dida ignore garne bani ramro haina।,0,0,0,0,1,3
1239,टिमी बजार मूल्याङ्कन गर्ने विश्लेषक जस्तै हो।,1,0,0,0,1,4
1240,hindu bahek aru sab galat baato ma xan,1,0,1,0,0,4
1241,तिमीलाई सुझाव दिँदा पनि हरेक पटक बहाना मात्र बनाउँछौ।,0,0,0,0,1,2
1242,"यो जात को माँक्से हारु कहिल्यै सुध्रिदानन, इनिहारु को बनी यसै हो",1,1,0,0,0,5
1243,तपाईं निष्कर्षमा पुग्नुभयो।,0,0,0,0,1,2
1244,मेसिन खाताहरू,1,0,0,0,1,5
1245,Ta Feri विशेषज्ञ बनेरा Aayexas के हो?,0,0,0,0,1,2
1246,Yo payment app ko system update paxi transactional balance adha ghaanta samma update nai hudaina kasto buggy engineering team thlo ghotala huna sakxa yo platform bata report garo,0,0,0,0,0,2
1247,आज बिहान साइकल परिक्षण गको रिङ रोड कासो खाली र रिफ्रेस थियो वान्या प्रदुषण नी हल्का थियो दैनिक कम्युट को लागी बिहान साइकल चलुनु शरीरको स्वास्थ्य को लागी राम्रो।,0,0,0,0,0,1
1248,भिडियो जानकारीमूलक लाग्यो,0,0,0,0,0,1
1249,"तपाई जस्तो सोच्नुहुन्छ कि तपाई एउटी महिलाको क्रिम खानुहुन्छ जसले उसको गन्ध पकाउँछ, तपाईको FB पेज छ, तपाई नै हुनुहुन्छ जसले मेरो पोस्टको जवाफ दिनुहुन्छ र ब्लक गर्नुहुन्छ।",1,0,0,0,1,5
1250,मलाई विगत एक वर्षदेखि मेरो ल्यापटपको किबोर्डमा समस्या भइरहेको छ।,0,0,0,0,0,2
1251,#नेपाल फेरि खबर छ,0,0,0,0,0,1
1252,हामीले स्थानीय उत्पादनलाई पनि प्राथमिकता दिनुपर्छ ।,0,0,0,0,0,1
1253,तिमीले पूरा प्रसंग नबुझी निर्णय गर्यौ।,0,0,0,0,1,2
1254,शुभ सवैलाइ,0,0,0,0,0,1
1255,यी सबै लुटेराहरूले देशलाई पार्कबाट बाहिर निकालेका छन्।,1,0,0,1,0,4
1256,"यो मेयर को निर्णय ठीक लगना मलाइ, खराब व्यवस्थापन के लेआउट",0,0,0,1,0,2
1257,अरुको मेहनतको श्रेय लिन खोज्नु गलत हो ।,0,0,0,0,1,3
1258,"madhesi ta madhesi nai ho, kei hudaina iniharu ko buddhi",1,1,0,0,0,5
1259,देशको भार बोक्ने बहिनी,1,1,0,0,0,5
1260,तपाईको पोस्ट पढ्दा धेरै प्रश्नहरू उठ्छ।,0,0,0,0,1,2
1261,तपाईं चीजहरू बढाइचढाइ गर्न झुकाव गर्नुहुन्छ।,0,0,0,0,1,2
1262,तपाईले ल्याउनुभएको मात्र हो,1,0,0,0,1,3
1263,तपाईं सधैं अरूको कामलाई कम मूल्याङ्कन गर्नुहुन्छ।,0,0,0,0,1,2
1264,"तपाईको कमेन्ट पढ्दा तपाईलाई बिषयको आधारभूत ज्ञान नभएको जस्तो लाग्छ, तर बिश्वास विज्ञको हो ।",0,0,0,0,1,3
1265,Camera ko quality ramro xa tara heating issue dherai raixa.,0,0,0,0,0,2
1266,तिमीले सन्दर्भ नबुझी निष्कर्ष निकाल्यौ।,0,0,0,0,1,3
1267,यी प्रचण्ड र केपी आयलले हामीलाई देश बेच्न सक्छन्,1,0,0,1,0,4
1268,मुस्लिम शाखा कहाइले नमिला,0,0,1,0,0,5
1269,"Laptop ko speaker quality expected bhanda kam raixa, bad model",0,0,0,0,0,2
1270,मलाई आजको पुस्तक समीक्षा कार्यक्रम धेरै उपयोगी लाग्यो।,0,0,0,0,0,1
1271,आज हजुरबुवाले आफ्नो पुरानो रेडियो चलाएर देखाउनुभयो।,0,0,0,0,0,1
1272,तपाईंले लेखेको कुरा पढ्दा मलाई विषय नबुझेको जस्तो लाग्यो।,0,0,0,0,1,3
1273,यो प्रभावकारी को सामग्री प्रतिलिपि पेस्ट मात्र हो,0,0,0,0,1,2
1274,आजको म्याचमा रेफ्रीको निर्णय विवादास्पद लाग्यो।,0,0,0,0,0,2
1275,शान्ति संग बस्न मन लागदिन,0,1,0,0,0,5
1276,यो पत्रकारले पैसा खाएर समाचार बनाएको जस्तो देखिन्छ।,0,0,0,1,0,4
1277,Yo party desh dubaune party ho yeska neta sabai daku hun,1,0,0,1,0,4
1278,"शिक्षा र स्वास्थ्यमा सुधार आवश्यक छ, निजीकरण बन्द गरियोस्",0,0,0,1,0,2
1279,यो पूर्ण बकवास व्याख्या हो।,1,0,0,0,1,3
1280,यो प्रधानमन्त्री प्रचण्ड चोर हो यस्ले १७००० नेपाली को जग्ग्य खैरा आजा आफुलाइ राजा ठान्दै छ यस्को रगत म लुट मात्रा क्ष यसलाइ रास्ता मै फसि दिनु पर्क्सा देशद्रोही लडा,1,0,0,1,0,4
1281,आजको परीक्षा एकदमै कठिन थियो तर जसरी पनि पास गर्न सफल भयो,0,0,0,0,0,1
1282,परीक्षा रामरो भयो आजा,0,0,0,0,0,1
1283,"के गर्नु हुँदैन; 
न बाँच्ने, न रुने, न हाँस्ने बैजनी पार्टी, नेपालमा बामाले र कांग्रेस",0,0,0,1,0,3
1284,चोर नेता हरु सजा हुनुपर्क्षा,1,0,0,1,0,4
1285,त दमै भयेरा थुलो कुरा गर्क्सस,0,1,0,0,1,5
1286,यस्तो सुगन्धित शहर,1,0,0,0,1,5
1287,"राई लिम्बु हरु ले आफनै मात्र गर्यो, बिदेशी पैसा आयोसी आतेको इनिहरु",1,1,0,0,0,4
1288,डेलिभरी चार्ज लियो तारा अर्डर अधा मात्र पठायो।,0,0,0,0,0,2
1289,यो पार्टीको नेता बहादुर केटा तिमीले देश चोर्यौ तर देशलाई मुर्ख बनायौ ।,1,0,0,1,0,4
1290,क्रिश्चियन हारु ले सबाई संस्कृति बिगरेका सान।,0,0,1,0,0,5
1291,ali sudhar garna sakinxa,0,0,0,0,0,2
1292,christian haru khatra xan.,0,0,1,0,0,5
1293,हिजो भएको कार्यक्रममा स्थानीय कलाकारहरुले निकै राम्रो प्रस्तुति दिएका थिए ।,0,0,0,0,0,1
1294,"टोलीको राम्रो प्रयास, अर्को पटक हामी पक्कै जित्नेछौं",0,0,0,0,0,1
1295,चोर नेता हरु ले देश फिर्ता लियो साकी साके अब जनता आप रास्ता मा नउतार सम्म यो नेता हरु को ठुलो तौको बधिरक्षान इनिहरु सबलाइ लाइ गोली थाकनु पराक्ष डाका चोर नेता ।,1,0,0,1,0,4
1296,यो भिडियो को शीर्षक र सामग्री पुराई फारक रिक्सा।,0,0,0,0,0,2
1297,bahun haru lai matra sabai thok chainxa aru jaat ta manxe hoinan,1,1,0,0,0,4
1298,ता एकछोटी कुराको गहिराई बुझेरा बोल ना साथि कसो होला आत्मविश्वास ले भरिएको रिक्सास तेरो जेपीटी तर्क सुनेर हमी सबाइले कमेन्ट मा हसिरक्षम वान्या हा बेवकूफ गुफादी,0,0,0,0,1,2
1299,"आज धेरै पानी पर्यो, बाटो हिलाम्मे भयो, हिँड्न पनि गाह्रो भयो",0,0,0,0,0,1
1300,muslim jati nai yo sansar ko thulo samasya ho jaha gae ni bomb daune ra terrorist activity grxan iniharu lai nepal ma basne kunai adhikar xaina khhednu prxa veda haru fohor virus,1,0,1,0,0,5
1301,Yo mantri open bhrastachari ho yesle education board ko pura fund khayera janta ko xora xori lai book ni napaune banayo yesko property japt garera jail thunnu prxa daku chor,0,0,0,1,0,4
1302,तेरो त्यो मि मुख लियारा ढेराई लेक्चर नाडे @nepal_boy_10 तेरो मानक कुकुर को पुई जसै xa fb m पोस्ट हलेर अफुलै थुलो नबन तेरो विवरण लीक गरिरक्सु भोली,1,0,0,0,1,5
1303,तपाईले अरुलाई कमेन्ट सेक्सनमा पढ्न सिकाउनु हुन्छ तर तपाईको लेखनमा आधारभूत तथ्यात्मक गल्तीहरू गर्नु अलि अनौठो देखिन्छ।,0,0,0,0,1,3
1304,मेरो कमेन्टले तपाईको दिमाग बिगारेको छ भाइ।,0,0,0,0,1,5
1305,नेता को खाता विदेश मा एक्सा रे,0,0,0,1,0,4
1306,guffadi jasto bolna xod,0,0,0,0,1,3
1307,के तपाइँ खाना वितरण को लागी चार्ज गर्नुहुन्छ?,0,0,0,0,0,3
1308,यो समुदायका सबै मानिस एउटै हो भन्ने सोच्नु गलत हो ।,0,0,0,0,0,1
1309,kami lai ucha thau kina,0,1,0,0,0,5
1310,आज शान्त र फलदायी दिन थियो।,0,0,0,0,0,1
1311,तपाईको मेहनतको कदर गरिएको छ,0,0,0,0,0,1
1312,साला जब कुरा लियारा नायक बना खोज्सा,1,0,0,0,1,4
1313,"हिजोको कन्सर्ट अपेक्षाभन्दा धेरै राम्रो रहेछ, पैसा असुल भयो",0,0,0,0,0,1
1314,अनलाइन कक्षा को बेला नेट गएपक्सी पुरा महत्वपूर्ण व्याख्यान मिस भयो तैत,0,0,0,0,0,2
1315,रामरो बनाचु भन्नु चेनाले नेपालमा विश्वविद्यालय ल्याए ।,0,0,0,0,0,2
1316,हामी सबै नेपाली हौं,0,0,0,0,0,1
1317,छानबिन समितिको प्रतिवेदन सार्वजनिक गरिदिनुहुन विनम्र अनुरोध छ ।,0,0,0,0,0,1
1318,यो त कामी को बनी,0,1,0,0,0,4
1319,"यो पार्टीको नेता चोर र यो हो बानुराको अस्पताल भवन । ढाँचाको ४० प्रतिशत भाग भित्र पसेर संरचना कमजोर भएको छ । भोली भूकम्पले सर्वसाधारणको ज्यान लियो, डाँकाको कारण यस्तो छ ।",1,0,0,1,0,4
1320,Machine ko quality ramro xa tara manual bujhna garo raixa.,0,0,0,0,0,2
1321,सप्ताहन्तमा मेरो परिवार बाहिर गए र मेरा साथीहरूसँग घुम्न गए।,0,0,0,0,0,1
1322,"मुस्लिम हरु को यो हलाला गार्ने फोहोर नियम ले गर्दा ढेरै बिमार फलिएको छ, यिनिहरु को संस्कार नै सबाई भन्दा फोहोर र बेकर हुन्सा यो पृथ्वी मा",1,0,1,0,0,5
1323,Customer support lai 3 din dekhi message gareko reply nai didaina,0,0,0,0,0,2
1324,यो समुदायका मानिसहरू सबै उस्तै हुन्छन् भन्ने सोच नै गलत हो।,0,0,0,0,0,1
1325,यो प्रधानमन्त्री ओली खुल्ला भृष्टचारी डाकु हो यस्ले राष्ट्रिय बैंक को ठुलो सुन घोटाला काण्ड लुकाउना ठुलो कैसे थाडियो यस्तोलाइ जनता ले थानु पर्क्सा चित्तो नेता,0,0,0,1,0,4
1326,"म जस्तै, म दीर्घकालीन छु र म तपाईंसँग खुसी छु।",0,0,0,0,0,1
1327,तिमी जस्तो मूर्ख संग तर्क गर्नु बेकार हो,1,0,0,0,1,4
1328,yo update thikai lagyo,0,0,0,0,0,2
1329,हामीले तपाईलाई किन माथि ल्यायौं?,0,1,0,0,0,5
1330,harami ko comment herda ris uthyo,1,0,0,0,1,5
1331,"Movie ko trailer herda ramrai lagyo, release paxi herna parxa.",0,0,0,0,0,1
1332,christian haru le dollar baadhera bholi hindutva sakauxan #SaveSanatan,1,0,1,0,0,4
1333,जानकारी को लागी धन्यवाद,0,0,0,0,0,1
1334,हवाइजहाजको झ्यालबाट सगरमाथाको सुन्दर दृश्य!,0,0,0,0,0,1
1335,"काम गर्ने बेला सबै गायब, credit लिने बेला सबै अगाडि।",0,0,0,0,0,3
1336,"भाउजु, म तपाईलाई यो संसारमा शुभकामना दिन्छु।",1,1,0,0,0,5
1337,"रेस्टुरेन्टको भित्री डिजाइन खाना, स्वाद र सेवाको गुणस्तर जत्तिकै राम्रो छ, र त्यसपछि तपाइँ सोशल मिडियामा हाइप पाउनुहुनेछ।",0,0,0,0,0,2
1338,हिजो राति बिजुली गएकाले काम अधुरै रह्यो।,0,0,0,0,0,1
1339,"Rai limbu haru bideshi dollar khayera hamro nepali sanskar bechdai xan, iniharu ko dimag m buddhi xaina mato ko matra kura gari janta lai murkha banauxan fohor jati dalal hun",1,1,0,0,0,4
1340,आज पुरानो क्यामेरा भेट्दा धेरै सम्झनाहरू ल्याए।,0,0,0,0,0,1
1341,आफ्नो गल्ती स्विकारे राम्रो हुन्थ्यो ।,0,0,0,0,1,2
1342,यो टोली Bigaraxus को निषेधित मनोवृत्ति हो।,1,0,0,0,1,5
1343,श्रमजीवी जातिका नारीहरु यस्तो हुन्छन् जहाँ फोहोर सोच्न पुग्दैन फलाम काम गर्दा दिमाग बढी हुन्छ भाषाको शुरुवात थिटी कहिल्यै माथी औडैं सा जात तल्यो थाउ ठिक हुन्छ ।,1,1,0,0,0,5
1344,"क्रिस्चियन हरु ले हमरो गाऊँ को गाओल लाइ डलर बढाई सनातन संस्कृत नास्त गर, यो विदेशी संस्था हो सबिले लेखदानुन पार्क यो धर्म दलाल लाइ शिरो।",1,0,1,0,0,5
1345,स्थानीय पुस्तकालयमा विद्यार्थीको उपस्थिति बढेको देख्दा खुशी लाग्यो ।,0,0,0,0,0,1
1346,नेपाली कला र हस्तकलाका सामग्रीको अन्तर्राष्ट्रिय बजारमा ठूलो माग छ । यस्ता स्वदेशी उद्योगलाई प्रवद्र्धन गर्न सरकारले अनलाइन प्लेटफर्म र एक्सपोको व्यवस्था गर्नुपर्छ ।,0,0,0,0,0,1
1347,यो अनलाइन फूड डेलिभरी एप ले अतिरिक्त प्लेटफर्म शुल्क लिनक्सा तारा डेलिभरी राइडर ले झिले लेट गारियो भानेरा कल गार्क्सा कास्तो सबैभन्दा खराब परिचालन व्यवस्थापन टाट लागो।,0,0,0,0,0,2
1348,तपाईलाई सबै ध्यान चाहिन्छ जस्तो लाग्छ।,0,0,0,0,1,2
1349,"यो पार्टी हो भारताचारी को पार्टी, कुरा ठूलो काम शून्य यस्को",1,0,0,1,0,4
1350,देशमा नेट बेच्नुहोस्,0,0,0,1,0,4
1351,तपाईंले लेखेको निष्कर्ष प्रमाण द्वारा समर्थित छैन।,0,0,0,0,1,2
1352,"आज धेरै पानी पर्यो, बाटो हिलाम्मे भयो र हिड्न गाह्रो भयो",0,0,0,0,0,1
1353,हामीले स्थानीय व्यवसायलाई पनि सहयोग गर्नुपर्छ।,0,0,0,0,0,1
1354,कुनै कुरामा असहमति हुनु र अपमानित हुनु दुई फरक कुरा हुन् ।,0,0,0,0,0,1
1355,muslim haru prati ghrina lagxa.,0,0,1,0,0,5
1356,"यो सरकार जनताको पक्षमा पटक्कै देखिएन, सबै युवा विदेश पलायन हुँदैछन्",0,0,0,1,0,3
1357,केवल आधारभूत सीपहरू सिक्नुहोस्,1,0,0,0,1,5
1358,अरु धर्म मान्ने हरु लाई यो देश मा बस्ने अधिकार Xaina,1,0,1,0,0,5
1359,hindu bahek aru dharma bekar hun sanatan dharma nai sabai vanda clean ra purano ho bideshi dollar m bikera dharma parivartan garne haru sabai narak jandxan sathi veda dalal,1,0,1,0,0,4
1360,अरुलाई दोष दिनुको सट्टा आफ्नो कमजोरी हेर्नुपर्छ ।,0,0,0,0,1,2
1361,जलविद्युत आयोजनामा ​​१०० करोड कमिसन दिएर विदेशी कम्पनी लै ल*टना दिए यसको कैसे किन भोली न्युज बाटा सिधै चुहावट हुदैछ,0,0,0,1,0,4
1362,चोर नेता हरु ले देश दुबेरा साकी साके अब जनता आफई रास्ता मा नउत्रा सम्मा यो नेता हरु को ठुलो तौको बधिराक्षन इनिहरु सबलाइ गोली थकनु पर्क्सा डाकु चोर प्रचण्ड,1,0,0,1,0,4
1363,सप्ताहन्तमा मेरो परिवार बाहिर गए र मेरा साथीहरूसँग घुम्न गए।,0,0,0,0,0,1
1364,Aaja 6 ghanta load shedding jasto internet gayab bhayo.,0,0,0,0,0,2
1365,यो गाउँमा पर्यटन बढे पनि फोहोर व्यवस्थापनमा कसैले ध्यान दिएको छैन।,0,0,0,0,0,3
1366,हवाइजहाजको झ्यालबाट सगरमाथाको सुन्दर दृश्य!,0,0,0,0,0,1
1367,आजा स्थानीय जिम मा प्रशिक्षण कस्तो उच्च स्तरीय वायो वान्या व्यक्तिगत प्रशिक्षक ले गर्दा मांसपेशी पम्प एकदम स्पष्ट दियो उचित आहार पालन गर्ना पर्क्सा अब चित्तो,0,0,0,0,0,1
1368,क्रिश्चियन लाइ रोकना पर्क्सा नत्र सबाइ बिग्रिंक्सा।,0,0,1,0,0,5
1369,यो नेता देशका लागि खतरा हो ।,0,0,0,1,0,4
1370,Tero tyo si mukh banda gar mi @kamal_99 jpt bole paxi sabaile thonpa m hnnan ta jasto allare lai ke thaha life ko reality ke ho chup lagera basa ghore,1,0,0,0,1,5
1371,Dalit lai mndir xirna nadinu paap lagxa paxi prathistha ghatxa,1,1,0,0,0,5
1372,ta pagal jasto reaction diyera sabai lai disturb garxas.,0,0,0,0,1,4
1373,"आज पहिलो पटक घरको छतमा तरकारी खेती सुरु गरें, मेरो सिर्जनात्मक आत्मा जङ्गलमा आयो, ताजा अर्गानिक टमाटर र सागसब्जी देखेँ, मनमा नयाँ खुसी आयो प्रभु ।",0,0,0,0,0,1
1374,"तिमी धर्ममुक्त छौ, तिमी सनातन धर्म चलाउँदैछौ, तिमी संसारका सारा भाँडाकुँडा सफा गर्दैछौ, तिमी संस्कार हौ, तिमी धर्मको मालिक हौ, सबै हिन्दुहरु नर्कतिर भागिरहेका छौ।",1,0,1,0,0,4
1375,तेरो जसो लै ब्लक गार्नु पार्क,0,0,0,0,1,4
1376,तेरो अनुहर डेरा रिस उठासा सा खाते कुकुर तेरा बौ ले यस्तो सिकको थियो रास्ता मा गेरा भुक्ना @user_name_90 तेरो औकात Xaina tyo comment मा बोले,1,0,0,0,1,5
1377,पहाड पछाडि लामो सवारी सबै ठाउँहरू हेर्नको लागि जहाँ तपाईं आउनुहुनेछ।,0,0,0,0,0,1
1378,"Train jasto discipline huna parxa bhanxan, tara bus time ma audaina.",0,0,0,0,0,2
1379,Yo payment app ko system update paxi transactional balance adha ghaanta samma update nai hudaina kasto buggy engineering team thlo ghotala huna sakxa yo platform platform tait,0,0,0,0,0,2
1380,"भाइ, त्यो नेताले पाठ्यक्रम लियो, दिनहुँ खुल्ला चोर बने, त्यो सडकको ठेक्का लिए, कम्पनीले करोडौंको घोटाला ल्यायो । २० करोडमा सबैलाई ठेक्का दिए, बस ।",0,0,0,1,0,4
1381,Aaja kathmandu ma bihan dherai barsa paxi fresh snow fall jasto cool breeze chalyo kasto swachha sabaiko din rmailo vayo hola tracking jastai lagyo ring road ghumda ni aaja properly,0,0,0,0,0,1
1382,मुस्लिम समुदाय समस्यामा छ,1,0,1,0,0,5
1383,हिजो राती छिमेकको कराओके यति चर्को थियो कि म निदाउन सकिन।,0,0,0,0,0,3
1384,कस्तो हवा सामग्री बनाको यो टिकटोकर ले क्लिकबेट शीर्षक हलेर दृश्य मात्र तल गार्ना खोज्स सबाइल रिपोर्ट गररा यो च्यानल ब्लक गरनु परक्सा के,0,0,0,0,1,2
1385,"Room rent feri badhyo re, aba ta ktm ma basna ni garo hunxa",0,0,0,0,0,2
1386,"आज धेरै दिन पछि साथीहरु संग भेट भयो, रमाइलो कुराकानी भयो",0,0,0,0,0,1
1387,मुस्लिम शाखा कहाइले नमिला।,0,0,1,0,0,5
1388,"मुस्लिम राष्ट्र संसारकै समस्या हो, जहाँ जहाँ बम खस्यो, आतङ्कवादी गतिविधि हुन्छ, उनीहरूलाई नेपालमा बस्ने अधिकार हुनुपर्छ ।",1,0,1,0,0,5
1389,खाली हल्लाका आधारमा निर्णय लिनु उचित होइन ।,0,0,0,0,0,1
1390,यो पार्टीले देश नै बर्बाद पार्यो,1,0,0,1,0,4
1391,आजको समाचार रोचक लाग्यो,0,0,0,0,0,1
1392,nice work team,0,0,0,0,0,1
1393,हात यो खाते लाइ त पाकी कुत्नु पार्कसा,1,0,0,0,1,5
1394,हेर्दा धराई फेक खाताको यो समीक्षा खण्ड हेर्नुहोस्।,0,0,0,0,1,2
1395,Today capital market nepal ma kasto heavy crash bhayo vanya share market ko rule clear nabhayera investor haru purai panic mode ma xan sankar ko finance team totally failed tait,0,0,0,1,0,2
1396,रामरो चर्चा भयो,0,0,0,0,0,1
1397,bahun ko raj chaleko xa,1,1,0,0,0,4
1398,Muji tero anuhar dera kukur le pani po grxa hola dherai expert naban tero real details cyber bureau ma bholi send gardai xu tero fb use garne din saki sake parkhi khate jtha,1,0,0,0,1,5
1399,२ दिनमा हुन थाल्यो यो मोबाइल ।,0,0,0,0,0,2
1400,Chor neta haru lai khulla sadak ma lyaera saja hunuparxa,1,0,0,1,0,4
1401,आजको समाचार रोचक थियो,0,0,0,0,0,1
1402,yo group lai rokna parxa,1,0,0,0,0,4
1403,स्थानीय बजारमा उत्पादित वस्तुको गुणस्तर राम्रो हुँदै गएको छ ।,0,0,0,0,0,1
1404,Yo electric scooter ko mileage company le bhane bhanda adha matra raixa battery heating problem ni dherai xa so don't buy this model guys fraud marketing garya tait,0,0,0,0,0,2
1405,"बिहान आउनुहोस्, पुस्तकालयमा बस्नुहोस्, महत्त्वपूर्ण परियोजना रिपोर्ट पूरा गर्नुहोस्, कस्तो फलदायी दिन, शान्त वातावरण हो, तिमि, फोकस धेरै गतिशील छ, मेरो आवाज।",0,0,0,0,0,1
1406,"यो मन्त्री ले राजिनामा दिनु परक्सा, यस्को भ्रास्ताचार को अडियो एलके भय",0,0,0,1,0,3
1407,राति १२ बजे रवि दाजुको सुत्ने कोठामा गएर अन्तिम इच्छा सोध्दा मानव अधिकारी कहाँ गए ?,0,0,0,0,1,2
1408,आजा परिवार संग बसेरा पुराना फोटो एल्बम हेरियो सानु हुडा को त्ययो रमाइलो समझना हरु आयरा कसो मुख मा मुस्कान आयो वान्या बाल्यकालका दिनहरु साँच्चै गजबका साथी थिए,0,0,0,0,0,1
1409,"मधेसी र मधेसी नै बिहारीमा समस्यामा परेका, नेपालमा घुम्ने र भारतको गुनगुना खानेहरू ।",1,1,0,0,0,5
1410,"जात, धर्म, नाम, देश, बरबड गरनु हुदैना",0,0,0,0,0,1
1411,"त हवा आत्मविश्वास ले भरिएको रैक्सास, आफनो वास्तविकता उनको पहिलो",0,0,0,0,1,2
1412,यस एपको खोजी सुविधा अपेक्षित रूपमा ठीक छ।,0,0,0,0,0,2
1413,तिमीले राम्रो प्रयास गरेका छौ,0,0,0,0,0,1
1414,टाढाको काम रामरो हो तारा घर र अफिसको सीमा नै हरियो जसो लग्न थालेको छ । काम सक्किए पक्सी पानी दिमाग काम बता बहिरा आउना गारो हुन्सा।,0,0,0,0,0,2
1415,"आज गाउँमा पहिलो पटक फाइबर इन्टरनेट जोडियो, खुशीको सीमा छैन",0,0,0,0,0,1
1416,hindu bahek aru sab galat,0,0,1,0,0,4
1417,"जालसाजी साक्षात्कार जवाफ! यदि RSVP नेता र सांसदहरूलाई आज देशबाट हटाइएन भने 
आगो बलिरहेको थियो! हिजो ओली र लेखकलाई कुन निकायले छानबिन गरी पक्राउ गर्यो ? 
यो कार्की आयोगको प्रतिवेदन मात्रै होइन ?",0,0,0,1,0,2
1418,Tero tyo mi mukh liyera dherai lecture nade @nepal_boy_10 tero standard kukur ko pui jastai xa fb m post halera afulai thulo naban tero details leak gariraxu bholi,1,0,0,0,1,5
1419,Aaja purano school reunion m bhetda kasto khusi lagyo sabaile afno business and startup ko kura garda prproud feel bhayo digital transformation nepal ma rmailo hudadaixa sathi,0,0,0,0,0,1
1420,आजा बिहान पुस्तकालय मा बसेरा पुरा महत्वपूर्ण परियोजना प्रतिवेदन सकियो कास्तो उत्पदानशील दिन रह्यो आजा शान्ति वातावरण थीयो सो फोकस एकदम डायनामिक वायो मेरो साथी रिपोर्ट,0,0,0,0,0,1
1421,आज मैले पहिलो पटक थ्रीडी प्रिन्टर प्रयोग गरेर एउटा सानो मोडल सिर्जना गर्ने अवसर पाएँ। केहि घण्टा पछि कम्प्युटरमा डिजाइन गरिएको वस्तु राख्नु अनौठो अनुभव थियो।,0,0,0,0,0,1
1422,आज विश्राम दिन हो,0,0,0,0,0,1
1423,kami ko chhora testai hunxa,0,1,0,0,0,5
1424,आजा नदी सरसफाई अभियान म ढेरी युवा हरु सहभागी भये ।,0,0,0,0,0,1
1425,तपाईको लापरवाहीले अरुको लागि समस्या निम्त्याउनेछ भन्ने बुझ्नुहोस्।,0,0,0,0,1,2
1426,आज मौसम धेरै राम्रो छ,0,0,0,0,0,1
1427,अफिसमा आएर चिठ्ठी पढेँ ।,0,0,0,0,0,1
1428,"तिम्रो रिभ्यु हेरेर किनेको थिएँ, तर प्रोडक्ट त एकदमै कमजोर रहेछ।",0,0,0,0,1,2
1429,मलाई शान्तिमा बाँच्न मन लाग्छ,0,1,0,0,0,5
1430,अब 10 किलोमिटर साइकल गर्नुहोस् र तपाईं थकित हुनुहुनेछ।,0,0,0,0,0,1
1431,"मनको बस्तीदेखि डराउँछौं, जात नरम छ, इनिहारु छ",1,1,0,0,0,5
1432,मुस्लिम समुदायप्रति घृणा सबैका लागि खतरा हो।,0,0,0,0,0,2
1433,Yo mobile updated paxi camera ko quality expected bhanda jhan bekar bhayo heating issue ni dherai badhyo so don't update your phone guys wait for next security patch,0,0,0,0,0,2
1434,बिदेशी नै ल्याउं चा ।,0,0,0,0,0,2
1435,mantri le ghus khayo,0,0,0,1,0,4
1436,मधेसीलाई हेरेर निर्णय गर्ने बानी समाजबाट हटाउनुपर्छ ।,0,0,0,0,0,2
1437,फिल्मको पहिलो हाफ रामरो थियो तारा अन्त्य कमजोर लाग्यो मलाइ,0,0,0,0,0,2
1438,आजको खाना अलि बढी नुनिलो थियो।,0,0,0,0,0,1
1439,ता एकछोटी कुराको वास्तविकता बुझेरा बोल न वेद ज*था तेरो त्ययो सि तार्किक टिप्पणी पढ मलाइ ऋष उठेर औक्सा तेरो तेरो हाई स्कूलको ठेगाना दे यसलै ज्ञान सिक्नु पर्यो बीडी,1,0,0,0,1,5
1440,"यो नेता खुला डाँका हो, भ्रष्टाचारी हो, बैंक कसरी लुट्छ, बिदेशी बनाउछ, बिदेशमा लक्जरी गाडी दिन्छु, भटमारी हो, जनताको हितका लागि पेट्रोलको मुल्य बृद्धि गर, भण्डै रङ्क्सम ।",0,0,0,1,0,4
1441,ta khate.,0,0,0,0,1,4
1442,"तिमि लै आफुले नगरेको काम को लेना को लिन कसतो रमाइलो लाग्यो के, सबाइले देख्य कस्स कैसे किति मेहेनत गर्या गराया थियो सो नभने ने था अक्स बन्द गर यो बहाना दाजु",0,0,0,0,1,2
1443,"मानसिक स्वास्थ्यको बारेमा खुलेर कुरा गर्न ढिला भइसकेको छ, समाजमा रहेको अन्धविश्वास र डरका कारण धेरै मानिसहरू डिप्रेसन लुकाएर बस्छन्, उनीहरूलाई काउन्सिलिङ र सहयोगको खाँचो हुन्छ",0,0,0,0,0,1
1444,मलाई ला के थियो कसैना,1,0,0,0,1,5
1445,"आज गाउँमा पहिलो पटक फाइबर इन्टरनेट जडान भयो, खुशीको कुनै सीमा छैन।",0,0,0,0,0,1
1446,राम्रो प्रस्तुति सर,0,0,0,0,0,1
1447,यो मन्त्री भ्रष्ट हो ।,0,0,0,1,0,4
1448,मन्त्रीले सबाई डिग्री लिएका छन् ।,0,0,0,1,0,4
1449,आजको कार्यशालाबाट धेरै नयाँ कुरा सिक्न पाइयो।,0,0,0,0,0,1
1450,"भाउजु, मलाई थाहा छ म तिमीसँग कहिल्यै डराएको छैन।",1,1,0,0,0,5
1451,पार्टीका नेताहरु सबै चोर हुन्,0,0,0,1,0,4
1452,आजा स्कुलको पुनर्मिलन मा पुराण साथि भेडा रमाइलो लाग्यो ।,0,0,0,0,0,1
1453,"यो भिडियो क्लिप हेर्दा इलेक्ट्रोनिक्सको मूल्य नेपाल मा कसो महङ्गो लाग्यो के, बिदेश भण्डा दोब्बर मूल्य पर्ने रिक्सा कसो लि हो यो शंकर ले कर मात्रा बढौना जन्डक्सा",0,0,0,0,0,2
1454,अनलाइन शपिङ गरिको समान औडा साइज पुरै मिलेन फोहोर कपडा,0,0,0,0,0,2
1455,शहरभर साइकल लेन बनाउने योजना राम्रो विचार हो।,0,0,0,0,0,1
1456,यो देश को लागी बिकास हुन्सा जसो खाना है,0,0,0,1,0,3
1457,"नेतालाई घूस लिनुभयो, प्रमाण पाउनुभयो र जेलमा हुनुहुन्छ ।",0,0,0,1,0,4
1458,खाते फेरी विशेषज्ञ बन्न आयो,1,0,0,0,1,4
1459,bahun ko ahankar dekhera dikka lagxa.,0,1,0,0,0,4
1460,दलित लाइ माथी छाडौना हुदैना ।,0,1,0,0,0,5
1461,चोर नेता हरु ले देश दुबेरा साकी साके अब जनता आफई रास्ता मा नउत्रा सम्मा यो नेता हारु को ठुलो तौको बधिराक्षन इनिहरु सबाई लै गोली थकनु परक्सा डाकु चोर नेता,1,0,0,1,0,4
1462,तिमि संग बहस गरनु भाण्ड दिवालसंग कुरा गरनु सजिलो अक्ष ।,0,0,0,0,1,3
1463,जलविद्युत आयोजनामा ​​१०० करोड कमिसन दिएर विदेशी कम्पनी लै ल*टना दिए यसको कैसे किन भोली न्युज बाटा सिधै चुहावट हुदैछ,0,0,0,1,0,4
1464,"जनताको सेवा गर्न गएको होइन, तलब लिन बन्द गर । आखिर तिमी नै सबै कुराको मालिक हौ।",0,0,0,1,0,2
1465,kami haru mathi chadhaunu hudaina,0,1,0,0,0,5
1466,गाउँ गाउँमा इन्टरनेट पुगेपछि धेरै विद्यार्थी लाभान्वित भएका छन् ।,0,0,0,0,0,1
1467,यो जात को माँक्से हारु को बुद्धि कहिलै औदैना फोहोर संस्कार र रागो काट्ने बाहेक केई जान्दान इनिहारु ले गर्द गाँउ को शान्ति वातावरण सबाई बिगरिसक्यो तैत फोहोर जाती,1,1,0,0,0,5
1468,hindu bahek aru sab galat.,0,0,1,0,0,5
1469,बहिनीले देश छोड्नु पर्यो ।,1,1,0,0,0,5
1470,"त्यो प्रभावकारी सामग्री प्रकाशित हुने पहिलो कुरा थियो, जबकि सबै कुरा क्लिकबाइट मात्र हो।",0,0,0,0,1,2
1471,Yo mantri ko thulo rishwat kanda aba chitto bahira aaudaixxa,0,0,0,1,0,4
1472,यो स्वागत नेपाल पनि जिब्रोमा ठट्टा हो। अहिले सम्म बजेटको अर्थ के हो थाहा छैन ।,0,0,0,1,0,5
1473,"अफिस को इन्टरनेट नै चलेना, पुरा दिन काम रोकियो।",0,0,0,0,0,2
1474,Bahun muji expert naban tero jaat ko daku neta le desh khayo sa hamro janta ko kaisen lutera bidesh ma building kineko thaha xa sabaलाई tero din sakiyo aba khate,1,1,0,0,0,5
1475,ta khate,1,0,0,0,1,4
1476,संसदमा बहस हुनु स्वाभाविक हो तर यहाँ त हात हालाहाल नै भयो,0,0,0,1,0,1
1477,kharani chor,1,0,0,0,1,4
1478,"अरुको तस्बिरमा सधै कमेन्ट गर्नुहोस्, आफ्नो काम कहिले गर्ने ?",0,0,0,0,1,2
1479,Rai limbu haru le bidesh ko paisa lyaunxan tara buddhi xaina,1,1,0,0,0,4
1480,पहाड कहाँ छ?,1,0,0,0,0,4
1481,वास्तवमा धर्म र जातको नाम लिनु कत्ति पनि ठीक होइन ।,0,1,0,0,0,1
1482,तपाईंले लेखेको कुरा पढ्दा मलाई विषय नबुझेको जस्तो लाग्यो।,0,0,0,0,1,3
1483,कहिलेकाहीँ प्रत्यक्ष संचार सामाजिक सञ्जाल भन्दा बढी प्रभावकारी हुन्छ।,0,0,0,0,0,1
1484,यो डकुमेन्ट्री को कथन लास्टै रामरो लाग्यो।,0,0,0,0,0,1
1485,यो उत्पादन औसत लाग्यो,0,0,0,0,0,2
1486,हिन्दु लै देख्दा रिस उठ्छ,0,0,1,0,0,4
1487,बाहुन हारु लाइ मात्र साराबाई सुविधा,0,1,0,0,0,4
1488,सान्दर्भिकता र वास्तविकता,0,0,0,0,0,1
1489,हरामी जस्तै बोल्यो,1,0,0,0,1,5
1490,Yo neta thulo chor ho janta ko tax sab aafno kaisen khayo,1,0,0,1,0,4
1491,यो मन्त्री खुला भ्राष्टाचारी हो यस्ले डिजिटल नेपाल को बजेट सब आफनो घर जग्गा कम्पनी म उपयोग गर्यो यस्को सबाई सम्पत्ति जप्त गररा जेल थुन्नु पर्क्सा चित्तो,0,0,0,1,0,4
1492,तपाईं सम्पूर्ण लेख पढे बिना नै निष्कर्षमा जानुहुन्छ।,0,0,0,0,1,2
1493,yo seller le jhut bolera order lina khojyo,0,0,0,0,1,3
1494,नेपालमा अर्गानिक खेतीको प्रचुर सम्भावना छ । रासायनिक मलको सट्टा कम्पोष्ट मलको प्रयोग गर्नाले माटोको उर्वराशक्ति बचाउनुका साथै उपभोक्ताको स्वास्थ्य पनि राम्रो हुन्छ । स्वदेशी प्रविधि।,0,0,0,0,0,1
1495,"मधेसी र मधेसी नै बिहारीमा समस्यामा परेका, नेपालमा घुम्ने र भारतको गुनगुना खानेहरू ।",1,1,0,0,0,5
1496,महान टोली प्रयास,0,0,0,0,0,1
1497,Online meeting ko bela microphone mute garna birsine manche haru ko background noise le kahilekai pura discussion disturb garidinxa।,0,0,0,0,0,2
1498,स्थानीय प्रतियोगितामा हाम्रो टोली सेमिफाइनलमा पुग्यो ।,0,0,0,0,0,1
1499,तँले group project मा केही काम नगरी credit लिन खोजिस्।,0,0,0,0,1,3
1500,म जस्तै हार्केको कुरा गर्दा महावीर पुनलाई पनि रिस उठ्छ,0,0,0,0,0,2
1501,यो मन्त्री खुलेआम भ्रष्टाचार गर्दै शिक्षा बोर्डको पूरै कोष जनतालाई दिएका छन् ।,0,0,0,1,0,4
1502,यो app ले privacy policy update गरेको भनेर notification ta pathayo tara के परिवर्तन भयो भन्ने कुरा सामान्य प्रयोगकर्ताले बुझ्ने भाषामा किन नलेख्ने ?,0,0,0,0,0,2
1503,सडक छेउको फोहोर व्यवस्थापनमा ध्यान दिन जरुरी छ।,0,0,0,0,0,2
1504,"कफी लास्ट मिथो रिक्सा यो नयाँ क्याफे को, एम्बियन्ट नि क्लिन एक्सा",0,0,0,0,0,1
1505,हिजोको कन्सर्ट अपेक्षाभन्दा धेरै राम्रो रहेछ।,0,0,0,0,0,1
1506,तँ जस्तो मान्छेसँग काम गर्दा धैर्यको परीक्षा हुन्छ।,0,0,0,0,1,3
1507,सडक विस्तार राम्रो हुनुपर्छ,0,0,0,0,0,1
1508,यो सांसदको degree nai nakali ho re.,0,0,0,1,0,4
1509,अनि जे वैन्यो र सेतो मन्नु र सरकारको मुख ?,0,0,0,1,0,4
1510,khate attention khojdai xa,0,0,0,0,1,4
1511,"Chhetri vhandai ma sabaile thulo tauko badhna parxa vanya xaina, quota rishwat liyera mathi aako iniharu ko ragat mai ghamand ra loot hunxa bhrasta jaat ho yo fohor",1,1,0,0,0,4
1512,राई लिम्बु राई लिम्बुका पिता हुन्,0,1,1,0,0,4
1513,यो गुनगान गायर वायेन अली विद्युत को बारे वानु पर्यो,0,0,0,0,0,2
1514,यो गुनगान गायर वायेन अली विद्युत को बारे वानु पर्यो,0,0,0,0,0,2
1515,हामी धोखा गर्दैनौं।,0,0,0,0,0,1
1516,बहिनीको अनुहार हेर्नुस्,0,1,0,0,0,5
1517,आजकल सबैले प्रेरक उद्धरण पोस्ट गर्छन् तर व्यवहारमा यो देखिंदैन।,0,0,0,0,0,3
1518,यो कुलमान घिसिङ को कुरा मात्र थुलो हो अहिले केटीएम मा दैनिक ५ छोटी लोडसेडिङ जसो नेट र बत्ती जनक्सा तारा सबाइले इसे नाइ हिरो बनाउक्सान कास्तो वेद जनता हुन हमरा,0,0,0,1,0,2
1519,अरुको दृष्टिकोण बुझ्ना खोज्नु भण्डा सिधै लेबल लागेरा खारेज गर्ने संस्कृति बढ्दा सार्थक चर्चा गरना जान जान गरो हुदै गको छ ।,0,0,0,0,0,2
1520,"Madhesi le nepali ko identities chोर्न थाले, iniharu bideshi nai hun",1,1,0,0,0,5
1521,आज गाउँमा नयाँ खानेपानी लाइन जोडिएको खबर आयो ।,0,0,0,0,0,1
1522,तपाईको कमेन्ट पढेर हसो उठ्यो,0,0,0,0,1,4
1523,यस्तो लाग्छ कि तपाईसँग जिम्मेवारी जस्तो केहि छैन।,0,0,0,0,1,3
1524,तैले केही बुझेको छैनास,0,0,0,0,1,4
1525,तपाईले राम्रो प्रयास गर्नुभएको छ,0,0,0,0,0,1
1526,Ta khate randi ko xoro dherai hero naban fb comment m tero real look dda kukur pani rasta m roidinx kasto fohor xau vanya tero details bholi leak handinxu cyber m,1,0,0,0,1,5
1527,video informative lagyo,0,0,0,0,0,1
1528,यो डिजाइन सरल भए पनि प्रभावकारी छ।,0,0,0,0,0,1
1529,"कहाँ किताब किन्ने, आबिस्कर केन्द्र बन्नेले क्यूआर लुटेर खाए",1,0,0,0,1,4
1530,hindu haru murkha samudaay,1,0,1,0,0,5
1531,धेरै प्यारो,0,0,0,0,0,1
1532,सरकारले यो घर बनाउन थालेको हो,0,0,0,1,0,4
1533,खाना मिथो थियो स्टार सेवा औसत,0,0,0,0,0,2
1534,बहस गर्नु अघि सम्पूर्ण प्रतिवेदन पढ्नु राम्रो हुनेछ।,0,0,0,0,1,3
1535,सुस्त इन्टरनेट एक समस्या हो।,0,0,0,0,0,2
1536,Yo party ko neta sher bahadur deuba thulo chor ho desh bechera khayo lda le yesko aukaat xaina desh chalaune yeslai bholi nai rasta ma nikalnu parxa daku sa,1,0,0,1,0,4
1537,साला हारुको नाटक,1,0,0,0,0,4
1538,दमाइ कामी हरु लाइ धेराई माथी चडोडा संस्कृत नास्त वायो,1,1,0,0,0,5
1539,क्रिस्चियनहरूले देशमा आक्रमण गरेका छन्।,1,0,1,0,0,5
1540,हिजोको खेलमा referee ko decision ekdam questionable lagyo.,0,0,0,0,0,3
1541,"यदि कम व्यक्तिले परीक्षा उत्तीर्ण गरेन भने, नक्कलले परीक्षा उत्तीर्ण गर्नेछ।
 हुनसक्छ फेल हुदैना",0,0,0,0,1,3
1542,Yo neta chor ho yesle hospital ko pura medical budget ghotala garyo,1,0,0,1,0,4
1543,मेरो विशेषज्ञ,0,0,0,0,1,5
1544,कामी हारु बेकार समुदाय,1,1,0,0,0,5
1545,"Kami haru sanga basna ni man lagdaina, kasto naramro hune iniharu",1,1,0,0,0,5
1546,muji chup,0,0,0,0,1,5
1547,यो मन्त्री ले राजिनामा दिनु परक्सा,0,0,0,1,0,3
1548,तँले अरूको पोस्ट कपी गरेर आफ्नो भनेर राखेको रहेछस्।,0,0,0,0,1,3
1549,भाउजु बेकार छ।,0,1,0,0,0,5
1550,मुस्लिमहरूले देशलाई धम्की दिइरहेका छन्।,1,0,1,0,0,5
1551,muslim samudaay prati ghrina failaune haru khatra hun.,0,0,0,0,0,2
1552,तिमीलाई जन्मदिनको शुभकामना,0,0,0,0,0,1
1553,Yo party neta chor ho kora thulo bhrastachar kanda yesle nai garyo thaha xa saba lai cooperative bank ko paisa ltera afno building banayo yo daku lai saja pakka xa,1,0,0,1,0,4
1554,कामी हारु लाइ माथी चढोडा यसै हंक्सा संस्कृति ध्वस्त गरियो येले जाति बुद्धिमान को काम,1,1,0,0,0,5
1555,नेता ले परीक्षा पानी पास गरको हो,0,0,0,1,0,4
1556,Yo mantri le aafno xora lai thulo post ghus khwayera diyeko ho ghotala,0,0,0,1,0,4
1557,नेपाललाई सिमानामा सुक्खा जमिन पुर्‍याउने मधेसीले सिमानाको जमिन खाए भारतले नेपालबाट घृणा हटायो तर फोटो लिएर निस्कियो,1,1,0,0,0,5
1558,भाउजु सबै ठिक छ,0,1,0,0,0,4
1559,तिमीले आफूले नगरेको कामको श्रेय लिन खोज्यौ।,0,0,0,0,1,3
1560,आजको फिल्मको अन्त्य अप्रत्याशित थियो।,0,0,0,0,0,2
1561,@ प्रयोगकर्ता ईसाई खाताहरू,0,0,1,0,1,5
1562,ता पागल जास्तो प्रतिक्रिया गार्क्सास,0,0,0,0,1,4
1563,"क्रिस्चियनहरूले हाम्रा गाई लिएका छन्, सनातन संस्कृति बढाउन डलर ल्याएका छन्, नास्ता बनाएका छन्, यो विदेशी संस्थाको भ्रष्टाचार योजना छ, धर्मको दलाल ल्याएका छन् ।",1,0,1,0,0,5
1564,तपाईंसँग आलोचनाको लागि थोरै धैर्य छ।,0,0,0,0,1,2
1565,bahun haru matra chalak hun bhanne soch kharab ho.,0,0,0,0,0,2
1566,अरु लाई व्याख्यान दिने तारा इफै नियम नमन बनी रामरो हैना ।,0,0,0,0,1,2
1567,यी सांसद दलालमा निर्भर छन् ।,0,0,0,1,0,4
1568,Ta pagal jasto react garna xod na yaar pahila kura sun,1,0,0,0,1,4
1569,"खाते कुकुर जसो भुकिरक्स कमेन्ट म यो इडियट, ब्लक गारो सबाइले",1,0,0,0,1,5
1570,सार्वजनिक यातायातमा सरसफाइमा पनि ध्यान दिनुपर्छ ।,0,0,0,0,0,1
1571,हिजोको यात्रा थकाइपूर्ण भए पनि दृश्य निकै सुन्दर थियो पहाडको,0,0,0,0,0,1
1572,तिमि लै आफुले नगरेको काम को लिन कसतो रामेलो लागे के सबाइले देख्यौ कसैसे कटि मेहेनत गैराया थियो सो नभने न था अक्स यो शो बन्द भाइ फेक क्रेडिट,0,0,0,0,1,2
1573,तँ जस्तो बेवकुफसँग बहस गर्नु बेकार,1,0,0,0,1,4
1574,तेरो अनुहर हेर्दा रिस उठकस,0,0,0,0,1,4
1575,hindu haru murkha hun.,0,0,1,0,0,5
1576,तिमीले नबुझेको विषयमा यति ढुक्क भएर किन लेख्छौ ?,0,0,0,0,1,2
1577,"स्वास्थ्य नै धन हो त्यसैले जंक फूड खान छोडौँ र घरमै बनेको स्वस्थकर खाना खाने बानी बसालौँ, यसले हाम्रो शरीर र दिमाग दुवैलाई स्वस्थ राख्न धेरै मद्दत पुर्‍याउँछ",0,0,0,0,0,1
1578,यी मन्त्रीले फेरि त्यही पुरानो बहाना बनाए,0,0,0,1,0,2
1579,क्रिस्चियन दलाल हरु डलर को लोभ मा हमरो पुरानो सब्यता र संस्कार नास्ता गर्ना लागे इनिहारु ला गांव बता निकलेरा नु पार्क्स विदेशी गुरु को कुत्ते हुन इनीहारु सबाई,1,0,1,0,0,5
1580,Yo online learning path ko structure total bekar raixa certificates pauda ni kunai value xaina market m fee ekdam thulo ghotala ho sabaile report handinu parxa yo product lai,0,0,0,0,0,2
1581,आज पुँजी बजार नेपाल मा कस्तो भारी दुर्घटना भयौ वान्या सेयर बजार को नियम स्पष्ट नभयेर लगानीकर्ताहरु हरु पुरै आतंक मोड म छन शंकर को फाइनान्स टिम पूर्ण रुपमा असफल भएको छ ।,0,0,0,1,0,2
1582,"त खाते रान्डी को जोरो धरै थुलो नबन एफबी कमेन्ट मा आयरा, तेरा औकत था अक्ष मलाइ तेरा पता लियारा भोली पोल मा गुनासो हान्डिंक्सु तेरो पोल सब खोल्सु",1,0,0,0,1,5
1583,हो क्यामेरा रामरोको लागि डेलाइट हो वा कमजोरको लागि कम प्रकाश।,0,0,0,0,0,2
1584,यस ठाउँको प्राकृतिक सौन्दर्य साँच्चै मनमोहक छ।,0,0,0,0,0,1
1585,आज हजुरआमाको पुरानो तस्बिर पाउँदा रमाइलो लाग्यो।,0,0,0,0,0,1
1586,यो मलाइको औख्यार देखा रिस उठ्छ,1,0,0,0,0,5
1587,यो पार्टी को मन्त्री ठूलो चोर हो हल्ले सरक बानूदा ५०% कमिशन खायरा उपयोग फोहोर सामाग्री गर्ना लगायो तिभ्या १ महिना माई रोड पुराई हिलो भयौ डाकु,1,0,0,1,0,4
1588,डिजिटल भुक्तानीले आजकल साना व्यवसायहरूलाई धेरै मद्दत गरेको छ,0,0,0,0,0,1
1589,यो स्पष्ट छ कि तपाईं अन्य मानिसहरूको कडा परिश्रमको श्रेय लिन खोज्दै हुनुहुन्छ।,0,0,0,0,1,3
1590,अनलाइन कक्षा को बेला नेट गएपक्सी पुरा महत्वपूर्ण व्याख्यान मिस भयो तैत,0,0,0,0,0,2
1591,यो पार्टीको काम देखेर दिक्क लाग्यो,0,0,0,1,0,3
1592,Newar haru sanga business thalyo vane afulai purai debt ma dhakeldiyera afu matra profit khane soch hunxa yo jaat ko kanjusi ra chalaak bani le garda dherai bapar dube sa jaat,1,0,0,0,0,4
1593,यो जठ्ठा लाइ देश बता हातैदेउ,1,0,0,0,0,5
1594,Yo prachanda ra kp oli le desh beche ke haru thikka xa,1,0,0,1,0,4
1595,"ट्रेन जसो अनुशासन हुना पार्कस भंक्सन, तारा बस समय मा औडैना।",0,0,0,0,0,2
1596,६ घण्टा लोडसेडिङपछि इन्टरनेट गायब भएको छ ।,0,0,0,0,0,2
1597,गुणस्तरीय रामरो वा म्यानुअल बुझ्ना गारो रिक्सासहितको मेसिन।,0,0,0,0,0,2
1598,नबुझेको विषयमा किन यति ढुक्क भएर लेख्नुहुन्छ ?,0,0,0,0,1,2
1599,यस समुदायले धेरै सम्मान ल्याएको छ,1,0,0,0,0,4
1600,christian dalal haru dollar ko loobh ma hamro purano sabyata ra sanskar nasta garna laage iniharu lai gaun bata nikalera knu parxa bideshi master ko kutta hun iniharu sabbai dalal,1,0,1,0,0,5
1601,"Laptop ko keyboard 1 barsa mai problem din thalyo, poor quality",0,0,0,0,0,2
1602,Yo neta khulla lootera ho prachanda le desh dubauda saki sakyo chunab ko bela dherai guff dine bholi bhandai rishwat ma bikne chor ho yo deshdrohi lda ke daku,1,0,0,1,0,4
1603,हिजो पुरानो हर्मोनियम मर्मत गरेर फेरि बजाउने प्रयास गरेँ । यति वर्ष बितिसक्दा पनि कतिपय धुनहरु औँलाले कण्ठ गरेको जस्तो लाग्यो ।,0,0,0,0,0,1
1604,"अब एक दिन मौसमले अन्तिममा ताजाता पाउँछ, त्यसैले वृद्धवृद्धा आधा घण्टा पार्कमा जान्छन्, आजको व्यस्त जीवनमा शारीरिक स्वास्थ्य कायम राख्न आवश्यक छ।",0,0,0,0,0,1
1605,देशमा उद्योगको विकास हुनुपर्छ,0,0,0,1,0,2
1606,Muslim haru ko mosque bata aune tyo thulo sound le garda bihan suthnai paindaina kasto irritating vanya yo dharma ko manxe haru lai aafno matra rule chalauna parne hamro desh ma,1,0,1,0,0,4
1607,हामीले सार्वजनिक स्थानहरू सफा राख्न सिक्नुपर्छ र जथाभावी फोहोर फाल्नुहुन्न।,0,0,0,0,0,1
1608,विद्यार्थीको भविष्यप्रति ध्यान दिनुपर्छ,0,0,0,0,0,1
1609,"कहाँ किताब किन्ने, आबिस्कर केन्द्र बन्नेले क्यूआर लुटेर खाए",1,0,0,0,1,4
1610,उचा सम्मान संग माचिक्ने भान्ना चान्सु,1,0,0,0,0,5
1611,यो seller le warranty xa bhanera bechyo tara claim garna mildaina re.,0,0,0,0,0,2
1612,"Great presentation by the designer, modern layout visually appealing",0,0,0,0,0,1
1613,प्रस्तुति रामरो थियो,0,0,0,0,0,1
1614,"यो यहाँ समीक्षा गर्नुहोस् होटल बुक गरको थिये, तारा कोठाको फोटो जसो नै रैनाक्स।",0,0,0,0,0,2
1615,Kami jaat ko budhi yestai ho jahile fohor kura matra sochxan falam ko kam grda grda dimag ni falam jastai bhaysakyo iniharu ko thiti kahilyai mathi audaina s s,1,1,0,0,0,5
1616,अरुको दृष्टिकोण बुझ्ना खोज्नु भण्डा सिधै लेबल लागेरा खारेज गर्ने संस्कृति बढ्दा सार्थक चर्चा गरना जान जान गरो हुदै गको छ ।,0,0,0,0,0,2
1617,tero anuhar dekhera ris uthxa,1,0,0,0,1,4
1618,ईदको शुभकामना कमरेड,0,0,0,0,0,1
1619,"damai haru lai dherai mathi chadhauna hudaina, thिति बिग्रिन्छ",1,1,0,0,0,5
1620,देशमा उद्योग बढ्नुपर्छ,0,0,0,1,0,2
1621,"तिमीले पढेको जस्तो देखाउन खोज्यौ, तर आधारभूत कुरा नै मिलेन।",0,0,0,0,1,3
1622,यही आत्मविश्वासले महान् व्यक्तिहरूलाई जन्म दिन्छ।,0,0,0,0,1,2
1623,दलितले अस्पताल भर्नुपर्छ कि भित्र को छ ?,0,1,1,0,0,5
1624,आधा जेल आधा वर्ष पुरानो छ,0,0,0,1,0,3
1625,"तपाईलाई आलोचना सहन गाह्रो हुनेछ, तपाई अलि परिपक्व हुनुपर्छ",0,0,0,0,1,2
1626,विभाजन र शासन गर्नुहोस्,0,1,1,0,0,5
1627,आज बजारमा नयाँ बाइक राइड टेस्ट गरको कास्तो डायनामिक कन्ट्रोल रिक्सा वान्या एक्सेलेरेशन नी लिनियर एक्सए डेली कम्युट को लगी यो मोडल एकदम बेस्ट विकल्प हो ब्रस सुपर मोडल,0,0,0,0,0,1
1628,ब्रो त्यो नेता लै कुरा गर्ना औडैं खुल्ला चोर हो उओ त्य्यो रोड को ठेक्का मा यस्ले अफ्नो जोरा को कम्पनी लै २० करोड को घोटाला गराएरा ठेक्का दिएको सबलाइ थाहा छ,0,0,0,1,0,4
1629,"सबाई प्रकार को माँक्से संगै बस्नु परक्सा, बल्ला पो नेपाल नेपाल हुंक्सा",0,0,0,0,0,1
1630,christian haru prati ghrina lagxa,0,0,1,0,0,5
1631,यस्तो छ कि यो समीक्षा लेख्ने व्यक्तिले उत्पादन प्रयोग गरेको छैन।,0,0,0,0,1,2
1632,तेरो जसो ज्ञान सुन्नु भाँडा दिवाल सांग कुरा ग्राना सजिलो एक्स यार,1,0,0,0,1,3
1633,मदिरा र मादक पेय पदार्थमा भ्याट कायम गर्दा दैनिक जीवनमा खपत हुने बिजुलीमा १३% भ्याट किन ?,0,0,0,0,0,1
1634,आजको फिल्मको अन्त्य अप्रत्याशित थियो।,0,0,0,0,0,2
1635,Yo kulman ghising ko kura matra thulo ho ahile ktm ma daily 5 choti load shedding jasto net ra batti janxa tara sabaile yeslai nai hero banauxan kasto veda janta hun hamra,0,0,0,1,0,2
1636,"यो भिडियोको थम्बनेलले एउटा कुरा देखायो, सामग्री अर्कै रहेछ।",0,0,0,0,0,2
1637,अनुसार,0,0,0,0,1,4
1638,एक पटक ध्यान खोज्ने।,0,0,0,0,1,4
1639,गाउँको पुरानो पोखरी जोगाउन स्थानीयले राम्रो पहल गरेका छन्।,0,0,0,0,0,1
1640,RSVP का यस्ता बदमासहरुलाई कारबाही हुनुपर्छ ।,0,0,0,1,0,4
1641,tyo samuha ko manche haru nikamma,1,0,0,0,0,4
1642,यो नेता जेल जानु पर्ने मान्छे हो।,0,0,0,1,0,4
1643,सती ले सरापेको देश नेपाल हो,1,0,0,0,0,3
1644,"आज मैले पहिलो पटक घरमा मोमो बनाएको छु, यो सोचे भन्दा राम्रो भयो।",0,0,0,0,0,1
1645,पार्टीको मन्त्री भयो भने ५०% कमिसन खाएर बेकारको सामान खाएर डाँटे बन्छौ ।,1,0,0,1,0,4
1646,यी मन्त्रीले जनताको पैसाको दुरुपयोग गरेका छन् ।,0,0,0,1,0,4
1647,यो नेता त खुल्लमखुल्ला चोर हो,1,0,0,1,0,4
1648,तेरो औकात नै के xa रा,1,0,0,0,0,4
1649,"तपाईंले पढेको जस्तो देखिने प्रयास गर्नुहुन्छ, तर आधारभूत कुराहरू हराइरहेका छन्।",0,0,0,0,1,3
1650,नेवार हारु लस्तै कञ्जुस हुनछन,1,0,0,0,0,4
1651,तपाईंले कमाएको कुनै पनि नयाँ लाभले अरूलाई पीडा दिन सक्छ।,1,0,0,0,0,4
1652,तेरो जास्तो मुस्लिम,0,0,1,0,1,5
1653,यो मंत्री गगन थापा खुल्ला डाकु हो यस्ले अस्पताल कोष को आधा बजेट अफ्नो सेक्युरिटी र रियल एस्टेट जग्ग्या मा उपयोग गरयो यस्को सबाई सम्पत्ति जाप्त गररा जेल हल्नु पर्क्सा चित्तो,0,0,0,1,0,4
1654,रामरो चर्चा भयो,0,0,0,0,0,1
1655,थिकको हेरम के खुला छ,0,0,0,0,0,2
1656,"ta pagal raixa, kura garne tarika her",1,0,0,0,1,4
1657,तपाईंले पुरै भिडियो नहेरी प्रतिक्रिया दिनुभएको जस्तो देखिन्छ।,0,0,0,0,1,2
1658,"Aaja family sanga basera purana album heriyo, saanu huda ko tyo rmailo samjhana haru aayera kasto mukh ma smile aayo vanya childhood days was really awesome",0,0,0,0,0,1
1659,"गलत सूचना हटाउनुको सट्टा, तपाईंले यसलाई फैलाउनुभयो।",0,0,0,0,1,3
1660,तपाईंले जानाजानी गलत व्याख्या गर्ने प्रयास गर्नुभयो।,0,0,0,0,1,2
1661,"आजको दिन शान्त र उत्पादनशील रह्यो, काम धेरै सकियो",0,0,0,0,0,1
1662,क्रिश्चियन लाइ स्टप पाराक्सा,0,0,1,0,0,5
1663,Yo mantri open bhrastachari ho yesle hydro project ko 100 crore commission khayera bideshi company lai l*tna diyo yesko kaisen kanda bholi news bata direct leak hudaixxa chor daku,0,0,0,1,0,4
1664,सबै चोरहरूले यो जाल स्वीकार गरे,0,0,0,1,0,4
1665,दमाइ हरु लाइ ढेराई माथी चढौना हुदैना,1,1,0,0,0,5
1666,तिमीजस्ता बेवकूफहरूसँग कुरा गरेर समय बर्बाद गर्दै।,1,0,0,0,1,4
1667,ग्राहक समर्थन ल्यायो 3 दिन देखिएको सन्देश नयाँ दिने जवाफ,0,0,0,0,0,2
1668,"तिमीलाई आलोचना सहन गाह्रो पर्ने रहेछ, अलि परिपक्व बन्नु पर्छ",0,0,0,0,1,2
1669,आजा पुस्तकालय मा बसेरा पुरा रिपोर्ट सकियो।,0,0,0,0,0,1
1670,जानकारीमूलक पोस्ट,0,0,0,0,0,1
1671,चौपडी लाइ अन्त्य गरनै परक्सा जसरी नि,0,0,0,0,0,1
1672,तपाईंले लेख्नु भएको निष्कर्ष प्रमाण द्वारा समर्थित छैन।,0,0,0,0,1,2
1673,आज आफ्नो खेतमा पानी पुगेपछि किसानहरु खुसी देखिन्थे ।,0,0,0,0,0,1
1674,"नेपालमा जनसांख्यिकीय परिवर्तनका कारण मुस्लिम मस्जिदमा लुकेका छन्, पहाडमा लुकेका छन्, उपत्यकामा छन् र समस्यामा छन् ।",1,0,1,0,0,5
1675,तेरो त्यो मि मुख लियारा ढेराई लेक्चर नाडे @nepal_boy_10 तेरो मानक कुकुर को पुई जसै xa fb m पोस्ट हलेर अफुलै थुलो नबन तेरो विवरण लीक गरिरक्षु भोली काटे,1,0,0,0,1,5
1676,खाली टिप्पणी खण्ड छोड्नुहोस् र विशेषज्ञ पुरुषहरू फेला पार्नुहोस्।,0,0,0,0,1,2
1677,"खाते कुकुर जसो भुकिरक्स कमेन्ट म यो इडियट, ब्लक गारो सबाइले",1,0,0,0,1,5
1678,सबै कुरा बाउलामा कसले ल्यायो ?,1,0,0,0,1,4
1679,"नेवार हारु लास्टै कंजुस हुन, पैसा खाना मात्र कोज्सन जब",1,0,0,0,0,4
1680,Today cricket match was total thriller nepal le last ball ma jiteda kasto pride feel bhayo vanya stadium ko crowd ko energy total next level thiyo prabhu,0,0,0,0,0,1
1681,"ब्रो यो राजनीतिज्ञ ले आफनो काम गर्दिन, बिलकुल बेकार छ #Nepal #Sarkar",0,0,0,1,0,3
1682,धेरै मुजी,1,1,0,0,0,5
1683,आजको सामुदायिक सरसफाई अभियान राम्रो लाग्यो।,0,0,0,0,0,1
1684,bahun haru lai matra sabai thok chainxa,1,1,0,0,0,4
1685,यो नेता ठग हो।,0,0,0,1,0,4
1686,बाहुन मुजी भावुक छ,1,1,0,0,0,5
1687,ma sahamat chaina tara respect garxu,0,0,0,0,0,2
1688,यो गीतको अन्तर्वार्ता लिने पत्रकारलाई कस्तो लाग्छ,0,0,0,0,1,3
1689,christian haru bideshi dollar khayera hamro nepali gau ka sojha saba manxe lai dhongi kura sikaudai dharma parivartan garaudaixan iniharu desh ko lagi thulo virus hun dalal chitto,1,0,1,0,0,5
1690,त्यो मेसिनले सबाई अदालतका न्यायाधीशलाई बुझाउन बाध्य बनायो।,1,0,0,0,1,5
1691,ramro discussion bhayo,0,0,0,0,0,1
1692,Tero tyo fohor mukh banda gar mi jtha tero aukaat xaina mero level ko post ma bolne rasta ko kukur jasto comment ma aayera vukiraxas cyber ma report grxu veda khate mi,1,0,0,0,1,5
1693,अरुको मेहनतको मजाक उडाउनु ठीक होइन ।,0,0,0,0,1,2
1694,क्रिश्चियन हरु ले पुरा नेपाली कथा बिगारी साके बिदेशी पैसा म खेरा,1,0,1,0,0,5
1695,Ta lai kura ko sur nai tha xaina.,0,0,0,0,1,3
1696,हिन्दु हरु म मुर्ख हुँ।,0,0,1,0,0,5
1697,के तिमी आफ्नो बहिनीलाई शासन गर्छौ?,1,1,0,0,0,4
1698,मेयर चोर मुजी,0,0,0,1,1,5
1699,तेरो बौ ले तल्लो जात संग साथी नबाना भन्या थाइना क्या हो सा दमाई तेरो घर मा चलदैना भन्दाई मा हमी लाई के ज्ञान दियाक्सा तेरो जान सित माथी चढेको जास्तो छ,1,1,0,0,0,5
1700,आज बिहान पार्कमा दौडको लागि मौसम उपयुक्त थियो।,0,0,0,0,0,1
1701,आजको यात्रा रमाइलो थियो,0,0,0,0,0,1
1702,आज पुरानो फिल्म क्यामेरा फेला पर्‍यो। Digital युगमा फिल्म develop गराउनुपर्ने झन्झट भए पनि त्यसको अलग आकर्षण अझै बाँकी रहेछ।,0,0,0,0,0,1
1703,गुणस्तरीय रामेरो वा म्यानुअल क्वेन्चिङ गारो राइक्सा भएको मेसिन।,0,0,0,0,0,2
1704,तिनीहरूले देश खाए,1,0,0,0,0,4
1705,खाली comment section bata expert banna khojne haru dherai xan.,0,0,0,0,1,2
1706,"muslim jati nai samasya ho, jun desh ma gae ni fohor ra ladaat grxan",1,0,1,0,0,5
1707,"विद्यालयमा खेलकुदलाई पनि प्राथमिकता दिनुपर्छ, चौतर्फी विकास चाहिन्छ",0,0,0,0,0,1
1708,सरकार यस्तो अराजकतामा बाँचिरहेको छ,1,0,0,1,0,4
1709,"मैले मुस्लिमहरूमा विश्वास गर्नुपर्‍यो, म मानिसहरूलाई धोका दिइरहेको थिएँ।",1,0,1,0,0,5
1710,"आज ट्रेकिङ गर्दा अचानक मौसम बिग्रियो, बिच बाटोबाट फर्किनु पर्यो ।",0,0,0,0,0,1
1711,यो डरलाग्दो पार्टीले देशलाई अरू जत्तिकै खराब बनाउँछ।,1,0,0,1,0,4
1712,इनिहरू खतरनाक छन्,1,0,0,0,0,4
1713,neta haru sabai dakait,0,0,0,1,0,4
1714,Kasto hawa kura gareko k timi le common sense vanne chiz nai xaina jasto xa nabhuji post share garera janta ma confusion failaune bani xoda bro mature banna sika tait jpt,0,0,0,0,1,2
1715,नेताको चोर हो जनतालाई कसरी चोर्ने ?,0,0,0,1,0,4
1716,क्रिस्चियन हारु खत्रा,0,0,1,0,0,4
1717,मुस्लिम जातिले गार्नु पर्क्सा देश निकाले,1,0,1,0,0,5
1718,तिमीलाई सुझाव दिँदा व्यक्तिगत आक्रमण जस्तो किन लाग्छ ? कसैले गल्ती औंल्यायो भने त्यसलाई सुधार्ने अवसरको रूपमा पनि लिन सकिन्छ।,0,0,0,0,1,2
1719,@manchhe123 tero kura hawa ho,0,0,0,0,1,4
1720,मानसिक स्वास्थ्यको बारेमा खुलेर कुरा गर्न ढिलो भएको छ। सामाजिक पूर्वाग्रह र डरका कारण धेरैले डिप्रेसन लुकाउँछन् । उनीहरूलाई सल्लाह र सहयोग चाहिन्छ।,0,0,0,0,0,1
1721,यो क्युरेट अली भ्रम यदि,0,0,0,0,0,2
1722,तपाईं चीजहरू बढाइचढाइ गर्न झुकाव गर्नुहुन्छ।,0,0,0,0,1,2
1723,आज म्याराथन मा भाग लिन नसके पानी हर्न रमाइलो लाग्यो साथी,0,0,0,0,0,1
1724,Yo pradhanmantri prachanda chor ho yesle 17000 nepali ko jggya khayera aaja afulai king thandai xa yesko ragat m loot matra xa yeslai rasta mai faasi dinu parxa deshdrohi lda,1,0,0,1,0,4
1725,डेलिभरी राइडर लाई सही ठेगाना दिएको थी तारा फेरी फोन गरिरख्यो,0,0,0,0,0,2
1726,sansad le commission khanxa matra,0,0,0,1,0,4
1727,आज गाउँको पुरानो विद्यालय हेर्दा धेरै परिवर्तन भएको छ ।,0,0,0,0,0,1
1728,मुस्लिम हरु ले देश दुबये,0,0,1,0,0,5
1729,अरूलाई अवरोध गर्ने बानीलाई सुधार गर्नुपर्छ।,0,0,0,0,1,2
1730,आजको वृत्तचित्रले धेरै नयाँ कुरा सिकाएको छ।,0,0,0,0,0,1
1731,"मधेसी र मधेसीले मात्रै किनेका हुन्, नेपाललाई कसरी बेच्ने ?",1,1,0,0,0,5
1732,Amazing video informative content keep it up bro,0,0,0,0,0,1
1733,@politician_name पक्का भ्राष्टाचारी हो,0,0,0,1,0,4
1734,"आजा बिहान कलेज पुनर्मिलन मा पुरानो स्कुल साथीहरु लाई भेट्दा कसो खुशी लाग्यो यार, पुरानो दिन हरु को समझ आयरा मन नै भरियो रमाइलो वायो",0,0,0,0,0,1
1735,"मैले मुस्लिमहरूलाई विश्वास गर्नुपर्यो, म जनतालाई धोका दिइरहेको थिएँ।",1,0,1,0,0,5
1736,तिमीले अरूलाई दोष दिनुभन्दा आफ्नो कमजोरी हेर्नुपर्छ।,0,0,0,0,1,2
1737,ठूलो अनुहार सुन्दा त राम्रो लाग्छ,0,0,0,0,0,2
1738,यी मन्त्रीका सबै कुरा झुटा छन् ।,0,0,0,1,0,4
1739,ग्रामीण क्षेत्रमा टेलिमेडिसिन सेवा विस्तार गर्न सके दूरदराजका जनताले पनि समयमै विशेषज्ञ डाक्टरको सल्लाह र उपचार पाउन सक्थे सरकारले यसमा लगानी बढाउनु एकदमै सकारात्मक कदम हुनेछ,0,0,0,0,0,1
1740,यो इलेक्ट्रिक स्कुटर को माइलेज कम्पनी ले भन्ने भान्डा अधा मात्र रिक्सा ब्याट्री तताउने समस्या नी ढेरै छ त्यसैले यो मोडेल किन नगर्नुहोस् साथीहरू ठगी मार्केटिंग गरिया तैत,0,0,0,0,0,2
1741,विद्यालयमा robotics club सुरु भएको सुन्दा उत्साह लाग्यो।,0,0,0,0,0,1
1742,musalman haru sanga business garnu hudaina iniharu ko dil ma dhoka ra kapata matra hunxa sabailai lna khojxan yo dharma ko manxe thag hunu prxa sa iniharu fohor,1,0,1,0,0,5
1743,"आज मैले मेरो पहिलो तलब पाएको छु, बूढो मान्छे जस्तै महसुस गर्दै।",0,0,0,0,0,1
1744,"स्थानीय बजारमा आउनुहोस् र सस्तो मूल्यमा ताजा अर्गानिक सागसब्जी र तरकारीहरू पाउनुहोस्। स्थानीय किसानले प्रत्यक्ष सहयोग पाउनुपर्छ, यस्तो व्यवस्था राम्रो हुनुपर्छ ।",0,0,0,0,0,1
1745,हिजोको साँस्कृतिक कार्यक्रममा स्थानीय कलाकारहरुको प्रस्तुति उत्कृष्ट रहेको थियो ।,0,0,0,0,0,1
1746,"उहाँ सरकारको नेता हुनुहुन्छ, उहाँले गठबन्धनलाई बर्बाद गर्नुभयो, उहाँले सबै गरिबलाई पैसा दिनुभयो, उहाँले देशलाई बर्बाद गर्नुभयो, उहाँ देशलाई बर्बाद गर्ने डाकुहरूको नेता हुनुहुन्छ।",1,0,0,1,0,4
1747,यो नेता चोर हो यस्ले रबि लै फसौना पुरा चल खेल्यो,1,0,0,1,0,4
1748,"यो मेयरको निर्णय जनताले लिनुपर्छ, जनतालाई कर तिर्न कस्तो नियम बनाउनुपर्छ, पार्क कस्तो बनाउने र फुटपाथमा बस्ने गरिबलाई सहयोग गर्ने कस्तो नियम छ ?",0,0,0,1,0,2
1749,सडक किनारको फोहोर व्यवस्थापनमा ध्यान दिन जरुरी छ ।,0,0,0,0,0,2
1750,रवि लामिछाने हत्यारा हो,1,0,0,1,0,3
1751,यी पाठ्यक्रमहरू निःशुल्क छन् तर लागू हुँदैन।,0,0,0,0,0,2
1752,आजको खाना धेरै नुनिलो थियो।,0,0,0,0,0,1
1753,Ta khate le feri hawa kura failauna thalexas.,1,0,0,0,1,5
1754,"त्यो रमेश प्रसाई भानी दै नेपाल मा भये जी.बी. यस मामला मा, एक रेड नोटिस जारी गरी अनुसन्धान गरिनेछ।",1,0,0,0,0,3
1755,इनिहरूको कारण देश पछाडि पर्यो,1,0,0,0,0,4
1756,यो धर्म हटौना परक्सा,0,0,1,0,0,5
1757,"हो, तिम्रो मन पागल छ, देश छोडेर गयौ भने गर्व हुनेछ ।",1,0,0,0,1,5
1758,"माननीय महोदय, आज घर छैन, भोलि ३ः३० बजे घर छ ।",0,0,0,0,0,1
1759,हिजो काठमाडौंबाट पोखरा जाँदा बाटोको अवस्था सोचेभन्दा नराम्रो रहेछ।,0,0,0,0,0,2
1760,Online class ko bela net gayepaxi pura lecture miss bhayo.,0,0,0,0,0,2
1761,सामुदायिक बगैंचामा आएर मिलेराको रुख रोपौं ।,0,0,0,0,0,1
1762,Rai limbu jaat le sadhai bideshi master ko dollar khayera afno desh ko culture bechdai xan iniharu ko dimag ma nepali ko maya xaina bideshi dalal hun iniharu sabbai fohor,1,1,0,0,0,4
1763,ta jasto allare lai ke tha,1,0,0,0,1,3
1764,यो नेता ठग हो।,0,0,0,1,0,4
1765,डिजाइन सरल तर प्रभावकारी छ।,0,0,0,0,0,1
1766,"christian haru le hamro sanskriti nasta gare, masiha ko dollar ko var ma chaldai xan",1,0,1,0,0,4
1767,यो समाचारको शीर्षक अनावश्यक रूपमा सनसनीपूर्ण बनाइएको छ।,0,0,0,0,0,2
1768,sarkari paisa sabai yei le khayo,0,0,0,1,0,4
1769,यी मेयरले बजेटको रकम आफन्तमा बाँडेको बताइएको छ ।,0,0,0,1,0,4
1770,ta khate kukur.,0,0,0,0,1,5
1771,"यदि तपाईं विशेषज्ञ हुनुहुन्छ भने तपाईंले भान्साकोठामा पानी भेट्टाउनुहुनेछ, त्यसपछि तपाईंले साइबर ब्यूरोमा कुनै वास्तविक विवरण फेला पार्नुहुनेछैन तर तपाईंले आफ्नो फेसबुक खातामा गर्दाइ पठाउनुहुनेछ ताकि तपाईं यसलाई हरेक दिन प्रयोग गर्न सक्नुहुनेछ।",1,0,0,0,1,5
1772,मलाई उ मन परेन ।,0,0,0,0,1,5
1773,Pahadi jaat ko manxe haru sadhai hepaha hunchan madhesi lai manxe nai gandinan iniharu ko tyo ghamand le garda nai desh badhna sakeko xaina bhrasta dimag haru bra daku,1,0,0,0,0,4
1774,bahun haru matra competent hunchan bhanne soch purai galat ho,0,0,0,0,0,2
1775,चौपडी लाइ अन्त्य गरनै परक्सा जसरी नि,0,0,0,0,0,1
1776,Machikne tero tyo si anuhar facebook ma nadekha tero photo herda kukur le pani mxa hola kasto fat ass dekheko k timi jasto lai ta direct toknu parne,1,0,0,0,1,5
1777,आज गाउँमा खानेपानीको नयाँ लाइन जोडिएको खबर आयो ।,0,0,0,0,0,1
1778,संसद खोलेर भ्रष्टाचारको ढोका खोल्यो भने सबैलाई मुर्ख बनाउनुहुन्छ र बैंक खाता चेक गर्नुभयो भने नेता बन्नुहुनेछ ।,0,0,0,1,0,4
1779,tyo group ko manche dekhe pugyo,1,0,0,0,0,4
1780,तपाईलाई सबै थाहा छ जस्तो अभिनय गर्न बन्द गर्नुहोस्।,0,0,0,0,1,2
1781,ta pagal jasto react garna xod,1,0,0,0,1,4
1782,कृपया यस एपमा नवीनतम अपडेट फेला पार्नुहोस् र सेटिङहरू फेला पार्नुहोस्।,0,0,0,0,0,2
1783,गाउँमा नयाँ सडक बने पनि गुणस्तर कमजोर थियो ।,0,0,0,0,0,3
1784,विनियमित भिडियो ta ramero axa टिप्पणी खण्ड garnu pario,0,0,0,0,0,1
1785,यो नेताले पैसाको लागि जे पनि गर्छ।,0,0,0,1,0,4
1786,प्रस्तुति रामरो थियो,0,0,0,0,0,1
1787,"यो मुस्लिम हरु जहा गए नी आफनो रिंग बढौना मात्र खोज्सन, भोली बचाको हिन्दू हरु लाई नी लकेड़क्सन यिनिहरु लाइ यो बधि भण्डा पहिला नै लकेडनु प्रक्सा देश बाता संस्कृति बचाउना",1,0,1,0,0,5
1788,यो मुर्ख जस्तै चेन हेर,1,0,0,0,1,4
1789,सामाजिक संजालमा भाइरल भयौ भनाइ मा साई कुरा सत्य हुदैना । कहिलेकै सबाई भाँडा लोकप्रिय कथा नै सबाई भाँडा भ्रामक हुन सक्क्सा।,0,0,0,0,0,2
1790,"यो पार्टी नेता चोर हो, भ्रष्टाचार नै राजा रहोस् यो नेता",1,0,0,1,0,4
1791,"अनलाइन बैंकिङ प्रयोग गर्दा बलियो पासवर्ड राख्नु महत्त्वपूर्ण छ र आफ्नो OTP कसैलाई पनि साझा नगर्नुहोस् किनभने वित्तीय अपराधहरू बढ्दै गएका छन्, हामी सतर्क हुनुपर्छ डिजिटल बैंकिङ सुरक्षा।",0,0,0,0,0,1
1792,"यो पार्टी गरिबको पार्टी हो, तपाईंले आफ्नो नेता गुमाउनु भयो र हो",1,0,0,1,0,4
1793,"Yo muslim haru jaha gae ni afno ring badhauna matra khojxan, bholi bacheko hindu haru lai ni lakedxan yiniharu lai yo baddhi bhanda pahila nai lakednu prxa desh bata sanskriti bachauna",1,0,1,0,0,5
1794,आज पहिलो पटक छत मा तरकारी खेती सुरु गरको कास्तो रचनात्मक अनुभूति आयो वान्या ताजा अर्गानिक टमाटर रा साग देख्दा मन नै खुशी भयो प्रभु,0,0,0,0,0,1
1795,"तिमि लाइ आफुले नगरेको कामको क्रेडिट लिन कसो रमाइलो लाग्या के, सबाइले देख्यौ कस्ले काटी मेहेनत गर थियो सो नभने नी थाहा छ यो शो बन्द गर ब्रो",0,0,0,0,1,2
1796,Kati overacting gareko यो Manxe le yo video m tat lagyo,0,0,0,0,1,2
1797,चोर,1,0,0,0,0,4
1798,कामदारले सिकाक्स ल्याई,0,0,0,0,1,5
1799,ट्रेकिङको मुड बनायो आज बिहानको मौसम ।,0,0,0,0,0,1
1800,मुस्लिम हरु संग व्यापार गरनु हुदैना,1,0,1,0,0,5
1801,हमला ने था पायौ के गरनु अब...एस्ता नालायक अर्थमन्त्री भय पच्ची,1,0,0,1,0,4
1802,bahun muji,1,1,0,0,0,5
1803,चोर नेता हरु लाई खुला रोड मा लेरा सजा हुनुपर्क्षा,1,0,0,1,0,4
1804,म यो पार्टीको कामबाट दिक्क भएँ,0,0,0,1,0,3
1805,क्षेत्री भनाइ सबैसँग सुत्नु पर्छ।,0,0,0,0,0,2
1806,"आजको खाना स्वादिष्ट थियो, विशेष गरी त्यो अचार एकदमै मिठो बन्यो",0,0,0,0,0,1
1807,तिमिले तुरुन्त रजिना दिनु पार्क्स नात्र पच्ची थिक नहोला हेपने हमाइलाई।,0,0,0,1,0,3
1808,"मधेसी भनेको मधेसी नै हो, जो मधेसीकी आमा हुन्",1,1,0,0,0,5
1809,क्रिश्चियन हारु ले संस्कृति बिगरे,1,0,1,0,0,5
1810,यस च्यानलमा क्लिकबाइट सामग्री ढेरै बनाउ थाल्यो छ।,0,0,0,0,0,2
1811,तै जसो मुर्खा मैले देखेको औकात मा बसा मी,1,0,0,0,1,5
1812,यस वर्षको वर्षाले किसानलाई केही राहत दिएको देखिन्छ ।,0,0,0,0,0,1
1813,सल्लाह दिएर पनि उस्तै गल्ती दोहोरिरहन्छौ।,0,0,0,0,1,2
1814,आज स्थानीय समुदायले नदी किनार सरसफाई अभियान सुरु गरेका छन् । यसले देखाउँछ कि सानो प्रयासले पनि वातावरणमा सकारात्मक प्रभाव पार्न सक्छ।,0,0,0,0,0,1
1815,यी मन्त्रीको व्यवहार शंकास्पद छ ।,0,0,0,1,0,4
1816,"आजा परिवार संग बसेरा पुराण एल्बम हेरियो, सानु हुडा को त्ययो रमाइलो समझना हरु आयरा कसतो मुख मा मुस्कान आयो वान्या बाल्यकालका दिनहरु साँच्चै राम्रा थिए",0,0,0,0,0,1
1817,"नेवार हरु लास्ते कन्जुस हुन्न, उताह खाजा ख्वान्ना नी मक्सन",1,0,0,0,0,4
1818,प्रधानमन्त्रीले बजेट घोषणा गरे,0,0,0,1,0,4
1819,"नेपालको पर्यटन प्रवर्द्धन गर्नुपर्छ, डिजिटल मार्केटिङ आवश्यक छ",0,0,0,0,0,1
1820,kami sanga basna ni man lagdaina,1,1,0,0,0,5
1821,मैले तपाईलाई सुझाव दिए पनि तपाईले हरेक पटक बहाना बनाउनुहुन्छ।,0,0,0,0,1,2
1822,"तिमी गलत छौ भाइ, म तिमीलाई चरा जस्तै बोलाउन खोज्दै छु।",0,0,0,0,0,1
1823,"जब मैले पहिलो स्थानमा यो समूह देखे, म हाँस्न थाले।",1,0,0,0,0,4
1824,"शिक्षामा सुधार आवश्यक छ, सबै बालबालिकालाई समान अवसर हुनुपर्छ",0,0,0,1,0,2
1825,"आजा स्थानीय फुटसल प्रतियोगिता हर्न गाको, फाइनल खेल लास्टै प्रतिस्पर्धात्मक थियो ।",0,0,0,0,0,1
1826,"Pahadi jaat ko manxe haru sadhai hepaha hunchan madhesi lai manxe nai gandinan, iniharu ko tyo ghamand le garda nai desh badhna sakeko xaina bhrasta dimag haru",1,0,0,0,0,4
1827,मुगी भाउ,0,1,0,0,0,5
1828,मन्त्रीलाई के भन्नू ?,0,0,0,1,0,4
1829,Ta khate randi ko xoro dherai thulo kura nagar comment ma aayera,1,0,0,0,1,5
1830,"काठमाडौंको वायु प्रदूषण ह्वात्तै बढेको छ, बाहिर निस्कँदा अनिवार्य मास्क लगाउनु पर्ने, नत्र सास फेर्न समस्या हुनसक्छ, स्वास्थ्यको ख्याल गरौं ।",0,0,0,0,0,1
1831,Yo laptop brand ko screen quality expected bhanda kam raixa 1 barsa mai dead pixels auna thalyo warranty claim garda ni service center le dherai jhamela garyo tait,0,0,0,0,0,2
1832,आलोचना तपाईलाई गाह्रो छ।,0,0,0,0,1,3
1833,आज बिहानको मौसमले trekking ko mood banayo.,0,0,0,0,0,1
1834,sala natakbaj,1,0,0,0,1,4
1835,"Yo crypto currency ban gareko le nepal ma dollar auna sakeko xaina, sankar purano buddhi ko manxe haru le chalako xan j sabaile tech bhandasi darauxan kasto bekar niyam",0,0,0,1,0,2
1836,दलित लाइ मन्दिर जिन्ना नदीनु,1,1,0,0,0,5
1837,तँलाई हेर्दा कामभन्दा नाटक धेरै देखिन्छ।,0,0,0,0,1,3
1838,यो नेता जेल जानुपर्छ ।,0,0,0,1,0,4
1839,मुजी ज्ञान नाडे।,0,0,0,0,1,5
1840,अनलाइन कक्षा को बेला नेट गएपक्सी पुरा लेक्चर मिस भयो।,0,0,0,0,0,2
1841,Ta jasto murkha sanga kura milna sakdaina.,1,0,0,0,1,4
1842,तिमीजस्ता बेवकूफसँग झगडा गर्नु भनेको समयको बर्बादी हो।,0,0,0,0,1,4
1843,यो नेता झुट बोल्छ,0,0,0,1,0,2
1844,एउटा खाता खोल्नको लागि gardai बाट एक आईडी प्राप्त गर्नुहोस्।,0,0,0,0,1,4
1845,तँले जति बोले पनि पत्याउने कोही छैन,0,0,0,0,1,4
1846,जसरी सबैले तपाईंलाई वास्तविकता दिएका छन् कि तपाईं पहिले विद्यालय जानु पर्छ।,1,0,0,0,1,3
1847,संसदको पैसा चोरेर कसको नाममा सहकारी बैंकमा पैसा पठाउनुभयो र चोरेर जेल जानुभयो ।,1,0,0,1,0,4
1848,तेरो त्ययो फुर मुख बन्द गर् मी जथा तेरो औकत छाना मेरो स्तर को पोस्ट मा बोल्ने रास्ता को कुकुर जसो कमेन्ट मा आयरा वुकिराक्सस साइबर मा रिपोर्ट ग्रुक्सु वेद खाता,1,0,0,0,1,5
1849,Timi lai afule nagareko kaam ko credit lina kasto rmailo lagya k sabaile dekhya xan kasle kati mehenat garya thiyo so nabhane ni thaha xa stop this show off bro fake credit,0,0,0,0,1,2
1850,यो मन्त्री टास्करी मा सनलग्न छ,0,0,0,1,0,4
1851,"मैले कहिल्यै केही गर्न सकिन, तर म कंजूस भएँ।",1,0,0,0,0,3
1852,बैंकबाट पैसा चोर्ने हो भने यो मन्त्री खुलेआम लुटेरा हो ।,0,0,0,1,0,4
1853,"मैले त यो movie को trailer हेर्दा thriller होला भनेर सोचेको थिएँ, तर पुरै फिल्म relationship drama मा केन्द्रित रहेछ। Marketing le expectation ali wrong set gareko jasto lagyo।",0,0,0,0,0,2
1854,यो पुस्तक सरल भाषामा लेखिएकोले बुझ्न सजिलो भयो।,0,0,0,0,0,1
1855,गाउँमा पुरानो पोखरी पुनर्निर्माण भएको खबर राम्रो लाग्यो।,0,0,0,0,0,1
1856,Online payment successful dekhayo tara booking confirm bhayena.,0,0,0,0,0,2
1857,तिमीले लेखेको समीक्षा निकै पक्षपाती देखियो।,0,0,0,0,1,2
1858,muji afulai expert bhanxa tara basic kura pani tha xaina.,0,0,0,0,1,5
1859,यो डिजिटल मार्केट कोर्स को मूल्य अपेक्षित भण्डा है रिक्सा तारा उपकरण र समर्थन शून्य,0,0,0,0,0,2
1860,म चारलाई हराउँछु,1,0,0,0,1,4
1861,"यो प्रभावकार ले अफ्नो सफलताको कहानी मात्र देखाउक्स, पक्की को वास्तविकता बारे कभी बोल्दाना।",0,0,0,0,1,3
1862,यो सीमित वाइफाइ र औसत कफी चाइ भएको क्याफे हो।,0,0,0,0,0,2
1863,हिजोको कार्यक्रम उत्कृष्ट थियो,0,0,0,0,0,1
1864,शहरभर साइकल लेन बनाउने योजना राम्रो छ।,0,0,0,0,0,1
1865,"बिहान काठमाडौ आउनुहोस्, ताजा हिउँ परे जस्तै पानी परिरहेको छ, चिसो हावा चलिरहेको छ, दिन कति सफा छ, कस्तो छ, पदयात्रा रिङरोड जस्तो छ, म राम्ररी आउँदैछु ।",0,0,0,0,0,1
1866,"Dalit lai mandir xirna nadinu, nabhaye thulo sapaat lagxa ghar ma",1,1,0,0,0,5
1867,धन्यवाद जानकारीका लागि,0,0,0,0,0,1
1868,तपाईं तथ्यहरू भन्दा अनुमानलाई बढी महत्व दिनुहुन्छ। एउटै स्क्रिनसटको आधारमा यति ठूलो निष्कर्ष निकाल्नु अलिक हतारो होइन र?,0,0,0,0,1,3
1869,आजकल हरेक कुरालाई विवादित बनाउने बानी बढ्दै गएको देखिन्छ ।,0,0,0,0,0,2
1870,यस खेलको नयाँ अपडेटले थप बगहरू प्रकट गर्नेछ।,0,0,0,0,0,2
1871,आजको मौसमले पुरानो स्कुलको पिकनिक सम्झाइदियो।,0,0,0,0,0,1
1872,"Bahun muji afulai k thulo thandai xas, tero jaat ko chor neta haru le desh lutera bhelaye k dhongi pa haru tero guff sunera hami lai rish uthxa sa khate",1,1,0,0,0,5
1873,रेस्टुरेन्ट मा रिजर्भेसन गरको थिये तारा टेबल तयार नै थियेना।,0,0,0,0,0,2
1874,यस पाठ्यक्रमको सिद्धान्त भाग धेरै बोरिंग छ।,0,0,0,0,0,2
1875,आउनुहोस् ट्रेन सिम्युलेटर केन्द्र भ्रमण गर्नुहोस्। नेपाल मा रेल प्रणाली खासै नभये पानी टेक्नोलोजी कसरी काम गर्चा भन्ने कुरा व्यावहारिक रूपमा हेरना पौडा अन्ततः मलाई रोचक लाग्यो।,0,0,0,0,0,1
1876,तँले जानाजान गलत जानकारी फैलाइरहेको छस्।,0,0,0,0,1,4
1877,यो आवर गैंग के बनना हुदैना मर्दिन्सन,0,0,0,1,0,4
1878,यो पार्टी को नेता चोर हो यस्ले अस्पताल भवन बानुडा ४०% घूस खैरा संरचना कमजोर बनायो भोली भूकम्प आइरा जनता मारे यसलाइ नै टोक्नु परक्सा डाकु,1,0,0,1,0,4
1879,"मुस्लिम समुदाय देशका लागि खतरा हो, उनीहरुलाई छिट्टै कारबाही गर्नुपर्छ ।",1,0,1,0,0,5
1880,Yo cafe ma wifi ramro xa tara coffee chai average lagyo.,0,0,0,0,0,2
1881,"नेवार हारु साधै फुर हुन्न के, इनिहारु को खाजा घर मा गयारा हेरा कास्तो अँध्यारो वातावरण हुन्सा आनी गुल्ला रक्सी खएरा मक्सन जेब जाट नै बकर हो यो",1,0,0,0,0,4
1882,क्षेत्री हारु लाइ मात्र फैदा,0,1,0,0,0,4
1883,"यो पार्टी हो भारताचारी को पार्टी, कुरा ठूलो काम शून्य यस्को",1,0,0,1,0,4
1884,"सरकारले किसानलाई राहत दिनुपर्छ, यहाँ मल नपाएर धरासायी छन्",0,0,0,1,0,2
1885,"यो वास्तविक आईडी वा नक्कली आईडी बाट हो कि भनेर जाँच नगर्नुहोस्! अन्धा धुन्डाले साझा गर्नुभयो, 
फतह गुइथे। होइन, मैले १ मिनेट भन्दा कममा १९ हजार लाइक पाइनँ।",0,0,0,0,1,3
1886,देशको भार बोक्ने बहिनी,1,1,0,0,0,5
1887,sabai dukha ko karan yei haru,1,0,0,0,0,4
1888,"आउनुहोस्, सानो भान्साकोठामा बनेको पिज्जा कति मिठो थियो, विदेशी रेष्टुरेन्टमा सस्तो र ताजा खाना, घरको छतमा जैविक परीक्षण गर्दा परिवार पूरै सन्तुष्ट थियो ।",0,0,0,0,0,1
1889,"हेर्नुहोस्, तपाईको राजनीतिक अन्त्य यति क्रूर हुनेछ यो कल्पना भन्दा बाहिर छ।",0,0,0,1,0,2
1890,bahun haru le desh dubaye.,0,1,0,0,0,5
1891,नेवार हारु लस्तै कञ्जुस हुनछन,1,0,0,0,0,4
1892,"कस्तो हावा कुरा गरको के, थाहा छैना भने किन कमेन्ट गरौं आको",0,0,0,0,1,2
1893,आज बिहान साइकल परिक्षण गको रिङ रोड कासो खाली र रिफ्रेस थियो वान्या प्रदुषण नी हल्का थियो दैनिक कम्युट को लागी बिहान साइकल चलुनु शरीरको स्वास्थ्य को लागी राम्रो।,0,0,0,0,0,1
1894,जानकारी को लागी धन्यवाद,0,0,0,0,0,1
1895,"राई लिम्बु हरु ले अफनै मात्रा गर्यो, विदेशी पैसा आसी आतेको इनिहरु",1,1,0,0,0,4
1896,मछिकने तेरो त्यो सि अनुहर फेसबुक मा नदेखा तेरो फोटो हेर्दा कुकुर ले पानी मक्सा होला कास्तो मोटा गधा देखेको के टिमी जसो लै त सीधा टोक्नु पर्ने,1,0,0,0,1,5
1897,pahadi haru le sadhai hepchan,1,0,0,0,0,3
1898,कामी हारु लाइ थाचार्नु परक्सा माथी औना दीदा थिती बिगर्यो,1,1,0,0,0,5
1899,तेरो त्यो हा मस्तिष्क सिक्उना औक्सस एफबी कमेन्ट मा जथा तेरो औकात Xaina मेरो स्तर को तर्क संग लार्ना तेरो मानक डेरा थुक्ना मन लगक्सा ब्लक प्रयोगकर्ता काटे,1,0,0,0,1,5
1900,हामी पर्दा आमाको नजिक गयौं,1,1,0,0,0,5
1901,यो डिलिवरी एप इन्टरफेस पुरानो संस्करण Banda Jhan भ्रमित रा फुर XA अर्डर प्लेस गार्डा नी एप क्र्यास सबैभन्दा खराब सफ्टवेयर हंक्सा टोली द्वारा कार्यान्वयन,0,0,0,0,0,2
1902,मेरो भिन्नताको बारेमा सोच्ने तिमी नै हौ,0,0,0,0,0,2
1903,"आजको दिन शान्त र फलदायी रह्यो, धेरै काम सम्पन्न भयो",0,0,0,0,0,1
1904,"मधेसी नै हो इनिहरु को रगत मे बिहारी कुरा हुन, नेपाल क्यार नी इन्डिया गुंगन गाउउक्सन यिनिहरु लाइ लकनु परक्सा चित्तो",1,1,0,0,0,5
1905,"muji chup lagera basa, kehi bujheko xainas.",0,0,0,0,1,5
1906,तपाईको पोस्ट पढेपछि धेरै प्रश्नहरू उठ्छन्।,0,0,0,0,1,2
1907,मेरो दिमागले कहाँ प्रतिक्रिया दिन्छ?,0,0,0,0,0,2
1908,पार्कमा आज बालबालिकाको चित्रकला प्रतियोगिता आयोजना गरिएको छ ।,0,0,0,0,0,1
1909,"यो जातिको मनलाई नै बुद्धि भनिन्छ, दिनदिनै संस्कारको बर्बादी हुन्छ र मोह काट्दैनन्, तर यसमा संसार छैन, गाउँको वातावरणमा शान्ति छ, सबै ठूला छन्, के हो?",1,1,0,0,0,5
1910,हामीले सकारात्मक सोच राख्नुपर्छ,0,0,0,0,0,1
1911,"हिन्दू धर्म बेकार छ, सनातन धर्म सात लोकमा छ, पुरानो दुनियाँ स्वच्छ छ, हिन्दू धर्म परिवारमा भारतीय डलर छ, वेदको साथ संसार नरकमा छ।",1,0,1,0,0,4
1912,"नेवार जातिको नाश भयो, बापरको नाममा मेरो जनता पर्दाफास भयो, मेरो कंजूषता र भ्रष्टाचारले मलाई सताएको छ ।",1,0,0,0,0,4
1913,आजको कार्यक्रम रमाइलो थियो,0,0,0,0,0,1
1914,newar haru sanga kaam garna garo,1,0,0,0,0,3
1915,muji afno kaam gara pahila.,0,0,0,0,1,5
1916,मेयर ले बजेट अफनै घर लग्यो,0,0,0,1,0,4
1917,एउटै गल्ती कति पटक दोहोर्‍याउने ?,0,0,0,0,1,3
1918,तिमी धर्म खान्छौ,0,0,1,0,0,4
1919,राई लिम्बु लाइ देश को 20% बेचेरा सुट्टै डुइता देश बनाउना पर्क्सा,0,1,1,0,0,5
1920,"सामग्री चाई एकदम नयाँ र जानकारीमूलक है, यो मनपर्छ",0,0,0,0,0,1
1921,तपाईंले जानाजानी गलत जानकारी फैलाइरहनुभएको छ।,0,0,0,0,1,4
1922,ग्राहकको प्रतिक्रियालाई बेवास्ता गर्दै उनले पैसा कमाउन थाले।,0,0,0,0,0,2
1923,"आज बिहानको हिडाई एकदमै ताजा थियो, ताजा महसुस भयो",0,0,0,0,0,1
1924,त्यो रमेश प्रसाई भानी दै नेपाल मा भय गब राई समतक्सौ भनी गुफ दिन्थे त । यस्‍ता सानो सानो मामला मा ता रेड नोटिस जरि गराएरा सम्‍तन् व्‍याये छान् त,1,0,0,0,0,3
1925,आजा बिहान को सवारी मा काठमाडौ को सूर्योदय कास्तो सफा देखियो वान्या रोड पानी त्ययो बेला खाली थियो लङ ड्राइभ को लागी परफेक्ट टाइम रह्यो आजा ताजा अनुभूति भयौ,0,0,0,0,0,1
1926,तपाईंले तथ्य जाँच नगरी अफवाह फैलाउनुभएको देखिन्छ।,0,0,0,0,1,3
1927,सँधै प्रवृतिहरू पछ्याउनु बुद्धिमानी होइन।,0,0,0,0,0,1
1928,यस सफ्टवेयरको इन्टरफेस सधैं आधुनिक छ र वास्तविक कार्यप्रवाह अनावश्यक चरणहरूबाट मुक्त छ। प्रयोगकर्ता अनुभव मा अजै काम गर्ना पराने देखी।,0,0,0,0,0,2
1929,यो सांसदलाई जेल हाल्नु पर्छ,0,0,0,1,0,4
1930,"बहू मुजी अफलाई के ठुलो थान्डाई एक्जास, तेरो दिन सकियो आबा",1,1,0,0,0,5
1931,यो नेता त जनताको दुश्मन हो।,0,0,0,1,0,4
1932,अहिले स्वदेशी पर्यटकमा ट्रेकिङ लोकप्रिय भएको छ ।,0,0,0,0,0,1
1933,यति महँगो टिकटमा पनि यस्तो व्यवस्थापन हुनु दुःखद हो ।,0,0,0,0,0,2
1934,त्यो हरामी नाटककार।,0,0,0,0,1,5
1935,मुस्लिम जाति नै यो संसार को ठुलो वायरस हो जहाँ गए नी क्रान्ति रा लडाई बाहेक केई जानदाईन इनिहारु लै नेपाल बता चित्तो निकलनु पर्क्स नात्र हाम्रो संस्कार सकिन्क्स फोहोर भाइरस,1,0,1,0,0,5
1936,यो सांसदको हात सबै काण्डमा छ।,0,0,0,1,0,4
1937,आज बिहान पहिलो पटक विद्युतीय स्कुटरमा अफिस गएँ । पेट्रोलको मूल्य घटे पनि चार्जिङ स्टेसन नहुँदा लामो दुरीको यात्रा भने असहज भएको छ ।,0,0,0,0,0,1
1938,यी खाताहरू हुन् जुन इजरायली एजेन्टहरू खान बाध्य छन्। इजरायललाई बेच्नुहोस्,1,0,0,1,0,5
1939,नेताको चोर हो जनतालाई कसरी चोर्ने ?,0,0,0,1,0,4
1940,नेता हारु सब लुटार मात्र हुन,1,0,0,1,0,4
1941,"मुस्लिम समुदाय देशका लागि खतरा हो, यो सबैभन्दा ठूलो सत्य हो",1,0,1,0,0,5
1942,Online shopping ma photo ra actual product ma akash jamin ko farak raixa.,0,0,0,0,0,3
1943,आमाले काम गर्न थाल्नुभयो ।,0,0,0,0,1,5
1944,यस विषयमा थप अध्ययन आवश्यक छ,0,0,0,0,0,2
1945,Yo online food delivery app le extra platform fee linxa tara delivery rider le jhaile late garyo vanera call garxa kasto worst operational management tait lagyo,0,0,0,0,0,2
1946,अब मलाई आशा छ कि मेरो देशले न्याय पाउनेछ,0,0,0,0,0,1
1947,muslim haru sabai lai nikalnu parxa,1,0,1,0,0,5
1948,अनलाइन किनमेलमा फोटो र वास्तविक उत्पादन बीच ठूलो भिन्नता छ।,0,0,0,0,0,3
1949,Yo parliament ko sansad open chor ho yesले bhrastachar kanda lukaera sabaलाई murkha banairaxa yesko bank account check gare thaha painxa kati daku ho yo neta chor ghuskhor,0,0,0,1,0,4
1950,Today morning drive ma nagarkot gako kasto clear mountain view dekhyo vanya kathmandu ko sab thakan ekxin mai haraepariyo local authentic breakfast ni last mitho thiyo prabhu,0,0,0,0,0,1
1951,Ta ekchoti kura ko depth bujhera bol na sathi kasto hoba confidence le bhariyeko raixas tero jpt logic sunera hami sabaile comment ma hasiraxam vanya ha,0,0,0,0,1,2
1952,chor neta haru lai saja hunuparxa,1,0,0,1,0,4
1953,मधेसी हेरेर निर्णय गर्ने बानी समाजबाट हटाउनुपर्छ ।,0,0,0,0,0,2
1954,Yo mobile updated paxi camera ko quality expected bhanda jhan bekar bhayo heating issue ni dherai badhyo so don't update your phone guys wait for next security patch tait sa,0,0,0,0,0,2
1955,christian ko bhar hudaina,0,0,1,0,0,4
1956,फेरी ज्ञान दीक्षा खाओ,1,0,0,0,1,4
1957,yesta manche lai sahanu hudaina,1,0,0,0,0,4
1958,यो पेमेन्ट एप को सिस्टम अपडेट पाक्सी लेनदेन ब्यालेन्स आधा घंटा सम्मा अपडेट नाइ हुना कसो बग्गी इन्जिनियरिङ टीम थो स्क्याम हुन सक्सा यो प्लेटफार्म प्लेटफार्म तत,0,0,0,0,0,2
1959,"Timi lai aalochana sunnai man naparne raixa kasto ego vako manxe raixau, afno galti huda ni accepts nagarera ulto arkalai blame garne bani sudhra bro very bad",0,0,0,0,1,2
1960,"हे मेयर, तपाईंले पैसा चोर्नुभयो, तपाईंले बाटोमा पैसा चोर्नुभयो।",0,0,0,1,0,4
1961,kami haru nikamma hun bhanne kura galat ho.,0,0,0,0,0,1
1962,यो वेबसाइट बाटा कपडा अर्डर गारेको कास्तो थर्ड क्लास फेब्रिक पठाको वान्या साइज घुँडा मिलान,0,0,0,0,0,2
1963,khate le feri gyan diyexa,1,0,0,0,1,4
1964,गाउँमा नयाँ पुल बनेपछि आवतजावत सहज भएको छ ।,0,0,0,0,0,1
1965,आज गाउँमा पुरानो खानेपानी मिल पुनः सञ्चालनमा आएको खबर आयो । आधुनिक प्रविधिसँगै यस्ता परम्परागत संरचनाको संरक्षण पनि उत्तिकै जरुरी छ ।,0,0,0,0,0,1
1966,"आज पहिलो पटक छतमा तरकारी रोपेको छु, हेर्दा रमाइलो छ।",0,0,0,0,0,1
1967,लौ ता प्रहरी दाजु,0,0,0,0,0,1
1968,ढुङ्गा बोक्नेको पद र हैसियत त्योभन्दा माथि कसरी हुन सक्छ ?,1,0,0,0,0,3
1969,यो पार्टी को मेयर बलेन ले कोरा ठुलो घुस खेरा घर जग्गा जग्गा माफिया लाइ स्पेस खुल्ला झाडियो यो खुल्ल लुट हो जनता लै टोक्ने नियम आफु छै घुसखोर डाकु समूह,1,0,0,1,0,4
1970,नेपालको पर्यटन प्रवर्द्धन गर्नुपर्छ,0,0,0,0,0,1
1971,यस वर्ष गाउँमा पहिलो पटक ड्रोनबाट मल बिछ्याउने काम गरिएको छ । सुरुमा वृद्ध किसानहरू अचम्ममा परे तर कामको गति देखेपछि धेरैले चासो देखाए ।,0,0,0,0,0,1
1972,यो कर्कश कुकुर सुत्न सक्दैन... टाटाटो गु कहाँ खाने भनेर सोच्दै...,1,0,0,0,1,5
1973,यो पार्टी को मेयर बलेन ले कोरा ठूलो घुस खैरा घर जग्गा जग्गा माफिया लाइ स्पेस खुल्ला क्सद्दियो उओ खुल्ला लुट हो जनता लै टोक्ने नियम आफु छै घुसखोर डाकु जथा,1,0,0,1,0,4
1974,आज मैले मेरो पहिलो तलबले मेरो आमाबाबुको लागि उपहार किनेको छु।,0,0,0,0,0,1
1975,ta harami afulai celebrity thanxa.,0,0,0,0,1,5
1976,त पागल जसो प्रतिक्रिया गरना झोड ना यार पहली कुरा सुन,1,0,0,0,1,4
1977,Kati overacting gareko yo manxe le yo video m tait lagyo,0,0,0,0,1,2
1978,kami haru talai nai hun,1,1,0,0,0,5
1979,bahun ko buddhi testai,0,1,0,0,0,4
1980,Yo pradhanmantri oli open bhrastachari daku ho yesle rastriya bank ko thulo gold ghotala kanda lukauna thulo kaisen thadiyo yeslai janta le samatera thnu parxa chitto neta,0,0,0,1,0,4
1981,मलाई तेरो त्ययो सि अनुहर डेरा कुकुर पानी भाग्क्षा होला कमेन्ट मा आयरा धराई स्पेशलिस्ट नबान तेरो रियलिटी मा भोली लीक गरिराक्सु एफबी मा तेरो इज्जत च्याट पारकु,1,0,0,0,1,5
1982,"यो सरकारको मन्त्रीले मेरो कम्पनी लिएर तिमीलाई घूस लिन भने, तिमी बदमाश हो।",0,0,0,1,0,4
1983,तपागल जसो कुरा गररा सबलाई विचलित गर्दाइ छस।,1,0,0,0,1,4
1984,त पागल हो बोलक्सस।,0,0,0,0,1,4
1985,कामी हारु लाइ माथी चदौडा यसै हुंक्सा बन्ने सोच खतम हुनु पर्सा।,0,0,0,0,0,2
1986,"अब धेरै पैदल यात्रा गर्दा, जताततै जङ्गली फूलहरू देख्छु।",0,0,0,0,0,1
1987,मेरी आमा मकहाँ आउनुभयो,0,0,0,0,1,5
1988,desh ko satyanas yei harule gare,1,0,0,0,0,4
1989,यो रेस्टुरेन्टको खाना मिठो भए पनि पार्किङको समस्या रहेछ।,0,0,0,0,0,2
1990,यो मंत्री ले आफनो थुलो रियल इस्टेट कम्पनी खोल्य क्स जनता को पैसा,0,0,0,1,0,4
1991,यसमा नेता र ठेकेदारको मिलेमतो छ ।,0,0,0,1,0,4
1992,हामीले स्थानीय उत्पादनलाई पनि प्राथमिकता दिनुपर्छ ।,0,0,0,0,0,1
1993,यो रवि लामिछाने लाइ झुट काण्ड मा फसौना खोज्ने यो देश का ठुला नेता हरु भ्राष्टाचारी हुन इनिहरु ले सबाइले घुस खैरा थुलो कैसेन लुकाएका सान प्रमान साहित्य जेल हल्नु परक्सा,0,0,0,1,0,4
1994,खाताले फेरि पुरानो हल्लालाई नयाँको रुपमा बेच्ने प्रयास गरेको छ ।,0,0,0,0,1,4
1995,आजको समाचार रोचक थियो,0,0,0,0,0,1
1996,दलित लाइ माथी चडौडा यसै हुंक्सा,0,1,0,0,0,5
1997,सबै ठाउँहरू हेर्न पहाड पछाडि लामो सवारी।,0,0,0,0,0,1
1998,आज पहिलो पटक आफ्नै बगैँचाबाट गोलभेन्डा निकालेर खाएँ ।,0,0,0,0,0,1
1999,तँले screenshot edit गरेर misinformation फैलाएको जस्तो देखिन्छ।,0,0,0,0,1,4
2000,Restaurant ma reservation gareko thiye tara table ready nai thiyena.,0,0,0,0,0,2
2001,Yo online course ko fee ekdamai thulo lagyo malai content ta youtube ma free ma paine jastai raixa totally waste of money and time so don't buy this guys fraud engineering,0,0,0,0,0,2
2002,ta khate attention seeker.,0,0,0,0,1,4
2003,आजको यात्रा लामो भए पनि यो दृश्यले सबै थकान हटायो ।,0,0,0,0,0,1
2004,Tero anuhar dekhera ris uthxa randi ko ban kura garna aaudaina,1,0,0,0,1,5
2005,yo party desh dubaune party ho,1,0,0,1,0,4
2006,त्यसैले त मेरो मुख बन्द छ @kamal_99 jpt बोले पक्सी सबाइले थोनपा म हुन त जसो अल्लारे है को थाहा जीवनको वास्तविकता के हो गया है गयारा बस होरे,1,0,0,0,1,5
2007,यो app ko user interface purano version bhanda jhan confusing xa.,0,0,0,0,0,2
2008,सेवा अली ढिल्लो रैक्सा,0,0,0,0,0,2
2009,कुकुर नै रिक्सा यो युट्युबर त,1,0,0,0,1,5
2010,"यो पुराना नया नया सब कुरा हो, कसैको केई काम झेना",0,0,0,1,0,3
2011,भुकिरालाई कुकुर खान मन पर्छ,1,0,0,0,1,5
2012,ta jasto bewakuf dekheko xaina,1,0,0,0,1,4
2013,यी मन्त्रीले घुस लिएका छन्,0,0,0,1,0,4
2014,यो खातेले फेरि उही नाटक सुरु गर्यो,1,0,0,0,1,4
2015,आज स्थानीय विज्ञान प्रदर्शनीमा स्कुलका विद्यार्थीहरूले बनाएका परियोजनाहरू हेर्दा आश्चर्य लाग्यो। सही अवसर र मार्गदर्शन पाए युवाहरूले धेरै गर्न सक्छन्।,0,0,0,0,0,1
2016,मैले त्यसमा मन लगाए ।,0,0,0,0,1,5
2017,यी होस्टेलको खानाको गुणस्तर महिना दिनमा सुधार भइरहेको छ।,0,0,0,0,0,2
2018,"मधेसी भन्छन् म देशलाई माया गर्छु, उपेन्द्र रेशम थिए",1,0,0,0,0,5
2019,Tero tyo ha face liyera instagram ma reels banayera afulai k model thandai xas @manchhe_90 tero body structure dera sabaile comment ma hasiraxan fake id banayera rasta ma vukne khate,1,0,0,0,1,5
2020,"अनलाइन शपिङ गरे, समन औडा साइज पुराई मीटा फुरी कपडा",0,0,0,0,0,2
2021,"यो जातिको चाहना सधैं यस्तै हुन्छ, नराम्रो रेखा छ।",1,1,0,0,0,4
2022,यो documentary ले हिमाली भेगको जीवन राम्रोसँग देखाएको छ।,0,0,0,0,0,1
2023,"शिक्षामा सुधार आवश्यक छ, सबै बालबालिकाले समान अवसर पाउनुपर्छ",0,0,0,1,0,2
2024,"Yo neta bideshi dalal ho, yesle india sanga bhetera desh bechyo",0,0,0,1,0,4
2025,नाटककार ले भरिसक्यो खुवाउने,1,0,0,0,1,4
2026,बाहुन हरु लाई मात्र सबाई ठोक चैनक्सा अरु जात त माँक्से होईन,1,1,0,0,0,4
2027,यो मन्त्री खुला भ्राष्टाचारी हो यस्ले शिक्षा बोर्ड को पुरा कोष खैरा जनता को झोरा झोरी लाई बुक नी नपाउने बनायो यसको सम्पत्ति जाप्त गररा जेल थुन्नु प्रक्सा डाकु चोर,0,0,0,1,0,4
2028,तपाईंले तथ्य जाँच नगरी पोस्ट गर्नुभयो।,0,0,0,0,1,3
2029,"Kami sanga bihe gardina ma, hamro ghar ma chaldaina yo kura",1,1,0,0,0,5
2030,"सुदन गुरुङ जी लाई धेरै धेरै माया र रहनेछ। हामी तपाईंको निर्णय स्वीकार गर्दछौं 
देशको कानुनभन्दा माथि कोही छैन र यी सबै कुरा स्वीकार गर्ने सुन्दर दिमाग छ
 धेरै गर्व चाहिन्छ म तपाईलाई सम्मान गर्ने व्यक्तिको लागि पर्खिरहेको छु",0,0,0,0,0,1
2031,"मधेसीले ल्याए नेपालीको सुहौदिन, धर्तीका बोझ हुन् ।",1,1,0,0,0,5
2032,Machikane टिप्पणी Garna Matra Oxas,1,0,0,0,1,5
2033,"christian haru le gaun ka sojha janta lai dollar dyaera afno banayera hindutva sakuna laage, yo thulo conspiracy ho bideshi sanstha ko sabaile hoosiyar huna parxa",1,0,1,0,0,5
2034,"दलित लाइ मन्दिर जिरना नदीनु पाप लक्सा पक्सी प्रतिष्ठा घाटा घर को, इनिहरु को थो तल्लो नै थिक अक्स कोटा प्रणाली ले गर्द देश बिगरियो सा इनिहरु",1,1,0,0,0,5
2035,आज बजारमा तरकारीको मूल्य निकै बढेको रहेछ।,0,0,0,0,0,2
2036,ए गिते अन्तिम मा हर्न नाइ हो किन धरै ड्रामा गरनु परदो,0,0,0,1,0,2
2037,शिक्षामा सुधार आवश्यक छ,0,0,0,1,0,2
2038,चोर नेता हारुले फेरि देश लगे साकी साके अब जनता अफ रास्ता मा न-उतारा सम्मा यो नेता हरु को ठुलो तौको बधिरक्षान इनिहारु सबाई लै गोलि थ*कु पराक्ष,1,0,0,1,0,4
2039,"तै जसो मै अल्लारे लाई के थाहा कुरा को गहिराई सा कुकुर जसो भुकिरक्सस कमेन्ट मा आयेरा, तेरो रियलिटी सबाइको अगाडी ल्याएरा तेरो इज्जत च्याट परक्सु पारखी",1,0,0,0,1,5
2040,Tyo समूह शाखा काम नगरा,1,0,0,0,0,4
2041,christian haru khatra,0,0,1,0,0,4
2042,Yo mobile updated paxi battery backup total disaster bhayo 2 ghanta ni chaldaina kasto bekar software testing gareko hola team le tait lagyo phone use garna ni sa,0,0,0,0,0,2
2043,"स्थानीय पुस्तकालयले पुराना हस्तलिखित कागजातहरू डिजिटल रूपमा संरक्षण गर्न थालेको सुन्दा खुसी लाग्यो। त्यस्ता सामग्रीहरू, एक पटक हराए, कहिल्यै पुन: प्राप्त गर्न सकिँदैन।",0,0,0,0,0,1
2044,तिमीले हतारमा निष्कर्ष निकाल्यौ।,0,0,0,0,1,2
2045,बाहुनको शासन भयो भने दलित नेता ग्रेरा माथीलाई ल्याइनेछ ।,1,1,0,0,0,4
2046,हम्ले नि था पायौ के गरनु अब... एस्ता नालायक अर्थमन्त्री भय पची,1,0,0,1,0,4
2047,अनुसार,0,0,0,0,1,4
2048,kami haru nikamma,0,1,0,0,0,5
2049,khate ko post feri,0,0,0,0,1,4
2050,यो नेता माफिया संग लिग मा छ।,0,0,0,1,0,4
2051,तिमीले आफैं नपढी अरूलाई पढ्न सिकाइरहेका छौ।,0,0,0,0,1,3
2052,प्रमाण बिना कुनै दाबी स्वीकार गर्न सकिदैन।,0,0,0,0,0,1
2053,चोर नेता रवि लामिछानेको झुट काण्ड म फसौना ठुलो कैसे बनाको हो ।,1,0,0,1,0,4
2054,पहाडी बाटो भए पनि त्यो दृश्यले मलाई सबै थकान बिर्साइदियो ।,0,0,0,0,0,1
2055,बाहुन हारु मातृ सक्षम हुन्न भन्ने सोच हो गलत,0,0,0,0,0,2
2056,क्रिस्चियन हारु ले डलर बधेरा भोली हिन्दुत्व स्याक्सन,1,0,1,0,0,5
2057,"हेर, तपाईको राजनीतिक अन्त्य यति निर्दयी हुनेछ, त्यो कल्पनाभन्दा बाहिर छ ।",0,0,0,1,0,2
2058,"साँचो मधेसी जनता पहिलो पटक देख्नुहुन्छ, निर्वाचित भएपछि मधेसी जनतालाई मात्र भोट हाल्न चाहन्छन्, तब किन आफ्नो अधिकार पाउन थालेनन् ।",1,0,0,0,0,3
2059,"यो मोबाइलको क्यामेरा दिनमा राम्रो छ, राति भने खासै प्रभावकारी छैन।",0,0,0,0,0,2
2060,खातेले फेरि पुरानै हल्ला नयाँ भनेर बेच्न खोजेछ।,0,0,0,0,1,4
2061,"मुस्लिम समुदाय देशका लागि खतरा हो, यो सबैभन्दा ठूलो सत्य हो",1,0,1,0,0,5
2062,आज पुरानो स्कुल रियुनियन अम भेट्टा कस्तो खुसी लागो सबाइले अफ्नो बिजनेश एण्ड स्टार्टअप को कुरा गर्द प्राउड फील भयो डिजिटल ट्रान्सफर्मेसन नेपाल मा रामेलो हुडैक्स साथी,0,0,0,0,0,1
2063,घरको पुरानो फोटो एल्बम हेर्दा धेरै सम्झनाहरु ताजिए ।,0,0,0,0,0,1
2064,bahun ko ahankar,0,1,0,0,0,4
2065,तिम्मी लाइ आफुले नगरेको काम को लेना क्रेडिट कसतो रमेलो लगा के सबिले देख्य कसन कैसेले कटि मेहेनत गराया थियो सो नभने ने थाहा अक्स यो शो बन्द गर भाइ तात,0,0,0,0,1,2
2066,तपाईं तथ्यहरू भन्दा अफवाहहरू मनपर्छ जस्तो देखिन्छ।,0,0,0,0,1,3
2067,कति पटक सम्झाउनुपर्छ?,0,0,0,0,1,2
2068,kami haru nikamma samudaay,1,1,0,0,0,5
2069,ta Khate।,0,0,0,0,1,4
2070,यो app ko search feature expected jasto accurate xaina.,0,0,0,0,0,2
2071,तर मधेसले के पायो ?,0,0,1,1,0,2
2072,"डेलिभरीमा २ दिन लाग्यो, तर २ हप्ता लाग्यो।",0,0,0,0,0,2
2073,यो परियोजनामा ​​धेरै मेहनत गरिएको देखिन्छ।,0,0,0,0,0,1
2074,तलाई कुरा सुर त्यहाँ थिएन।,0,0,0,0,1,3
2075,कहाँ छन् पहाड र कहाँ छन् सच्चा मधेसी जनता ?,1,0,0,0,0,3
2076,"यो शंकरले खुलेआम हर्डा लुट्यो, नेपाल बस्यो, खादीमा पसिना पुछ्यो, राम्रो लाग्न थाल्यो, सिमाना जाँच, प्रवेश निषेध, खोजी, खोज, नियम आदि ।",0,0,0,1,0,3
2077,हामीले तपाईलाई किन माथि ल्यायौं?,0,1,0,0,0,5
2078,muslim haru prati yasto ghrina failaune post haru report garnu parxa.,0,0,0,0,0,2
2079,यो पाठ्यक्रम मा व्यावहारिक सामग्री अली काम लाग्यो मलाइ।,0,0,0,0,0,2
2080,"Tero dimag thik xaina jasto xa, pagal khana jaa @user1",1,0,0,0,1,4
2081,आजको दिन शान्त र उत्पादनशील रह्यो।,0,0,0,0,0,1
2082,मैले तपाईलाई सुझाव दिँदा पनि तपाईले हरेक पटक बहाना बनाउनुहुन्छ।,0,0,0,0,1,2
2083,"हामी हाम्रा सबै साहित्य र ज्ञान पढिरहेका छैनौं, हाम्रा युवाहरू हाम्रा अंग्रेजी गीतहरू र टिकटक सिक्न व्यस्त छन्।",0,0,0,0,0,1
2084,machikne khate,1,0,0,0,1,5
2085,सस्तो लाइकको लागि केहि पोस्ट गर्नु आजकल चलन हो।,0,0,0,0,0,3
2086,"यो संसारमा मुस्लिम समुदाय समस्याको सामना गरिरहेको छ, जहाँ बम र आतंककारी गतिविधि भइरहेका छन्, नेपाल प्रख्यात भएको छ, कुनै अधिकार प्रख्यात भएको छ, वेदलाई भाइरसका लागि प्रयोग भइरहेको छ ।",1,0,1,0,0,5
2087,"आफ्नो पार्टीमा मन्त्री भए ५०% कमिसन खाएर, बेकारका सामाग्री प्रयोग गरेर डाँका नेता बन्ने ।",1,0,1,0,0,5
2088,यो समाजले अझै मधेसीको कुरा गर्ने बानी छोडेको छैन ।,0,0,0,0,0,2
2089,तपाई फेसबुकमा प्रतिक्रिया दिंदा कहाँ प्रतिक्रिया गर्नुहुन्छ?,0,0,0,0,1,2
2090,"गरिब मारुवा बजेट, त्यसलाई समर्थन गर्ने गरिब मारुवा हो।",0,0,0,1,0,3
2091,तँले कुरा बुझेर भन्दा सुनेको भरमा प्रतिक्रिया दियौ।,0,0,0,0,1,2
2092,यो जात को वेद हरु जाहिले आफनो माक्से भन्दाई भोट हलक्सन,1,1,0,0,0,4
2093,तिमीले अरूको कुरा बीचमै काट्ने बानी सुधार्नुपर्छ।,0,0,0,0,1,2
2094,गाउँको पुरानो चोक भत्काएर पक्की बिछ्याउँदा रमाइलो वातावरण हराएको थियो ।,0,0,0,0,0,2
2095,आजा अफिस को बिदाई कार्यक्रम मा सबाई भावुक भई।,0,0,0,0,0,1
2096,"नेपालमा जनसांख्यिकीय परिवर्तनका कारण मुस्लिम मस्जिदमा लुकेका छन्, पहाडमा लुकेका छन्, उपत्यकामा छन् र समस्यामा छन् ।",1,0,1,0,0,5
2097,Aaja pet ko problem le garda office jana paiyena.,0,0,0,0,0,1
2098,"मेरो समस्या यो हो कि ल्यापटपको किबोर्डले 1 पटक काम गर्न छोडेको छ, खराब गुणस्तर।",0,0,0,0,0,2
2099,पार्टी नेता सबाई चोर,0,0,0,1,0,4
2100,बाटा निर्यातमा थाइल्याण्डको उपलब्धि,0,0,0,0,0,2
2101,आज धेरै पछि पुरानो साथीको फोन आयो ।,0,0,0,0,0,1
2102,"यो अनलाइन कोर्सको विज्ञापन जति राम्रो थियो, सामग्री त्यति उपयोगी लागेन।",0,0,0,0,0,2
2103,भेडा जनता भयेसी के हुदैना,1,0,0,0,1,4
2104,"क्रिस्चियन संस्थाले नेपाललाई नष्ट गर्न डलर लिएर त्यसमा विभाजन सिर्जना गरेको छ, यो विदेशी षडयन्त्र बाहिर आएको छ ।",1,0,1,0,0,5
2105,यो कम्पनीको ग्राहक समर्थन समाधान भन्दा एक बहाना हो।,0,0,0,0,0,3
2106,यी मन्त्रीको सम्पत्ति यति छिटो कसरी बढ्यो भन्ने छानबिन हुनुपर्छ ।,0,0,0,1,0,4
2107,"Kasto hawa kura gareko k, thaha xaina bhane kina comment garan aako lah",0,0,0,0,1,2
2108,"तर, हावा अलि तातो छ",0,0,0,0,1,3
2109,Timro yesto लापरवाहीले गर्दा अरूलाई समस्या पर्छ भन्ने बुझ न,0,0,0,0,1,2
2110,मैले त्यो समूहलाई स्टेजमा देखेँ,1,0,0,0,0,4
2111,Yo sankar ko finance minister open daku ho yesle custom tax badhayera janta lai luteko xa bhrastachari le sab commission afno land kanda m use garyo saja chitto huna parxa,0,0,0,1,0,4
2112,"यो भिडियोको थम्बनेलले एउटा कुरा देखाउँछ, सामग्रीले अर्कै कुरा देखाउँछ।",0,0,0,0,0,2
2113,स्थानीय बजारमा उत्पादित वस्तुको गुणस्तर राम्रो हुँदै गएको छ,0,0,0,0,0,1
2114,आज पहिलो पटक 3D printer चलाएर सानो model बनाउने मौका पाएँ। Computer मा डिजाइन गरेको वस्तु केही घण्टापछि हातमै समात्न पाउँदा अनौठो अनुभव भयो।,0,0,0,0,0,1
2115,दोषी कोही भए पनि ढिलो चाँडो जेल जान्छ । सत्ता सधै कसैको हातमा रहदैन ।,0,0,0,0,0,2
2116,गार्डाईबाट खाता खोल्नको लागि आईडी प्राप्त गर्नुहोस्।,0,0,0,0,1,4
2117,यही आत्मविश्वासले महान् व्यक्तिहरूलाई जन्म दिन्छ।,0,0,0,0,1,2
2118,Yo sankar ko khulla loot herda ta aba nepal ma basna bhanda khadi ma gaeera pasina bagaunu thik lagna thalyo border ko checking ma ni ghus matra khojxan j*tha haru bhrasta niyam,0,0,0,1,0,3
2119,यो नेता त दलालको एजेन्ट जस्तो लाग्छ।,0,0,0,1,0,4
2120,"तपाई जस्तो सोच्नुहुन्छ कि तपाई एउटी महिलाको क्रिम खानुहुन्छ जसले उसको गन्ध पकाउँछ, तपाईको FB पेज छ, तपाई नै हुनुहुन्छ जसले मेरो पोस्टको जवाफ दिनुहुन्छ र ब्लक गर्नुहुन्छ।",1,0,0,0,1,5
2121,राइ लिम्बु हरु ले देश खाइरaxan,1,1,0,0,0,5
2122,"म सुदान गुरुङ जी लाई धेरै माया गर्छु र सधै गरिरहनेछु। हामी तपाईंको निर्णय स्वीकार गर्छौं 
देशको कानुनभन्दा माथि कोही छैन र यी सबै कुरा स्वीकार गर्ने सुन्दर मन
 धेरै गर्व चाहिन्छ, म पर्खिरहेको छु कसैले तिम्रो सम्मान गरोस",0,0,0,0,0,1
2123,machikne hawa guffadi,1,0,0,0,1,5
2124,भाउजू भावुक छिन्,1,1,0,0,0,5
2125,यो मन्त्री भ्रष्ट हो ।,0,0,0,1,0,4
2126,त एकछोटी कुरा बुझेरा बोल न यार जेपीटी के कन्फ्युजन फेलइराक्सस टिमरो हवा कन्फिडेन्स डेरा मलाइ लाज लागेरा औक्स साथी जाउ र अनुसन्धान गर पहिले ठीक छ,0,0,0,0,1,2
2127,"हो, क्यामेरा रामेरोको लागि डेलाइट हो वा कमजोरहरूको लागि कम प्रकाश।",0,0,0,0,0,2
2128,Yo neta khulla daku ho bhrastachari le passport kanda ma thulo ghus khayera bideshi lai fake identity banayo yeslai khulla sadak ma faasi dinu parxa deshdrohi,1,0,0,1,0,4
2129,कहिलेकाहीँ सामाजिक सञ्जालभन्दा प्रत्यक्ष कुराकानी प्रभावकारी हुन्छ।,0,0,0,0,0,1
2130,हामीले सकारात्मक सोच्नुपर्छ,0,0,0,0,0,1
2131,तिमी धेरै मूर्ख देखिन्छौ,1,0,0,0,1,4
2132,आज मौसम धेरै राम्रो छ,0,0,0,0,0,1
2133,Yo restaurant ko service herda ta paisa kharcha gareko nai bekar lagyo.,0,0,0,0,0,2
2134,"कोठा भाडा फेरी बढ्यो रे, अब त गारो हुंक्सा ।",0,0,0,0,0,2
2135,"मुस्लिम राष्ट्र भाइरसबाट संक्रमित छ, जहाँ मस्जिद बनेको छ, हामी हिन्दुत्वमाथि आक्रमण गरिरहेका छौं।",1,0,1,0,0,5
2136,एआईको नाम चर्चामा छ।,0,0,0,0,0,3
2137,आलोचना तपाईलाई गाह्रो छ।,0,0,0,0,1,2
2138,ग्राहक सेवा 4 साना फोन लाइनहरूमा उपलब्ध छ तपाईंको समस्यामा मद्दत गर्न।,0,0,0,0,0,2
2139,यो समुदाय ला भर पराना मिल्दाना,1,0,0,0,0,4
2140,तिमी जस्तो झूटो मान्छे फेरि नदेख्नु,1,0,0,0,1,4
2141,यस गाउँमा पर्यटन बढे पनि फोहोर व्यवस्थापनमा कसैको ध्यान गएको छैन ।,0,0,0,0,0,3
2142,सबैलाई थाहा छ यो मन्त्री घुसखोर हो।,0,0,0,1,0,4
2143,यो बजेट गरीब विद्रोधि xa,0,0,0,1,0,3
2144,यस खेलको नयाँ अपडेटले थप बगहरू प्रकट गर्नेछ।,0,0,0,0,0,2
2145,"तिमि लै आलोचना सुन्ने मन नपर्ने रैक्सा कास्तो अहंकारी मांक्से रैक्सौ, आफनो गल्ती हुडा नी उल्टो अरु लाई नै दोष दिन बनी एकदम बेकर हो टिमरो सुध्र",0,0,0,0,1,2
2146,मचिकने कमेन्ट गरेर ध्यान खोज्दा यो स*ला काटे,1,0,0,0,1,5
2147,डेलिभरी समय 2 दिन वा 8 दिन हो।,0,0,0,0,0,2
2148,Customer ko feedback lai ignore garne bani ramro haina.,0,0,0,0,0,2
2149,हिजो एक जना बुढा बाजेलाई स्मार्टफोन चलाउन सिकाइरहेको थिएँ। Video call भएपछि उहाँको अनुहारमा आएको खुसी हेर्दा प्रविधिको अर्को पक्ष देखियो।,0,0,0,0,0,1
2150,मलाई मन्त्रीहरूले कम्तिमा प्रयास गरेको मनपर्छ,0,0,0,0,0,1
2151,कहिलेकाहीँ सामाजिक सञ्जालबाट पनि विश्राम लिनुपर्छ।,0,0,0,0,0,1
2152,बहिनीमा गर्व,0,1,0,0,0,4
2153,"यो पार्टीको नेता चोर हो, यो हो अस्पताल भवन, बानुडा , ४०% पसेको , संरचना कमजोर भयो , निर्दोष भूकम्पले जनताको ज्यान लिइरहेको छ , यही हो नेता जो टोक्नु पर्सा डकैती खाता",1,0,0,1,0,4
2154,"Yo guffadi jasto bolna xod na yaar, kura bujhera bolna jandैनस्",0,0,0,0,1,3
2155,यी मेयरले आफ्ना आफन्तहरूलाई मात्र फाइदा पुर्‍याए।,0,0,0,1,0,4
2156,Aaja pahilo choti afnai kitchen ma pizza banako kasto tasty bhayo vanya bidesh ko restaurant bhanda sasto ra fresh thiyo family sabaile ekdam man paraye,0,0,0,0,0,1
2157,"कस्तो हवा कुरा गरको के टिम ले सामान्य ज्ञान भान्ने चिज नै क्सैना जसो छ, नभुजी पोस्ट शेयर गररा जनता मा कन्फ्युजन फेलौने बनी झोडा ब्रो परिपक्व बन्न सिक्का",0,0,0,0,1,2
2158,हामी तलाइ नै हुन पर्छ,1,1,0,0,0,5
2159,आजकल हरेक कुरालाई विवादित बनाउने बानी बढ्दै गएको देखिन्छ ।,0,0,0,0,0,2
2160,काठमाडौं उपत्यकाको सार्वजनिक यातायात प्रणालीमा व्यापक सुधार आवश्यक छ । पुराना र उत्सर्जन गर्ने सवारी साधनलाई विद्युतीय बसले प्रतिस्थापन गर्नुपर्छ । वातावरणको सरसफाई।,0,0,0,0,0,1
2161,"Yo party ko prachanda chor ho, desh bechera khayo lda le",1,0,0,1,0,4
2162,यो स्मार्टवाचलाई ब्याट्री ब्याकअप चाहिन्छ।,0,0,0,0,0,2
2163,"यो अनलाइन कोर्स जति राम्रो विज्ञापन गरिएको थियो, सामग्री त्यति उपयोगी थिएन।",0,0,0,0,0,2
2164,Machikne tero tyo si anuhar facebook comment ma nadekha tero reality thaha xa malai cyber ma report gari sake bholi pols le xadepaxi thaha painxas khate jtha veda,1,0,0,0,1,5
2165,खाताले ध्यान र टिप्पणीहरू प्राप्त गर्दछ।,0,0,0,0,1,4
2166,सत्ता पाएपछि सबै उस्तै छन्,0,0,0,1,0,4
2167,दलित लाइ माथी चडौडा यसै हुंक्सा संस्कृति नस्थ गैर्यो यस्ले,1,1,0,0,0,5
2168,Aru ko viewpoint bujhna khojnu bhanda sidhai label lagaera dismiss garne culture badhda meaningful discussion garna jhan jhan garo hudai gako xa।,0,0,0,0,0,2
2169,यो सरकार पूर्ण रुपमा असफल भएको छ,0,0,0,1,0,3
2170,आज गाउँको पुरानो विद्यालय हेर्दा भवनमा धेरै परिवर्तन आएको छ,0,0,0,0,0,1
2171,"Yo party bhrastachari ko party ho, thulo ghus khor neta haru xan yesma",1,0,0,1,0,4
2172,लापरवाहीले अरुलाई समस्या निम्त्याउँछ भन्ने टिम्रो हो,0,0,0,0,1,2
2173,तँले तथ्यभन्दा अनुमानलाई बढी महत्व दिएको देखिन्छ। एउटै screenshot को आधारमा यति ठूलो निष्कर्ष निकाल्नु अलि हतारो भएन र ?,0,0,0,0,1,3
2174,"यो मन्त्रीले पूरै बजेट चिकित्सा सामग्रीमा खर्च गरे, मानिसहरूलाई बिरामी बनाए, सरल उपायहरू गरे, र आफ्नो परिवारको लागि दिनहुँ बाटो खोल्यो भने मात्र ढोका खोलेको छ।",1,0,0,1,0,4
2175,Aaja local market ma organic tarkari ko demand dherai raixa.,0,0,0,0,0,1
2176,Budget ma madhyam barga lai birsiyo,0,0,0,1,0,2
2177,मधेसी मधेसी होइनन् र आफ्नो सुरक्षा गर्न सक्दैनन्,1,1,0,0,0,5
2178,तपाईको कडा परिश्रम सराहनीय छ,0,0,0,0,0,1
2179,अहिलेका धेरै विद्यार्थीले पढाइभन्दा short video मा धेरै समय खर्च गर्छन्।,0,0,0,0,0,3
2180,tyo jaat ko manche haru desh ko bojh hun,1,0,0,0,0,4
2181,तपाईंले बुझेको भन्दा सुनेको कुरामा आधारित प्रतिक्रिया दिनुभयो।,0,0,0,0,1,2
2182,यो नेता को कुरा पट्यौन सकिदैना,0,0,0,1,0,2
2183,"राम्रो प्रस्तुति सर, धेरै स्पष्ट र बुझ्ने वास्तुकला",0,0,0,0,0,1
2184,आज बजारमा तरकारीको मूल्य ह्वात्तै बढेको छ ।,0,0,0,0,0,2
2185,नेपाललाई सिमानामा सुक्खा जमिन पुर्‍याउने मधेसीले सिमानाको जमिन खाए भारतले नेपालबाट घृणा हटायो तर फोटो लिएर निस्कियो,1,1,0,0,0,5
2186,Aaja river cleanup campaign ma dherai yuwa haru sahabhagi bhaye.,0,0,0,0,0,1
2187,यदि तपाइँ डिजिटल भुक्तानी विधिहरू प्रयोग गर्नुहुन्छ भने तपाइँ ठगीको जोखिम चलाउनुहुनेछ।,0,0,0,0,0,3
2188,Yo party neta chor ho kora thulo bhrastachar kanda yesle nai garyo thaha xa saba lai cooperative bank ko paisa ltera afno building banayo yo daku lai saja pakka xa ke,1,0,0,1,0,4
2189,तिमीले तथ्य जाँच नगरी अफवाह फैलाएको देखियो।,0,0,0,0,1,3
2190,यो पार्टी नेता पनि भ्रष्ट चोर हो । सहकारी बैंकको पैसा हाम्रो भवन बनाउन प्रयोग गर्नुपर्छ ।,1,0,0,1,0,4
2191,मुस्लिम हरु सबाइ लाइ निकाल्नु पर्क्सा नत्र देश मा परक्सा हाम्रो सोझा सात माक्से लाइ भेदाये यो बिदेसी षड्यन्त्र लाइ मै किन परक्सा चित्तो भाइरस जाति,1,0,1,0,0,5
2192,"यो नेतालाई सानो मान्छेले पिट्नु पर्छ, उसले मात्र सही छान्छ जो धेरै ठूलो छ।",0,0,0,1,0,2
2193,@politician_name पक्का भ्राष्टाचारी हो,0,0,0,1,0,4
2194,तिमी जस्तो मूर्ख संग तर्क गर्नु बेकार हो,1,0,0,0,1,4
2195,तपाईंले अरूको समयलाई आदर गर्न सिक्नुपर्छ।,0,0,0,0,1,2
2196,यी मन्त्री दलाल हुन् ।,0,0,0,1,0,4
2197,प्रहरी अधिकारी ल्याउनुहोस्,0,0,0,0,0,1
2198,इनिहरूले देश खाए,1,0,0,0,0,4
2199,सार्वजनिक शौचालयको अवस्था सुधार गर्न सरोकारवाला निकायको ध्यान जानुपर्छ ।,0,0,0,0,0,2
2200,yesta harulai thau dekhaunu parxa,1,0,0,0,0,4
2201,यो मोबाइल अपडेटेड प्याक्सी ब्याट्री ब्याकअप कुल आपदा भयो २ घण्टा नी चल्दैना कसो बेकर सफ्टवेयर परीक्षण गरको होला टीम ले तैत लाग्यो फोन प्रयोग गर्ना नि सा फोन,0,0,0,0,0,2
2202,यो डिजिटल मार्केट कोर्स को मूल्य अपेक्षित भण्डा उच्च रिक्सा तारा उपकरण र समर्थन शून्य x ट्यूटोरियल सब फ्री यूट्यूब भिडियो जसै x पूर्ण रूपमा ठगी प्याकेज पैसाको बर्बादी,0,0,0,0,0,2
2203,धेरै धेरै धन्यवाद,0,0,0,0,0,1
2204,फ्रीलान्सिङ सुरु गरेपछि ६ महिना लाग्यो र क्लाइन्ट मिल्यो ।,0,0,0,0,0,1
2205,यो मन्त्री देश बेच्न तयार भएको उनको भनाइ छ ।,0,0,0,1,0,4
2206,सामाजिक सञ्जालमा नक्कली गुरु हारु ढेराई बढेका छन ।,0,0,0,0,0,3
2207,आजको कार्यशालाबाट धेरै नयाँ कुरा सिकियो ।,0,0,0,0,0,1
2208,हिजो राति छिमेकमा कराओके यति ठूलो आवाजमा बज्यो कि सुत्नै सकिएन।,0,0,0,0,0,3
2209,Movie ko story ramro thiyo tara ending ali weak lagyo.,0,0,0,0,0,2
2210,आज एउटा पुरानो फिल्म क्यामेरा भेटियो। डिजिटल युगमा फिल्मको विकास गर्नु झन्झट भए पनि यसको आफ्नै अनौठो आकर्षण छ।,0,0,0,0,0,1
2211,"यो मन्त्री ले कोटी कोटी घोटाला गरको छ, प्रमन् सित लिनु पर्यो",0,0,0,1,0,4
2212,क्रिश्चियन हारु ले देश बिगरे,1,0,1,0,0,5
2213,नेपालमा पर्वतारोहणको क्षेत्र कति छ ?,0,0,0,0,0,1
2214,नेपाल बहिनीको लागि कति समय छ ? हामीले के गर्नुपर्छ?,1,1,0,0,0,3
2215,रामरो पहल हो,0,0,0,0,0,1
2216,ता एकछोटी कुराको वास्तविकता बुझेरा बोल न वेद ज*था तेरो त्ययो सि तार्किक टिप्पणी पढ मलाइ ऋष उठेर औक्सा तेरो तेरो हाई स्कूलको ठेगाना दे यसलै ज्ञान सिक्नु पर्यो बीडी,1,0,0,0,1,5
2217,धेरै धेरै धन्यवाद,0,0,0,0,0,1
2218,घरको पुरानो फोटो एल्बम हेरेर धेरै सम्झनाहरु तानेर रमाइलो भयो,0,0,0,0,0,1
2219,यो चलचित्रको ट्रेलर हेर्दा यो थ्रिलर होला भन्ने लागेको थियो तर पूरै चलचित्र रिलेशनशिप ड्रामामा केन्द्रित छ । मार्केटिङ ले अपेक्षा अलि गलत सेट गरको जसो लाग्यो।,0,0,0,0,0,2
2220,"भारतीय जातिले सधैं मधेसी जनताको अधिकारमा गर्व गरेको छ, उनीहरू आफ्नो अधिकारमा गर्व गर्छन् ताकि उनीहरूले देश बचाउन सकून्।",1,0,0,0,0,4
2221,"क्रिश्चियन हरु ले हमरो गाऊँ को गौले लाइ डॉलर बढाई सनातन संस्कृति नास्ता गर, यो बिदेशी संस्था को भ्रष्ट योजना हो सबाइले लाखेनु पर्क्स यो धर्म का दलाल लै फोहोर",1,0,1,0,0,5
2222,हिजो राति आकाश एकदम सफा थियो। शहरको बत्ती अलि कम भएको भए शायद धेरै ताराहरू देख्न पाइन्थ्यो होला भन्ने सोच आइरह्यो।,0,0,0,0,0,1
2223,तिमीले अरूको कामलाई सधैँ कम आँक्ने गर्छौ।,0,0,0,0,1,2
2224,बहिनीको अनुहार आँसुले भरिएको थियो ।,0,1,0,0,0,5
2225,यो मेयर भ्रष्ट हो यो रास्ता को निर्माण थुलो काण्ड येस्को छ,0,0,0,1,0,4
2226,अनि जे वान्‍यो र सेतो मन्‍नु र सरकारको मुख?,0,0,0,1,0,4
2227,"तपाईंले अरूको समयको सम्मान गर्न सिक्नु पर्छ, जब तिनीहरू ढिलो हुन्छन्",0,0,0,0,1,2
2228,यो डकुमेन्ट्रीले नयाँ कुरा सिकाएको छ ।,0,0,0,0,0,1
2229,"परिक्षाको नतिजा आउनेछ, परिश्रम अनुसारको नतिजा धेरै खुसी हुनेछ।",0,0,0,0,0,1
2230,bahun haru nikamma.,0,1,0,0,0,5
2231,मैले पाउने अधिकांश पिउने पानी हो:,0,0,0,0,0,1
2232,आज पुँजी बजार नेपाल मा कस्तो भारी दुर्घटना भयौ वान्या सेयर बजार को नियम स्पष्ट नभयेर लगानीकर्ता हरु पुरै आतंक मोड म सान शंकर को फाइनान्स टिम पुरै फेल रैक्स तैत,0,0,0,1,0,2
2233,"Dalit haru le sadhai afulai victim matra dekhauna khojxan, quota system le garda matra qualified manxe le thau payena aba yo jatpat ko quota system nai kharej garna parxa",1,1,0,0,0,4
2234,स्थानीय पुस्तकालयमा विद्यार्थीको उपस्थिति बढेको देख्दा खुसी लाग्यो।,0,0,0,0,0,1
2235,मधेसी र मधेसीलाई नेपालको अधिकारबाट वञ्चित र सात भारतीयलाई सिमानाको अधिकारबाट वञ्चित गरेर बिहारी हरुका देशद्रोही हुन् ।,1,1,0,0,0,5
2236,यी नेताले यस अस्पतालको पूरै मेडिकल बजेट चोरेर लगेका छन् ।,1,0,0,1,0,4
2237,"दमाइ हरु लाइ ढेरै माथी चढौना हुदैना, बिग्रन्छ तिट्टी",1,1,0,0,0,5
2238,तिमीले एउटै गल्ती फेरि दोहोर्यायौ।,0,0,0,0,1,3
2239,यो वेबसाइट बाटा कपडा अर्डर गारेको कास्तो थर्ड क्लास फेब्रिक पथको वान्या साइज नी मिल्दो खैना कलर नी फेडेड XA रिटर्न नीति पानी टोटल ट्र्याप हो यो स्टोरबाट नकिन्नुहोस्,0,0,0,0,0,2
2240,"Muji tero dimag ko kura sunera thukna man lagxa kasto bewakuf xau vanya, ta jasto allare sanga group project garna bhanda rasta ko kukur sanga gurnu ramro",1,0,0,0,1,5
2241,हामीले स्थानीय व्यवसायलाई पनि समर्थन गर्नुपर्छ।,0,0,0,0,0,1
2242,त खाते रान्डी को छोरो ढेरै थुलो नबन एफबी कमेन्ट मा आयेरा तेरो औकात थाहा xa मलाई तेरो ठेगाना लिएरा भोली पोल्स मा गुनासो हान्डिंक्सु तेरो पोल सब खोल्सु मलाई थाहा,1,0,0,0,1,5
2243,मुस्लिम जातिले गार्नु पर्क्सा देश निकाले,1,0,1,0,0,5
2244,यो नेता जेल जानुपर्छ ।,0,0,0,1,0,4
2245,दमाइ कामी हारु लाइ ढेरै माथी चडौडा संस्कृति नास्त वायो,1,1,0,0,0,5
2246,बाहुन हारु धेरै मीठो छ,1,1,0,0,0,4
2247,तपाईलाई के गलत छ बुझ्नुहुन्छ?,1,0,0,0,1,5
2248,"युवाहरूमा बढ्दो लागूऔषध दुर्व्यसनीलाई रोक्न विद्यालय र कलेज स्तरमै चेतनामूलक कार्यक्रमहरू सञ्चालन गर्नुपर्छ, खेलकुद र रचनात्मक कार्यमा उनीहरूलाई व्यस्त राख्नु राम्रो उपाय हो",0,0,0,0,0,1
2249,party neta sabai chor,0,0,0,1,0,4
2250,यो व्यक्ति हरेक विषयमा अन्तिम सत्य हो जस्तो बोल्ने तरिका अलि थकित छ। फरक मत सुन्नको लागि ठाउँ छैन जस्तो देखिन्छ।,0,0,0,0,1,3
2251,मुस्लिम हारु ले देश बिगरे सबलाई थाहा छ यो कुरा के व्यान,1,0,1,0,0,5
2252,आज स्थानीय समुदायले नदी किनार सफा गर्ने अभियान चलाएको थियो। सानो प्रयासले पनि वातावरणमा सकारात्मक प्रभाव पार्न सक्छ भन्ने देखियो।,0,0,0,0,0,1
2253,"Today first salary paye, feeling nai arkai raixa prabhu",0,0,0,0,0,1
2254,Social media ma fake guru haru dherai badheka xan.,0,0,0,0,0,3
2255,Yo parliament ko neta haru sabai ghuskhor daku hun bhrastachar kanda sabaiko thulo xa tara praman lukaera afulai sahitya jasto dekhauna khojxan thait ke haru,1,0,0,1,0,4
2256,"Aaja local futsal tournament herna gako, final match lastai competitive thiyo.",0,0,0,0,0,1
2257,"मुस्लिम समुदाय देशको लागि खतरा हो, यिनीहरूलाई बेलैमा ठेगान लाउनुपर्छ",1,0,1,0,0,5
2258,Machikne comment garera heroism nadekha tero aukaat thaha xa,1,0,0,0,1,5
2259,अरूलाई अवरोध गर्ने बानी सुधार गर्नुहोस्।,0,0,0,0,1,3
2260,अरु लाइ व्याख्यान दिन तारा इफै नियम नमन बनी रामरो हैना ।,0,0,0,0,1,2
2261,यी सांसदले जनतालाई धोका दिएका छन् ।,0,0,0,1,0,4
2262,"देश एत्तिकै बिग्रेको त हैना, यस्तो बिखारी नथे हारु ले गर्दा हो",1,0,0,0,1,4
2263,"क्रिस्चियन संस्थाले नेपाललाई नष्ट गर्न डलर लिएर त्यसमा विभाजन सिर्जना गरेको छ, यो विदेशी षडयन्त्र बाहिर आएको छ ।",1,0,1,0,0,5
2264,यो अनलाइन कोर्स को फी एकदमै थुलो लाग्यो मलाइ सामग्री त युट्युब मा फ्री मा दुखाइ जसै रैक्सा पैसा र समयको पूर्ण बर्बादी हो त्यसैले यो केटाहरू ठगी इन्जिनियरिङ् खरिद नगर्नुहोस्।,0,0,0,0,0,2
2265,मधेसीलाई हेपेर कुरा गर्ने बानी अझै गएको छैन यो समाजको,0,0,0,0,0,2
2266,तपाईको समीक्षा धेरै पक्षपाती देखिन्छ।,0,0,0,0,1,2
2267,यो वेबिनारले तपाईंलाई व्यावहारिक उदाहरण दिन्छ।,0,0,0,0,0,2
2268,खाते fake ID bata natak gardai xa.,0,0,0,0,1,4
2269,सडक विस्तारको काम एकदम राम्रोसँग अगाडि बढेको देख्दा खुशी लाग्यो,0,0,0,0,0,1
2270,देशमा रोजगारीको अवस्था सुधारिनुपर्छ,0,0,0,1,0,2
2271,अरु धर्म सबै बेकार छ,1,0,1,0,0,4
2272,कार्यक्रम सफल छ,0,0,0,0,0,1
2273,क्रिस्चियन हारु ले डलर बढेरा भोली हिन्दुत्व सकौक्सन #बचाव सनातन हाम्रो सोच सब मांक्से लै भेडा बनाये यो बिदेशी षडयन्त्र लै रास्ता मै नु परक्सा चित्तो दलाल,1,0,1,0,0,5
2274,आज धेरै व्यस्त दिन थियो,0,0,0,0,0,1
2275,हारु बहिनीले देश डुबाइदिइन् ।,0,1,0,0,0,5
2276,यी सांसदहरू माफिया हुन् ।,0,0,0,1,0,4
2277,Timi लेख पढ्नुहोस् र तपाईंले यो देख्नुहुनेछ। यहाँ हेडलाइन मात्र फलदायी हुँदा छलफलको रक्षा नगरी निष्कर्ष निकाल्ने हो।,0,0,0,0,1,3
2278,यो योजना राम्रोसँग कार्यान्वयन हुनुपर्छ,0,0,0,1,0,2
2279,तपाईंले जानाजानी गलत जानकारी फैलाइरहनुभएको छ।,0,0,0,0,1,4
2280,तिम्रो थार भाँडा त मेरो जुत्ता रामरो छ,0,1,1,0,0,5
2281,आफूले पढेको जस्तो देखिने प्रयास गरे पनि यसले काम गर्दैन।,0,0,0,0,1,3
2282,तिमि ले नभुजी टिप्पणी नगरा न भाइ पहिला लेख पढा अनि थाहा पेन्सा नि जेपीटी निष्कर्ष निकले बानी अट खराब हो टिमरो परिपक्वता देदिना येस्ले,0,0,0,0,1,2
2283,"Bahun muji afulai k dherai smart thandai xas, tero jaat ko chor neta haru le desh lutera bhelaye k, dhongi pa haru tero guff sunera hami lai rish uthxa sa",1,1,0,0,0,5
2284,"अफिसको लागि इन्टरनेट प्रयोग नगर्नुहोस्, दिनभरि काम रोक्नुहोस्।",0,0,0,0,0,2
2285,yo dharma ko manche khatra,0,0,1,0,0,4
2286,Chhetri bhandai ma sabaiko thulo tauko huna parxa bhanne xaina,0,0,0,0,0,2
2287,आज बिहान पार्कमा दौडको लागि मौसम उपयुक्त थियो।,0,0,0,0,0,1
2288,आज टेलिस्कोपबाट बाटा चन्द्र हर्न पौडा रमाइलो लाग्यो ।,0,0,0,0,0,1
2289,किन कर्णाली ?,0,0,0,1,0,2
2290,कामी हारु लाइ माथी चदौडा यसै हुंक्सा,1,1,0,0,0,5
2291,Remote work le time bachaeko xa tara loneliness pani badhaeko xa.,0,0,0,0,0,3
2292,मुस्लिम हरु लाइ यो देश बता खेदनु प्रक्स इनिहारु फोहोर हुन,1,0,1,0,0,5
2293,विद्यालयले खेलकुदमा पनि ध्यान दिनुपर्छ।,0,0,0,0,0,1
2294,Aaja family sanga basera purana photo album heriyo saanu huda ko tyo rmailo samjhana haru aayera kasto mukh ma smile aayo vanya childhood days was really awesome sathi,0,0,0,0,0,1
2295,यो सांसद माफिया हो।,0,0,0,1,0,4
2296,फेरि त्यही झुट दोहोर्‍याउँदै हुनुहुन्छ।,0,0,0,0,1,3
2297,राई लिम्बु हरु ले बैसा लाउंक्सन तारा बुद्धि ज़ैना,1,1,0,0,0,4
2298,कुकुरहरूले खाए। जय किरात,0,1,1,0,0,4
2299,हरेक पटक कामको जिम्मेवारी सुम्पिँदा किन समस्या हुन्छ ?,0,0,0,0,1,2
2300,यो इलेक्ट्रिक स्कुटर को माइलेज कम्पनी ले भन्ने भाँडा अधा मात्र रिक्सा ब्याट्री तताउने समस्या नी ढेरै छ त्यसैले यो मोडेल किन नगर्नुहोस् साथीहरू ठगी मार्केटिंग गर्या,0,0,0,0,0,2
2301,"मुस्लिमहरूका लागि, यो हलाला गार्ने फोहोर नियम ले गर्दा हिप सिक फेलेको एक्जा, यिनिहारु को संस्कार नै सबी भाँडा फिलहार र बेकार हुंक्स यो पृथ्वी।",1,0,1,0,0,5
2302,तेरो त्ययो फुर मुख बन्द गर मी जथा तेरो औकट जेना मेरो स्तर को पोस्ट मा बोले रास्ता को कुकुर जसो मा आयरा वुकिरक्सस साइबर मा रिपोर्ट ग्रुक्सु वेद खाता मे,1,0,0,0,1,5
2303,Yo sankar ko neta haru jhaile bideshi dalal sanga milera nepal ko main mineral resource haru chorera bechdaixan yesko praman chitto bahira lyayera rasta m saja dinu parxa daku,0,0,0,1,0,4
2304,म देशलाई माया गर्छु र जनतालाई माया गर्छु,1,0,0,0,1,5
2305,"Exam ko result aayo, mehenat anusaar ko result pauda khusi lagyo.",0,0,0,0,0,1
2306,तपाईंले नगरेको कुराको श्रेय लिन खोज्नुभयो।,0,0,0,0,1,3
2307,यस्तो देखिन्छ कि तपाईंले जानाजानी चीजहरू बनाउनुभएको छ।,0,0,0,0,1,3
2308,आजा बिहान को सवारी मा काठमाडौ को सूर्योदय कास्तो सफा देखियो वान्या रोड पानी त्ययो बेला खाली थियो लङ ड्राइभ को लागी परफेक्ट टाइम रह्यो आजा ताजा अनुभूति भयो प्राकृतिक नेपाल,0,0,0,0,0,1
2309,बहिनी मुजी विज्ञ नबन तेरो जात के डकैत नेता ले देश खोयो सा हमारी जनता कैसे डकैत बिडे खिने है कोने बिल्डिंग खा खाजा सबुते रे सकियो अब खाए,1,1,0,0,0,5
2310,"Aaja first salary paye, feeling nai arkai raixa.",0,0,0,0,0,1
2311,"त्यो प्रभावकारी सामग्री प्रकाशित हुने पहिलो कुरा थियो, जबकि सबै कुरा क्लिकबाइट मात्र हो।",0,0,0,0,1,2
2312,"Bahun ko raj chaleko xa desh ma, aru jati mathi auna didainan",1,1,0,0,0,4
2313,गाउँको पुरानो पोखरी जोगाउन स्थानीयले राम्रो पहल गरेका छन् ।,0,0,0,0,0,1
2314,आज ट्रेकिङ गर्दा एकाएक मौसम बिग्रिएपछि बिच बाटो फर्किनु पर्यो ।,0,0,0,0,0,1
2315,यो भेडाले कुन पृष्ठ किन्छ?,0,0,0,1,0,3
2316,Internet outage le pura kaam rokyo.,0,0,0,0,0,3
2317,नेपालको पर्यटन प्रवद्र्धन गर्नुपर्छ,0,0,0,0,0,1
2318,यो आवर गैंग के बनना हुदैना मर्दिन्सन,0,0,0,1,0,4
2319,यो खाताबाट फेरि त्यही नाटक सुरु भयो,1,0,0,0,1,4
2320,"मुस्लिम हरु ले देश दुबौना लागे, बाबा संगठन बनायरा लक्षन",1,0,1,0,0,5
2321,यो समाचारको शीर्षक अनावश्यक रूपमा सनसनीपूर्ण छ।,0,0,0,0,0,2
2322,कामि हारु लाइ माथी छाडौना हुदैना।,0,1,0,0,0,5
2323,हिजोको सांस्कृतिक कार्यक्रममा स्थानीय कलाकारको प्रस्तुति उत्कृष्ट थियो।,0,0,0,0,0,1
2324,तिमीले बहसलाई व्यक्तिगत बनायौ।,0,0,0,0,1,3
2325,आज एक शान्त र रमाइलो दिन थियो।,0,0,0,0,0,1
2326,क्रिश्चियन हारु देश को शत्रु,1,0,1,0,0,5
2327,आजको दिन सुखद रह्यो,0,0,0,0,0,1
2328,तँले लेखेको कुरा पढ्दा विषय नै नबुझेको जस्तो लाग्यो।,0,0,0,0,1,3
2329,यो सरकार जनताको पक्षमा देखिएन,0,0,0,1,0,3
2330,"दमाइ हरु लाइ देरे माथी छाडौना हुदैना, थिट्टी बिग्रन्छ ।",1,1,0,0,0,5
2331,"Madhesi ta Madhesi nai ho iniharu ko dukan ma gaeera hera kasto fohor hunxa k, pure nepal ko system fohor banaune kam iniharu ko nai ho indians dalal haru hun",1,1,0,0,0,5
2332,आज धेरै पानी पर्यो,0,0,0,0,0,1
2333,फेरी फेक स्क्रिनसट खाएर हिरो बनना खोजी,1,0,0,0,1,4
2334,Online class ma microphone problem le pura session disturb bhayo.,0,0,0,0,0,2
2335,"मस्जिदमा मुस्लिमसँग कुरा गर्दा यस्तो मन्द दिनको आवाज राख्नु पर्छ, कति रिस उठ्छ, नत्र धर्मलाई बेवास्ता गरेर मात्र हाम्रो देशको नियम पालना गर्नुपर्छ।",1,0,1,0,0,4
2336,यी मन्त्रीको व्यवहार शंकास्पद छ ।,0,0,0,1,0,4
2337,yo jattha ko kehi upayog xaina,1,0,0,0,0,4
2338,यो प्रधानमन्त्री ओली खुल्ला भृष्टचारी डाकु हो यस्ले राष्ट्रिय बैंक को ठुलो सुन घोटाला काण्ड लुकाउना ठुलो कैसे थाडियो यस्तोलाइ जनता ले थानु पर्क्सा चित्तो नेता,0,0,0,1,0,4
2339,आजा बस मा औडा कसो अनौठो घटना भयौ वान्या एउटा सानु बच ले सबलाइ चकलेट बधदैक्स्यो कसो निर्दोष र प्यारो मुस्कान थियो त्ययो बच को सकारात्मक भावना आयो,0,0,0,0,0,1
2340,यो समुह लाइ न्यान्त्रण गरना परक्सा,1,0,0,0,0,4
2341,आज पुस्तकालयमा धेरै काम भयो।,0,0,0,0,0,1
2342,मलाई आफुलाई नायक समझदो रैक्सा,0,0,0,0,1,5
2343,bahun haru desh ko bojh,1,1,0,0,0,5
2344,प्रमाण चैन तारा यो पक्कै दोषी,0,0,0,1,0,4
2345,आज बजारमा नयाँ बाइक राइड टेस्ट ग्यारेको कास्तो डायनामिक कन्ट्रोल रिक्सा वान्या एक्सेलेरेशन नी लिनियर एक्सए डेली कम्युट को लगी यो मोडल एकदम बेस्ट विकल्प हो ब्रस,0,0,0,0,0,1
2346,हिन्दुहरु सबै गलत भन्छन्,0,0,1,0,0,4
2347,यो मंत्री ले आफनो थुलो रियल इस्टेट कम्पनी खोल्य क्स जनता को पैसा,0,0,0,1,0,4
2348,"उहाँ संसदको नेता हुनुहुन्छ, उहाँ सधैं भ्रष्टाचारको स्रोत हुनुहुन्छ, उहाँ किताबको नेता बन्नुहुनेछ।",1,0,0,1,0,4
2349,damai ko bhar hudaina,0,1,0,0,0,5
2350,तिनीहरू सधैं ठगहरू हुन्,1,0,0,0,0,4
2351,ता जसो अल्लारे संगा टिम प्रोजेक्ट गरेना गारो,1,0,0,0,1,3
2352,"तर, हावा थोरै तातो छ",0,0,0,0,1,3
2353,म खानपिनमा विज्ञ भएँ ।,1,0,0,0,1,4
2354,"मेची देखि महाकाली सबै नेपाली हो, सबैलाई माया गर",0,0,0,0,0,1
2355,विद्यालयमा पुस्तकालय विस्तार भएको सुन्दा खुशी लाग्यो।,0,0,0,0,0,1
2356,सिंहदरबार आगो लागौ भन्ने येही चोर हुनै कास्तो रिपोर्ट निकले को यो,0,0,0,1,0,4
2357,आजको खेलमा रेफ्रीको निर्णय विवादास्पद बनेको छ ।,0,0,0,0,0,2
2358,बाहुन हारु मात्र चतुर,0,1,0,0,0,4
2359,bahun muji haru,1,1,0,0,0,5
2360,यो course beginner हरूका लागि उपयुक्त देखिन्छ।,0,0,0,0,0,1
2361,muslim lai desh bata hataunu parxa,1,0,1,0,0,5
2362,यस च्यानलमा धेरै क्लिकबाइट सामग्री सिर्जना हुन थालेको छ।,0,0,0,0,0,2
2363,ta harami natakbaj.,0,0,0,0,1,5
2364,आज बिहानको सूर्योदय धेरै सुन्दर थियो।,0,0,0,0,0,1
2365,दलित ला माथी छाडौं हुदैना,1,1,0,0,0,5
2366,तेरो त्यो मि मुख लियारा ढेराई लेक्चर नाडे @nepal_boy_10 तेरो मानक कुकुर को पुई जसै xa fb m पोस्ट हलेर अफुलै थुलो नबन तेरो विवरण लीक गरिरक्षु भोली काटे,1,0,0,0,1,5
2367,आजा गाउँ को मेला मा पुराण साथि हारु भेटिए।,0,0,0,0,0,1
2368,Bahun muji haru dherai netagiri nagar timro jaat ko neta bhrasta vayer nai bholi youth sabai bidesh vagxan quota system ra rishwat ma bikne bahun ko sanskar daku jaat ho yo,1,1,0,0,0,5
2369,"कस्तो कुरा गरको, यो त असम्भव छ नि नेपाल को सन्दर्भ मा मुख्यतया",0,0,0,0,0,1
2370,tyo group sanga kaam nagara,1,0,0,0,0,4
2371,आऊ बिहानको मौसम रामेलो वाको ले दधा माथी गकाको कसो खाओ ताजा प्राकृतिक हावा पायो वान्या प्रदुषणलाई केटीएम थुडा भेनि राहत मिलोस् साथी प्रभु,0,0,0,0,0,1
2372,"आज रक्तदान शिविर आयोजना गरेकोमा हाम्रो स्थानीय युवा क्लबलाई बधाई छ, समाज क्लब नेपालका लागि यस्ता सामाजिक गतिविधिहरू अत्यन्तै प्रशंसनीय र धेरै आवश्यक छन्।",0,0,0,0,0,1
2373,Ta hawa confidence le bhariyeko raixas.,0,0,0,0,1,2
2374,यो सांसदलाई जेल हाल्नु पर्छ,0,0,0,1,0,4
2375,यो ऐतिहासिक जितको लागि सम्पूर्ण टिमलाई बधाई ! #नेपाल क्रिकेट,0,0,0,0,0,1
2376,यो नेता चोर हो मलाई,0,0,0,1,1,5
2377,"ट्रेन जसो अनुशासन हुन परक्सा भंक्सन, तारा बस समय मा औडैना।",0,0,0,0,0,2
2378,अली सुधर गर्ना सकिन्क्षा,0,0,0,0,0,2
2379,"यदि कम व्यक्तिले परीक्षा उत्तीर्ण गरेन भने, नक्कलले परीक्षा उत्तीर्ण गर्नेछ।
 हुनसक्छ फेल हुदैना",0,0,0,0,1,3
2380,"नेवार जाति भण्ड्सी कंजूस को ठुलो तौको हुन इनीहरु, जहाँ गए नी एस आफनो कैसीँ मात्र हेरक्सन अरु सबाइको पैसा कसरी खाने वान्ने सोच वाको गद्दार फोहोरी जाती हो",1,0,0,0,0,4
2381,christian haru prati ghrina lagxa.,0,0,1,0,0,5
2382,"गाई मेला हेर्न आउनुस्, मेरो पुरानो साथी हारु ।",0,0,0,0,0,1
2383,तै जसो बेकार मान्छे,0,0,0,0,1,4
2384,"यो प्रभावकारी को सिफारिस पालना गरको, तारा उत्पादन निराशाजनक रायक्सा।",0,0,0,0,0,2
2385,मलाइ तेरो अनुहर डेरा कुकुर पानी भाग्सा होला धेराई हिरो नबन एफबी म तेरो असली फेस सबाइको अगाडी लीक गरिरक्सु साइबर मा तेरो केस हलेको जू भोली थाहा दर्द,1,0,0,0,1,5
2386,"तिमी पार्टीको ठुलो चोर, तिमी देशको मुर्ख ।",1,0,0,1,0,4
2387,यस्तो देखिन्छ कि तपाईंलाई तथ्यहरू भन्दा अफवाहहरू मनपर्छ।,0,0,0,0,1,3
2388,आजकल सामाजिक सञ्जालमा छोटो क्लिप हेरेपछि पूरै घटना बुझेझैं प्रतिक्रिया दिने चलन बढेको छ । कहिलेकाहीँ पूरै सन्दर्भ बुझ्ने प्रयास गर्दा धेरै फरक हुन्छ।,0,0,0,0,0,2
2389,नेवार हारु लस्तै कञ्जुस,1,0,0,0,0,4
2390,ta pagal jasto react garxas,0,0,0,0,1,4
2391,"Yo christian sanstha haru le gaun gaun ma gaeera bheda bhedi lai dollar badhdai dharma parivartan garaudaixan, hamro sanatan dharma nasta garna aako bideshi dalal haru hun iniharu",1,0,1,0,0,5
2392,तेरो त्यो फोहोर मुख बन्द गर मी जथा तेरो औकात Xaina मेरो स्तर को पोस्ट मा बोल्ने रास्ता को कुकुर जास्तो कमेन्ट मा आयेरा Vukiraxas साइबर मा रिपोर्ट grxu veda Khate,1,0,0,0,1,5
2393,Kami haru lai mathi chadhauda yestai hunxa sanskriti nastha garyo yesle jaat anusaar ko kaam xaddesi sanskar bigryo quota liyera qualify manxe ko thau lxan iniharu,1,1,0,0,0,5
2394,bahun muji haru sabbai bhrastachari hun desh khaye iniharu le,1,1,0,0,0,5
2395,आजा फुटबल खेल यहाँ जाड स्टेडियम भरीपूर्ण थियो ।,0,0,0,0,0,1
2396,तँलाई कामको जिम्मेवारी दिँदा हरेक पटक समस्या किन आउँछ ?,0,0,0,0,1,2
2397,ईदको शुभकामना कमरेड,0,0,0,0,0,1
2398,यो course ko fee ali dherai lagyo malai.,0,0,0,0,0,2
2399,चोर मन्त्रीले तुरुन्त हाटौं परक्सा ल्याए,1,0,0,1,0,4
2400,newar haru lastai kanjus,1,0,0,0,0,4
2401,यो नेता अपराधी हो ।,0,0,0,1,0,4
2402,"सबै गलत गर्ने हिन्दू जनता हो, तिमी नै सत्य हौ।",1,0,1,0,0,4
2403,christian haru le matra samasya badhaye,1,0,1,0,0,5
2404,तिमी धेरै मूर्ख देखिन्छौ,1,0,0,0,1,4
2405,हिजो पुरानो हार्मोनियम मर्मत गरेर फेरि बजाउने प्रयास गरेँ। धेरै वर्षपछि पनि केही धुनहरू औंलाले आफैं सम्झिए जस्तो लाग्यो।,0,0,0,0,0,1
2406,muji chup.,0,0,0,0,1,5
2407,मुस्लिम हारु लाइ देश बता निकालनु पर्सा,1,0,1,0,0,5
2408,मेरो समूहले सधैं उसलाई धोका दियो,1,0,0,0,0,4
2409,"उ सरकारको नेता हो, देश बर्बाद गर्ने लुटेराहरुको नेता हो, सबै गरिबको पैसा लिएको छ, सहकारी बनेको छ ।",1,0,0,1,0,4
2410,कसैले फरक राय राख्यो भन्दैमा उसको उद्देश्य नै खराब छ भनेर मान्ने प्रवृत्ति बढ्दै गएको जस्तो लाग्छ। त्यसले संवादभन्दा ध्रुवीकरण बढाउँछ।,0,0,0,0,0,2
2411,प्रमाण बिना कुनै कुरा विश्वास गर्न गाह्रो छ।,0,0,0,0,0,1
2412,"युवामा बढ्दो लागुऔषध दुव्र्यसनलाई रोक्न विद्यालय, कलेज स्तरमा सचेतनामूलक कार्यक्रम सञ्चालन गरी खेलकुद र रचनात्मक क्रियाकलापमा संलग्न गराउनु राम्रो उपाय हो ।",0,0,0,0,0,1
2413,त चोर फताहा हो तेरो रियलिटी मा भोली लीक गरिरक्षु पारखी,1,0,0,0,1,5
2414,तोरी र कागती देशले खाइरहेको छ,1,1,0,0,0,5
2415,यो पोस्ट पढेपछि मलाई लेखकले विषय राम्ररी बुझेका छैनन् जस्तो लाग्छ।,0,0,0,0,1,2
2416,तपाईले कमेन्ट पढ्नुहोस र लेख पढ्नुहोस।,0,0,0,0,1,2
2417,साला जब कुरा लियारा नायक बना खोज्सा,1,0,0,0,1,4
2418,यो डरलाग्दो पार्टीले देशलाई अरू जत्तिकै खराब बनाउँछ।,1,0,0,1,0,4
2419,नेपालमा अर्गानिक खेतीको अपार सम्भावना छ । रासायनिक मलको सट्टा कम्पोष्ट मलको प्रयोग गर्नाले जमिनको उर्वराशक्ति कायम हुन्छ र उपभोक्ताको स्वास्थ्यमा पनि सुधार हुन्छ । स्वदेशी प्रविधि।,0,0,0,0,0,1
2420,tero post kaso bekar,0,0,0,0,1,4
2421,तपाईलाई सबै थाहा छ जस्तो अभिनय गर्न बन्द गर्नुहोस्।,0,0,0,0,1,2
2422,harami le feri afulai victim dekhaudai xa,1,0,0,0,1,5
2423,तिम्रो दिमाग पुरै बिग्रिएको रहेछ,1,0,0,0,1,4
2424,यो जात को माँक्से हरु को बुद्धि कहिलै औदैना फोहोर संस्कार र रागो काट्ने बाहेक केई जान्दान इनिहारु ले गर्द गाँउ को शान्ति वातावरण सबाई बिगरिसक्यो तैत फोहोर,1,1,0,0,0,5
2425,नली अनुसार,0,0,0,0,1,4
2426,यो स्पष्ट छ कि तपाईं आफ्नो गल्तीहरू अरूलाई दोष दिन खोज्दै हुनुहुन्छ।,0,0,0,0,1,3
2427,देशमा रोजगारीको अवस्था सुधार्नुपर्छ,0,0,0,1,0,2
2428,christian haru le gaun gaun ma dollar badhdai hamro bhagwan ko naramro kura garera dharma parivartan garaudaixan yo bideshi conspiracy lai rasta mai knu parxa chitto dalal,1,0,1,0,0,5
2429,ईसाईहरू खतरामा छन्।,0,0,1,0,0,5
2430,"काम गर्दा सबै गायब हुन्छन्, श्रेय लिँदा सबै अगाडि बढ्छन्।",0,0,0,0,0,3
2431,यो एप अपडेट गरेपछि ब्याट्री जान छाडो सकिना थाल्यो ।,0,0,0,0,0,2
2432,नेवारले हरु भने आफुलाई पुराई ऋण मा केल्डिएरा आफु मात्र खाने खाने को हुंक्सा यो जान को कष्ट र चतुर बनी ले गर्दा ढेर बापर बापर डुबे सा जाती संग व्यापार सुरु गरे।,1,0,0,0,0,4
2433,"गर्नु हुँदैन; 
न उभिने, न रुने, न हाँस्ने नेपालको बैजनी पार्टी भनेको बामाले र कांग्रेस हो ।",0,0,0,1,0,3
2434,यी सांसद अपराधी हुन् ।,0,0,0,1,0,4
2435,डकैत,1,0,0,0,0,4
2436,यो मेयरले विकासको नाममा पैसा खाएको कुरा धेरै ठाउँबाट सुनिएको छ ।,0,0,0,1,0,4
2437,क्रिस्चियन लाइ रोकना पराक्ष नात्रा सबाई बिग्रिंक्सा।,0,0,1,0,0,5
2438,"मोटो चेन वैज्ञानिक यहूदी...बोली सुधारनुस...बार्बरा को १ त सम्मान ले जिन्दगी नछल्ला...२३, २४ को वन्द क्रुर समय भोग्नु पराचा...हर्दाई जानु होला...",1,0,0,0,0,4
2439,चोर साला टोपी,1,0,0,0,1,5
2440,muslim haru desh ko bojh,0,0,1,0,0,5
2441,Machikane टिप्पणी Gerrera ध्यान Khojadai XA,1,0,0,0,1,5
2442,यो च्यानलले clickbait content dherai banauna thalyo.,0,0,0,0,0,2
2443,यो रेस्टुरेन्टमा खाना मिठो छ तर मूल्य अलि बढी लाग्यो।,0,0,0,0,0,2
2444,यो वेबसाइट बाटा कपडा अर्डर गरको कास्तो थर्ड क्लास कपडा पाठको वान्या साइज नी म्याच खैना कलर नी फेडेड एक्सए रिटर्न पॉलिसी पानी कुल जाल हो यो पसलबाट नकिन्नुहोस्,0,0,0,0,0,2
2445,"तपाईलाई आलोचना लिन गाह्रो हुनेछ, तपाई अलि परिपक्व बन्नु पर्छ",0,0,0,0,1,2
2446,टिमी ले नभुजी जेपीटी टिप्पणी नगरा ना ब्रो पहिलो तर्क र लेख स्पष्ट गर आनी बल्ला वुक्ना आइजा एफबी मा जनता मा हा कुरा फैलेरा के नक्कली ध्यान खोज्या के परिपक्व बन्न सिक्का,0,0,0,0,1,2
2447,दलित भाईर थुलो कुरा,0,1,0,0,0,4
2448,टिमी बजार मूल्याङ्कन गर्ने विश्लेषक जस्तै हो।,1,0,0,0,1,4
2449,आउनुहोस् र गार्ड अफिसमा पाल्तु जनावर समस्या खोज्नुहोस्।,0,0,0,0,0,1
2450,प्रस्तुति रामरो थियो,0,0,0,0,0,1
2451,आजको बस यात्रा यति भीड थियो कि सास फेर्न गाह्रो भयो।,0,0,0,0,0,3
2452,Aaja bihan ko weather rmailo vako le dadha mathi trekking gako kasto fresh natural air khana paeyo vanya ktm ko pollution bata thuda vaye ni relief milo sathi prabhu,0,0,0,0,0,1
2453,यो ल्यापटप ब्रान्ड को स्क्रिन गुणस्तर अपेक्षित भण्डा कम रिक्सा १ बरसा मै डेड पिक्सेल अन थाल्यो वारेन्टी दाबी गर्द नि सर्भिस सेन्टर ले ढेराई झमेला गर्यो तैत,0,0,0,0,0,2
2454,mantri ko company bata paisa dhune kaam hunxa re,0,0,0,1,0,4
2455,मलाई विगत एक वर्षदेखि मेरो ल्यापटपको किबोर्डमा समस्या भइरहेको छ।,0,0,0,0,0,2
2456,कुनै कुरामा असहमति हुनु र अपमानित हुनु फरक कुरा हो।,0,0,0,0,0,1
2457,आज पुराना तस्बिर हेर्दा धेरै याद आयो।,0,0,0,0,0,1
2458,आज खेतमा पानी पुगेपछि किसानहरू निकै खुशी देखिन्थे गाउँमा,0,0,0,0,0,1
2459,हामीले ट्राफिक नियम पालना गर्न अझै धेरै सिक्न बाँकी छ।,0,0,0,0,0,1
2460,"सबै गलत गर्ने हिन्दू जनता हो, तिमी नै सत्य हौ।",1,0,1,0,0,4
2461,"यो इन्टरनेट प्रदायकमा हरेक हप्ता इन्टरनेट बिनाको आधा दिनसम्म फाइबर फुट्ने समस्या हुन्छ र एकै समयमा बिल जाँदैन, तपाईले कम्पनी लुट्नु पर्छ।",0,0,0,0,0,2
2462,Aaja kathmandu ma bihan dherai barsa paxi fresh snow fall jasto cool breeze chalyo kasto swachha sabaiko din rmailo vayo hola tracking jastai lagyo ring road ghumda ni travel,0,0,0,0,0,1
2463,"उहाँ संसदको नेता हुनुहुन्छ, उहाँ सधैं भ्रष्टाचारको स्रोत हुनुहुन्छ, उहाँ किताबको नेता बन्नुहुनेछ।",1,0,0,1,0,4
2464,नहेरी सेयर गरेको खबर गलत हो ।,0,0,0,0,1,2
2465,आधा जेल आधा वर्ष पुरानो छ,0,0,0,1,0,3
2466,tero comment padhera haso uthyo,0,0,0,0,1,4
2467,यो अनलाइन लर्निंग पथ को संरचना कुल बेकार रिक्सा प्रमाणपत्रहरू पौडा नी कुनै मूल्य एक्सेना मार्केट म फी अटुक थुलो घोटाला हो सबाइल रिपोर्ट हान्डिनु पार्क यो उत्पादन लाई,0,0,0,0,0,2
2468,गाउँको पुरानो चोक भत्काएर पक्की बिछ्याउँदा त्यहाँको रमाइलो वातावरण हराएको थियो ।,0,0,0,0,0,2
2469,khate feri expert banna aayo,1,0,0,0,1,4
2470,महानगरपालिकाले सडक किनारको फोहोर व्यवस्थापनमा ध्यान दिनु जरुरी देखिन्छ ।,0,0,0,0,0,2
2471,"पहिले यस च्यानलमा जानकारीमूलक सामग्री बनाउनुहोस्, अब क्लिकबेट उपलब्ध छ।",0,0,0,0,0,2
2472,informative post,0,0,0,0,0,1
2473,"अनलाइन बैंकिङ प्रयोग गर्दा बलियो पासवर्ड राख्न र कसैलाई पनि आफ्नो ओटिपी सेयर नगर्न जरुरी छ, वित्तीय अपराधहरू बढिरहेकाले हामी आफैँ सचेत हुनुपर्छ",0,0,0,0,0,1
2474,Tero tyo fohor mukh banda gar mi jtha tero aukaat xaina mero level ko post ma bolne rasta ko kukur jasto comment ma aayera vukiraxas cyber ma report grxu,1,0,0,0,1,5
2475,परीक्षा सकिएपछि ढुक्क भएर निदाउन पाए ।,0,0,0,0,0,1
2476,त आइजा त पागल…मलाई बहिरा जानु पर्क्षा,1,0,0,0,0,2
2477,"हामीले मधेसी भएकाले मधेसी साथीहरूका लागि चर्को अडान लिन आवश्यक छ 
अन्य नेपाली संस्कृति, परम्परा र जनजाति। भारत होइन। अवधि",0,0,0,0,0,2
2478,जनता संग राम्रो अन्तर्वार्ता,0,0,0,0,0,1
2479,मधेसी ना मधेसी नै हो इनिहरु को मन मा शुद्ध नेपाल को माया हुदैना सीमा भूमि केहेरा बिहार मा सम्पत्ति बनाउक्सान यिनिहरु सीमा डाकु हुन सीमा पर नै खेद्नु पर्क्सा स,1,1,0,0,0,5
2480,damai haru lai dherai mathi chadhauna hudaina,1,1,0,0,0,5
2481,यो डिजाइन सरल तर प्रभावकारी छ।,0,0,0,0,0,1
2482,यो नेता थुलो चोर हो जनता को कर सब आफनो कैसे कायो,1,0,0,1,0,4
2483,मधेसी लाइ नेपाल को कुरा गर्ना सुहौदैना इनिहारु सीमा डाकुहरु हुन सीमा को भूमि को केरा केरा भारत लाई सुपोत ग्रक्सन ईनिहारु लाई नेपाल बता ब्रा निकलनु प्रक्सा चित्तो डाकु डाकु बिहारी,1,1,0,0,0,5
2484,यो पाठ्यक्रम शुरुआतीहरूको लागि उपयुक्त देखिन्छ।,0,0,0,0,0,1
2485,Ta jasto bewakuf khate sanga kura garera samaya matra kher gayo mi tero tyo fohor mukh facebook comment ma nadekha tero standard dera thukna man lagxa,1,0,0,0,1,5
2486,सल्लाह दिएर पनि उस्तै गल्ती दोहोरिरहन्छौ।,0,0,0,0,1,2
2487,"आजको समयमा, डिजिटल साक्षरता धेरै महत्त्वपूर्ण भएको छ, विशेष गरी ग्रामीण क्षेत्रका महिला र वृद्धवृद्धाहरूलाई अनलाइन ठगी र साइबर अपराधबाट जोगाउन यसले ठूलो भूमिका खेल्छ।",0,0,0,0,0,1
2488,नेवार हरु संग काम गर्ना गारो,1,0,0,0,0,3
2489,गाउँमा इन्टरनेट पुगेपछि धेरै विद्यार्थीलाई फाइदा भएको छ।,0,0,0,0,0,1
2490,तिमीलाई सल्लाह दिँदा पनि उही गल्ती दोहोर्‍याउने रहेछौ।,0,0,0,0,1,2
2491,मूल्य अलि बढी थियो,0,0,0,0,0,2
2492,"हामीले सार्वजनिक स्थानहरू सफा राख्न सिक्नुपर्छ, जथाभावी फोहोर फाल्ने होइन",0,0,0,0,0,1
2493,मलाई कुरा बुझेरा बोल,1,0,0,0,1,5
2494,मधेसी र मधेसीलाई नेपालको अधिकारबाट वञ्चित र सात भारतीयलाई सिमानाको अधिकारबाट वञ्चित गरेर बिहारी हरुका देशद्रोही हुन् ।,1,1,0,0,0,5
2495,आज धेरै दिन पछि साथीहरु भेटेर रमाइलो कुराकानी भयो ।,0,0,0,0,0,1
2496,yo jattha lai desh bata hataideu,1,0,0,0,0,5
2497,यो धर्म मान्ने हारु लाइ विश्वास गरनु हुदैना,1,0,1,0,0,5
2498,हामी सबै नेपाली हौं,0,0,0,0,0,1
2499,मेरो आफुलाइ सबाई जान भाँडा स्मार्ट थान्सा,1,0,0,0,1,5
2500,म हावा विश्लेषक।,0,0,0,0,1,5
2501,यी नेताहरूले करोडौं चोर्छन्,0,0,0,1,0,4
2502,दलित लाइ मन्दिर जिरना नदीनु पाप लगक्सा पक्षी प्रतिष्ठा घटाक्ष घर को इनिहारु को थाउ तल्लो नाइ थिक एक्जा कोटा प्रणाली ले गर्द देश बिगरियो सा इनिहारु फुर जात,1,1,0,0,0,5
2503,तैले अफ्नो असाइनमेन्ट अरु बता कॉपी गरको सबलाई था Xa।,0,0,0,0,1,3
2504,नेपालमा पर्वतारोहणको क्षेत्र कति छ ?,0,0,0,0,0,1
2505,तँ एक नम्बरको गुइँठे रहेछस्,1,0,0,0,1,4
2506,आज हजुरबुवाले आफ्नो पुरानो रेडियो देखाउनुभयो।,0,0,0,0,0,1
2507,"भाइ, दलित भएर देश चलायौ भने मलाई मुर्ख बनाउछौ, तिम्रा सबै अधिकार मेरा साथीहरुलाई दिनेछौ ।",1,1,0,0,0,4
2508,Customer support ma ticket kholeko ek hapta bhayo। Reply aauxa bhanera wait gareko garei xu tara automated message bahek aru kehi aako xaina।,0,0,0,0,0,2
2509,कुनै विषयमा असहमत हुनु र अपमान गर्नु फरक कुरा हो।,0,0,0,0,0,1
2510,"आजको पोडकास्ट सुन्दै, समय बितिसकेको पत्तै भएन।",0,0,0,0,0,1
2511,सडक विस्तार राम्रो हुनुपर्छ,0,0,0,0,0,1
2512,डेलिभरीको लागि अतिरिक्त पैसा चार्ज गरिनेछ।,0,0,0,0,0,2
2513,"कामी हारु तलाई नाइ हुन, माथी उठना खोज्दा थाचर्नु पर्सा",1,1,0,0,0,5
2514,"यो नेता चोर हो, चोर हो, पुरै खेल खेल्न देउ ।",1,0,0,1,0,4
2515,"यी आतंकवादीहरूको उदय जति सजिलो हुन्छ, अन्त्य त्यति नै भयानक हुनेछ।",0,0,0,1,0,4
2516,यो सांसद ठग हो।,0,0,0,1,0,4
2517,बाहुन हारु मात्र थुलो हैना,0,0,0,0,0,2
2518,ल्यापटपको स्पिकरको गुणस्तर अपेक्षित भण्डा कम रिक्सा।,0,0,0,0,0,2
2519,musalman lai biswas garna hudaina,1,0,1,0,0,5
2520,अरुको मेहनतको मजाक उडाउनु ठीक होइन ।,0,0,0,0,1,2
2521,"आज म्याराथनमा भाग लिनुहोस्, मेरो साथी।",0,0,0,0,0,1
2522,"हामी सबै नेपाली हौं, जातपातको कुरा गरेर विभाजन नगरौं",0,0,0,0,0,1
2523,ट्राफिक बत्ती बडेको कसले देखाइना...गल्ती नहुदा नहुदा धोका काटेको देखाइना...,0,0,0,0,0,2
2524,आजको परीक्षा एकदमै कठिन थियो तर पनि पास गर्न सफल भएँ,0,0,0,0,0,1
2525,"मुस्लिम जाति नै यो संसार को ठुलो वायरस हो, जहाँ गए नी क्रान्ति र लडाई बाहेक केई जानदाईन इनिहारु लै नेपाल बता चित्तो निकलनु पर्क्स नात्र हाम्रो संस्कार सकिन्क्स",1,0,1,0,0,5
2526,"बिहानै आइपुग्छु, काठमाडौं पुग्छु, हेर्छु सूर्योदय कति सफा छ, बाटोमा पानी खाली हुनेछ, लङ ड्राइभको उपयुक्त समय हुनेछ, आउनुहोस् र ताजा महसुस गर्नुहोस्।",0,0,0,0,0,1
2527,नेता चोर हो,0,0,0,1,0,4
2528,पुच्छर फेरी झुट बोलिस,0,0,0,0,1,4
2529,मेरो समूहले सधैं उसलाई धोका दियो,1,0,0,0,0,4
2530,आजकाल बालबालिकाले प्रयोग गर्ने एआई उपकरणहरू हेर्दा हामीले अध्ययन गरेको समय र वर्तमान समय बीचको अन्तर ठूलो छ भन्ने महसुस हुन्छ।,0,0,0,0,0,1
2531,बाहुन हारु मातृ सक्षम हुन्न भन्ने विचार पुरा हो,0,0,0,0,0,2
2532,नेपाली शक्ति,0,0,0,0,0,1
2533,काम प्रतिबन्धित।,0,1,0,0,0,5
2534,Yo jaat ko manxe haru ko buddhi kahilyai audaina fohor sanskar ra rago katne bahek kei jandainan iniharu le garda gaun ko peace environment sabai bigrisakyo tait jtha,1,1,0,0,0,5
2535,काठमाडौं उपत्यकामा खानेपानीको समस्या सधैं उस्तै छ । मेलम्चीबाट खानेपानी ल्याउने बहानामा चर्को महसुल उठाएर पनि जनताले ट्याङ्करबाट फोहोर पानी किन्न बाध्य हुनु दुःखद अवस्था हो ।,0,0,0,0,0,1
2536,बाहुन हारु मातृ सक्षम हुन्न भन्ने सोच हो गलत,0,0,0,0,0,2
2537,यो अनलाइन शिक्षा पथ को संरचना कुल बेकर रिक्सा प्रमाणपत्र पाउडा नी कुनै मूल्य Xaina मार्केट म फी एकदम थुलो घोटाला हो सबाइल रिपोर्ट हान्डिनु पर्क्सा यो उत्पादन लाई,0,0,0,0,0,2
2538,"यदि तपाईं विशेषज्ञ हुनुहुन्छ भने तपाईंले भान्साकोठामा पानी भेट्टाउनुहुनेछ, त्यसपछि तपाईंले साइबर ब्यूरोमा कुनै वास्तविक विवरण फेला पार्नुहुनेछैन तर तपाईंले आफ्नो फेसबुक खातामा गर्दाइ पठाउनुहुनेछ ताकि तपाईं यसलाई हरेक दिन प्रयोग गर्न सक्नुहुनेछ।",1,0,0,0,1,5
2539,"यो इन्टरनेट प्रदायकमा हरेक हप्ता इन्टरनेट बिनाको आधा दिनसम्म फाइबर फुट्ने समस्या हुन्छ र एकै समयमा बिल जाँदैन, तपाईले कम्पनी लुट्नु पर्छ।",0,0,0,0,0,2
2540,तपाईलाई सबै कुरा हास्यास्पद लाग्छ।,0,0,0,0,1,2
2541,Tero tyo fohor mukh banda gar mi jtha tero aukaat xaina mero level ko post ma bolne rasta ko kukur jasto comment ma aayera vukiraxas cyber ma report grxu veda khate,1,0,0,0,1,5
2542,"Aaja gaun ko mandap ma purana photo exhibition rahexa, herna ramailo lagyo.",0,0,0,0,0,1
2543,Ta pagal jasto kura garera sablai distract gardai xas.,1,0,0,0,1,4
2544,यो पार्टीका नेताले विदेशी कम्पनीलाई पैसा दिएर सिंगो देश लुटेर जेल हालेका छन् ।,1,0,0,1,0,4
2545,"तपाईंले बहस जित्ने प्रयास गर्नुभयो, विषय बुझ्न होइन।",0,0,0,0,1,3
2546,yo neta chor ho,1,0,0,1,0,4
2547,hindu bahek aru sabai dharma galat hun yiniharu ko yo sansar ma kei thau xaina sanatan dharma nai sabbai bhanda thulo ra sarwosrestha ho aru sab bekar kura,1,0,1,0,0,4
2548,घरको पुरानो तस्बिर एल्बम हेर्दा धेरै याद आयो ।,0,0,0,0,0,1
2549,अनलाइन भुक्तानी सफल देखियो तारा बुकिङ भैना पुष्टि।,0,0,0,0,0,2
2550,मुजी ज्ञान नाडे।,0,0,0,0,1,5
2551,muslim jati nai yo sansar ko thulo samasya ho jaha gae ni bomb daune ra terrorist activity grxan iniharu lai nepal ma basne kunai adhikar xaina khhednu prxa veda haru,1,0,1,0,0,5
2552,धेरै धन्यवाद,0,0,0,0,0,1
2553,"ता जसो अल्लारे संग टोली परियोजना गरना सराय गारो एक्स के, कुरा केई नभुजी बिच मा जेपीटी कोड पुश गररा रेपो बिगार्दियो निर्देशनहरू पालना गर्नुहोस् नै नगर्ने बीडी",1,0,0,0,1,3
2554,सिंह दरबार अगो लगाउकस बने यही चोर हुन कास्तो रिपोर्ट नखले को यो,0,0,0,1,0,4
2555,तेरिमा कोगले हुन लाइ थापिस नही बेरोज गरि लै रोजगारको नयाँ खोज ।,1,0,0,0,0,4
2556,आज सामुदायिक सरसफाई अभियान रामरो लाग्यो ।,0,0,0,0,0,1
2557,Aaja train simulator center gako thiye। Nepal ma train system khasai nabhaye pani technology kasari kaam garcha vanne kura practical rupma herna pauda last interesting lagyo।,0,0,0,0,0,1
2558,कति प्यारो,0,0,0,0,0,1
2559,हिजोको शो राम्रो थियो,0,0,0,0,0,1
2560,"Freelancing suru gareko 6 mahina bhayo, bistarai client badhdai xan.",0,0,0,0,0,1
2561,सार्वजनिक शौचालयको अवस्था सुधार गर्न सम्बन्धित निकायले ध्यान दिनुपर्छ ।,0,0,0,0,0,2
2562,दोषी कोही भए पनि ढिलो चाँडो जेल जान्छ । सत्ता सधैं कसैको हातमा रहँदैन।,0,0,0,0,0,2
2563,यस वर्षको पुस्तक मेलामा धेरै नयाँ लेखकहरुको सहभागिता देखिएको छ ।,0,0,0,0,0,1
2564,मुजी तेरो अनुहर डेरा कुकुर पानी भागक्स लिनक्स ढेराई हिरो नबन एफबी म तेरो असली फेस सबाइको अगाडी लीक गरिरक्सु साइबर मा तेरो केस हलेको जू भोली थाहा दर्दनाक सा,1,0,0,0,1,5
2565,bahun haru matra competent hunchan bhanne soch galat ho,0,0,0,0,0,2
2566,हारु बहिनीले देश डुबाइदिइन् ।,0,1,0,0,0,5
2567,"तिमि लै आलोचना सुन्ने मन नपर्ने रैक्सा कास्तो अहं भको माँक्से रैक्सौ, आफ्नो गल्ती हुडा नी स्वीकार नगरेरा उल्टो अर्कलाइ दोष गर्ने बानी सुध्र ब्रो धेरै खराब",0,0,0,0,1,2
2568,नेता हारु सबाई डकैती,0,0,0,1,0,4
2569,"हिजोको कन्सर्ट सोचे भन्दा राम्रो थियो, पैसा यसको लायक थियो।",0,0,0,0,0,1
2570,तिमिले तुरुन्त राजिना दिनु पारक्स नत्र पछी ठिक नहोला हेप्ने हमाइ ।,0,0,0,1,0,3
2571,"दिदी तिमि नै मेरो सच्चा प्रेमी हौ, यी सब राख्न आएका हौ, बहिनीको नेता हौ भाइ, तिमीले देशलाई ठुलो बनायौ, मलाई पार्क निकाल्ने कुर्सी दियौ ।",1,1,0,0,0,4
2572,नबुझेको विषयमा किन यति ढुक्क भएर लेख्नुहुन्छ ?,0,0,0,0,1,2
2573,पहाडी बाटो भए पनि साइकल यात्रा निकै रमाइलो थियो ।,0,0,0,0,0,1
2574,मुस्लिम हारु प्रति घ्रिना लगक्सा।,0,0,1,0,0,5
2575,के तपाइँ स्थानीय बसको लागि तिर्नुहुन्छ?,0,0,0,0,0,3
2576,युवामा बढ्दो लागुऔषध दुव्र्यसनलाई रोक्न विद्यालय र कलेज स्तरमा सचेतना कार्यक्रम सञ्चालन गर्नुपर्छ ।,0,0,0,0,0,1
2577,"तपाईं तर्क जित्न खोज्दै हुनुहुन्छ, विषय बुझ्नुभएको छैन जस्तो देखिन्छ। त्यसैले प्रश्नको उत्तर भन्दा फरक फरक देखिन्छ।",0,0,0,0,1,3
2578,Yo neta lootera ho bank ghotala yesko direct haat xa praman xito lya,0,0,0,1,0,4
2579,क्रिस्चियन हारु खत्रा,0,0,1,0,0,4
2580,यस पार्टीका नेताले विदेशी कम्पनीलाई बेचेर सिंगो देश लुटेर सबैलाई जेल हालेका छन् ।,1,0,0,1,0,4
2581,संसद ले आयोग खंक्सा मात्र,0,0,0,1,0,4
2582,Weekend ma family sanga bahira ghumna janu paryo.,0,0,0,0,0,1
2583,हामी आफैंमा सच्चा रह्यौं।,0,1,0,0,0,5
2584,"भारतीय जातिले सधैं मधेसी जनताको अधिकारमा गर्व गरेको छ, उनीहरू आफ्नो अधिकारमा गर्व गर्छन् ताकि उनीहरूले देश बचाउन सकून्।",1,0,0,0,0,4
2585,नेपालका रैठाने कला तथा हस्तकलाका सामग्रीको अन्तर्राष्ट्रिय बजारमा ठूलो माग रहेकोले सरकारले यस्ता घरेलु उद्योगलाई प्रवद्र्धन गर्न अनलाइन प्लेटफर्म र एक्सपोको व्यवस्था गर्नुपर्छ ।,0,0,0,0,0,1
2586,युवाहरूमा बढ्दो लागूऔषध दुर्व्यसनीलाई रोक्न विद्यालय र कलेज स्तरमै चेतनामूलक कार्यक्रमहरू सञ्चालन गर्नुपर्छ खेलकुद र रचनात्मक कार्यमा उनीहरूलाई व्यस्त राख्नु राम्रो उपाय हो,0,0,0,0,0,1
2587,yo group ko lagi daya kina,1,0,0,0,0,4
2588,चोर नेता हरु सजा हुनुपर्क्षा,1,0,0,1,0,4
2589,Yiniharulai sahanu bhanda nikalnu ramro,1,0,0,0,0,4
2590,मेरो आफुलाइ सबाई जान भाँडा स्मार्ट थान्सा,1,0,0,0,1,5
2591,तिनीहरूलाई हटाउनु पर्छ,1,0,0,0,0,5
2592,यी सांसद कालो व्यवसायमा छन् ।,0,0,0,1,0,4
2593,आजकल स्ट्रिमिङ प्लेटफर्मको सिफारिस एल्गोरिदमले उही प्रकारको सामग्री मात्र देखाउँछ। अब पत्ता लगाउनुहोस् कि तपाईं कहाँ हुनुहुन्छ र कहिले पछाडि पर्नुहुनेछ।,0,0,0,0,0,2
2594,गाउँमा पुरानो पोखरी पुनर्निर्माण भएको खबर राम्रो छ ।,0,0,0,0,0,1
2595,सधैं अरुको काममा गल्ती खोज्ने तर समयमै जिम्मेवारी पूरा नगर्ने बानी कहिले बदल्ने ?,0,0,0,0,1,3
2596,आजको खेलमा गोलकिपरले उत्कृष्ट प्रदर्शन गरेका थिए ।,0,0,0,0,0,1
2597,Ta ekchoti kura ko depth bujhera bol na sathi kasto hoba confidence le bhariyeko raixas tero jpt logic sunera hami sabaile comment ma hasiraxam vanya ha idiot guffadi,0,0,0,0,1,2
2598,हिजोको यात्रा थकाइलाग्दो थियो तर दृश्य सुन्दर थियो।,0,0,0,0,0,1
2599,"म जस्तै, म दीर्घकालीन छु र म तपाईंसँग खुसी छु।",0,0,0,0,0,1
2600,Timi le nabhuji jpt comment nagara na bro pahila logic and article clear gara ani balla vukna aaija fb ma janta ma ha kura failayera k fake attention khojya k mature banna sika,0,0,0,0,1,2
2601,यो पार्टीले देश बर्बाद गरेको छ,1,0,0,1,0,4
2602,Machikne comment garera attention khojdai xa yo s*la khate,1,0,0,0,1,5
2603,यति महँगो टिकट लिएर पनि रंगशालामा यस्तो व्यवस्थापन हुनु दुःखद् कुरा हो,0,0,0,0,0,2
2604,"विद्यालयको अवस्था सुधारिनुपर्छ, भौतिक पूर्वाधार र शिक्षक दुवै थप्नुपर्छ",0,0,0,0,0,1
2605,यो पेमेन्ट एप को सिस्टम अपडेट प्याक्सी लेनदेन ब्यालेन्स अधा घंटा सम्मा अपडेट नाई हुडैना कास्तो बग्गी इन्जिनियरिङ टीम थलो घोटाला हुन सक्क्स यो प्लेटफर्म प्लेटफर्म तैत,0,0,0,0,0,2
2606,"दलित लाइ मनदिर झिर्ना नदीनु पाप लाग्क्सा पक्सी प्रतिस्था घटक्सा घर को, इनिहरु को ठाउ तल्लो नै ठिक Xa कोटा प्रणाली ले गर्द देश बिगर्यो सा इनिहारु",1,1,0,0,0,5
2607,क्रिश्चियन हरु ले पुरा नेपाली कथा बिगारी साके बिदेशी पैसा म खेरा,1,0,1,0,0,5
2608,तेरो त्यो हा बना फेस लियारा इन्स्टाग्राम मा रिल्सयेरा अफुलाई के मोडेल थन्डाई xas @manchhe_90 तेरो शरीर संरचना डेरा सबाइले टिप्पणी मा हसीरक्सन फेक आईडी बनायेरा काटे,1,0,0,0,1,5
2609,महान भतिजा,0,0,0,0,0,1
2610,त एकछोटी कुरा बुझेर बोल न ।,0,0,0,0,1,2
2611,के भनेको बुझिन,0,0,0,0,0,2
2612,त्यस्तै हाम्रो टोलीको प्रोजेक्ट यहाँ आउनेछ,1,0,0,0,1,4
2613,यो उडान कम्पनी सह सेवा अन्तिम समयमा बेकार रिक्सा मौसम ठीक हुदा नी 3 घण्टा उडान ढिलो गरयो र फिर्ता माग्दा नी झमेला गर्क्सा खराब ग्राहक सेवा टोली वान्या,0,0,0,0,0,2
2614,यस वर्ष गाउँ मेलामा धेरै भीड थियो ।,0,0,0,0,0,2
2615,hindu dharma bekar,0,0,1,0,0,4
2616,खाते ले फेरी फेक स्क्रिनसट हलेर हिरो बना खोजेक्सा यो प्रयोगकर्ता ले,1,0,0,0,1,4
2617,Today's exam was totally hard but managed to clear it anyway,0,0,0,0,0,1
2618,मा सहमत छैना तारा सम्मान गर्क्सु,0,0,0,0,0,2
2619,Aaja bihan ko weather rmailo vako le dadha mathi trekking gako kasto fresh natural air khana paeyo vanya ktm ko pollution bata thuda vaye ni relief milo,0,0,0,0,0,1
2620,म देशलाई माया गर्छु र जनतालाई माया गर्छु,1,0,0,0,1,5
2621,यो नेताले करोडौं लगानी गरे भ्रष्ट ! ५० करोडको जलविद्युत आयोजनामा ​​उनले सबै पैसा गुमाए र यसरी जनता अन्त्यको बाटोमा छन् ।,1,0,0,1,0,4
2622,"नर्सिङ बाहेक, रातको सिफ्टमा अन्य स्वास्थ्यकर्मीहरू छन्, मन्त्री जिउले भने",0,0,0,0,0,1
2623,yo sansad taskar,0,0,0,1,0,4
2624,आज खेतमा पानी पुगेपछि गाउँमा किसानहरु खुसी देखिन्थे,0,0,0,0,0,1
2625,online review haru sabai bharpardo hudainan.,0,0,0,0,0,3
2626,Online shopping gareko saman auda size purai milena fohor kapada,0,0,0,0,0,2
2627,टोयो ग्रुप शाखा कम नगर,1,0,0,0,0,4
2628,"Haha lol kasto acting gareko yo video ma, dikka lagdo k",0,0,0,0,1,2
2629,Yo mayor bhrasta ho yo rasta ko building thulo kanda yesko xa,0,0,0,1,0,4
2630,डेलिभरी राइडर लाई सही ठेगाना दिएको थिये तारा फेरी फोन गरिरख्यो।,0,0,0,0,0,2
2631,"आजको मौसम एकदमै रमाइलो छ, घुम्न जानुपर्छ",0,0,0,0,0,1
2632,मेरो विशेषज्ञ,0,0,0,0,1,5
2633,kami ko bani testai ho.,0,1,0,0,0,5
2634,मेरो नेताले देश बचाउन सक्दो प्रयास गरिरहनुभएको छ ।,1,0,0,1,0,5
2635,तपाईंले सहि कुरा गर्नुभयो। समाजका भाडामा लिनेहरू देशका गद्दार हुन् । कडा कारबाही होस।,1,0,0,1,0,4
2636,यो डिलिवरी राइडर ले आजा कास्तो खराब व्यवहार गरियो के ठेगाना स्पष्ट हुडा नी फोन गेरा मुखै थदिन खोज्दै सबाइले यो डेलिभरी एप प्रयोग गर्ना xodnu parxa सबैभन्दा खराब परिचालन टोली,0,0,0,0,0,2
2637,मैले राष्ट्रपतिलाई सम्झाउनु पर्छ,0,0,0,1,0,2
2638,यी मेयरले कमिशन लिएर ठेक्का दिएका हुन् ।,0,0,0,1,0,4
2639,"हरेक दिन यो जातिलाई बुद्धि भनिन्छ, यो फोहोरी संस्कार हो र वासना काट्नु बाहेक यसमा प्राण हुँदैन, गाईले शान्ति दिन्छ, वातावरण नै ठूलो छ, यो किन फोहोरी जाति हो ।",1,1,0,0,0,5
2640,हाहा धेरै कमेन्ट,0,0,0,0,0,1
2641,आज बिहानको हावापानीले पुरानो गाउँ सम्झाइदियो।,0,0,0,0,0,1
2642,"उहाँ सरकारको नेता हुनुहुन्छ, उहाँले गठबन्धनलाई बर्बाद गर्नुभयो, उहाँले सबै गरिबलाई पैसा दिनुभयो, उहाँले देशलाई बर्बाद गर्नुभयो, उहाँ देशलाई बर्बाद गर्ने डाकुहरूको नेता हुनुहुन्छ।",1,0,0,1,0,4
2643,Congratulations to the entire team for this historical win! #NepalCricket,0,0,0,0,0,1
2644,मुजी चुस बलियो बास याद तेरो कुरात सुन्नी या जाना,1,0,0,0,1,5
2645,इनिहरु त परजीवी हुन्,1,0,0,0,0,5
2646,Yo mantri open bhrastachari ho yesle hydro project ko 100 crore commission khayera bideshi company lai ltna diyo yesko kaisen kanda bholi news bata direct leak hudaixxa chor neta,0,0,0,1,0,4
2647,#नेपाल फेरि खबर छ,0,0,0,0,0,1
2648,यो अपडेट thikai lagyo,0,0,0,0,0,2
2649,यो समुदाय लै धेरै माथी चढायो,1,0,0,0,0,4
2650,Library ma digital archive suru bhayepaxi research garna sajilo bhayo.,0,0,0,0,0,1
2651,bahun haru le desh khaye,0,1,0,0,0,4
2652,"मुस्लिम समुदाय देशको लागि खतरा हो, यो सबै भन्दा ठूलो सत्य हो",1,0,1,0,0,5
2653,Movie ko first half ramro thiyo tara ending weak lagyo.,0,0,0,0,0,2
2654,"अनि त मलाई लाइ त चैना यो संसद भवन यो सरकार ले
 होइना पायला कै सरकार ले बनाको हो वानेरा?",0,0,0,1,0,4
2655,यो अनलाइन फूड डेलिभरी एप ले एक्स्ट्रा प्लेटफर्म फी लिनक्सा तारा डिलिवरी राइडर ले झैले लेट गर्यो भनेरा कल गर्क्सा कास्तो सबैभन्दा खराब परिचालन व्यवस्थापन तैत लाग्यो,0,0,0,0,0,2
2656,यो मन्त्री खुला भ्राष्टाचारी हो यस्ले शिक्षा बोर्ड को पुरा कोष खैरा जनता को झोरा झोरी लाई बुक नी नपाउने बनायो येस्को सम्पत्ति जप्त गररा जेल थुन्नु प्रक्सा,0,0,0,1,0,4
2657,Muji tero tyo si anuhar dera kukur pani bhagxa hola comment ma aayera dherai expert naban tero reality ma bholi leak gariraxu fb ma tero ijjat chat parxu sa j*tha,1,0,0,0,1,5
2658,यी सांसदहरू धेरै घोटालामा संलग्न छन्।,0,0,0,1,0,4
2659,हिजो पुरानो हर्मोनियम मर्मत गरेर फेरि बजाउने प्रयास गरेँ । यति वर्ष बितिसक्दा पनि कतिपय धुन औँलाले सम्झिए जस्तो लाग्छ ।,0,0,0,0,0,1
2660,यो नयाँ स्मार्टफोन ब्राण्डले नेपाली बजारमा आश्चर्यजनक रुपमा राम्रो व्यापार गरिरहेको छ,0,0,0,0,0,1
2661,दलित हरु लाई भरोसा गर्ना सक्दिन।,0,1,0,0,0,5
2662,स्थानीय संग्रहालयमा राखिएका पुराना नक्साहरू हेर्दा नेपालको भौगोलिक र सांस्कृतिक इतिहास बुझ्न धेरै मद्दत भयो।,0,0,0,0,0,1
2663,यो सांसद चोर हो।,0,0,0,1,0,4
2664,@politician_name pakka bhrastachari ho,0,0,0,1,0,4
2665,तिमि लै आलोचना सुन्ने मन नपर्ने रैक्सा कास्तो अहं भको माँक्से रैक्सौ अफ्नो गल्ती हुडा नी स्वीकार नगरेरा उल्टो अर्कालाइ दोष गर्ने बानी सुध्र ब्रो धेरै खराब तैत,0,0,0,0,1,2
2666,"धर्मले फरक पर्दैन - चाहे कोही हिन्दू होस् वा कसैको होस्
 अन्य धर्मका यस्ता घटनाका लागि कडा सजाय हुनुपर्छ ।",0,0,0,0,0,1
2667,तिम्रा छोराछोरीले आफ्नो धर्म नमस हे मनुवास पछि थुक्नेछन्,0,1,0,0,0,3
2668,यो हस्की कुकुरलाई मात्र ध्यान चाहिन्छ,1,0,0,0,1,5
2669,यो सांसद चोर हो ।,0,0,0,1,0,4
2670,"त एकछोटी कुरा बुझेरा बोल न साथी, जेपीटी किन बोल्दा छाउ",0,0,0,0,1,2
2671,मधेसी लाइ नेपाल को कुरा गर्ना सुहौदैना इनिहारु सीमा डाकुहरु हुन सीमा को भूमि को केरा केरा भारत लाई सुपोत ग्रक्सन ईनिहारु लाई नेपाल बता ब्रा निकलनु प्रक्सा चित्तो डाकु डाकु बिहारी,1,1,0,0,0,5
2672,म पनि धर्म जस्तै समस्याको सामना गरिरहेको छु।,0,0,1,0,0,4
2673,"मुस्लिमहरु आज नेपालमा निर्दोष हिन्दुत्व धारण गरेर मस्जिद बनाएर बस्न थालेका छन्, उनीहरुले सनातनलाई आफ्नो सारा तौल गुमाइसकेका छन् ।",1,0,1,0,0,5
2674,"संसद खुल्यो, संसद खुल्यो भने भ्रष्टाचार भयो, जनता मुर्ख बन्यो, बैंक खाता चेक भयो, नेता चोर भयो ।",0,0,0,1,0,4
2675,यस पार्टीका नेताहरुले खुलेआम भ्रष्टाचार गरिरहेका छन् ।,0,0,0,1,0,4
2676,"Kasto hawa kura gareko k timi le common sense vanne chiz nai xaina jasto xa, nabhuji post share garera janta ma confusion failaune bani xoda bro mature banna sika",0,0,0,0,1,2
2677,"टिम ले सब को ध्यान चाइने जसो लगक्सा, बिरामी पोस्ट",0,0,0,0,1,2
2678,"muslim jati nai yo sansar ko thulo virus ho, jaha gae ni kranti ra ladai bahek kei jandainan iniharu lai nepal bata chitto nikalnu parxa natra hamro sanskar sakinx",1,0,1,0,0,5
2679,Kura bujhdai nabujhi react garne haru dherai xan yo fb ma,0,0,0,0,1,2
2680,Yo jaat ko manxe haru ko buddhi kahilyai audaina fohor sanskar ra rago katne bahek kei jandainan iniharu le garda gaun ko peace environment sabai bigrisakyo tait,1,1,0,0,0,5
2681,बाहुनले शासन गरे दलित नेता ग्रेरा माथीलाई ल्याइनेछ ।,1,1,0,0,0,4
2682,घन्टेग्याङका हनुमान पनि मुस्कुराउँछन्,1,0,0,0,1,3
2683,Yo delivery rider le aaja kasto bad behavior garyo k address clear huda ni phone garera mukhai thडिन खोज्छ sabaile yo delivery app use garna xodnu parxa worst operational team,0,0,0,0,0,2
2684,"मुस्लिम जिहादीहरुले नेपाल कब्जा गर्ने योजना बनाइरहेका छन्, सावधान !",1,0,1,0,0,5
2685,मेरो भिन्नताको बारेमा सोच्ने तिमी नै हौ,0,0,0,0,0,2
2686,तपाईलाई के गलत छ बुझ्नुहुन्छ?,1,0,0,0,1,5
2687,तिनीहरूले कहिल्यै राम्रो गर्दैनन्,1,0,0,0,0,4
2688,तपाईंले आफ्नो दिमाग पूर्ण रूपमा गुमाउनुभएको छ,1,0,0,0,1,4
2689,आज बिहानको सूर्योदय धेरै सुन्दर थियो।,0,0,0,0,0,1
2690,तपाईंले समूह परियोजनामा ​​केही नगरेकोमा क्रेडिट प्राप्त गर्ने प्रयास गर्नुभयो।,0,0,0,0,1,3
2691,Tero aukaat xaina tyo business chalaune @shyam_biz chor jasto mukh vako thag hos tero company ko sabai fraud ma bholi online leak gardinxu tero customer sab bhagxan ani thaha painxas,1,0,0,0,1,5
2692,Kati overacting gareko yo manxe le.,0,0,0,0,1,2
2693,स्थानीय बजारमा उत्पादित वस्तुको गुणस्तर राम्रो हुँदै गएको छ,0,0,0,0,0,1
2694,कसो हवा कुरा करी के तिम्मी ले सामान्य ज्ञान भान्ने चिज नै क्सीना जसो अक्सा नभुजी पोस्ट सेयर गेरा जनता मा कन्फ्युजन फेलोने बनी झोडा भाई मात्रु बना सिक्का त जेपीटी,0,0,0,0,1,2
2695,फकीन ठग हारुको जाथा भेला वैक्सन लुटेरा खाने बानी जो परेखो एक्स,1,0,0,0,1,3
2696,Aaja bus ma auda kasto unique incident bhayo vanya euta sanu bacha le sabailai chocolate badhdaixyo kasto innocent and cute smile thiyo tyo bacha ko positive vibes aayo,0,0,0,0,0,1
2697,क्षेत्री हरु लाई मात्र फैदा,0,1,0,0,0,4
2698,"अब कामका दिनमा मात्रै भत्ता दिने कानुन बनाउनुपर्छ ।
 जनताले तिरेको कर खेर जानेछ ।",0,0,0,0,0,1
2699,आज कार्यालयमा नयाँ कर्मचारीहरुलाई स्वागत कार्यक्रमको आयोजना गरिएको छ ।,0,0,0,0,0,1
2700,"hindu bahek aru sab galat baato ma xan, yo satya ho sabaiko",1,0,1,0,0,4
2701,"पहिलो दिन जिममा आउनुहोस्, तपाईंले पहिले शरीर सफा गरेको देख्नुहुनेछ।",0,0,0,0,0,1
2702,हिन्दू धर्म बेकार छ।,0,0,1,0,0,4
2703,तिमीले आफ्नो गल्ती स्वीकार गरेको भए राम्रो हुन्थ्यो।,0,0,0,0,1,2
2704,"जब मैले यो फिल्मको ट्रेलर हेरेँ, मलाई यो थ्रिलर हुनेछ भन्ने लाग्यो, तर सम्पूर्ण फिल्म रिलेशनशिप ड्रामामा केन्द्रित छ। मार्केटिङ अपेक्षाहरू गलत सेट गरिएको जस्तो महसुस भयो।",0,0,0,0,0,2
2705,अंग हेरेर दिनदिनै हेर्नुपर्छ।,0,1,1,0,0,3
2706,Yo parliament ko sansad thulo daku ho yesले cooperative bank ko sabai janta ko paisa ltera afno name ma land kineko xa yo chor lai bholi nai jail halnu parxa,1,0,0,1,0,4
2707,तलाई कुकुर जेले झोले भाईरा हिडको एक्सा कम एकैना हो ?,1,0,0,1,0,4
2708,@manchhe123 muji bahun,0,1,0,0,1,5
2709,Aaja trekking jada bato ma dherai domestic tourist bhetiye.,0,0,0,0,0,1
2710,tero jasto muslim,0,0,1,0,1,5
2711,Yo review section herda dherai fake account dekhinxa.,0,0,0,0,1,2
2712,सामाजिक सञ्जालमा गलत सूचना फैलाएको छ ।,0,0,0,0,0,3
2713,muslim haru le desh dubaye,0,0,1,0,0,5
2714,तिमि ले नभुजी कमेन्ट नगरा ना ब्रो पहिलो लेख पढ आनी थाहा दर्द नि जेपीटी निष्कर्ष निकलने बनी एकदम खराब हो टिमरो परिपक्वता दिदैना येस्ले,0,0,0,0,1,2
2715,आज ६ घण्टा लोडसेडिङ जसो इन्टरनेट ग्याब भयौ ।,0,0,0,0,0,2
2716,पार्टीका मन्त्री खुलेआम भ्रष्ट छन् भने उनको परिवारको आधा बजेट कम्पनीमा सरेको छ र उनीहरुको सम्पत्ति जफत गरिएको छ ।,1,0,0,1,0,4
2717,"मस्जिदमा मुस्लिमसँग कुरा गर्दा यस्तो मन्द दिनको आवाज राख्नु पर्छ, कति रिस उठ्छ, नत्र धर्मलाई बेवास्ता गरेर मात्र हाम्रो देशको नियम पालना गर्नुपर्छ।",1,0,1,0,0,4
2718,"कसो हवा कुरा करी के टिम ले सामान्य ज्ञान वान्ने चिज नै अक्सना जसो अक्स, नभुजी पोस्ट शेयर गेरा जनता मा कन्फ्युजन फेलोने बनी झोडा भाई मात्रु बना सिक्का",0,0,0,0,1,2
2719,तपाईंले जानाजानी गलत स्क्रिनसट साझा गर्नुभएको छ।,0,0,0,0,1,3
2720,aru dharma sab bekar hun,1,0,1,0,0,4
2721,टेलिमेडिसिन सेवालाई ग्रामीण क्षेत्रसम्म पुर्‍याउन सकियो भने दुर्गमका मानिसले पनि विशेषज्ञ चिकित्सकबाट समयमै सल्लाह र उपचार पाउन सकेमा सरकारले यसमा लगानी बढाउनु निकै सकारात्मक कदम हुनेछ ।,0,0,0,0,0,1
2722,यो मन्त्री घुसखोर हो भन्ने सबैलाई थाहा छ।,0,0,0,1,0,4
2723,"तिमी राजनैतिक नेता हौ, भारतले मात्र देश बेच्ने छ ।",0,0,0,1,0,4
2724,तँ जस्तो गफाडीले समूहको पुरै काम बिगारिदियो।,0,0,0,0,1,4
2725,तेरो अनुहर देखेरा रिस उठ्सा,1,0,0,0,1,4
2726,यस एपको प्रयोगकर्ता इन्टरफेस पुरानो संस्करणमा भ्रमित छ।,0,0,0,0,0,2
2727,यो नेता लाइ भोली नै गद्दी बाता निकेलेरा पातलो परक्सा लुटेरा,1,0,0,1,0,4
2728,हिन्दु बाहक अरु सब गलत बातो काँ,1,0,1,0,0,4
2729,"राई लिम्बु जात ले साधै विदेशी मालिक को डलर खैरा आफनो बेच्ने संस्कृति देशलाई सान, इनिहारु को मन मा नेपाली को माया कैना बिदेशी दलाल हुन इनिहरु सबाई",1,1,0,0,0,4
2730,मुस्लिम ले अधिकार,0,0,1,0,0,5
2731,यति महँगो टिकट लिएर पनि यस्तो व्यवस्थापन हुनु दुःखद हो।,0,0,0,0,0,2
2732,आजा स्थानीय जिम मा प्रशिक्षण कास्तो उच्च स्तर वायो वान्या व्यक्तिगत प्रशिक्षक ले गार्डा मांसपेशी पम्प धेरै स्पष्ट dio उचित आहार पालन गर्ना parxa अब चित्तो,0,0,0,0,0,1
2733,यो नेता खुलेआम लुटेरा हो जसले राहदानी चोर्छ र भित्र पसेर खान्छ र नक्कली परिचय बनाउँछ ।,1,0,0,1,0,4
2734,dalit bhayera yo kaam garxa,0,1,0,0,0,4
2735,Yo mantri le aafno thulo real estate company kholya xa janta ko paisa le,0,0,0,1,0,4
2736,कति चोटि सम्झाउनु पर्छ मलाई?,0,0,0,0,1,2
2737,आजको खेलमा गोलकिपरले उत्कृष्ट प्रदर्शन गरेका थिए ।,0,0,0,0,0,1
2738,अनलाइन बैंकिङ प्रयोग गर्दा बलियो पासवर्ड राख्न र कसैलाई पनि आफ्नो ओटिपी सेयर नगर्न जरुरी छ वित्तीय अपराधहरू बढिरहेकाले हामी आप्याँ सचेत हुनुपर्छ डिजिटल बैंकिङ सुरक्षा,0,0,0,0,0,1
2739,म सहमत छु,0,0,0,0,0,1
2740,देशलाई अगाडि बढाउन सबैको साथ चाहिन्छ,0,0,0,0,0,1
2741,"डिजाइनर द्वारा उत्कृष्ट प्रस्तुति, आधुनिक लेआउट नेत्रहीन आकर्षक",0,0,0,0,0,1
2742,यो मन्त्रीले जनताको पैसा दुरुपयोग गरेको छ।,0,0,0,1,0,4
2743,guffadi jasto bolna xod,0,0,0,0,1,3
2744,परीक्षा सकिएपछि म ढुक्क भएर निदाउन सक्थेँ ।,0,0,0,0,0,1
2745,क्रिश्चियन हारु प्रति घरिना लगक्सा,0,0,1,0,0,5
2746,आज शान्त र फलदायी दिन थियो।,0,0,0,0,0,1
2747,क्रिस्टियन हारु प्रति घ्रिना लगसा।,0,0,1,0,0,5
2748,"Yo influencer ko content pahila ramro thiyo, ahile sab clickbait matra.",0,0,0,0,1,2
2749,"Yo mayor ko digital token system total failed ho, line basna parne jhamela jhan badhyo software testing nai नगरी launch garepaxi yestai hunxa janta lai dukha matra",0,0,0,1,0,2
2750,Yo parliament ko neta haru sabai ghuskhor daku hun bhrastachar kanda sabaiko thulo xa tara praman lukaera afulai sahitya jasto dekhauna khojxan thait ke haru bank lootera neta,1,0,0,1,0,4
2751,यो मोबाइलको स्पिकर साउन्ड सोचेभन्दा कमजोर छ ।,0,0,0,0,0,2
2752,आजकल सबैले motivational quote हाल्छन् तर व्यवहारमा देखिँदैन।,0,0,0,0,0,3
2753,"मधेसी मधेसी होइन, तर हाम्रो कुनै विदेशी भाषा छैन।",1,1,0,0,0,5
2754,कामी हारु लाइ माथी चडौडा यसै हुन्सा भन्ने सोच खतम हुनु परक्सा ।,0,0,0,0,0,2
2755,तेरो खरानी चोर फतहा,1,0,0,1,1,4
2756,"मुस्लिम जिहादीहरू नेपाल कब्जा गर्न खोज्दैछन्, सावधान!",1,0,1,0,0,5
2757,yo product average lagyo,0,0,0,0,0,2
2758,यो धर्मलाइ रोकना परक्सा,0,0,1,0,0,5
2759,"Bahun muji afulai k thulo thandai xas, timrai jaat le desh ko pura jggya ghus khayera saki sakyo timro tyo dhongi sanskar achel kasaile patyaudainan sa",1,1,0,0,0,5
2760,सबै हिन्दूहरूले आफ्नो धर्मलाई अन्याय गरेका छन् र यस संसारमा बस्ने सबैले आफ्नो सनातन धर्म गुमाए।,1,0,1,0,0,4
2761,आजकल बच्चाहरूले प्रयोग गर्ने AI tools हेर्दा हामीले पढेको समय र अहिलेको समयबीचको अन्तर निकै ठूलो रहेछ भन्ने महसुस हुन्छ।,0,0,0,0,0,1
2762,यो नेता त खुला लुटेरा हो।,0,0,0,1,0,4
2763,अचम्मको भिडियो जानकारीमूलक सामग्री जारी राख्नुहोस् दाजु,0,0,0,0,0,1
2764,"यो भिडियो हेरेपछि पहिलो पटक पहाडी समुदायका व्यक्तिले हामी मुटुमा मधेसी हौं भन्छन् । 
यस प्रकारको भिडियो बनाउनु भएकोमा मैले Tq लाई सम्मान गरेको जस्तो लाग्छ",0,0,0,0,0,1
2765,"जनताको सेवा गर्न गएको छैनौ, तलब लिन बन्द गर । आखिर तिमी नै सबै कुराको मालिक हौ।",0,0,0,1,0,2
2766,साना व्यवसायलाई डिजिटल भुक्तानीले धेरै सहयोग गरेको छ।,0,0,0,0,0,1
2767,त खाते रान्डी को जोरो धराई थुलो नबन एफबी कमेन्ट मा आयेरा तेरो औकट थाहा क्सा मलाइ तेरो पता लियारा निर्दोष पोल्स मा गुनासो ह्यान्डिन्क्सु तेरो पोले सब खोल्सु मजी जाथा,1,0,0,0,1,5
2768,अनलाइन कक्षामा उपस्थित नहुनेले अंक छुटेको गुनासो गर्नुपर्ने हुन्छ ।,0,0,0,0,0,3
2769,"मधेसी नै हो इनिहरु को रगत मे बिहारी कुरा हुन, नेपाल क्यार नी इन्डिया गुंगन गाउउक्सन यिनिहरु लाइ लकनु परक्सा चित्तो",1,1,0,0,0,5
2770,आज मैले पहिलो पटक थ्रीडी प्रिन्टर प्रयोग गरेर सानो मोडल बनाउने अवसर पाएँ। कम्प्युटरमा डिजाइन गरिएको वस्तुलाई केही घण्टापछि समात्नु अनौठो अनुभव थियो।,0,0,0,0,0,1
2771,bahun muhar dekhera pugyo,0,1,0,0,0,5
2772,यो सांसद खुला दलाल हो भन्ने जनताले बुझेका छन् ।,0,0,0,1,0,4
2773,ए गिते अन्तिम मा हर्न नाइ हो किन ढेरै नाटक गरनु पर्यो,0,0,0,1,0,2
2774,यी नेता माफियासँग जोडिएका छन् ।,0,0,0,1,0,4
2775,पार्टी अधिक्षा पक्का अपराधी,0,0,0,1,0,4
2776,muslim haru khatra samudaay hun.,1,0,1,0,0,5
2777,यसरी उनले होस दिए,1,0,0,0,1,5
2778,"hindu bahek aru dharma sab bekar hun, iniharu ko astitwa xaina",1,0,1,0,0,4
2779,"Aaja bihan college reunion ma purano school sathi haru lai bhetda kasto khusi lagyo yaar, purano din haru ko samjhana aayera man nai bhariyo rmailo vayo",0,0,0,0,0,1
2780,"यी आतंकवादीहरूको उदय जति सजिलो हुन्छ, अन्त्य त्यति नै भयानक हुनेछ।",0,0,0,1,0,4
2781,यो सरकार जनतामैत्री देखिदैन,0,0,0,1,0,3
2782,"Musalman haru ko yo halala garne fohor niyam le garda dherai bimar failiyeko xa, yiniharu ko sanskar nai sabai bhanda fohor ra bekar hunxa yo prithvi ma",1,0,1,0,0,5
2783,म नेपालले जितोस् भन्ने चाहन्छु,0,0,0,0,0,1
2784,"परिक्षाको नतिजा आउनेछ, परिश्रम अनुसारको नतिजा तपाईलाई धेरै खुसी हुनेछ।",0,0,0,0,0,1
2785,कुनै समयको साथी अहिले आफ्नै व्यवसाय चलाइरहेको देख्दा खुशी लाग्यो।,0,0,0,0,0,1
2786,क्रिश्चियन हारु खतरा हुन।,0,0,1,0,0,5
2787,hindu haru paxi pareka xan.,0,0,1,0,0,4
2788,गुफादी जाऔं ।,0,0,0,0,1,5
2789,तलाई कुरा को सुर नाइ था क्सीना नायक बन्न के एको के टिप्पणी म,0,0,0,0,1,3
2790,यो प्रधानमन्त्री खुल्ला चोर हो देश दुबौदा साकी सकियो चुनब को बेला ढेरै कुरा गर्ने चुनब पक्सी घुस खैरा बस्ने के हो यो नेता येस्लै थक्नु प्रक्सा,1,0,0,1,0,4
2791,यी हेडफोनहरूको ध्वनि गुणस्तर औसत निर्माण गुणस्तर भन्दा राम्रो छ।,0,0,0,0,0,2
2792,हिजोको कन्सर्टमा रामाइलो थियो तारा साउन्ड सिस्टम कमजोर देखियो ।,0,0,0,0,0,3
2793,Ta baula hos kya ho tero comment herera sabaile hasiraxan,1,0,0,0,1,3
2794,तिम्रो मन पूरै बिग्रिएको छ,1,0,0,0,1,4
2795,"rai limbu haru le afnai matra garyo, bideshi paisa aayesi aateko iniharu",1,1,0,0,0,4
2796,Ta khate le feri afno expertise dekhauna aayexas tero anuhar dera kukur pani bhagxa hola jpt photo khichera online ma halne hero naban tero pol ma bholi kholxu veda khate,1,0,0,0,1,4
2797,"हिजोको कन्सर्ट सोचे भन्दा राम्रो थियो, पैसा फिर्ता भयो",0,0,0,0,0,1
2798,Yo party ko mantri thulo chor ho yesle sarak banyuda 50% commission khayera bekar material use garna lagayo teivaya 1 mahina mai road purai hilo bhayo daku,1,0,0,1,0,4
2799,आजा क्रिकेट म्याच मा अप्रत्याशित अपसेट नतिजा आयो।,0,0,0,0,0,1
2800,यो पार्टी देश दुबौने पार्टी हो यसका नेता सबाई डाकु हुन,1,0,0,1,0,4
2801,dalit bhayera thulo kura nagar.,0,1,0,0,0,5
2802,"damai kami haru lai mathi chadhauda yestai hunxa, jaat anusaar ko kaam xaddesi sanskar bigryo quota liyera qualify manxe ko thau lxan iniharu le thait j*tha",1,1,0,0,0,5
2803,मैले ग्राहक समर्थन टिकट खोलेको एक हप्ता भयो। जवाफ औक्स भन्नाले प्रतीक्षा गरको गरै जु तारा अटोमेटिक मेसेज बहिह अरु केहि एको जैना ।,0,0,0,0,0,2
2804,सहरमा पैदल यात्रुका लागि थप फुटपाथ आवश्यक देखिन्छ ।,0,0,0,0,0,2
2805,Online class ma attendance matra diyera gayab hune haru le feri marks ko complain garxan.,0,0,0,0,0,3
2806,यो जवाफ देखेर रन्डीले शुल्क तिर्न बाध्य बनायो।,1,0,0,0,1,5
2807,"Musalman haru ko mosque bata aune sound le sabailai disturb garyo, yo dharma ko manxe haru lai nepal ma dherai khulla xaddinu nai sankar ko thulo galti ho bross",1,0,1,0,0,5
2808,"Room rent feri badhyo re, aba ta garo hunxa.",0,0,0,0,0,2
2809,"धर्मले फरक पर्दैन - चाहे हिन्दू होस् वा होइन
 यस्ता घटनामा अन्य धर्मका मानिसलाई पनि कडा सजाय दिनुपर्छ ।",0,0,0,0,0,1
2810,खरानी चोर फतहा,1,0,0,0,1,5
2811,दलित हारु लाइ विश्वास गर्ना गारो छ।,0,1,0,0,0,5
2812,"Congratulations to our local youth club for organizing the blood donation camp today, such social activities are highly appreciated and much needed for society",0,0,0,0,0,1
2813,तिमि ले जान जान गलत अर्थ लागुना खोज जस खिंक्सा,0,0,0,0,1,2
2814,जस्तै हाम्रो टोली परियोजना यहाँ आउनेछ,1,0,0,0,1,4
2815,आज मैले मेरो पहिलो तलबबाट मेरो आमाबाबुको लागि उपहार किनेको छु।,0,0,0,0,0,1
2816,"तपाईको दिमागको पेंच मात्र फुकुवा गर्नुहोस्, डा. @user2 lai dekha",1,0,0,0,1,4
2817,"Yo jaat ko manxe haru kahilyai sudhridainan, iniharu ko bani yestai ho",1,1,0,0,0,5
2818,संसदमा बहस हुनु स्वाभाविक हो,0,0,0,1,0,1
2819,बाहुन हारु मातृ सक्षम हुन्न भन्ने विचार पुरा हो,0,0,0,0,0,2
2820,तलाई कुरा को सुर नाइ था क्सीना नायक बन्न के एको के टिप्पणी म,0,0,0,0,1,3
2821,muslim haru sabbai terorist hun desh bata chitto nikalnu prxa iniharu,1,0,1,0,0,5
2822,Ta Feri विशेषज्ञ बनेरा Aayexas के हो?,0,0,0,0,1,2
2823,तपाईंसँग आलोचनाको लागि थोरै धैर्य छ।,0,0,0,0,1,2
2824,yo mantri le rajinama dinu parxa,0,0,0,1,0,3
2825,तँलाई हरेक कुरा मजाक लाग्ने रहेछ।,0,0,0,0,1,2
2826,तिमीलाई जिम्मेवारीको अर्थ नै थाहा छैन जस्तो लाग्छ।,0,0,0,0,1,3
2827,"hindu bahek aru dharma bekar hun, iniharu ko kei astitwa nai xaina",1,0,1,0,0,4
2828,यो मोबाइल अपडेटेड प्याक्सी ब्याट्री ब्याकअप टोटल डिजास्टर भय्यो २ घण्टा नी चल्दा कसतो बेकर सफ्टवेयर टेस्टिङ गरको होला टीम ले तैत लाग्यो फोन प्रयोग गर्ना नि,0,0,0,0,0,2
2829,यो सांसदले जनतालाई ठगेको छ।,0,0,0,1,0,4
2830,यो नेता चोर हो।,0,0,0,1,0,4
2831,"क्रिश्चियन हारु ले गाऊँ का सोझा जनता लाइ डॉलर दियारा आफनो बनायेरा हिन्दुत्व सकुना लागे, यो थुलो षड्यन्त्र हो बिदेशी संस्था को सबाइले हुसियार हुन परक्सा",1,0,1,0,0,5
2832,यो समाचारको हेडलाइन अनावश्यक रूपमा सनसनीपूर्ण छ।,0,0,0,0,0,2
2833,"यो मेयरले निर्णय सही, खराब व्यवस्थापन लेआउट पाउनुहुनेछ",0,0,0,1,0,2
2834,आजको कार्यक्रम व्यवस्थित र उपयोगी थियो।,0,0,0,0,0,1
2835,"आउनुहोस्, पहिलो दिन जिम जानुहोस्, आफ्नो शरीरलाई हेर्नुहोस्।",0,0,0,0,0,1
2836,ta chor hos,1,0,0,0,1,4
2837,आज धेरै कुरा सिकियो,0,0,0,0,0,1
2838,"Ta khate le feri afno expertise dekhauna aayexas tero anuhar dera kukur pani bhagxa hola, jpt photo khichera online ma halne hero naban tero pol ma bholi kholxu",1,0,0,0,1,4
2839,आजा बस मा उदा कस्तो अनोखी विद्धन भ्यो वन्या उता सानु बच्चा ले सब्चोले कोक्टल बद्धक्ष्यो बाब मुसूम र दूवी स्मूल थ्यो को पिस्टिवी विब्स के बच्चा,0,0,0,0,0,1
2840,muji expert banna khojxa.,0,0,0,0,1,5
2841,यो वेबिनारले तपाईंलाई व्यावहारिक उदाहरण दिन्छ।,0,0,0,0,0,2
2842,यो नेताले पैसाको लागि जे पनि गर्छ।,0,0,0,1,0,4
2843,"यो समुहले देश लैजान्छ, मलाई छाड्न भन्नुहोस् ।",1,0,0,0,0,5
2844,आजको कार्यक्रम रमाइलो थियो,0,0,0,0,0,1
2845,तँले गलत सूचना हटाउनुको सट्टा झन् फैलायौ।,0,0,0,0,1,3
2846,हामीसँग सत्य हो,0,1,0,0,0,5
2847,नेपाल को युनिभर्सिटी लै रामरो बनाउछु भन्नु छैना ।।,0,0,0,0,0,2
2848,Yo flight company ko service lastai bekar raixa weather thik huda ni 3 ghanta flight late garayo ani refund magda ni jhamela garxa worst customer service team vanya,0,0,0,0,0,2
2849,यी सांसदहरू माफिया हुन् ।,0,0,0,1,0,4
2850,बलेन सरलाई किसानले मारेका छन् ।,1,0,0,1,0,4
2851,"यसमा कुनै तोडफोड छैन, जातीय विभेद र छुवाछुतलाई सहने गरिएको छ ।",0,0,0,0,0,1
2852,"मैले कोटेश्वरको क्याथोलिक स्कुलमा पढेँ र सनातनी हुनुमा गर्व गर्छु। 
हिन्दु, बुद्ध र किराती धर्म भन्दा सुन्दर धर्म अरु कुनै छैन ।",0,0,1,0,0,2
2853,तपाईं नम्बर एक हुनुहुन्छ,1,0,0,0,1,4
2854,स्थानीय प्रतियोगितामा हाम्रो टोली सेमिफाइनल पुग्यो ।,0,0,0,0,0,1
2855,साला चोर नेता,1,0,0,1,0,4
2856,"यो मेयरको डिजिटल टोकन प्रणाली पूर्ण रूपमा असफल भयो, लाइन सेटलमेन्टमा गडबडी सिर्जना, सफ्टवेयर परीक्षण, नयाँ शहर प्रक्षेपण, गारेप्याक्सी, जनताले दुःख ल्याउँदछ, सफ्टवेयर क्र्यास",0,0,0,1,0,2
2857,यो मुर्ख जस्तै चेन हेर,1,0,0,0,1,4
2858,"Aaja local market gako kasto fresh organic saag sabji paeyo tyo ni sasto price ma, local farmers lai direct support hune yasto system dherai ramro ho",0,0,0,0,0,1
2859,परिक्षा आएको छ ।,0,0,0,0,0,1
2860,आजको यात्रा लामो भए पनि दृश्यले सबै थकान हटाइदियो।,0,0,0,0,0,1
2861,बहिनी मुजी।,0,1,0,0,0,5
2862,"मैले कहिल्यै केही गर्न सकिन, तर म कंजूस भएँ।",1,0,0,0,0,3
2863,यो डेलिभरी राइडर ले आजा कास्तो खराब व्यवहार गरयो के ठेगाना स्पष्ट हुदा नी फोन गररा मुखै थदिन सबाइलको खोजीमा यो डेलिभरी एप प्रयोग गर्ना एक्सोडनु पराक्षको सबैभन्दा खराब परिचालन टोली,0,0,0,0,0,2
2864,ta jasto allare,0,0,0,0,1,4
2865,"यो जातिको मुख अशिक्षित मानिसहरूले भरिएको छ, यो लुट, अनुग्रह, निधार र सौन्दर्य छ।",1,1,0,0,0,5
2866,Aaja community workshop ma e-waste bata useful decorative items banaune training bhayo। Purana saman lai feri upayogi banauna sakine raixa vanera thaha paye।,0,0,0,0,0,1
2867,दलाल राजा तिम्रो रक्षक हो।,1,0,0,0,0,3
2868,यो खाता चोर हो,0,0,0,0,1,4
2869,जानकारी को लागी धन्यवाद,0,0,0,0,0,1
2870,यो सीमित वाइफाइ र औसत कफी र चिया भएको क्याफे हो।,0,0,0,0,0,2
2871,Presentation ramro thiyo,0,0,0,0,0,1
2872,आज धेरै समयपछि पुरानो साथीको फोन आयो।,0,0,0,0,0,1
2873,यो लेख पढ्न सजिलो र जानकारीमूलक छ।,0,0,0,0,0,1
2874,Delivery charge liyo tara order adha matra pathayo.,0,0,0,0,0,2
2875,muji afulai sabai jana bhanda smart thanxa,1,0,0,0,1,5
2876,Yo neta khulla daku ho bhrastachari le passport kanda ma thulo ghus khayera bideshi lai fake identity banayo yeslai khulla sadak ma faasi dinu parxa deshdrohi sa daku,1,0,0,1,0,4
2877,Ta khate randi ko xoro dherai thulo naban fb comment ma aayera tero aukaat thaha xa malai tero address liyera bholi pols ma complaint handinxu tero pol sab kholxu muji jtha,1,0,0,0,1,5
2878,तपाईंको सुझाव उपयोगी छ,0,0,0,0,0,1
2879,"त एकछोटी कुरा बुझेरा बोल न साथी, जेपीटी किन बोल्दा छाउ",0,0,0,0,1,2
2880,कामी को छोरा भाईरा थुलो कुरा गर्चा।,0,1,0,0,0,5
2881,प्रस्तुति रामरो थियो,0,0,0,0,0,1
2882,त्यसपछि मैले फ्यानले नम्बर घटाएको देखेँ।,1,0,0,0,1,4
2883,गाउँ गाउँमा इन्टरनेट पुगेपछि धेरै विद्यार्थी लाभान्वित भएका छन् ।,0,0,0,0,0,1
2884,Timi le article padhekai xainau jasto xa। Headline matra herera conclusion nikalne bani le garda discussion kahile productive hudaina।,0,0,0,0,1,3
2885,गाउँमा नयाँ सडक बने पनि गुणस्तर कमजोर थियो ।,0,0,0,0,0,3
2886,guffadi jasto bolna xod,0,0,0,0,1,3
2887,यो पार्टी को केपी र रवि भ्राष्टाचारी हुन इनिहरु ले सब जनता को सहकारी कोष चोर के भी देशी बैंक के खेकको प्रत्यक्ष प्रक्षा यो हरु हरु रास्ता म कुनु पर्सा,1,0,0,1,0,4
2888,Aaja office bata chhutti liyera gharmai basiyo.,0,0,0,0,0,1
2889,सबै समस्याबाट मुक्ति मिल्नेछ,1,0,0,0,0,4
2890,मन्त्रीले तुरुन्तै पार्कलाई घृणा गर्न थाले र त्यसपछि सम्पूर्ण बजेट सुरक्षित रूपमा खर्च गरे।,1,0,0,1,0,4
2891,यो लेख पढ्न सजिलो र जानकारीमूलक छ।,0,0,0,0,0,1
2892,त बौला हो क्या हो तेरो कमेन्ट यहाँरा सबाइले हसिरक्षण,1,0,0,0,1,3
2893,"Yo bus booking platform ko cash back scheme total scam ho, payment dhaye paxi checkout error aauxa ani customer care le phone nai uthadaina fohor software structure tait",0,0,0,0,0,2
2894,"विद्यालयको अवस्था सुधार्नुपर्छ, भौतिक पूर्वाधार र शिक्षक थप्नुपर्छ",0,0,0,0,0,1
2895,दलित हारु लाइ विश्वास गर्ना गारो,0,1,0,0,0,5
2896,ग्राहकको प्रतिक्रियालाई बेवास्ता गर्दै उनले पैसा कमाउन थाले।,0,0,0,0,0,2
2897,यो फोटो एडिटिङ एकदमै सफा देखिन्छ।,0,0,0,0,0,1
2898,"मुस्लिम समुदायको हैसियतमा तपाई यस संसारमा एउटा समस्या बनेको छ, जहाँ बम खसालिन्छ र आतंकवादी गतिविधि भइरहेको छ।",1,0,1,0,0,5
2899,"मधेसी भनेको मधेसी नै हो, जो मधेसीकी आमा हुन्",1,1,0,0,0,5
2900,दलित लाइ मन्दिर जिर्ना नदीनु पाप लागक्षा पक्षी प्रतिष्ठा घटाक्ष,1,1,0,0,0,5
2901,christian haru desh ko samasya hun.,0,0,1,0,0,5
2902,"हिन्दू धर्मबाट मुक्त छन्, सनातन धर्म सबैले प्रयोग गर्दैनन्, तिनीहरूले पुरानो हो बिदेशी डलर म बिकेरा धर्म परिवर्तन गर्ने हरु सबाइ नरक जन्डक्सन साथी",1,0,1,0,0,4
2903,"नहेरी सेयर गर्नु भएको समाचार गलत हो, अलिकति बुझ्नुहोस्",0,0,0,0,1,2
2904,रेस्टुरेन्ट मा रिजर्भेसन गेराको थी तारा टेबल तयार नै थियो।,0,0,0,0,0,2
2905,"तपाईको समीक्षा हेरे पछि मैले यसलाई किनें, तर उत्पादन धेरै कमजोर छ।",0,0,0,0,1,2
2906,म चुपचाप बस्नेछु र महिलाहरूलाई होइन भन्दिन।,0,0,0,0,1,5
2907,हिमाललाई गम्भीरतापूर्वक लिनुपर्छ,1,0,0,0,0,3
2908,Aaja football match herna jada stadium bharipurna thiyo.,0,0,0,0,0,1
2909,अनलाइन किनमेलमा फोटो र वास्तविक उत्पादन बीच ठूलो भिन्नता छ।,0,0,0,0,0,3
2910,इनिहरु मान्छे नै होइनन्,1,0,0,0,0,5
2911,musalman haru lai yo desh bata khhednu prxa iniharu fohor hun,1,0,1,0,0,5
2912,Yo project ramro lagyo malai,0,0,0,0,0,1
2913,म चुपचाप बस्नेछु र महिलाहरूलाई होइन भन्दिन।,0,0,0,0,1,5
2914,यो उडान कम्पनी सह सेवा अन्तिम समयमा बेकार रिक्सा मौसम मोटो हुडा नी 3 घण्टा उडान ढिलो गरयो र फिर्ता मग्दा नी झमेला गर्क्सा खराब ग्राहक सेवा टोली वान्या ताट,0,0,0,0,0,2
2915,पुच्छर फेरी झुट बोलिस,0,0,0,0,1,4
2916,"तिमीले पैसा कमाउँछौ, तिमीले तिर्छौ, तिमीले जस्तै सबैले कमाउँछन्, गाउँका गरिबको लागि एक हजार एक रुपैयाँ एक हजार रुपैयाँ, पचपन रुपैयाँ पनि एक लाख बराबर हुन्छ भन्न मिल्दैन।",1,0,0,1,0,5
2917,Madhesi lai nepal ko kura garna suhaudaina iniharu indians daku hun border ko land khayera bideshi lai supot grxan iniharu lai nepal bata bra nikalnu prxa chitto daku,1,1,0,0,0,5
2918,आजको वृत्तचित्रले धेरै नयाँ कुरा सिकाएको छ।,0,0,0,0,0,1
2919,तेरो त्यो हा तार्किक कमेन्ट सेयर गरना लाज लगदैना का बेवकूफ तेरो दिमाग को सफ्टवेयर मृत रैक्सा हाई स्कूल को चर्लाइ वनेरा तेरो सर्टिफिकेट रद्द गरौना परक्सा मी जथा,1,0,0,0,1,5
2920,नेपालमा दिगो पर्यटनको विकासका लागि स्थानीय समुदायको सहभागिता र प्राकृतिक स्रोतको संरक्षण आवश्यक छ जैविक विविधता जोगाउन सबैले वातावरणमैत्री बानी अपनाउनुपर्छ दिगो विकास,0,0,0,0,0,1
2921,"घरको पुरानो फोटो एल्बम हेर्दा धेरै सम्झना ताजा भए, रमाइलो लाग्यो",0,0,0,0,0,1
2922,हाम्रो चोर।,0,1,0,0,0,5
2923,तिमीले लेखेको पोस्ट पढ्दा धेरै प्रश्न उठ्छन्।,0,0,0,0,1,2
2924,"तपाईं सहि हुनुहुन्छ। तर नेतृत्वमा पुगेपछि गरिब साधारण इमान्दार कार्यकर्तालाई नेतृत्वले सेवक ठान्छन् । यदि तपाईं सदस्य हुनुहुन्छ भने, जतिसुकै असहमत भए पनि भोट हाल्नुहोस् नत्र कारबाही हुनेछ! नेतृत्वले गठबन्धन गर्छ तर एमाले र माओवादीका कार्यकर्तासँग कार्यकर्ताले कुरा गर्दा पनि कांग्रेसलगायत सबै दलमा शंका गर्ने बानी छ । त्यसैले नेतृत्व गर्नुपर्छ तर सदस्यताको नाममा सदस्य र सक्रिय सदस्य बनाएर नागरिक सेवक नबनाउनुहोला ।",0,0,0,1,0,3
2925,तीन महिनाको जागिरपछि पुग्नामा सबै अन्तर्वार्ता लिइयो ।,0,0,0,0,0,2
2926,hindu dharma bekar xa.,0,0,1,0,0,4
2927,तपाईंले जानाजानी गलत व्याख्या गर्ने प्रयास गर्नुभयो।,0,0,0,0,1,2
2928,बहिनी मुजी।,0,1,0,0,0,5
2929,"आज नेपालका इन्टरनेट सेवा प्रदायकहरूले हामीलाई पुरै लुटिरहेका छन्, मूल्य यति महंगो छ तारा सुस्तता को कुरा गरि साध्यो छैना जब पानी तल मात्रै हुन्सा",0,0,0,0,0,2
2930,मन्त्रीलाई खाए,0,0,0,1,0,4
2931,"तपाईको टिप्पणी पढ्दा तपाईलाई विषयको आधारभूत ज्ञान नभएको जस्तो लाग्छ, तर विज्ञको विश्वास छ।",0,0,0,0,1,3
2932,"madhesi ta madhesi nai ho, kei hudaina",1,1,0,0,0,5
2933,सरकारले स्पष्ट जवाफ दिनुपर्छ,0,0,0,1,0,2
2934,क्रिश्चियन हारु ले गाऊँ मा डलर बधाइ हमरो भगवान को नराम्रो कुरा गररा धर्म परिवर्तन गरुड़ाईक्षण यो बिदेशी षडयन्त्र लै रास्ता मै कुनु परक्सा चित्तो दलाल,1,0,1,0,0,5
2935,तिमी पागल छौ,1,0,0,0,1,4
2936,तर मधेसले के पायो ?,0,0,1,1,0,2
2937,सुस्त इन्टरनेट एक समस्या हो।,0,0,0,0,0,2
2938,यो मन्त्रीको सम्पत्ति कसरी यति छिटो बढ्यो भन्ने छानबिन हुनुपर्छ।,0,0,0,1,0,4
2939,Yo comment padhda lagyo lekhne le article nai napadheko raixa.,0,0,0,0,1,2
2940,Delivery rider lai exact address diyeko thiye tara feri phone garirakhyo,0,0,0,0,0,2
2941,यो इलेक्ट्रिक स्कुटर को माइलेज कम्पनी ले भन्ने भान्डा अधा मात्र रिक्सा ब्याट्री तताउने समस्या नी ढेरै छ त्यसैले यो मोडेल किन नगर्नुहोस् साथीहरू ठगी मार्केटिंग गरिया तैत,0,0,0,0,0,2
2942,पाप नाटक,1,0,0,0,1,4
2943,Aru lai lecture dine tara afai rule namanne bani ramro haina.,0,0,0,0,1,2
2944,"नेपालमा मुस्लिमहरुको जनसांख्यिक परिवर्तनका कारण हरेक पहाडका मस्जिद भत्काएका छन्, आफ्नो देशमा भाइरस फैलिएका छन्, उनीहरुलाई संस्कृत भाइरसको संक्रमण भएको छ ।",1,0,1,0,0,5
2945,tero anuhar herda ris uthxa,0,0,0,0,1,4
2946,यो गीतको अन्तर्वार्ता लिने पत्रकारलाई कस्तो लाग्छ,0,0,0,0,1,3
2947,बहिनी मुजी विशेषज्ञ नबन तेरो डकैत नेता ले देश खोयो सा हमो जनता कैसे डकैत बिडे है कोने बिल्डिंग है के साथ तेरो कियो न बाको डकैत के लिए डकैत,1,1,0,0,0,5
2948,Ta ekchoti kura bujhera bol na.,0,0,0,0,1,2
2949,यस वर्ष गाउँको मेला पहिलेभन्दा धेरै व्यवस्थित भएको रहेछ।,0,0,0,0,0,1
2950,टाढाको कामले समय बचत गर्छ र एक्लोपनलाई रोक्छ।,0,0,0,0,0,3
2951,मधेसी र मधेसी समस्यामा छैनन् तर बिहारीलाई नेपालले सिकार गरिरहेको छ र सिमानामा लुकेर बसेका गुङ्गाहरूले भारत खाइरहेका छन् ।,1,1,0,0,0,5
2952,आज गाउँमा पहिलो पटक फाइबर इन्टरनेट जोडियो।,0,0,0,0,0,1
2953,यो लेख पढ्न सजिलो र जानकारीमूलक छ।,0,0,0,0,0,1
2954,muslim haru lai desh bata nikal,0,0,1,0,0,5
2955,खाते कुकुर जसो भुकिरक्सा,1,0,0,0,1,5
2956,आफ्नो स्थिति अनुसार,1,0,0,0,0,4
2957,bahun haru matra chalak,0,1,0,0,0,4
2958,yo mantri ko haat sabai kandama xa,0,0,0,1,0,4
2959,आजको यात्रा थाकेको थियो तर दृश्य सुन्दर थियो।,0,0,0,0,0,2
2960,आज गाउँको पुरानो विद्यालय हेर्दा धेरै परिवर्तन भएको रहेछ भवनहरू,0,0,0,0,0,1
2961,मुस्लिम हारु लाइ देश बता निकाल,0,0,1,0,0,5
2962,यी सांसदले करोडौं रुपैयाँ लुकाएको चर्चा छ ।,0,0,0,1,0,4
2963,"तिमी कति चतुर छौ, तिम्रो सोच खराब छ।",0,0,0,0,0,2
2964,muslim sanga kahile namila.,0,0,1,0,0,5
2965,आज गाउँमा पुरानो पानीघट्ट पुनः सञ्चालन गरिएको खबर आयो। आधुनिक प्रविधिसँगै यस्ता परम्परागत संरचना जोगिनु पनि उत्तिकै महत्त्वपूर्ण छ।,0,0,0,0,0,1
2966,yo feature useful xa,0,0,0,0,0,1
2967,yo influencer ko content copy paste matra ho,0,0,0,0,1,2
2968,"आज बिहान कलेज रियुनियनमा मेरो पुरानो स्कुल साथी हारुले मलाई भेट्न ल्यायो, कति खुसी लाग्यो, मेरा पुराना दिनहरु, हरुलाई सम्झाउँदै मनमा आयो, मनमा भरियो, रमाइलो वायो ।",0,0,0,0,0,1
2969,yo dharma manney haru lai biswas garnu hudaina,1,0,1,0,0,5
2970,त खाते कुकुर।,0,0,0,0,1,5
2971,बैंकबाट पैसा चोर्ने हो भने यो मन्त्री खुलेआम लुटेरा हो ।,0,0,0,1,0,4
2972,yo mayor ko decision thik lagena,0,0,0,1,0,2
2973,कामि हारु माथी चढोनु हुदैना,0,1,0,0,0,5
2974,यो कम्पनीको return policy बुझ्नै गाह्रो रहेछ।,0,0,0,0,0,2
2975,Ta Jasto Allare,0,0,0,0,1,4
2976,खरानी चोर फतहा,1,0,0,0,1,5
2977,तपाईले तथ्यको सट्टा भावनामा आधारित तर्क गर्दै हुनुहुन्छ जस्तो लाग्छ। त्यसैले एउटै प्रश्नको जवाफ बारम्बार परिवर्तन हुने देखिन्छ।,0,0,0,0,1,3
2978,हिजोको यात्रा थकाइलाग्दो भए पनि हिमालको दृश्य निकै सुन्दर थियो,0,0,0,0,0,1
2979,सबाई धर्मका कारण हिन्दुहरु समस्यामा परेका छन् ।,0,0,1,0,0,5
2980,आज मौसम सफा थियो भने पहाड पनि स्पष्ट देखिन्थ्यो ।,0,0,0,0,0,1
2981,"यो कसरी भयो, यो मुख्यतः नेपालको सन्दर्भमा असम्भव थियो।",0,0,0,0,0,1
2982,"तपाईं सहि हुनुहुन्छ। तर नेतृत्वमा पुगेपछि गरिब साधारण इमान्दार कार्यकर्तालाई नेतृत्वले सेवकको रुपमा लिने गरेको छ । यदि तपाईं सदस्य हुनुहुन्छ भने, जतिसुकै असहमत भए पनि भोट हाल्नुहोस् नत्र कारबाही हुनेछ! नेतृत्वले गठबन्धन गर्छ तर एमाले र माओवादीका कार्यकर्तासँग कार्यकर्ताले कुरा गर्दा पनि कांग्रेसलगायत सबै दललाई शंका गर्ने बानी छ । त्यसैले नेतृत्व गर्नुपर्छ तर सदस्यताको नाममा सदस्य र सक्रिय सदस्य बनाएर नागरिक सेवक नबनाउनु होला ।",0,0,0,1,0,3
2983,मुस्लिमहरुको के अधिकार छ ?,0,0,1,0,0,5
2984,मन्त्रीलाई के भन्नू ?,0,0,0,1,0,4
2985,Aaja bus park ma ticket line ma 1 ghanta basnu paryo.,0,0,0,0,0,2
2986,Aaja bihan ko ride ma kathmandu ko sun rise kasto clean dekhyo vanya road pani tyo bela khali thiyo long drive ko lagi perfect time rahyo aaja refreshing feel bhayo,0,0,0,0,0,1
2987,यो मोबाइलको क्यामेरा रातिको समयमा खासै राम्रो हुँदैन ।,0,0,0,0,0,2
2988,सहरमा पैदल यात्रुका लागि थप फुटपाथको आवश्यकता रहेको देखिन्छ ।,0,0,0,0,0,2
2989,यो पार्टी को नेता चोर हो यस्ले अस्पताल भवन बानुडा ४०% घूस खैरा संरचना कमजोर बनायो भोली भूकम्प आइरा जनता मारे यसलाइ नै टोक्नु परक्सा डाकु खाते नेता,1,0,0,1,0,4
2990,गैंग लड हान्ने भय आइजा अफ्नो गैंग लियारा इन्द्रचोक मा ?,1,0,0,0,1,5
2991,Tyo group ko manche dekhda nai ris uthxa,1,0,0,0,0,4
2992,क्रिस्चियन हारु बिदेशी डलर खैरा हाम्रो नेपाली गौ का सोझा सब मांक्से लाइ ढोंगी कुरा सिकौदै धर्म परिवर्तन गरुडाईक्सन इनिहरु देश को लागी ठुलो भाइरस हुन दलाल हारु चित्तो,1,0,1,0,0,5
2993,आज बिहानको सूर्योदय एकदमै सुन्दर देखियो।,0,0,0,0,0,1
2994,"यो बजेट गरिब विरोधी, नेताले रकम बढाए",0,0,0,1,0,3
2995,"क्षेत्री वन्दै मा सबाइले ठुलो तौको बन्धन पार्क वान्या जेना, कोटा रिसावत लियारा माथी एको इनिहारु को रगत मै प्राइड रा लुट हुंक्सा ब्रास्त जाट हो यो",1,1,0,0,0,4
2996,"Bahun haru le sadhai chhetri ra aru jaat lai thichera rakhna thale, yo bhrasta neta haru sabai bahun bhayera nai desh bigreko ho iniharu lai gaddi bata nikalnu parxa",1,1,0,0,0,4
2997,sala natakbaj le feed bharisakyo,1,0,0,0,1,4
2998,"तिमी पार्टीको मन्त्री हौ, चोरको नाममा बैंक खोल्छौ भने मिडियामा लिक गरेर निर्दोष जनतालाई कसरी नष्ट गर्छौ जनतालाई भन ।",0,0,0,1,0,4
2999,यो भिडियोको निर्माताले कुनै अनुसन्धान नगरी अपलोड गरेको देखिन्छ।,0,0,0,0,0,2
3000,"फाथा, खरानी चोर, अरूलाई नैतिकता सिकाउन आउँछ।",0,0,0,0,1,5
3001,बहिनी कृपया देश खानुहोस्,0,1,0,0,0,4
3002,यो एपको अधिसूचना प्रणालीलाई चिन्तित पार्ने xa।,0,0,0,0,0,2
3003,मेरो आवाज मौन रहनेछ,0,0,0,0,1,5
3004,"ग्राहक समर्थन आयो, 3 दिनको लागि सन्देश पठाइयो, नयाँ Xena जवाफ दियो।",0,0,0,0,0,2
3005,आज बिहान हराएको छिमेकीको कुकुरको बारेमा सुन्दा मलाई दुःख लाग्यो।,0,0,0,0,0,1
3006,देशमा रोजगारीको अवस्था सुधार्नुपर्छ,0,0,0,1,0,2
3007,"यो खरानी गिरोहले बनाएको होइन! तिमीले केही नगरेकोले देशमा आगो लगायौ, देश जलाए। आफ्नो होशमा आउनुहोस्।",1,0,0,1,0,4
3008,दलित लै भरोसा गर्ना सकिदिने,0,1,0,0,0,5
3009,काटी ओभरएक्टिङ्ग गरको यो मान्क्स ले।,0,0,0,0,1,2
3010,"मानसिक स्वास्थ्यको बारेमा खुलेर कुरा गर्न ढिलो भइसकेको छ, धेरैले सामाजिक पूर्वाग्रह र डरका कारण आफ्नो डिप्रेसन लुकाउँछन्, उनीहरूलाई परामर्श र सहयोग चाहिन्छ।",0,0,0,0,0,1
3011,आज पुँजी बजार नेपाल मा कस्तो भारी दुर्घटना भयौ वान्या सेयर बजार को नियम स्पष्ट नभयेर लगानीकर्ताहरु हरु पुरै आतंक मोड म छन शंकर को फाइनान्स टिम पूर्ण रुपमा असफल भएको छ ।,0,0,0,1,0,2
3012,मलाई कुरा बुझेरा बोल,1,0,0,0,1,5
3013,आजको कार्यक्रम व्यवस्थित र उपयोगी थियो ।,0,0,0,0,0,1
3014,तै जसो सी मुख वाको केती देखेरा रास्ता को कुकुर नि ठुक्सा होला @user_girl_89 मोडलिङ को नाम मा त्यो फुर ड्रेस लगायेरा छोटो भिडियो बनाउना XOD तेरो घर म रिपोर्ट पथैराक्सु,1,0,0,0,1,5
3015,यो बिक्रेता ले वारेन्टी Xa भानेरा बेच्यो तारा दावी गर्ना मिल्दाना रे।,0,0,0,0,0,2
3016,क्रिस्चियनहरू देशका शत्रु हुन्।,1,0,1,0,0,5
3017,"musalman lai biswas garna hudaina, iniharu ko ragat mai dhoka hunxa",1,0,1,0,0,5
3018,"कलेजको प्रोजेक्टमा काम गर्दा सबैजना उत्साहित देखिन्छन्, तर अन्तिम दिन नजिकिँदै गर्दा, किन सधैं सबै जिम्मेवारी दुई वा तीन जनाले काँधमा लिनुपर्ने अवस्था छ?",0,0,0,0,0,2
3019,यो bike ko mileage ramro xa tara seat comfort kam xa.,0,0,0,0,0,2
3020,अनि जिब्रो हरायो ???,0,0,0,0,0,1
3021,यो त बहनबाद हो,0,1,0,0,0,4
3022,"क्रिस्चियन हाम्रो देशको संस्कृति बनेको छ, तर हामीले हाम्रा सबै स्रोतहरू गुमाइसकेका छौं।",1,0,1,0,0,5
3023,"यो मन्त्री खुलेआम निन्दा गर्ने हो, जलविद्युत आयोजनामा ​​१०० करोड कमिसन दिए भने विदेशी कम्पनीलाई भने, त्यसपछि कसरी निर्दोष खबर गरे, नेताको सिधा चुहावट भने ।",0,0,0,1,0,4
3024,तपाईंले सहि कुरा गर्नुभयो। सामाजिक भाडामा लिनेहरू देशका गद्दार हुन्। कडा कारबाही होस।,1,0,0,1,0,4
3025,यो नेता भ्रष्टाचारको जरा हो ।,0,0,0,1,0,4
3026,ta muji chup lag,1,0,0,0,1,5
3027,khate kukur,0,0,0,0,1,5
3028,मुजी चुस्दै बलियो बास तेरो कुरैत सुन्नी वा ज़ाना सम्झन्छ,1,0,0,0,1,5
3029,आज धेरै विद्यार्थीहरू पढाइभन्दा छोटो भिडियो हेर्नमा बढी समय बिताउँछन्।,0,0,0,0,0,3
3030,आज धेरै पानी पर्यो,0,0,0,0,0,1
3031,यस्तो हरुलाइ थाउ देख्नु परक्सा,1,0,0,0,0,4
3032,संसदको पैसा चोरेर कसको नाममा सहकारी बैंकमा पैसा पठाउनुभयो र चोरेर जेल जानुभयो ।,1,0,0,1,0,4
3033,खाना मिठो थियो तारा सेवा औसत,0,0,0,0,0,2
3034,नेपालमा दिगो पर्यटन विकासका लागि स्थानीय समुदायको सहभागिता र प्राकृतिक स्रोतको संरक्षण आवश्यक छ । जैविक विविधता जोगाउन सबैले वातावरणमैत्री बानीहरू अपनाउनुपर्छ । दिगो विकास,0,0,0,0,0,1
3035,Yo neta khulla daku ho bhrastachari le passport kanda ma thulo ghus khayera bideshi lai fake identity banayo yeslai khulla sadak ma faasi dinu parxa deshdrohi sa daku chor,1,0,0,1,0,4
3036,"मुस्लिम समुदायको हैसियतमा तपाई यस संसारमा एउटा समस्या बनेको छ, जहाँ बम खसालिन्छ र आतंकवादी गतिविधि भइरहेको छ।",1,0,1,0,0,5
3037,अनलाइन फूड डेलिभरी बाटा अर्डर गारेको मोमो पुराई चिसो आयो। प्याकेजिङ रामरो थियो तारा फूड को क्वालिटी रा टेम्परेचर हर्दा पैसा टायररा वाटर सन्तुष्टि मिरर।,0,0,0,0,0,2
3038,Ta Khate Randi Ko Zoro Dharai Hero Naban FB Comment M मेरा Asli Look DDA कुकुर पानी रास्ता M Roidinx Kasto Four xo Vanya Meri Details Bholi Leak Handinxu Cyber ​​M,1,0,0,0,1,5
3039,"काठमाडौँ उपत्यकाको सार्वजनिक यातायात प्रणालीमा व्यापक सुधारको खाँचो छ, पुराना र बढी धुवाँ फाल्ने सवारी साधनलाई विस्थापित गरी विद्युतीय बसहरू सञ्चालन गर्नुपर्छ",0,0,0,0,0,1
3040,यो पार्टी देश दुबौने पार्टी हो,1,0,0,1,0,4
3041,muslim jati nai samasya ho,1,0,1,0,0,5
3042,यो मोबाइल अपडेटेड प्याक्सी ब्याट्री ब्याकअप टोटल डिजास्टर भय्यो २ घण्टा नी चल्दा कसतो बेकर सफ्टवेयर टेस्टिङ गरको होला टीम ले तैत लाग्यो फोन प्रयोग गर्ना नि,0,0,0,0,0,2
3043,दलित समुदायलाई अझै पनि मन्दिर प्रवेशमा रोक लगाउने कस्तो कुसंस्कार हो यो,0,0,0,0,0,2
3044,यो मान्छेको कुरा सुन्नु नै समयको बर्बादी हो,0,0,0,0,1,4
3045,तिमीलाई आलोचना सुन्ने धैर्य अलि कम रहेछ।,0,0,0,0,1,2
3046,Yo mantri open bhrastachari ho yesले digital nepal ko budget sab aafno real estate company m use garyo yesko sabaii property japt garera jail thunnu parxa chitto,0,0,0,1,0,4
3047,"यो नेता खुला डाकू हो, पासपोर्ट चोर्छ, भित्र पसेर खान्छ, नक्कली परिचय बनाउछ, ढोका खोल्यो भने बिचमा देशद्रोही र डाकू बन्छ ।",1,0,0,1,0,4
3048,इन्टरनेट आउटले तपाईंलाई पूर्ण रूपमा असहाय महसुस गराउँछ।,0,0,0,0,0,3
3049,विद्यालयको पुस्तकालय विस्तार भएको सुन्दा खुसी लाग्यो ।,0,0,0,0,0,1
3050,"यो नेतालाई सानो मान्छेले पिट्नु पर्छ, उसले मात्र सही छान्छ जो धेरै ठूलो छ।",0,0,0,1,0,2
3051,"यो बस बुकिंग प्लेटफर्म नगद फिर्ता योजना कुल घोटाला हो, भुक्तानी dhaye Paxi चेकआउट त्रुटि auxa ani customer care le phone na utdhaina for for software structure tat",0,0,0,0,0,2
3052,नेवार हरु संग व्यावसाय थाल्यो भने आफुलाइ पुरा ऋण मा ढकेलडियेरा आफु मात्र नाफा खाने सोच हुन्सा यो जान को कञ्जुसी र चलक बनी ले गर्द ढेराई बापर डुबे सा जाती,1,0,0,0,0,4
3053,मलाई उ मन परेन ।,0,0,0,0,1,5
3054,दलित लाइ मनदीर झिर्ना नदीनु पाप लगक्सा पक्सी प्रतिस्था घट्क्सा घर को इनिहारु को थाउ तल्लो नै ठिक Xa कोटा प्रणाली ले गर्दा देश बिगर्यो सा इनिहारु फोहोर जाती,1,1,0,0,0,5
3055,धुम्रपान स्वास्थ्यका लागि हानिकारक छ ।,0,0,0,0,0,1
3056,"नराम्रोसँग मर्ने उपाय के हो ? समाधान त चियो नि, यो कुराबाट लाखौं मानिस प्रभावित छन्",0,0,0,0,0,3
3057,christian haru le hamro dharma maye dollar ko var ma,1,0,1,0,0,5
3058,"बहू मलाई अफलाई के ठुलो ठाँउदै एक्जास, टिमराई जान ले देश को पुरा जग्या घुस खैरा साकी साक्यो टिमरो त्ययो ढोंगी संस्कार अचेल बुटसैले पत्युदानन सा",1,1,0,0,0,5
3059,तपाईंले अरूको समयलाई आदर गर्न सिक्नुपर्छ।,0,0,0,0,1,2
3060,यो वृत्तचित्रले Narration Lastay Ramero लियो।,0,0,0,0,0,1
3061,स्थानीय बजारमा उत्पादित सामानको गुणस्तर राम्रो हुँदै गएको छ।,0,0,0,0,0,1
3062,तेरो अनुहर हेर्दा रिस उठ्छ,0,0,0,0,1,4
3063,तपाई फेसबुकमा प्रतिक्रिया दिंदा कहाँ प्रतिक्रिया गर्नुहुन्छ?,0,0,0,0,1,2
3064,Yo game ko naya update paxi bugs jhan badhe.,0,0,0,0,0,2
3065,Aaja bihan ko ride ma kathmandu ko sun rise kasto clean dekhyo vanya road pani tyo bela khali thiyo long drive ko lagi perfect time rahyo aaja refreshing feel bhayo scenic nepal,0,0,0,0,0,1
3066,यो नेता खुलेआम चोर हो ।,0,0,0,1,0,4
3067,म यो पार्टीको कामबाट दिक्क भएँ ।,0,0,0,1,0,3
3068,"भाउजु तिमी विज्ञ छौ, देशको नेता बन्न सक्दैनौ, दलितलाई घूस दिनु पर्छ, उनीहरुलाई दिनुभएको छ, आफ्नो संस्कृति राख्नुपर्छ र थुक्ने छौ ।",1,1,0,0,0,5
3069,यो मोबाइलको क्यामेरा राति खासै राम्रो छैन।,0,0,0,0,0,2
3070,"तिमिले राईक्सा तिरे, गार्ने तारिका निको गर",1,0,0,0,1,4
3071,प्रमाण बिना केहि विश्वास गर्न गाह्रो छ।,0,0,0,0,0,1
3072,"नहेरेर सेयर गर्नु भएको खबर गलत हो, अलिकति बुझ्नुहोस् ।",0,0,0,0,1,2
3073,जय नेपाल तपाईको प्रेरणादायी प्रस्तुति को लागी,0,0,0,0,0,1
3074,आज पुरानो फोटो हेर्दा धेरै सम्झना आए।,0,0,0,0,0,1
3075,स्थानीय पुस्तकालयमा विद्यार्थीहरूको उपस्थिति बढेको देख्दा खुशी लाग्यो।,0,0,0,0,0,1
3076,तिमीले स्रोत नखुलाइ तथ्य भनेजस्तो गर्यौ।,0,0,0,0,1,2
3077,यो संसद को नेता हरु सबाई घूसखोर डाकु हुन भ्राताचार काण्ड सबाइको ठुलो छ तारा सम्मान लुकेरा आफुलाइ साहित्य जसो देखौना खोज्न थाईत के हारु,1,0,0,1,0,4
3078,मुस्लिम हारु सबाइ लाइ निकालनु परक्सा नात्र देश मा का परक्सा,1,0,1,0,0,5
3079,सार्वजनिक यातायातमा सरसफाइमा पनि ध्यान दिनुपर्छ ।,0,0,0,0,0,1
3080,"आजको मौसम निकै रमाइलो छ, घुम्न निस्किनु पर्ला",0,0,0,0,0,1
3081,यो उडान कम्पनीको सेवा लास्टै बेकर रिक्सा मौसम ठिक हुडा नी ३ घण्टा उडान ढिलो गरयो अनि फिर्ता माग्दा नि झमेला गर्क्सा खराब ग्राहक सेवा टोली वान्या तैत,0,0,0,0,0,2
3082,मुस्लिम जात नै यो दुनिया को ठुलो वायरस हो जहाँ गए नी क्रान्ति रा लडाई बहिह केई जनदानन इनिहारु लाई नेपाल बता चित्तो निकलनु पार्कस नत्र हमारा संस्कार सकिन्क्स फुर वायरस,1,0,1,0,0,5
3083,त एकछोटी कुरा बुझेरा बोल न यार जेपीटी के कन्फ्युजन फेलइराक्सस टिमरो हवा कन्फिडेन्स डेरा मलाइ लाज लागेरा औक्सा साथि जाउ र अनुसन्धान पहिले ठीक छ,0,0,0,0,1,2
3084,Yo neta khulla daku ho bhrastachari le bank ko kaisen lutera bidesh pathayo yesko xora bidesh ma luxury car ma ghumxa tara hami janta bhane petrol ko price badhyo bhandai runxam,0,0,0,1,0,4
3085,म पदको लोभमा परेको छैन,0,0,0,0,0,1
3086,@politician_name thug ra khate,0,0,0,1,1,5
3087,mayor chor muji,0,0,0,1,1,5
3088,टिमी संग बहस गरनु भान्डा दिवालसंग कुरा गरनु सजिलो xa bd,1,0,0,0,1,3
3089,मधेसी हो या मधेसी नै हो,1,1,0,0,0,5
3090,मुस्लिम हारु ले देश बिगरे सबलाई थाहा छ यो कुरा के व्यान,1,0,1,0,0,5
3091,यो नेता जेल जानु पर्ने मान्छे,0,0,0,1,0,4
3092,Yo party ko kp oli ra rabi bhrastachari hun iniharu le saba janta ko cooperative fund chorera bideshi bank ma rakheko direct praman xa yo daku haru lai rasta m knu parxa,1,0,0,1,0,4
3093,Yo internet provider ko fiber broken problem jhaile hunxa weekly adha din net nai chaldaina tara bill vane time mai linxan kasto loot company ho yo tait lagyo,0,0,0,0,0,2
3094,"आजको खाना धेरै स्वादिष्ट थियो, विशेष गरी अचार धेरै स्वादिष्ट थियो।",0,0,0,0,0,1
3095,"यो इन्टरनेट प्रदायकमा हरेक हप्ता इन्टरनेट बिनाको आधा दिनसम्म फाइबर फुट्ने समस्या हुन्छ र एकै समयमा बिल जाँदैन, तपाईले कम्पनी लुट्नु पर्छ।",0,0,0,0,0,2
3096,Yo software ko interface herda modern dekhinxa tara actual workflow ma dherai unnecessary steps raixa। User experience ma ajhai kaam garna parne dekhiyo।,0,0,0,0,0,2
3097,machikne comment garna matra auxas,1,0,0,0,1,5
3098,साला जबो ज्ञान,0,0,0,0,1,5
3099,"विद्यालयमा खेलकुदलाई पनि प्राथमिकता दिनुपर्छ, चौतर्फी विकास आवश्यक छ ।",0,0,0,0,0,1
3100,बहिनी मुजी धराई विज्ञ नबन तेरो जाट के डाँका नेता ले देश खायो सा हमारी जनता कैसे लुटेरा बिदे है किन के निर्माण हो सक्ता है के सायी सकियो आबा ।,1,1,0,0,0,5
3101,muslim jati nai yo sansar ko thulo samasya ho jaha gae ni bomb daune ra terrorist activity grxan iniharu lai nepal ma basne kunai adhikar xaina khhednu prxa veda haru virus,1,0,1,0,0,5
3102,यो मन्त्रीको सम्पत्ति अनुसन्धान गर्नुपर्छ।,0,0,0,1,0,4
3103,शालिन भद्र नेता हुन्,0,0,0,0,0,1
3104,"यो शङ्करले खुलेआम लुट्यो हेर्दा, नेपाल बसे, खादीमा पसिना बगाए, बगानुलाई राम्रो लाग्न थाल्यो, सिमाना जाँच नगरी खोजी समुहमा पस्यो ।",0,0,0,1,0,3
3105,यो स्मार्ट घडी ब्रान्ड को स्टेप ट्र्याकर कुल नक्कली रैक्सा साइकल चलुडा नी स्वचालित स्टेप काउन्ट बधिरक्सा ब्याट्री लाइन नि १ दिन मात्र x सबैभन्दा खराब खरीद निर्णय लग्यो मलाइ टाइट,0,0,0,0,0,2
3106,"newar haru lastai kanjus hun, paisa khana matra khojxan jb",1,0,0,0,0,4
3107,महानगरपालिकाले सडक किनारको फोहोर व्यवस्थापनमा ध्यान दिनु आवश्यक देखिन्छ,0,0,0,0,0,2
3108,म देशलाई राम्रो बनाउन आएको छु ।,1,0,0,0,0,4
3109,आजकाल सस्तो लाइकको लागि जे पनि पोस्ट गर्ने चलन बढेको छ।,0,0,0,0,0,3
3110,"तपाईं बहस जित्न खोज्दै हुनुहुन्छ, विषय बुझ्नुभएको छैन। त्यसैले प्रश्नको जवाफ भन्दा फरक फरक देखिन्छ।",0,0,0,0,1,3
3111,"यस जातिको मनलाई बुद्धि भनिन्छ, हरेक दिन व्यर्थ संस्कार र राग काट्ने बहु, इनिहारु ले गर्द गाँउ को थिति सबि बिगरिसक्यो मलिन जात हारु।",1,1,0,0,0,5
3112,"मुस्लिम जाति को रागो काट्ने बनी रा इनिहारु को फोहोर संस्कृति ले गर्दा हाम्रो गौ मा ढेरै झगडा हुन थाल्यो, यो धर्म को माँक्से हारु लाई साथि बनाउ नै ठुलो गल्ती हो",1,0,1,0,0,5
3113,मधेशीलाई कहिल्यै विश्वास गर्न सकिँदैन,1,1,0,0,0,5
3114,neta le exam pani pass gareko hoina,0,0,0,1,0,4
3115,नेपालको रैथाने कला र हस्तकला सामग्रीको अन्तर्राष्ट्रिय बजारमा ठूलो माग छ सरकारले यस्ता घरेलु उद्योगहरूलाई प्रवर्द्धन गर्न अनलाइन प्लेटफर्म र एक्स्पोहरूको व्यवस्था गरिदिनुपर्छ उद्योग,0,0,0,0,0,1
3116,यो नेता खुलेआम लुटेरा हो ।,0,0,0,1,0,4
3117,यो वेबसाइट बाटा कपडा अर्डर गरको कास्तो थर्ड क्लास कपडा पाठको वान्या साइज नि म्याच क्सीना कलर नि फेडेड एक्सए रिटर्न पॉलिसी पानी कुल जाल हो यो साइटबाट नकिन्नुहोस्,0,0,0,0,0,2
3118,बाइक सर्भिसिङ गारेपक्सी माइलेज अली रामरो भयो जसो xa।,0,0,0,0,0,1
3119,मुस्लिमहरू देशको व्यापारमा गर्व गर्छन्,0,0,1,0,0,5
3120,machikne Khate,1,0,0,0,1,5
3121,भाउजुले भात हेरिन्,0,1,0,0,0,5
3122,यो एपको अपडेटपछि battery jhan chado sakina thalyo.,0,0,0,0,0,3
3123,आज बिहानैदेखि पानी परिरहेको छ । यो मौसममा झ्यालको छेउमा तातो कप चिया र मनपर्ने किताब लिएर बस्न अरु केही नचाहिने जस्तो लाग्छ ।,0,0,0,0,0,1
3124,"डिजाइनर द्वारा उत्कृष्ट प्रस्तुति, आधुनिक लेआउट हेर्न को लागी आकर्षक छ",0,0,0,0,0,1
3125,बाइक सर्भिसिङ Garepxi माइलेज अली रामरो भयो जसो XA।,0,0,0,0,0,1
3126,साला नाटकबाज ले भरिसक्यो,1,0,0,0,1,4
3127,आजको documentary ले धेरै नयाँ कुरा सिकायो।,0,0,0,0,0,1
3128,मुस्लिम समुदाय प्रति घरिना फलौने हारु खतर हुन ।,0,0,0,0,0,2
3129,यदि तपाइँ डिजिटल भुक्तानी विधिहरू प्रयोग गर्नुहुन्छ भने तपाइँ ठगीको जोखिम चलाउनुहुनेछ।,0,0,0,0,0,3
3130,hindu ko buddhi testai,0,0,1,0,0,4
3131,अभयारण्य द्वारा।,0,0,0,0,1,5
3132,kami haru lai kaam matra suhaunxa,0,1,0,0,0,5
3133,hindu lai dekhda ris uthxa,0,0,1,0,0,4
3134,तपाईं नम्बर एक हुनुहुन्छ,1,0,0,0,1,4
3135,यो निर्णयले विद्यार्थीमा दबाब बढेको देखिन्छ ।,0,0,0,0,0,2
3136,त्यसपछि मैले फ्यानले नम्बर घटाएको देखेँ।,1,0,0,0,1,4
3137,यो टोली बिगार्क्सासको निषेधित मनोवृत्ति हो।,1,0,0,0,1,5
3138,यो मेयरले विकासको नाममा पैसा खायो भन्ने कुरा धेरै ठाउँबाट सुनिएको छ।,0,0,0,1,0,4
3139,हिजो काठमाडौंबाट पोखरा जाँदा सडकको अवस्था सोचेभन्दा नाजुक थियो ।,0,0,0,0,0,2
3140,christian lai rokna parxa natra sabai bigrinxa.,0,0,1,0,0,5
3141,मुस्लिम हारु लाइ देश बाटौना पर्क्सा ।,1,0,1,0,0,5
3142,मैले बहिनीलाई गर्वले हेरेँ ।,0,1,0,0,0,4
3143,हामीले सार्वजनिक स्थानहरू सफा राख्न सिक्नुपर्छ।,0,0,0,0,0,1
3144,"यो नेताले निर्वाचित भएर देशलाई खुलेआम लुटिरहेको छ, निर्दोषको खजाना चोरेर घूस लिएर बेचेको छ, यो देश विरोधी नेताको डाँकु हो ।",1,0,0,1,0,4
3145,Ta jasto allare lai ke tha reality k ho tei vnya go to school first,1,0,0,0,1,3
3146,तँले बारम्बार एउटै गलत जानकारी फैलाइरहेको छस्।,0,0,0,0,1,3
3147,कहाँ छन् पहाड र कहाँ छन् सच्चा मधेसी जनता ?,1,0,0,0,0,3
3148,मुस्लिम हारु लाइ देश बता निकाल,0,0,1,0,0,5
3149,christian haru le purai nepali katha bigari sake bideshi paisa m bikhera,1,0,1,0,0,5
3150,राम्रो उपलब्धि,0,0,0,0,0,1
3151,तँले अरूको मेहनतको श्रेय लिन खोजेको स्पष्ट छ।,0,0,0,0,1,3
3152,कार्यक्रम सफल रहोस्,0,0,0,0,0,1
3153,Ta lai kura ko sur nai tha xaina hero banna k aako k comment m,0,0,0,0,1,3
3154,यो समुदायले देशलाई पछाडि पारेको छ,1,1,0,0,0,4
3155,Aaja cricket match ma unexpected upset result ayo.,0,0,0,0,0,1
3156,Yo website bata cloth order gareko kasto third class fabric pathako vanya size ni match xaina color ni faded xa return policy pani total trap ho don't buy from this site,0,0,0,0,0,2
3157,यो नेता भ्रष्टाचारको जड हो।,0,0,0,1,0,4
3158,"मुस्लिमहरु आज नेपालमा निर्दोष हिन्दुत्व धारण गरेर मस्जिद बनाएर बस्न थालेका छन्, उनीहरुले सनातनलाई आफ्नो सारा तौल गुमाइसकेका छन् ।",1,0,1,0,0,5
3159,खाताको नक्कली स्क्रिनसट हलक्सा,0,0,0,0,1,4
3160,Internet speed ko advertisement jasto performance kahile dekhinna.,0,0,0,0,0,2
3161,आउनुहोस् र सामुदायिक कार्यशालामा ई-वेस्टबाट उपयोगी सजावटी वस्तुहरू बनाउने तालिम लिनुहोस्। पुरानो समान लाइ फेरी उपयोगी बनाउना सकिने रिक्सा वानेरा तहा पाये ।,0,0,0,0,0,1
3162,यो भवनको डिजाइन राम्रो छ तर पार्किङको व्यवस्था कमजोर छ ।,0,0,0,0,0,2
3163,christian sanstha haru le dollar ko var ma nepal ko sabyata kaye sabaलाई afno bheda banaye yo bideshi conspiracy lai rasta mai nikalera thnu parxa chitto,1,0,1,0,0,5
3164,ta pagal jasto bolxas.,0,0,0,0,1,4
3165,yo ta kami ko bani,0,1,0,0,0,4
3166,केवल आधारभूत सीपहरू सिक्नुहोस्,1,0,0,0,1,5
3167,दलित भाई यो काम गर्खा,0,1,0,0,0,4
3168,तिमीले तथ्यभन्दा अनुमान धेरै प्रयोग गरिरहेका छौ।,0,0,0,0,1,2
3169,खाते कुकुर,0,0,0,0,1,5
3170,यी सांसद माफियासँग जोडिएका धेरै कुरा बाहिर आएका छन् ।,0,0,0,1,0,4
3171,Laptop ko keyboard 1 barsa mai problem din thalyo.,0,0,0,0,0,2
3172,ta Khate,1,0,0,0,1,4
3173,"आज रक्तदान शिविर आयोजना गरेकोमा हाम्रो स्थानीय युवा क्लबलाई बधाई छ, यस्ता सामाजिक गतिविधिहरू अत्यन्तै सराहनीय र समाजको लागि धेरै आवश्यक छ।",0,0,0,0,0,1
3174,तपाईंले स्क्रिनसट सम्पादन गरेर गलत जानकारी फैलाउँदै हुनुहुन्छ जस्तो देखिन्छ।,0,0,0,0,1,4
3175,RSVP का यस्ता बदमाशहरुलाई कारबाही हुनुपर्छ,0,0,0,1,0,4
3176,Musalman haru nepal ko demographic change garna aayeka hun mosque badhaundai hamro pahadi gau ma fohor garna thale iniharu lai belai ma khhednu prxa natra sanskriti virus,1,0,1,0,0,5
3177,Yo mantri le india bata rishwat khayera kosi becheko thulo praman niskya xa,0,0,0,1,0,4
3178,तिमी चोर हौ,1,0,0,0,1,5
3179,"Customer support lai 3 din dekhi message gareko, reply nai xaina.",0,0,0,0,0,2
3180,Tero tyo ha face liyera instagram ma reels banayera afulai k model thandai xas @manchhe_90 tero body structure dera sabaile comment ma hasiraxan fake id id banayera khate,1,0,0,0,1,5
3181,यो पार्टी देश दुबौने पार्टी हो,1,0,0,1,0,4
3182,"Yo influencer ko recommendation follow gareko, tara product disappointing raixa.",0,0,0,0,0,2
3183,चोर मन्त्रीले तुरुन्त हाटौं परक्सा ल्याए,1,0,0,1,0,4
3184,राम्रो उपलब्धि,0,0,0,0,0,1
3185,"अब एक दिन मौसमले अन्तिममा ताजाता पाउँछ, त्यसैले वृद्धवृद्धा आधा घण्टा पार्कमा जान्छन्, आजको व्यस्त जीवनमा शारीरिक स्वास्थ्य कायम राख्न आवश्यक छ।",0,0,0,0,0,1
3186,मुस्लिम हरु लाइ यो देश बता खेदनु प्रक्स इनिहारु फोहोर हुन,1,0,1,0,0,5
3187,कहिलेकाहीँ प्रत्यक्ष संचार सामाजिक सञ्जाल भन्दा बढी प्रभावकारी हुन्छ।,0,0,0,0,0,1
3188,यो भुसिया कुकुरलाई ध्यान चाहिएको मात्र हो,1,0,0,0,1,5
3189,कामी हारु लाइ माथी चडौडा यसै हुंक्सा,1,1,0,0,0,5
3190,bahun muji.,0,1,0,0,0,5
3191,सामाजिक सञ्जालमा धेरै नक्कली गुरुहरू छन्।,0,0,0,0,0,3
3192,"मुस्लिम राष्ट्र संसारकै समस्या हो, जहाँ जहाँ बम खस्यो, आतंकवादी गतिविधि हुन्छ, उनीहरूलाई नेपालमा बस्ने अधिकार हुनुपर्छ ।",1,0,1,0,0,5
3193,Yo app ko naya update paxi settings khojna nai garo bhayo.,0,0,0,0,0,2
3194,घरको पुरानो फोटो एल्बम देखेर धेरै सम्झनाहरु तानेर रमाइलो भयो ।,0,0,0,0,0,1
3195,यो नेता जनताको शत्रु हो ।,0,0,0,1,0,4
3196,नेपाललाई सुक्खा भूमि बनाएका मधेसी र भारतीयले सिमानाको जमिन खाए तर नेपाल कब्जा गर्ने विदेशीले पनि केही डाँकुहरू निकाले ।,1,1,0,0,0,5
3197,"ल्यापटप को किबोर्ड १ बरसा मै समस्या दिन थालियो, खराब गुणस्तर",0,0,0,0,0,2
3198,"यो मेयर को डिजिटल टोकन सिस्टम कुल फेल हो, लाइन बस्न पर्ने झमेला जान बढ्यो सफ्टवेयर टेस्टिंग नई नगरी शुरू गरपक्सी यसै हुन्सा जनता लै दुख मात्र।",0,0,0,1,0,2
3199,"ब्रो यो राजनीतिज्ञ ले आफनो काम गर्दिन, बिलकुल बेकार छ #Nepal #Sarkar",0,0,0,1,0,3
3200,यति महँगो टिकट लिएर पनि यस्तो व्यवस्थापन हुनु दुःखद हो रंगशालामा,0,0,0,0,0,2
3201,"तपाईं घडीको नम्बर एक झोला हुनुहुन्छ, सायद गणतन्त्रका लागि खतरा हुनुहुन्थ्यो, त्यसपछि दुर्गा प्रसाईंका भक्त, राप्रपाका माननीय कार्यकर्ता, संसदीय उम्मेदवार, संसदको उम्मेदवार भएपछि पैसा जफत भयो, अहिले अन्धो भक्त हुनुहुन्छ भनी सोचिरहनुभएको छ, अब अर्को चुनावमा टिकट पाउँछु भनेर पत्याउनुभएको छैन ।",0,0,0,1,0,4
3202,मधेसीलाई कहिल्यै विश्वास गर्न सकिँदैन,1,1,0,0,0,5
3203,"आजको मौसम एकदमै रमाइलो छ, घुम्न जानुपर्छ",0,0,0,0,0,1
3204,यो एपको खोजी सुविधा अपेक्षित रूपमा सही छ।,0,0,0,0,0,2
3205,लडाको बाँध दार चिक्ने तलाई बाँध डर लाग्यो साला झोल,1,0,0,0,0,5
3206,यस मान्चे लाइ सहनु हुदैना,1,0,0,0,0,4
3207,मुस्लिम लाइ देश बता हातौं परक्सा,1,0,1,0,0,5
3208,यो पार्टीले देश बर्बाद गरेको छ,1,0,0,1,0,4
3209,आज एक सुखद दिन थियो,0,0,0,0,0,1
3210,यो समुदायले देशलाई पछाडि धकेलिरहेको छ ।,1,1,0,0,0,4
3211,ग्राहक समर्थन lai 3 दिन देखी सन्देश गरको जवाफ नाइ दिईना,0,0,0,0,0,2
3212,Bro tyo neta lai kura garna aaudaina khulla chor ho uo tyo road ko contract ma yesle afno xora ko company lai 20 crore ko ghotala garayera contract diyeko sabailai thaha xa,0,0,0,1,0,4
3213,यी सांसद माफियासँग जोडिएका धेरै कुरा बाहिर आएका छन् ।,0,0,0,1,0,4
3214,क्रिस्चियनहरू देशको लागि समस्या हुन्।,0,0,1,0,0,5
3215,"यो मेयरको निर्णय जनताले लिनुपर्छ, जनतालाई कर तिर्न कस्तो नियम बनाउनुपर्छ, पार्क कस्तो बनाउने र फुटपाथमा बस्ने गरिबलाई सहयोग गर्ने कस्तो नियम छ ?",0,0,0,1,0,2
3216,के तिमी आफ्नो बहिनीलाई शासन गर्छौ?,1,1,0,0,0,4
3217,"नेपालले ल्यायो वास्तवमा २ बाघ म बधेरा, यो मधेसी ल्यायो उता मा परदिनु पार्क जसो",0,1,1,0,0,5
3218,यो संसद अपर्दि साला,0,0,0,1,1,5
3219,भरतस्ताचारी जहाँ पानी फैलिन्छ भारतस्ताचार गर्खा नै,0,0,0,0,0,2
3220,Aaja local gym ma training kasto high level vayo vanya personal trainer le garda muscle pump ekdam clear dyo proper diet follow garna parxa aba chitto,0,0,0,0,0,1
3221,"यो प्रधानमन्त्रीले प्रधानमन्त्रीको निर्देशनमा गाडी चलाएर निर्दोषको मालसामान सिमामा पु¥याउने, भारतलाई एक्लै छाडेर यो उपत्यकालाई देशद्रोही भनेर खाएको छ ।",1,0,0,1,0,5
3222,"ग्राहक समर्थन लाइ 3 दिन देखी सन्देश गरको, जवाफ नाइ छ।",0,0,0,0,0,2
3223,यो नेता खुलेआम चोर हो,1,0,0,1,0,4
3224,भर्चुअल रियालिटी हेडसेट लागेरा ऐतिहासिक साइट को डिजिटल टुर गरको थिये। शारीरिक रूपले जन नसके पानी थुपराइ कुरा कल्पना गर्ना सजिलो भयो।,0,0,0,0,0,1
3225,यो मोबाइलको क्यामेरा रातिको समयमा खासै राम्रो हुँदैन ।,0,0,0,0,0,2
3226,आजा पहली छोटी आफनाई किचन मा पिज्जा बनाको कास्तो स्वादिष्ट भयो वान्या बिदेश को रेस्टुरेन्ट भाँडा सस्तो र ताजा थियो परिवार सबाइले एकदम मन पराए,0,0,0,0,0,1
3227,कृपया आफ्नो दिमाग प्रयोग गर्नुहोस्,0,0,0,0,1,5
3228,Yo neta chor ho yesले rabi lai fasauna pura chal khelyo,1,0,0,1,0,4
3229,यो नेता कुनै दलालको एजेन्ट जस्तो देखिन्छ।,0,0,0,1,0,4
3230,तँले comment section lai purai toxic banais.,0,0,0,0,1,4
3231,Ramro initiative ho,0,0,0,0,0,1
3232,प्रधानमन्त्रीले बजेट घोषणा गरे,0,0,0,1,0,4
3233,सभ्य नेता,0,0,0,0,0,1
3234,तँले हरेक बहसलाई व्यक्तिगत आक्रमण किन बनाउँछस् ?,0,0,0,0,1,2
3235,dalit haru lai bharosa garna sakidaina.,0,1,0,0,0,5
3236,तपाईं सन्दर्भ नबुझेर निष्कर्षमा जानुहुन्छ।,0,0,0,0,1,3
3237,muslim haru le desh bigare sabaलाई thaha xa yo kura k vnya,1,0,1,0,0,5
3238,"Yo video clip herda electronics ko price nepal ma kasto mahango lagyo k, bidesh bhanda double price parne raixa kasto lt ho yo sankar le tax matra badhauna jandxa",0,0,0,0,0,2
3239,मधेसीले अन्धविश्वास त्याग्नुपर्छ,1,1,0,0,0,5
3240,Food delivery ko charge badheko badhei xa.,0,0,0,0,0,3
3241,dalit haru lai biswas garna garo xa.,0,1,0,0,0,5
3242,दलित बेकार छन् ।,0,1,0,0,0,5
3243,Madhesi ta Madhesi nai ho iniharu ko dukan ma gaeera hera kasto fohor hunxa k pure nepal ko system fohor banaune kam iniharu ko nai ho indians dalal haru hun sa,1,1,0,0,0,5
3244,"Yo mayor ko digital token system total failed ho, line basna parne jhamela jhan badhyo software testing nai नगरी launch garepaxi janta lai dukha matra software crash",0,0,0,1,0,2
3245,Yo party ko mantri khulla chor ho yesle sarak nirmarn ko adha budget afno pariwar ko company ma transfer garayera thulo ghotala garyo yesko property japt gari rasta mai thnu prxa,1,0,0,1,0,4
3246,तिमी के को पागल छौ?,0,0,0,0,1,4
3247,"Timi lai aalochana sunnai man naparne raixa kasto egoistic manxe raixau, afno galti huda ni ulto aru lai nai dosh dine bani ekdam bekar ho timro sudhra",0,0,0,0,1,2
3248,सार्वजनिक स्थानमा धुम्रपान नगर्ने बानीको विकास गर्नुपर्छ ।,0,0,0,0,0,1
3249,मुस्लिमहरुको के अधिकार छ ?,0,0,1,0,0,5
3250,आज बजारमा नयाँ बाइक राइड टेस्ट गरको कास्तो डायनामिक कन्ट्रोल रिक्सा वान्या एक्सेलेरेशन नी लिनियर एक्सए डेली कम्युट को लगी यो मोडल एकदम बेस्ट विकल्प हो ब्रस सुपर मोडल,0,0,0,0,0,1
3251,मुजी हवा विश्लेषक।,0,0,0,0,1,5
3252,खाली टिप्पणी खण्ड छोड्नुहोस् र विशेषज्ञ पुरुषहरू फेला पार्नुहोस्।,0,0,0,0,1,2
3253,खाते ले फेरी फेक स्क्रिनसट हलेर हिरो बना खोजेक्सा यो प्रयोगकर्ता ले,1,0,0,0,1,4
3254,"मधेसी मधेसी होइनन्, आफ्नो रक्षा गर्न सक्दैनन्",1,1,0,0,0,5
3255,"Muji kasto common sense nabhako veda raixau tyo fake link ma click garera afulai k thulo thandai xas, tero gyan herda tero ximeki lai ni laj lagxa hola jtha chup lag",1,0,0,0,1,5
3256,Yo mobile updated paxi battery backup total disaster bhayo 2 ghanta ni chaldaina kasto bekar software testing gareko hola team le tait lagyo phone use garna ni,0,0,0,0,0,2
3257,"यो होटेलमा रामरो खाना पक्सा, येइ जानु हजुर हारु",0,0,0,0,0,1
3258,यो podcast सुन्दा समय बितेको नै थाहा भएन।,0,0,0,0,0,1
3259,"मुस्लिम जाति नै समस्य हो, जुन देश मा गए नी फोहोर र लडात ग्रक्सन",1,0,1,0,0,5
3260,यो संसद अपर्दि साला,0,0,0,1,1,5
3261,कफी अन्तिम मिथो रिक्सा,0,0,0,0,0,1
3262,यो सांसद त खुल्लमखुल्ला दलाल हो भन्ने कुरा जनताले बुझिसके।,0,0,0,1,0,4
3263,"भाउजु, सबै कुरा मिल्यो ।",0,1,0,0,0,4
3264,dalit lai mathi chadhaunu hudaina,1,1,0,0,0,5
3265,तेरो अनुहर डेरा रिस उठ्सा सा खाते कुकुर तेरो बौ ले यस्तो नै सिकाको थियो रास्ता मा गायरा भुकना @user_name_90 तेरो औकात Xaina tyo comment मा बोल्ने,1,0,0,0,1,5
3266,शिक्षा सुधार आवश्यक छ,0,0,0,1,0,2
3267,तँले comment section मा अरूलाई पढ्न सिकाउने तर आफ्नै लेखाइमा आधारभूत तथ्यगत गल्ती गर्ने कुरा चाहिँ अलि हास्यास्पद देखियो।,0,0,0,0,1,3
3268,अहिले स्थानीय बजारमा अर्गानिक टर्कीको माग बढ्दै गएको छ ।,0,0,0,0,0,1
3269,यो मोबाइल क्यामेरा दिनमा राम्रो छ तर रातमा धेरै प्रभावकारी छैन।,0,0,0,0,0,2
3270,टिमले स्रोत प्रमाणित नगरी साझा जानकारी आइले सम्मा डिलिट पानी करी अक्सनौ। अरु ले सुधार दिदा उपेक्षा गर्ने बनी रामरो हैना।,0,0,0,0,1,3
3271,सहिदहरुले न्याय पाउनुपर्छ ।,0,0,0,0,0,1
3272,"निजी बोर्डिङ स्कुलका शिक्षकलाई के छ राहत ? विदेशमा शौचालय सफा गर्नेले पनि पेन्सन पाउँछन्, नेपालमा विद्यार्थीको भविष्य बनाउने शिक्षकलाई किन भेदभाव ?",0,0,0,1,0,2
3273,"बोरु कुकुरको योनीको मुख यस्तो छ, बहादुर केटा स्वर्गमा छ।",0,0,0,1,1,3
3274,तिमीले अरूको कुरा बीचमै काट्ने बानी सुधार।,0,0,0,0,1,3
3275,नेपाललाई सुक्खा भूमि बनाएका मधेसी र भारतीयले सिमानाको जमिन खाए तर नेपाल कब्जा गर्ने विदेशीले पनि केही डाँकुहरू निकाले ।,1,1,0,0,0,5
3276,"Newar jaat ko manxe haru jaha gae ni afno faida matra herxan, bapar ko nam ma janta lai lutxan iniharu ko ragat mai kanjusi ra bhrastachar hunxa tait fohor gaddar jati",1,0,0,0,0,4
3277,अहिले स्थानीय बजारमा अर्गानिक टर्कीको माग बढ्दै गएको छ ।,0,0,0,0,0,1
3278,तपाईं कति वर्षको हुनुहुन्छ?,0,1,0,0,0,4
3279,"यो दलका नेता चोर, तिमी भ्रष्ट, तिमी भ्रष्टाचार काण्ड, तिमीले गरेका छौ, तिमीले सहकारी बैंकलाई पैसा दिएका छौ, तिमीले भवनको पैसा लेख्यौ, तिमीले डकैती बनायौ, सहकारी बैंकलाई पैसा दिएका छौ ।",1,0,0,1,0,4
3280,"तिमीले पैसा कमाउँछौ, तिमीले तिर्छौ, तिमीले जस्तै सबैले कमाउँछन्, गाउँका गरिब जनताका लागि एक हजार एक रुपैयाँ बराबर एक हजार रुपैयाँ र पचपन रुपैयाँ पनि एक लाख बराबर हुन्छ भन्न मिल्दैन।",1,0,0,1,0,5
3281,"नेपाल प्रहरीलाई नयाँ काम, सम्पादन बनायो, अरु ठूलो केस त गर्ना सक्दिन",1,0,0,1,0,4
3282,"मधेसी हो मधेसी नै हो, कुन मानिसमा बुद्धि छ ?",1,1,0,0,0,5
3283,तपाईलाई सबै कुरा अनौठो लाग्छ।,0,0,0,0,1,2
3284,त जसो मुर्खा संग कुरा मिलन सक्दिन।,1,0,0,0,1,4
3285,इन्टरनेट आउटले तपाईंलाई पूर्ण रूपमा असहाय महसुस गराउँछ।,0,0,0,0,0,3
3286,तेरो अनुहर कुकुर जसो xa @manchhe123 पहली आना आना आयना,1,0,0,0,1,5
3287,interesting perspective,0,0,0,0,0,1
3288,यो मोबाइल अपडेटेड प्याक्सी ब्याट्री ब्याकअप कुल आपदा भयो २ घण्टा नी चल्दा कसतो बेकर सफ्टवेयर परीक्षण गरको होला टीम ले तैत लाग्यो फोन प्रयोग गर्ना नि सा,0,0,0,0,0,2
3289,यस विषयमा थप अध्ययन आवश्यक छ,0,0,0,0,0,2
3290,christian haru le gaun gaun ma dollar badhdai hamro bhagwan ko naramro kura garera dharma parivartan garaudaixan yo bideshi conspiracy lai rasta mai knu parxa chitto,1,0,1,0,0,5
3291,तिमीले लेखेको कुरा पढ्दा विषय नै नबुझेको जस्तो लाग्यो।,0,0,0,0,1,3
3292,यस कम्पनीको ग्राहक समर्थन समाधान भन्दा एक बहाना हो।,0,0,0,0,0,3
3293,"अहिलेसम्म जनताको कुरा सुनेको छैन । अहिले वा तपाईं अघि होइन 
तपाईं एक व्यक्ति हुनुहुन्छ जसले उहाँलाई जे सही लाग्छ त्यही गर्नुहुन्छ। थाहा छैन। कुरा गर्ने",0,0,0,0,1,2
3294,अब म मेरो राष्ट्रको लागि न्यायको आशा गर्दछु,0,0,0,0,0,1
3295,tero logic zero,0,0,0,0,1,4
3296,यस्तो देखिन्छ कि यो समीक्षा लेख्ने व्यक्तिले उत्पादन पनि प्रयोग गरेको छैन।,0,0,0,0,1,2
3297,मुस्लिमहरूले देशलाई धम्की दिइरहेका छन्।,1,0,1,0,0,5
3298,काटी ओभरएक्टिङ्ग गरको यो मान्क्स ले।,0,0,0,0,1,2
3299,यो देश को लागी बिकास हुन्सा जसो खाना है,0,0,0,1,0,3
3300,"यस्तो राम्रो प्रस्तुति दिनुभएकोमा धेरै धन्यवाद सर, धेरै कुरा सिक्न पाइयो",0,0,0,0,0,1
3301,"क्रिस्चियन हारु ले हमरो संस्कृति नास्ता गारे, मसीहा को डॉलर को वर मा चल्दा जान",1,0,1,0,0,4
3302,Yo mayor ko decision malai thik lagena janta ko thulo tax liyera park banako xa tara footpath ko garib bapar lai ladkhana badhya garyo kasto niyam ho yo,0,0,0,1,0,2
3303,मानसिक स्वास्थ्यको बारेमा खुलेर कुरा गर्न ढिला भइसकेको छ समाजमा रहेको अन्धविश्वास र डरका कारण धेरै मानिसहरू डिप्रेसन लुकाएर बस्छन् उनीहरूलाई काउन्सिलिङ र सहयोगको खाँचो हुन्छ सपोर्ट,0,0,0,0,0,1
3304,haha ramailo comment,0,0,0,0,0,1
3305,जति सम्झाए पनि एउटै गल्ती दोहोरिनेछ।,0,0,0,0,1,3
3306,तेरो त्यो मि मुख लियारा ढेराई लेक्चर नाडे @nepal_boy_10 तेरो मानक कुकुर को पुई जसै xa fb m पोस्ट हलेर अफुलै थुलो नबन तेरो विवरण लीक गरिरक्सु भोली,1,0,0,0,1,5
3307,शिक्षामा सुधार आवश्यक छ,0,0,0,1,0,2
3308,"तिमी पार्टीको ठुलो चोर, तिमी देशको मुर्ख ।",1,0,0,1,0,4
3309,क्रिस्चियन हारु विदेशी डलर खयरा हमरो नेपाली गौ का सोझा सबा मनके लाइ ढोंगी कुरा सिकौदै धर्म परिवर्तन गरूडाक्सन इनिहारु देशमा थुलो भाइरस हुन दलाल चिट्टो,1,0,1,0,0,5
3310,यति ढुक्क भएर गलत कुरा कसरी भन्नुभयो ?,0,0,0,0,1,3
3311,मा सहमत चैन तारा सम्मान गरकसु,0,0,0,0,0,2
3312,आजको podcast सुन्दा समय बितेको नै थाहा भएन।,0,0,0,0,0,1
3313,"यी मन्त्रीको सम्पत्ति यति छिटो कसरी बढ्यो, छानबिन हुनुपर्छ ।",0,0,0,1,0,4
3314,यो जातका मान्छे कहिल्यै सुध्रिँदैनन्,1,1,0,0,0,5
3315,आजा फुटबल खेल यहाँ जाड स्टेडियम भरीपूर्ण थियो ।,0,0,0,0,0,1
3316,नेवार हरु संग काम गरयो भने गद्दर मात्रा दुख्स स इनिहारु आफनो चलाक बुद्धी ले सबाइको लाभ खयर बस्सन यो जात को अस्तित्व नै लुट मा अधारिक्स तैत,1,0,0,0,0,4
3317,हिन्दू हरु पक्सी परेका,0,0,1,0,0,4
3318,christian haru le sanskriti bigare,0,0,1,0,0,4
3319,muji chup lagera basa,1,0,0,0,1,5
3320,तँले फेरि उही झुट दोहोर्याइरहेको छस्।,0,0,0,0,1,3
3321,घूसखोरी र लैङ्गिक कोटा प्रणालीमा दिदीबहिनी बेच्ने संस्कृतिको गुलाम बनेका छौ ।,1,1,0,0,0,5
3322,"मुस्लिमलाई मस्जिद भनेर बोलाएर र आवाज निकालेर सबैलाई छटपटी भयो, यो धर्मलाई माला लगाएर नेपाल ल्यायो मा धरै खुल्ला जद्दीनु नै संकर को ठुलो गल्ति हो भाई",1,0,1,0,0,5
3323,त्यो बकवास के हो?,1,0,0,0,1,3
3324,"राम्रो प्रस्तुति सर, धेरै स्पष्ट र बुझ्ने वास्तुकला",0,0,0,0,0,1
3325,"Ta ekchoti kura bujhera bol na sathi, jpt kina boldai xau",0,0,0,0,1,2
3326,यो सडक छिट्टै बनाउनुपर्छ,0,0,0,0,0,1
3327,उनी गुफादी पुगिन्,1,0,0,0,1,5
3328,नेपालका प्राविधिक प्रतिभालाई स्रोतसाधनको अभावबाट मुक्त गराउन सरकारले क्रिप्टो र फ्रीलान्सिङमा लाग्ने कर कानूनलाई हटाउने निर्णय गरेको भए पनि सरकारले व्यस्त युवालाई मात्रै छनोट गर्न सक्नेछ ।,0,0,0,1,0,2
3329,तिमीले अरूको समयको सम्मान गर्न सिक्नुपर्छ।,0,0,0,0,1,2
3330,आज स्थानीय समुदायले नदी किनार सरसफाई अभियान सुरु गरेका छन् । यो बाहिर जान्छ कि साना प्रयासहरूले पनि वातावरणमा सकारात्मक प्रभाव पार्न सक्छ।,0,0,0,0,0,1
3331,हिन्दु हारु मुर्खा,0,0,1,0,0,4
3332,आज साथीहरूसँग भेट भयो,0,0,0,0,0,1
3333,यो हस्की कुकुरलाई मात्र ध्यान चाहिन्छ,1,0,0,0,1,5
3334,Kharani chor fataha tero pol bholi m kholiraxu cyber ma parkhi,1,0,0,0,1,5
3335,हामी धोखा गर्दैनौं।,0,0,0,0,0,1
3336,ta pagal,1,0,0,0,1,4
3337,christian haru le sab bigare,0,0,1,0,0,5
3338,yo mayor le crore khaidiyo,0,0,0,1,0,4
3339,आजको खाना स्वादिष्ट थियो,0,0,0,0,0,1
3340,Yo seller le photo ma dekhaeko jasto saman nai pathayena.,0,0,0,0,0,2
3341,यो course ma practical content ali kam lagyo malai.,0,0,0,0,0,2
3342,त्यो बकवास के हो?,1,0,0,0,1,3
3343,यो नेता र ठेकेदारको मिलेमतो स्पष्ट देखिन्छ।,0,0,0,1,0,4
3344,"म बेकार छु, मलाई थाहा छैन के गलत छ।",0,0,0,0,0,1
3345,yo barema mero farak bichar xa,0,0,0,0,0,2
3346,"त्यसपछि त्यहाँ एक ठग थियो, उसले मेरो कार्यालयमा छापा मार्यो र त्यसपछि त्यहाँ आगजनी भयो।",1,0,0,0,1,5
3347,नेपो बेबी भनेर आइले को मन्त्री चाइ के ?,0,0,0,1,0,3
3348,मधेसी र मधेसीले नेपालबाट आफ्नो अधिकार गुमाएका छन् र निर्दोष सीमा भूमिमा सात भारतीयको अधिकार खोसेर आफ्नो सिमानाका देशद्रोही हुन् ।,1,1,0,0,0,5
3349,"Kami jaat ko manxe haru ko xora xori dherai mathi chadhna thale, quota system le garda real talent paxadi paryo iniharu ko kaam tei purano फलाम पिट्ने नै ठिक थियो",1,1,0,0,0,5
3350,"गलत सूचना हटाउनुको सट्टा, तपाईंले यसलाई फैलाउनुभयो।",0,0,0,0,1,4
3351,ट्राफिक लाइट बिगरेको कसले देखाइना...गल्ती नहुदा नहुदा छल काटेको देखाइना...,0,0,0,0,0,2
3352,"आज पुस्तकालयमा बसेर धेरै काम भयो, एकदम शान्त वातावरण",0,0,0,0,0,1
3353,विद्यालयको अवस्था सुधारिनुपर्छ,0,0,0,0,0,1
3354,कफी राम्रो थियो तर सेवा धेरै सुस्त थियो।,0,0,0,0,0,2
3355,आज कार्यालयमा नयाँ कर्मचारीहरूलाई स्वागत कार्यक्रम राखिएको थियो।,0,0,0,0,0,1
3356,सधैं अरुको काममा गल्ती खोज्ने तर समयमै आफ्नो जिम्मेवारी पूरा नगर्ने बानी कहिले बदल्ने ?,0,0,0,0,1,3
3357,yo neta jail janu parne manche,0,0,0,1,0,4
3358,यो एपको नयाँ डिजाइन पुरानोभन्दा झन् अप्ठ्यारो लाग्यो।,0,0,0,0,0,2
3359,दलित भयेरा थुलो कुरा,0,1,0,0,0,4
3360,"Yo party bhrastachari ko party ho, kura thulo kaam zero yesko",1,0,0,1,0,4
3361,hindu bahek aru dharma bekar hun sanatan dharma nai sabai vanda clean ra purano ho bideshi dollar m bikera dharma parivartan garne haru sabai narak jandxan sathi veda,1,0,1,0,0,4
3362,"राई लिम्बु हरु बिदेशी डलर खैरा हाम्रो नेपाली संस्कार बेचदै छन, इनिहारु को दिमग म बुद्धी ज़ैना मातो को मात्र कुरा गरि जनता लाई मुर्खा बनाउक्सन फोहोर जाती दलाल हुन",1,1,0,0,0,4
3363,"कलेजको प्रोजेक्टमा काम गर्दा सबैजना उत्साहित देखिन्छन्, तर अन्तिम दिन नजिकिँदै गर्दा, किन सधैं सबै जिम्मेवारी दुई वा तीन जनाले काँधमा लिनुपर्ने हुन्छ?",0,0,0,0,0,2
3364,अनलाइन कक्षामा माइक्रोफोन समस्याका कारण पूरै सत्र अवरुद्ध भएको थियो ।,0,0,0,0,0,2
3365,यो सांसद माफियासँग जोडिएको छ भन्ने धेरै कुरा बाहिर आएका छन्।,0,0,0,1,0,4
3366,सरकारी पैसा यसरी खाने,0,0,0,1,0,4
3367,तिमि संग बहस गरनु भान्डा दिवालसंग कुरा गरनु सजिलो xa bd,1,0,0,0,1,3
3368,यस एपको प्रयोगकर्ता इन्टरफेस पुरानो संस्करणमा भ्रमित छ।,0,0,0,0,0,2
3369,Kura bujhdai nabujhi react garne haru dherai xan.,0,0,0,0,0,2
3370,खाद्यान्न वितरणको गुणस्तरमा ह्रास,0,0,0,0,0,3
3371,संसद ले आयोग खंक्सा मात्र,0,0,0,1,0,4
3372,क्रिस्चियन हारु ले संस्कृति बिगार्छ,0,0,1,0,0,4
3373,"Bahun muji afulai k thulo thandai xas, tero din sakiyo aba",1,1,0,0,0,5
3374,सबै दुःखको कारण यही हो,1,0,0,0,0,4
3375,यो नेता देशका लागि खतरा हो ।,0,0,0,1,0,4
3376,"Yo mayor ko dcision thik lagena malai, poor management k layout",0,0,0,1,0,2
3377,यति ढुक्क भएर गलत कुरा कसरी भन्नुभयो ?,0,0,0,0,1,3
3378,फिल्मको कथा कमजोर थियो तर अन्त्य भने कमजोर थियो ।,0,0,0,0,0,2
3379,सधै अरुलाई दोष दिने तर आफ्नो गल्ती नस्वीकार्ने बानी कहिले छोड्ने ?,0,0,0,0,1,3
3380,रोचक परिप्रेक्ष्य,0,0,0,0,0,1
3381,Muji chup lagera basa tero kura kasaile sunne wala xaina,1,0,0,0,1,5
3382,"आजको खाना स्वादिष्ट थियो, विशेष गरी अचार स्वादिष्ट भयो",0,0,0,0,0,1
3383,आजको पुस्तक समीक्षा कार्यक्रम निकै उपयोगी लाग्यो।,0,0,0,0,0,1
3384,Aaja bihan library ma basera pura important project report sakiyo kasto utpadanshil din rahyo aaja peace environment thiyo so focus ekdam dynamic vayo mero sathi report,0,0,0,0,0,1
3385,pahadi haru sadhai hepaha hunchan,1,0,0,0,0,4
3386,प्रमान चैन तारा यो पक्का दोषी हो,0,0,0,1,0,4
3387,गाउँमा नयाँ सडक बने पनि गुणस्तर कमजोर देखियो।,0,0,0,0,0,3
3388,मेसिन सवारी गुफा,1,0,0,0,1,5
3389,"गलत सूचना हटाउनुको सट्टा, तपाईंले यसलाई फैलाउनुभयो।",0,0,0,0,1,4
3390,"यो मन्त्रीले पूरै बजेट चिकित्सा सामग्रीमा खर्च गरे, मानिसहरूलाई बिरामी बनाए, सरल उपायहरू गरे, र आफ्नो परिवारको लागि दिनहुँ बाटो खोल्यो भने मात्र ढोका खोलेको छ।",1,0,0,1,0,4
3391,पुरा भिडियो नहेरी प्रतिक्रिया दिनुभएको जस्तो लाग्छ।,0,0,0,0,1,2
3392,के तपाइँ स्थानीय बसको लागि तिर्नुहुन्छ?,0,0,0,0,0,3
3393,yo mantri taskari ma sanlagna xa,0,0,0,1,0,4
3394,आज बिहान पहिलो पटक इलेक्ट्रिक स्कुटर लिएर अफिस गएँ। पेट्रोलको खर्च त घट्ने देखियो तर चार्जिङ स्टेशनको अभावले लामो दूरीको यात्रा गर्दा अझै केही असहज महसुस भयो।,0,0,0,0,0,1
3395,Madhesi ta Madhesi nai ho iniharu ko ragat mai bihari ko kura hunxa nepal ko khayer ni india ko gungan gauuuxan yiniharu lai border par nai lakednu parxa chitto daku jaat,1,1,0,0,0,5
3396,कसो हवा कुरा गरको के टिम ले सामान्य ज्ञान भान्ने चिज नै छैना जसो नभुजी पोस्ट सेयर गररा जनता मा कन्फ्युजन फेलौने बनी झोडा ब्रो परिपक्व बन्न सिका तैत जेपीटी,0,0,0,0,1,2
3397,कामी हारु निकम्मा,0,1,0,0,0,5
3398,तँले आफ्नो गल्ती अरूमाथि थोपर्न खोजेको स्पष्ट देखिन्छ।,0,0,0,0,1,3
3399,तिमीलाई आलोचना सुन्नै मन नपर्ने रहेछ।,0,0,0,0,1,2
3400,sala jabo kura liyera hero banna khojxa,1,0,0,0,1,4
3401,तेरो औकट कसैना तो व्यापार चल्ने @shyam_biz चोर जसो मुख वाको ठग हो तेरा कम्पनी को सबी धोखाधड़ी मा भोली अनलाइन लीक गार्डिन्क्सु तेरा ग्राहक सब भगक्षण आनी था पेनक्सास,1,0,0,0,1,5
3402,"टेलिमेडिसिन सेवालाई ग्रामीण क्षेत्रसम्म पुर्‍याउन सकिएमा, दुर्गम जनताले पनि समयमै विज्ञ चिकित्सकबाट सल्लाह र उपचार पाउन सक्ने भएमा सरकारले यसमा लगानी बढाउनु निकै सकारात्मक कदम हुनेछ ।",0,0,0,0,0,1
3403,राई लिम्बु जात ले साधै बिदेशी मास्टर को डलर खैरा आफनो देश को संस्कृति बेचदै छन इनिहारु को दिमाग मा नेपाली को माया ज़ैना बिदेशी दलाल हुन इनिहरु सब्बै फोहोर,1,1,0,0,0,4
3404,शिक्षा ऐनमै शिक्षा शिक्षकको माग पूरा गर्ने व्यवस्था गरिनुपर्छ,0,0,0,0,0,1
3405,madhesi lai biswas garna sakidaina,1,1,0,0,0,5
3406,muslim haru sanga business nagara,0,0,1,0,0,5
3407,ta harami.,0,0,0,0,1,5
3408,मुस्लिम हारु खतरा समुदाय हुन।,1,0,1,0,0,5
3409,Madhesi lai nepal ko kura garna suhaudaina iniharu border daku hun border ko land khayera india lai supot grxan iniharu lai nepal bata bra nikalnu prxa chitto daku bihari,1,1,0,0,0,5
3410,आजा काठमाडौ मा बिहान ढेरै बरसा पक्सी ताजा हिउँ परेको जास्तो शीतल हावा चल्यो कास्तो स्वच्छ सबाइको दिन रमाइलो वायो होला ट्र्याकिङ जसै लाग्यो रिङ रोड घुम्दा नी आजा ठीकसँग,0,0,0,0,0,1
3411,यो पार्टीका नेताले विदेशी कम्पनीलाई पैसा दिएर सिंगो देश लुटेर जेल हालेका छन् ।,1,0,0,1,0,4
3412,Ta jasto bewakuf sanga kura garnu nai samayako barbadi ho mi,1,0,0,0,1,5
3413,अहिले स्वदेशी पर्यटकमा ट्रेकिङ लोकप्रिय भएको छ ।,0,0,0,0,0,1
3414,"सधैँ अरूको फोटोमा मात्र कमेन्ट गर्ने, आफ्नै काम कहिले गर्ने हो नि ?",0,0,0,0,1,2
3415,हिन्दुहरु मुर्ख हुन् ।,0,0,1,0,0,5
3416,यो मेयर ले जग्गा कब्जा गैर्यो,0,0,0,1,0,4
3417,"तपाईले जे भन्नुभयो, कसैले तपाईलाई विश्वास गर्दैन",0,0,0,0,1,4
3418,Musalman jati ko ragat ma nai virus hunxa jaha gae ni mosq banayera hami hindutva lai attack grxan iniharu lai nepal bata xito bahira pathunu prxa natra shanti harunxa s s,1,0,1,0,0,5
3419,यी खाताहरू हुन् जुन इजरायली एजेन्टहरू खान बाध्य छन्। इजरायललाई बेच्नुहोस्,1,0,0,1,0,5
3420,"जमिन सुकाउन नेपाल लगे मधेसी जनता, सिमानाका डाँकाले भारतको जमिन खाए, नेपाली जनताले आफ्नो जमिन खोसे र बिहारी डाँका",1,1,0,0,0,5
3421,मुस्लिमले हातौना परक्सा ल्याए ।,1,0,1,0,0,5
3422,हङयाङका हनुमान पनि मुस्कुराउँछन्,1,0,0,0,1,3
3423,आजको खाना अलि बढी नुनिलो भयो।,0,0,0,0,0,1
3424,kami sanga bihe gardina ma,1,1,0,0,0,5
3425,Yo party ko neta kp oli chor ho desh ko pura jggya bideshi company lai ghus khayera becheko xa yesko xora xori lai jail halera samapati japt garnu parxa,1,0,0,1,0,4
3426,Chor neta haru le desh dubaera saki sake aba janta aafai rasta ma na-utra samma yo neta haru ko thulo tauko badhiraxan iniharu sabai lai goli thknu parxa daku chor neta,1,0,0,1,0,4
3427,मैले त्यसमा मन लगाए ।,0,0,0,0,1,5
3428,यस गाउँमा पर्यटन बढे पनि फोहोर व्यवस्थापनमा कसैको ध्यान गएको छैन ।,0,0,0,0,0,3
3429,हिन्दुको बुद्धि परीक्षण,0,0,1,0,0,4
3430,tyo समुदायहरू बुद्धिको लागि परीक्षण गरिएको छैन,1,0,0,0,0,4
3431,मेरी आमा मकहाँ आउनुभयो,0,0,0,0,1,5
3432,यो नेता ठग हो।,0,0,0,1,0,4
3433,यो फोटो सम्पादन धेरै सफा देखिन्छ।,0,0,0,0,0,1
3434,आजको कार्यशालाबाट धेरै नयाँ कुरा सिकियो ।,0,0,0,0,0,1
3435,बुहारीको बुद्धि परीक्षण,0,1,0,0,0,4
3436,यो नेता लाइ भोली नै गद्दी बाता निकेलेरा पातलो परक्सा लुटेरा,1,0,0,1,0,4
3437,"नेपालको पर्यटन प्रवद्र्धन गर्नुपर्छ, डिजिटल मार्केटिङ आवश्यक छ",0,0,0,0,0,1
3438,"हिन्दू धर्म बेकार छ, सनातन धर्म सात लोकमा छ, पुरानो दुनियाँ स्वच्छ छ, हिन्दू धर्म परिवारमा भारतीय डलर छ, वेदको साथ संसार नरकमा छ।",1,0,1,0,0,4
3439,यो मंत्री ले आफनो झोरा लै थुलो पोस्ट घुस ख्वायरा दिएको हो घोटाला,0,0,0,1,0,4
3440,अरूलाई अवरोध गर्ने बानी सुधार गर्नुहोस्।,0,0,0,0,1,3
3441,यी मन्त्रीको सबै व्यवहार शंकास्पद देखिन्छ।,0,0,0,1,0,4
3442,क्रिस्चियन हरु ले गांव गाँउ मा डलर बधाइ हमरो भगवान को नरामो कुरा गेरा धर्म परिवर्तन गरूडाक्षन यो विदेशी षड्यन्त्र लै रास्ता मै कानु पर्क्ष चित्तो,1,0,1,0,0,5
3443,दलित बेकार छन् ।,0,1,0,0,0,5
3444,"Exam ko result aayo, mehenat anusaar ko result pauda khusi lagyo sathi",0,0,0,0,0,1
3445,"बहू मलाई अफलाई के धराई स्मार्ट ठान्दाई पहुँच, तेरो जात को चोर नेता हरु ले देश लुटेरा भेलाए के, ढोंगी प हरु तेरो गुफ सुनेरा हमी लाई रिस उठस सा",1,1,0,0,0,5
3446,यो नेता चोर हो।,0,0,0,1,0,4
3447,"बहिनी, तिमीले देशको शासन गर्नेछौ, र म तिमीलाई मेरो दिन सिकाउनेछु।",1,1,0,0,0,4
3448,अहिले पुरानो तस्बिर प्रदर्शनीको मण्डपमा पहिरन लगाएका छौ ।,0,0,0,0,0,1
3449,मुस्लिम समुदाय समस्यामा छ,1,0,1,0,0,5
3450,"Newar jati bhandasi kanjusi ko thulo tauko hun iniharu, jaha gae ni s s afno kaisen matra herxan aru sabaiko paisa kasari khane vanne soch vako gaddar fohor jaat ho",1,0,0,0,0,4
3451,यो पूर्ण बकवास व्याख्या हो।,1,0,0,0,1,3
3452,गाउँमा नयाँ पुल बनेपछि आवतजावत सजिलो भएको छ।,0,0,0,0,0,1
3453,"मधेसी हो मधेसी नै हो, कुन मानिसमा बुद्धि छ ?",1,1,0,0,0,5
3454,मुस्लिम हारु सबाई आतंकवादी हुन बता चित्तो निकलनु प्रक्सा इनिहारु,1,0,1,0,0,5
3455,यो नेता खुलेआम लुटेरा हो जसले राहदानी चोर्छ र भित्र पसेर खान्छ र नक्कली परिचय बनाउँछ ।,1,0,0,1,0,4
3456,आज बच्चा बेलालाई टेलिस्कोपले चन्द्रमाको सतह देखाएर कौतुहलता जगाएको जस्तो महसुस भयो। व्यावहारिक रूप मा विज्ञान Herda Zhan Ramailo Hudo Raiksa।,0,0,0,0,0,1
3457,धुम्रपान स्वास्थ्यका लागि हानिकारक छ ।,0,0,0,0,0,1
3458,भाइ दलित भएर देश चलायौ भने मेरो देशको नागरिक बनाएर मलाई मुर्ख बनाउछौ र मेरो सबै अधिकार तिमिलाइ दिनेछौ ।,1,1,0,0,0,4
3459,muji chup lagera bas,0,0,0,0,1,5
3460,सबै कुरा बाउलामा कसले ल्यायो ?,1,0,0,0,1,4
3461,"पहिलो दिन जिममा आउनुहोस्, तपाईंले पहिले शरीर सफा गरेको देख्नुहुनेछ।",0,0,0,0,0,1
3462,मुस्लिम हारु लाइ देश बाटौना पर्क्सा ।,1,0,1,0,0,5
3463,"कसो हावा कुरा गर्यो के, थाह छेना भने किन कमेन्ट गरन एको ला",0,0,0,0,1,2
3464,muslim haru lai desh bata nikalnu parxa,1,0,1,0,0,5
3465,tero post kasto bekar,0,0,0,0,1,4
3466,यस वर्षको पुस्तक मेलामा धेरै नयाँ लेखकहरुको सहभागिता देखिएको छ ।,0,0,0,0,0,1
3467,विगतको तुलनामा यस वर्ष गाउँ मेलाको आयोजना गरिएको छ ।,0,0,0,0,0,1
3468,"तिमी कति चतुर छौ, तिम्रो सोच खराब छ।",0,0,0,0,0,2
3469,"नेपालको जैविक विविधता र प्राकृतिक सौन्दर्यलाई जोगाउनु हाम्रो कर्तव्य हो, पर्यटन प्रवर्द्धन गर्दा पर्यावरणलाई असर नपर्ने गरी दिगो विकासको अवधारणा अपनाउनु पर्छ",0,0,0,0,0,1
3470,चोर नेता हारु ले देश दुबैरा साकी साके अब जनता आफै रास्ता मा नउत्रा सम्मा यो नेता हारु को ठुलो तौको बधिराक्षन इनिहारु सबाई लाइ गोली थ*कुनु पर्क्सा,1,0,0,1,0,4
3471,"पहिलो पटक भाँडा कार्यशालामा भाग लिनुहोस्, रोचक अनुभव लिनुहोस्।",0,0,0,0,0,1
3472,देश खाए,1,0,0,0,0,4
3473,तँलाई कति पटक सम्झाउनु पर्ने हो ?,0,0,0,0,1,2
3474,दलित भयेरा थुलो कुरा नगर।,0,1,0,0,0,5
3475,तपाईंले जानाजानी गलत स्क्रिनसट साझा गर्नुभएको छ।,0,0,0,0,1,3
3476,टोलीको ठूलो प्रयास,0,0,0,0,0,1
3477,"यो मन्त्री ले राजिनामा दिनु परक्सा, यस्को भ्रास्ताचार को अडियो एलके भय",0,0,0,1,0,3
3478,"हामी तपाईलाई मालीको रूपमा सामेल गर्नेछौं, हामी हाम्रो घरको हेरचाह गर्नेछौं।",1,1,0,0,0,5
3479,हिन्दुहरु सबै गलत भन्छन्।,0,0,1,0,0,5
3480,"तिम्रो मन मोटो छ xsaina jasto axa, पागल हो @user1",1,0,0,0,1,4
3481,damai ko kura ke sunne,0,1,0,0,0,5
3482,तिनीहरूले कहिल्यै राम्रो गर्दैनन्,1,0,0,0,0,4
3483,Today market ma naya bike ride test gareko kasto dynamic control raixa vanya acceleration ni linear xa daily commute ko lagi yo model ekdam best option ho bross,0,0,0,0,0,1
3484,एक किसानले किसानले जस्तै २ करोड कर कमाउन सक्छ,0,0,0,1,0,2
3485,"हिन्दू धर्म बेकार छ, सनातन धर्म सात लोकमा छ, पुरानो दुनियाँ स्वच्छ छ, हिन्दू धर्म परिवारमा भारतीय डलर छ, वेदको साथ संसार नरकमा छ।",1,0,1,0,0,4
3486,मलाई तेरो अनुहर कुकुर को पुई जसो एक्स एफबी मा आयरा धेरिया ज्ञान नादे तेरो वास्तविक स्थान था xa मला घर मै आयरा टोकदिन्सु धेरिया नायक नबन सा खाते जथा अल्लारे,1,0,0,0,1,5
3487,"सिंहदरबारमा केमिकल जलाउने प्रबन्ध, कसले र कहाँबाट प्रयोग गर्छ, 'विद्वान' इन्जिनियरहरूद्वारा
 बनाएको? यी सबै चिन्ताहरू राष्ट्रिय मानव अधिकार प्रतिवेदनमा प्रतिबिम्बित होस्!",0,0,0,1,0,2
3488,"तपाईंले फेसबुकमा कुनै ठाउँ फेला पार्न सक्नुहुन्न जहाँ तपाईं आफ्नो वास्तविक स्थान फेला पार्न सक्नुहुन्छ, जहाँ तपाईं आफ्नो नायक जहाँ पनि फेला पार्न सक्नुहुन्छ।",1,0,0,0,1,5
3489,yo dharma lai rokna parxa,0,0,1,0,0,5
3490,सरकारी पैसा यसरी खाने,0,0,0,1,0,4
3491,तिमी धर्म खान्छौ,0,0,1,0,0,4
3492,जय नेपाल तपाईको प्रेरक प्रस्तुति को लागी,0,0,0,0,0,1
3493,क्षेत्री को नाटक,0,1,0,0,0,4
3494,आज खेतमा पानी पुगेपछि किसानहरू निकै खुशी देखिन्थे।,0,0,0,0,0,1
3495,यो समूह लाइ रोकना पर्क्सा,1,0,0,0,0,4
3496,मेसिन टिप्पणी शहर,1,0,0,0,1,5
3497,सप्ताहन्तमा मेरो परिवार बाहिर गएर एकअर्कालाई चिन्ने वरिपरि घुमे।,0,0,0,0,0,1
3498,कहिलेकाहीँ तपाईले सोशल मिडियाबाट ब्रेक लिन आवश्यक छ।,0,0,0,0,0,1
3499,यो headphones ko sound quality ramro xa tara build quality average lagyo.,0,0,0,0,0,2
3500,mantri ko sabai degree nakali re,0,0,0,1,0,4
3501,"मधेसीले नेपालीको पहिचान चोरेका छन्, आफ्नो पहिचान गुमाउनेहरू नै हुन् ।",1,1,0,0,0,5
3502,जनताले बुझे यो सांसद खुला दलाल हो ।,0,0,0,1,0,4
3503,विद्यालयको अवस्था सुधार्नुपर्छ,0,0,0,0,0,1
3504,यो नेता अपराधी हो ।,0,0,0,1,0,4
3505,"अन्तर्वार्तामा झुटा जवाफ ! राप्रपाका नेता तथा सांसदहरुलाई नहटाएको भए आज देशमा 
आगो बलिरहेको थियो! हिजो ओली र लेखकलाई कुन निकायले छानबिन गरी पक्राउ गर्यो ? 
कार्की आयोगको प्रतिवेदन मात्रै होइन ?",0,0,0,1,0,2
3506,आज पुरानो क्यामेरा फेला पर्दा धेरै सम्झना ताजा भए।,0,0,0,0,0,1
3507,Yo party ko neta chor ho yesle hospital building banuda 40% ghus khayera structure weak banayo bholi earthquake aaeera janta mare yeslai nai toknu parxa daku,1,0,0,1,0,4
3508,यो संसद कालो धन्दा मा परीक्षा,0,0,0,1,0,4
3509,यो क्यूरेट अली भ्रम यदि,0,0,0,0,0,2
3510,लुटिएको सबै पैसा फिर्ता गर्नु धेरै डरलाग्दो छ।,0,0,0,0,1,3
3511,tero post kaso bekar,0,0,0,0,1,4
3512,तेरो जसो फुर दिमाग वाको मांक्से एफबी मा धरै बैल आबा भाग,1,0,0,0,1,4
3513,हिन्दु लै देख्दा रिस उठ्छ,0,0,1,0,0,4
3514,hindu bahek aru dharma bekar hun sanatan dharma nai sabai vanda clean ra purano ho bideshi dollar m bikera dharma parivartan garne haru sabai narak jandxan sathi,1,0,1,0,0,4
3515,देशमा उद्योगको विकास हुनुपर्छ,0,0,0,1,0,2
3516,डेलिभरी शुल्क लिनुहोस् र अर्डरको आधा मात्रा पठाउनुहोस्।,0,0,0,0,0,2
3517,यो उत्पादन औसत देखिन्छ,0,0,0,0,0,2
3518,तिनीहरू देशद्रोही हुन्,1,0,0,0,0,5
3519,क्रिश्चियन हारु ले डॉलर को वार मा धर्म परिवर्तन गरूडैक्सन,1,0,1,0,0,5
3520,तपाई कमेन्ट सेक्शन लाइ पुराई विषाक्त बनाइस।,0,0,0,0,1,4
3521,"आजा स्थानीय फुटसल प्रतियोगिता हर्न गाको, फाइनल खेल लास्टै प्रतिस्पर्धात्मक थियो ।",0,0,0,0,0,1
3522,सेवा अली ढिलो रैक्सा,0,0,0,0,0,2
3523,हिन्दु बाहेक अरु धर्म बेकर,1,0,1,0,0,4
3524,"Customer care ma 4 choti phone gare, tara problem jastako tastai xa.",0,0,0,0,0,2
3525,टाढाको कामले समय बचत गर्छ र एक्लोपनलाई रोक्छ।,0,0,0,0,0,3
3526,यो सडक छिट्टै बनाउनुपर्छ,0,0,0,0,0,1
3527,तिमीले बारम्बार एउटै गलत सूचना फैलाइरहन्छौ।,0,0,0,0,1,3
3528,"तपाईले सुझाव दिंदा यो व्यक्तिगत आक्रमण जस्तो किन लाग्छ? यदि कसैले गल्ती औंल्याएमा, यसलाई सुधार गर्ने अवसरको रूपमा पनि लिन सकिन्छ।",0,0,0,0,1,2
3529,"Pahadi haru le sadhai madhesi ko bhedbhav gareko xan tara chunab ko bela matra vote maunxan, aba madhesi janta le pani aafno adhikar ko lagi larna parne bela aaisakyo",1,0,0,0,0,3
3530,तिमी र समाचारमा खासै फरक छैन ।,0,0,0,0,0,2
3531,पार्टीका मन्त्री खुलेआम भ्रष्ट छन् भने उनको परिवारको आधा बजेट कम्पनीमा सरेको छ र उनीहरुको सम्पत्ति जफत गरिएको छ ।,1,0,0,1,0,4
3532,आजको आधा दिन यातायात चल्यो ।,0,0,0,0,0,3
3533,"Ta jasto mi allare lai k thaha kura ko depth sa kukur jasto bhukiraxas comment ma aayera, tero reality sabaiko agadi lyayera tero ijjat chat parxu parkhi",1,0,0,0,1,5
3534,तपाईंको सुझाव उपयोगी छ,0,0,0,0,0,1
3535,यस्तो छ कि तपाईलाई सामान्य शिष्टाचार पनि थाहा छैन।,0,0,0,0,1,3
3536,Aaja family sanga basera purana album heriyo.,0,0,0,0,0,1
3537,नेवार हारु साधाइ अफनै फैदा हरक्सन,1,0,0,0,0,4
3538,मैले तपाईको लामो पोस्ट पढें तर निष्कर्षमा पुग्दा मैले सुरुमा गरिएका दावीहरूलाई समर्थन गर्ने कुनै ठोस आधार फेला पार्न सकिन।,0,0,0,0,1,2
3539,haha धेरै टिप्पणीहरू,0,0,0,0,0,1
3540,अनलाइन कक्षा मा माइक्रोफोन समस्या ले पुरा सत्र डिस्टर्ब भययो।,0,0,0,0,0,2
3541,yo sansad kala dhanda ma xa,0,0,0,1,0,4
3542,यो प्रधानमन्त्री खुलेआम बदमाश हुनुहुन्थ्यो जसले राष्ट्र बैंकबाट सुन चोरेर सुन घोटाला गर्यो ।,0,0,0,1,0,4
3543,खरानी चोर,1,0,0,0,1,4
3544,बस पार्कमा आउनुहोस् र 1 घण्टा टिकट लाइनमा पर्खनुहोस्।,0,0,0,0,0,2
3545,हिजो राती छिमेकीको घरमा बिहेको भोजमा यति कोलाहल भयो कि निन्द्रा लागेन । खुसी मनाउने आफ्नो ठाउँ छ तर अरुको खुसी र आराममा पनि अलिकति ध्यान दिनुपर्ने देखिन्छ ।,0,0,0,0,0,2
3546,अहिले पुरानो तस्बिर प्रदर्शनीको मण्डपमा पहिरन लगाएका छौ ।,0,0,0,0,0,1
3547,तिमीले पढेको जस्तो देखाउन खोजे पनि कुरा मिलेन।,0,0,0,0,1,3
3548,Yo party ko mantri thulo thag ho yesले aafno chora ko name ma bank kholera janta ko kaisen purai bhrastachar garyo sab praman bholi leak hudaixxa media bata,0,0,0,1,0,4
3549,Yo parliament ko sansad open chor ho yesले bhrastachar kanda lukaera sabaलाई murkha banairaxa yesko bank account check gare thaha painxa kati daku ho yo neta,0,0,0,1,0,4
3550,मुजी तेरो अनुहर डेरा कुकुर पानी भागक्स लिनक्स ढेराई हिरो नबन एफबी म तेरो असली फेस सबाइको अगाडी लीक गरिरक्सु साइबर मा तेरो केस हलेको जू भोली थाहा दर्दनाक सा,1,0,0,0,1,5
3551,यी मेयरले आफ्ना आफन्तहरूलाई मात्र फाइदा पुर्‍याए।,0,0,0,1,0,4
3552,भारतका यी मन्त्रीले घूस किनेर बेचेनन् ।,0,0,0,1,0,4
3553,मुस्लिम ले अधिकार,0,0,1,0,0,5
3554,यो शंकरको अर्थमन्त्री खुला डकैत हो भने भन्सार कर लगाइयो भने आफ्नो जग्गाबाट सबै कमिसन चोरेर पार्कमा चिट मात्रै चलाउने हो ।,0,0,0,1,0,4
3555,आउनुहोस् र सामुदायिक कार्यशालामा ई-वेस्टबाट उपयोगी सजावटी वस्तुहरू बनाउने तालिम लिनुहोस्। पुरानो समान लाइ फेरी उपयोगी बनाउना सकिने रिक्सा वानेरा तहा पाये ।,0,0,0,0,0,1
3556,muslim haru lai desh bata hatauna parxa.,1,0,1,0,0,5
3557,"यो नेताले निर्वाचित भएर ठगी गरेर देशलाई खुलेआम लुट्छ, घूस बेचेर निर्दोषको धन चोर्छ, देशद्रोही हो ।",1,0,0,1,0,4
3558,"Aaja bus ma auda euta keti le seat xaddina vanda kasto crowd le ulto malai nai gyan diyo yaar, ktm ko public transport ma travel garna sarai garo huna thalisakyo",0,0,0,0,0,2
3559,तिमीलाई आलोचना सहनै गाह्रो पर्ने रहेछ।,0,0,0,0,1,3
3560,यो मंत्री गगन थापा खुल्ला डाकु हो यस्ले अस्पताल कोष को आधा बजेट अफ्नो सेक्युरिटी र रियल एस्टेट जग्ग्या मा उपयोग गरयो यस्को सबाई सम्पत्ति जाप्त गररा जेल हल्नु पर्क्सा चित्तो,0,0,0,1,0,4
3561,"आऊ तिमी मेलामा मेरो पहिरनमा आउने छौ, जहाँ मन लाग्यो त्यहीँ लगाउने छौ ।",0,0,0,0,0,1
3562,Yo website bata cloth order gareko kasto third class fabric pathako vanya size ni match xaina color ni faded xa return policy pani total trap ho don't buy from this store,0,0,0,0,0,2
3563,"तिमि लाइ आलोचना सुनै मन नपर्ने रैक्सा कास्तो अहंकारी मांक्से रैक्सौ, आफनो गलाती हुडा नी उल्टो अरु लै नै दोष देना बानी हो बेकार तिमरो समधर",0,0,0,0,1,2
3564,यो सुविधा उपयोगी xa,0,0,0,0,0,1
3565,"स्वास्थ्य नै धन हो त्यसैले जंक फूड खान छोड्नुहोस् र घरमा स्वस्थ खाना खाने बानी बसाल्नुहोस्, यसले हाम्रो शरीर र दिमाग दुवैलाई स्वस्थ राख्न धेरै मद्दत गर्नेछ।",0,0,0,0,0,1
3566,muslim lai adhikar kina,0,0,1,0,0,5
3567,"यो इन्टरनेट प्रदायकमा हरेक हप्ता इन्टरनेट बिनाको आधा दिनसम्म फाइबर फुट्ने समस्या हुन्छ र एकै समयमा बिल जाँदैन, तपाईले कम्पनी लुट्नु पर्छ।",0,0,0,0,0,2
3568,नेता हारु सबाई डकैती,0,0,0,1,0,4
3569,yo neta paisa ko lagi je pani garxa,0,0,0,1,0,4
3570,"देश अटिकै बिगरेको तै हैना, यस्तो भिखारी नथे हारुले गर्द हो",1,0,0,0,1,4
3571,"मधेसीले नेपालको नागरिकता पाएका छन्, आज भारतीयलाई सिमाना दिएका छौँ, संस्कृत भाषा पनि आफ्नो देशलाई दिएका छौँ, सिमाना पनि दियौँ ।",1,1,0,0,0,5
3572,यस्तो मान्चे लाइ सहनु हुदैना,1,0,0,0,0,4
3573,मचिक्ने कमेन्ट गरेर वीरता नदेखा तेरो औकात थाहा छ,1,0,0,0,1,5
3574,पहाडी बाटो भए पनि बाइक यात्रा निकै रमाइलो रह्यो।,0,0,0,0,0,1
3575,"विश्वमा मुस्लिम समुदाय ठूलो समस्या बनेको छ, जहाँ बम र आतंककारी गतिविधि छन्, नेपाल चर्चित भएको छ, कुनै अधिकार चर्चित भएको छ र भाइरस फैलिएको छ ।",1,0,1,0,0,5
3576,"Yo pradhanmantri bideshi isara ma chalxa, kura thulo garxa tara bholi bhandai border ko jggya india lai bechera khayo yesko ghati रेट्नु पर्छ deshdrohi sa",1,0,0,1,0,5
3577,मुजी तेरो मुयासा डेरा रिस उठासा सा खाते कुकुर तेरो फेक स्क्रिनसट हलेर हिरो बना खोजे बानी,1,0,0,0,1,5
3578,तँ जस्तो बेवकुफसँग बहस गरेर समय खेर गयो।,0,0,0,0,1,4
3579,क्रिस्चियनहरू देशको लागि समस्या हुन्।,0,0,1,0,0,5
3580,भाइ दलित भएर देश चलायौ भने मेरो देशको नागरिक बनाएर मलाई मुर्ख बनाउछौ र मेरो सबै अधिकार तिमिलाइ दिनेछौ ।,1,1,0,0,0,4
3581,@politician_name म पक्का छैन,0,0,0,1,1,5
3582,जागिर गरेको ३ महिनापछि अन्तर्वार्ता सबै पुग्नामा भयो ।,0,0,0,0,0,2
3583,sala sabai lai sikauxa,0,0,0,0,1,5
3584,यो प्रोजेक्टमा धेरै मेहनत गरेको देखिन्छ।,0,0,0,0,0,1
3585,किसानलाई राहत दिनुपर्छ,0,0,0,1,0,2
3586,ta muji शान्त ढिलो,1,0,0,0,1,5
3587,dalit lai mathi chadhauna hudaina.,0,1,0,0,0,5
3588,thik xa heram k hunxa,0,0,0,0,0,2
3589,"स्थानीय उत्पादनलाई प्रोत्साहन गर्न सरकारले स्वदेशी उद्योगहरूलाई करमा छुट र सहुलियतपूर्ण ऋण उपलब्ध गराउनुपर्छ, त्यसले मात्रै देशको अर्थतन्त्रलाई आत्मनिर्भर बनाउन सक्छ ।",0,0,0,1,0,1
3590,यो नेता त चुनाव जित्न जे पनि झुट बोल्छ।,0,0,0,1,0,4
3591,अरुको मेहनतको श्रेय लिन खोज्नु गलत हो ।,0,0,0,0,1,3
3592,Yo online course ko fee ekdamai thulo lagyo malai content ta youtube ma free ma paine jastai raixa totally waste of money and time so don't buy this guys bekar product,0,0,0,0,0,2
3593,हामीले सार्वजनिक यातायातमा पनि सरसफाइमा ध्यान दिनुपर्छ।,0,0,0,0,0,1
3594,फिल्मको पहिलो हाफ कमजोर र अन्त्य कमजोर थियो ।,0,0,0,0,0,2
3595,हिन्दू धर्म बेकार छ।,0,0,1,0,0,4
3596,"पहिलो जातका जनतालाई आफ्नो अधिकारमा गर्व छ, मधेसीको अधिकारमा गर्व छ, देशको रक्षा गरेकोमा गर्व छ, मन हारेका छन् ।",1,0,0,0,0,4
3597,Kasto hawa content banako yo tiktoker le clickbait title halera views matra bottom garna khojxa sabaile report garera yo channel block garnu parxa k,0,0,0,0,1,2
3598,ता दमाइ भायेरा थुलो कुरा गार्सुस,0,1,0,0,1,5
3599,Yo bhrasta party le desh dubauda samma ni janta k herera basya,1,0,0,1,0,4
3600,मुजी तेरो अनुहर डेरा रिस उठ्सा सा खाते कुकुर तेरो फेक स्क्रिनसट हलेर हिरो बना खोज्ने बनी झोड तेरो घर आयरा टोकडिंक्सु ढेरै होबा नबन,1,0,0,0,1,5
3601,यी नेता र ठेकेदारबीचको साँठगाँठ प्रष्ट छ ।,0,0,0,1,0,4
3602,"Aaja bihan ko weather lastai refresh thiyo so ghar agadi ko park ma gaeera adha ghanta joga gare, physical health dherai jaruri xa aajakal ko busy life ma",0,0,0,0,0,1
3603,"हाहा हा हा यो भिडियो को कलाकारहरु को लागी मलाई दु: खी छ,",0,0,0,0,1,2
3604,खरानी चोर फतहा तेरो पोल भोली म खोलिरक्सु साइबर मा पार्की,1,0,0,0,1,5
3605,"टोलीको राम्रो प्रयास, अर्को पटक हामी पक्कै जित्नेछौं",0,0,0,0,0,1
3606,"तपाईंले सुरुमा एउटा कुरा भन्नुहोस्, त्यसपछि ठीक उल्टो दाबी गर्नुहोस्, र कसैले सोध्दा विषय परिवर्तन गर्नुहोस्। यो शैलीले विश्वास कमाउँदैन।",0,0,0,0,1,3
3607,यो सफ्टवेयर को इन्टरफेस हेर्दा आधुनिक देखींक्स तारा वास्तविक कार्यप्रवाह मा ढेरै अनावश्यक कदम रिक्सा। प्रयोगकर्ता अनुभव मा आझै काम गर्ना पर्ने देखियो।,0,0,0,0,0,2
3608,"आज परिवार संग बसेरा पुरानो एल्बम हिरियो, सानु हुडा को तिमी रमाइलो सम्मानना ​​हरु आयरा कसतो मुख मा मुस्करो आयो वान्या बाल्यकालका दिनहरु साँच्चै राम्रा थिए",0,0,0,0,0,1
3609,तपाईको प्रोफाइल नयाँ कमेडी हो,0,0,0,0,1,4
3610,"Aru lai sikauxau, afai ni follow gara na.",0,0,0,0,1,2
3611,"ठिक चेन वैज्ञानिकहरु ज्यु...बोली सुधरनुस...बरबरा को १ त सम्मान ले जिन्दगी नछल्ला....२३, २४ को वन्द करुर समय भोग्नु पर्च...हेरदै जानु होला...",1,0,0,0,0,4
3612,यो कम्पनीको फिर्ती नीति बुझ्न गाह्रो छ।,0,0,0,0,0,2
3613,संसदमा बहस हुनु स्वभाविक हो,0,0,0,1,0,1
3614,संसदमा बहस हुनु स्वभाविक हो,0,0,0,1,0,1
3615,महान मनोवृत्ति,0,0,0,0,0,1
3616,"यो प्रधानमन्त्री ज्यु खुल्ला निर्देशन गरेर देशको राजा हो, भारतको जमिन किनेर जेलमा बसेर सबै पैसा खाएको डाँकु तिमी मात्रै हो ।",0,0,0,1,0,4
3617,"3 mahina dekhi kaam khojeko xu, interview samma pugna ni garo xa.",0,0,0,0,0,2
3618,आजकल social media मा एउटा छोटो clip हेरेर पुरै घटना बुझेको जस्तो प्रतिक्रिया दिने चलन बढेको छ। कहिलेकाहीँ पूरा सन्दर्भ बुझ्न खोज्दा धेरै कुरा फरक निस्किन्छ।,0,0,0,0,0,2
3619,@manchhe123 टेरोले हावा समात्छ,0,0,0,0,1,4
3620,आजा बस मा आदा अनोखी विद्धन भ्यो वान्या उता सानु बच्चा ले सुभी कोलोक्टल बाड़क्ष्यो बाबु मुसूम र दूवी स्मुन ट्यो बच्चा को को पसिविटी विबेस आयो,0,0,0,0,0,1
3621,गफडी जाऔं।,0,0,0,0,1,5
3622,"Yo mayor le thulo ghotala garyo, rasta ko thulo ghus khayo",0,0,0,1,0,4
3623,"नेवार हारु जपुत झट हुन पैसा भण्डार माक्सन फोहोर संस्कार छा इनिहारु जहाँ उनले गुफ्फ गरे मेरो तुला तुलो वक्सन, म जान हरु म एक पैसा पनि निकाल्न सक्दिन।",1,0,0,0,0,4
3624,हिन्दू हारु पक्षी परेका जैन।,0,0,1,0,0,4
3625,आज पुरानो रेडियो बज्दा बाल्यकालको याद आयो ।,0,0,0,0,0,1
3626,यो बजेट गरीब विद्रोधि xa,0,0,0,1,0,3
3627,आजकल कमेन्ट सेक्शन रणभूमि जस्तै बनेको छ ।,0,0,0,0,0,3
3628,यो विक्रेताले तस्बिरमा देखेको जस्तै पढ्नु पर्छ।,0,0,0,0,0,2
3629,मुख्यमन्त्री सरोज कुमार यादव जिन्दाबाद,0,0,0,0,0,1
3630,Bahun ko raj chaleko xa desh ma dalit jati lai sadhai thichera thau napaune banaye iniharu ko dhongi buddhi le sabaiko adhikar khayo bahun muji haru lai mathi bata nikalnu prxa chitto,1,1,0,0,0,4
3631,ta jasto allare,0,0,0,0,1,4
3632,Aaja ko program ramailo thiyo,0,0,0,0,0,1
3633,हिन्दु हारु मुर्खा,0,0,1,0,0,4
3634,खाताले फेरि पुराना अफवाहहरूलाई नयाँ बोलाएर बेच्ने प्रयास गरिरहेको छ।,0,0,0,0,1,4
3635,"हो, तिम्रो मन पागल छ, देश छोडेर गयौ भने गर्व हुनेछ ।",1,0,0,0,1,5
3636,मुस्लिम हरु संग व्यापार गर्नू हुदैना इनिहारु को दिल मा धोका रा कपता मात्रा हुन्सा सबलाइ ल्ना खोज्सन यो धर्म को मांक्से ठग हुनु प्रक्स सा इनिहरु,1,0,1,0,0,5
3637,Kati overacting gareko यो Manxe ले यो Video M Tait Lagyo,0,0,0,0,1,2
3638,लुटिएको सबै पैसा फिर्ता गर्न धेरै डरलाग्दो छ।,0,0,0,0,1,3
3639,यस ग्याजेटको ब्याट्री ब्याकअपलाई मेरो अनुभवको आधारमा सकारात्मक समीक्षा दिइएको छ तर विज्ञापित कार्यसम्पादनलाई विज्ञापन प्रदर्शनसँग तुलना गर्न सकिँदैन।,0,0,0,0,0,2
3640,"फिल्मको ट्रेलर इनहेरिट रामराई लागो, रिलिज पक्सी हरण पर्क्षा ।",0,0,0,0,0,1
3641,Weekend ma family sanga bahira ghumna janu paryo aaja,0,0,0,0,0,1
3642,आजको फिल्मको अन्त्य अप्रत्याशित थियो।,0,0,0,0,0,2
3643,विद्यालयको पुस्तकालय विस्तार भएको सुन्दा खुसी लाग्यो ।,0,0,0,0,0,1
3644,डिजिटल भुक्तानीले आजकल साना व्यवसायहरूलाई धेरै मद्दत गरेको छ,0,0,0,0,0,1
3645,मन्त्रीले कम्पनीलाई पैसा दिन चाहेनन् ।,0,0,0,1,0,4
3646,हिजो राती आकाश एकदमै सफा थियो । सहरको बत्ती अलि कम भएमा अझै धेरै ताराहरू देख्न सकिन्थ्यो भनेर सोचिरहेँ ।,0,0,0,0,0,1
3647,"dalit lai mndir xirna nadinu paap lagxa paxi prathistha ghatxa ghar ko, iniharu ko thau tallo nai thik xa quota system le garda desh bigryo sa iniharu",1,1,0,0,0,5
3648,आज बिहान छिमेकीको कुकुर हराएको सुनेर मलाई दुःख लाग्यो।,0,0,0,0,0,1
3649,sala dimag lagau,0,0,0,0,1,5
3650,यो प्रधानमन्त्री खुलेआम बदमाश हुनुहुन्थ्यो जसले राष्ट्र बैंकबाट सुन चोरेर सुन घोटाला गर्यो ।,0,0,0,1,0,4
3651,उनी गफडी चढिन्,0,0,0,0,1,4
3652,तिमी के को पागल छौ?,0,0,0,0,1,4
3653,आज धेरै कुरा सिके,0,0,0,0,0,1
3654,"Bus 2 ghanta late aayo, tara driver dai le maafi magnu bhayo so thikai lagyo.",0,0,0,0,0,2
3655,यो अनलाईन कोर्स को फी खसरी थुलो लाग्यो मलाइ कन्टेन्ट ता युट्युब मा फ्री मा पेन जैत रिक्सा पैसा र समयको पूर्ण बर्बादी हो त्यसैले यसलाई नकिन्नुहोस् साथीहरू फ्रड इन्जिनियरिङ्,0,0,0,0,0,2
3656,खरानी चोर फटाहा,1,0,0,0,1,5
3657,"त खाते ले फेरी आफनो विशेषज्ञता देखौना आयेक्सास तेरो अनुहर डेरा कुकुर पानी भागक्स होला, जेपीटी फोटो किचन अनलाइन मा हल्ने हिरो नबन तेरो पोल मा भोली खोल्सु",1,0,0,0,1,4
3658,सबै ठाउँहरू हेर्न पहाड पछाडि लामो सवारी।,0,0,0,0,0,1
3659,आजको क्रिकेट खेलमा अप्रत्याशित नतिजा आएको छ ।,0,0,0,0,0,1
3660,आज आराम को दिन हो,0,0,0,0,0,1
3661,कामी को छोरा भाईरा थुलो कुरा गर्चा।,0,1,0,0,0,5
3662,neta chor ho,0,0,0,1,0,4
3663,bahun muhar dekhera nai ris uthxa.,0,1,0,0,0,5
3664,यो रवि लामिछाने लाइ झूट काण्ड मा फसौना खोजे यो देशको ठुला नेता हारु भ्रष्ट हुन इनिहरु ले सबाइले घुस खैरा ठुलो कैसेँ लुकेका जान सम्मान साहित्य हल्नु परकासा,0,0,0,1,0,4
3665,पहिलेको साथी अहिले आफ्नै व्यवसाय चलिरहेको देख्दा खुसी लाग्यो।,0,0,0,0,0,1
3666,यो मेयरले आफन्तलाई मात्र फाइदा पुर्‍यायो।,0,0,0,1,0,4
3667,जानकारीमूलक पोस्ट,0,0,0,0,0,1
3668,यो कर्कश कुकुर सुत्न सक्दैन ... टाटाटो गु कहाँ खाने भनेर सोच्दै ...,1,0,0,0,1,5
3669,हिन्दू धर्म बेकार छ।,0,0,1,0,0,4
3670,पहाडको बाटो भए पनि दृश्यले सबै थकान बिर्सायो।,0,0,0,0,0,1
3671,विद्यालयमा खेलकुदलाई पनि प्राथमिकता दिनुपर्छ ।,0,0,0,0,0,1
3672,"नेपालको रैथाने कला र हस्तकला सामग्रीको अन्तर्राष्ट्रिय बजारमा ठूलो माग छ, सरकारले यस्ता घरेलु उद्योगहरूलाई प्रवर्द्धन गर्न अनलाइन प्लेटफर्म र एक्स्पोहरूको व्यवस्था गरिदिनुपर्छ",0,0,0,0,0,1
3673,तेरिमा कोगले हुन लाइ थापिस नहुने बेरोज गरि लाइ रोजगरी नै खोसिस,1,0,0,0,0,4
3674,"Sala neta haru le desh lootera bhelaye, iniharu lai jail halnu parxa",1,0,0,1,0,4
3675,त्यसैले पागल प्रतिक्रिया Garna XOD,1,0,0,0,1,4
3676,यो निर्णयले विद्यार्थीलाई थप दबाब पर्ने देखिन्छ।,0,0,0,0,0,2
3677,dalit haru sadhai paxi,0,1,0,0,0,4
3678,"म बेकार छु, मलाई थाहा छैन के गलत छ।",0,0,0,0,0,1
3679,"यो सांसदलाई जेल हाल्नुपर्छ, जहिले संसदमा नाटक मात्र गर्छ",0,0,0,1,0,4
3680,Podcast ko guest interesting thiyo tara host le dherai interrupt gare jasto lagyo। Kura pura garna nai nadine ho bhane guest bolako purpose k ho ra ?,0,0,0,0,0,2
3681,Online class ma attendance matra diyera game khelne haru dherai xan.,0,0,0,0,0,3
3682,"यो जातिको मन सबैलाई बुद्धि भनिन्छ, हरेक दिन जोश काट्नु बाहेक संस्कार र आवेगको बर्बादी छैन, गाउँमा शान्ति छैन, वातावरण सबै ठूलो छ, किन फोहोर छ।",1,1,0,0,0,5
3683,काठमाडौँ उपत्यकामा खानेपानीको हाहाकार सधैँ उस्तै छ मेलम्चीको पानी आउने बहानामा जति महँगो महसुल लिए पनि जन्ताले जहिले ट्याङ्करको धमिलो पानी किन्न बाध्य हुनु दुःखद अवस्था हो,0,0,0,0,0,1
3684,तपाईंले नहेरी सेयर गर्नुभएको समाचार गलत हो।,0,0,0,0,1,2
3685,मुस्लिम हारु सबाई आतंकवादी हुन बता चित्तो निकलनु प्रक्सा इनिहारु,1,0,1,0,0,5
3686,इनिहरूलाई हटाउनुपर्छ,1,0,0,0,0,5
3687,आज community garden ma dherai yuwa sahabhagi bhaye.,0,0,0,0,0,1
3688,"आज पहिलो पटक घरमै मोमो बनाएँ, सोचेभन्दा राम्रो बनेछ।",0,0,0,0,0,1
3689,क्यामेराले गुणस्तर समस्याहरू सामना गरिरहेको छ र त्यहाँ तताउने समस्या छ।,0,0,0,0,0,2
3690,"क्रिश्चियन हरु ले हमो गाउँ को गौले लाइ डॉलर बढाई सनातन संस्कृति नास्ता गर, यो बिदेशी संस्था को भ्रष्ट योजना हो सबाइले लाखेनु पर्क्स यो धर्म का दलाल लाई",1,0,1,0,0,5
3691,अटिजम स्कूल खोल्ने निर्णय सबै भन्दा राम्रो मध्ये एक हो,0,0,0,0,0,1
3692,मलाई आफुलाइ नायक थान्सा।,0,0,0,0,1,5
3693,यो शंकर को नेता हरु झैले बिदेशी दलाल संग मिलेर नेपाल को मुख्य खनिज सम्पदा हरु चोरेरा बेचदैक्सन यसको सम्मान चित्तो बहिरा ल्यायेरा रास्ता म सजा दिनु पर्क्सा डाकु,0,0,0,1,0,4
3694,"तिमीले अरूको समयको सम्मान गर्न सिक्नुपर्छ, जहिले ढिलो आउने",0,0,0,0,1,2
3695,हरामी को कमेन्ट हेर्दा उठ्यो,1,0,0,0,1,5
3696,नेवार हरु संग काम गरयो वेन देशद्रोही मात्रा पेन्क्सा एसएस इनिहारु अफ्नो चालक बुद्धी ले सबाइको लाभ खैरे बसाक्सन यो जात को अस्तित्व नै लुट मा अधारिक्षा तत्,1,0,0,0,0,4
3697,हाम्रो चोर।,0,1,0,0,0,5
3698,क्रिस्चियन हारु ले डलर भीरा भोली हिन्दुत्व सक्कसन #SaveSanatan,1,0,1,0,0,4
3699,taile kehi bujheko xainas,0,0,0,0,1,4
3700,हिजो राति लामो समयपछि बत्ती गएको थियो। मोबाइल र इन्टरनेट बिना केही घण्टा बिताउँदा पनि जीवन चल्दोरहेछ भन्ने कुरा सम्झाइदियो।,0,0,0,0,0,1
3701,राई लिम्बु जात ले साधै विदेशी मालिक को डलर खैरा आफ्नो देश संस्कृति को जान इनहारु को मन मा माया नेपाली को ज़ैना विदेशी दलाल हुन इनीहरु सबै फोहोर छ,1,1,0,0,0,4
3702,आजकल comment section नै युद्धभूमि जस्तो भएको छ।,0,0,0,0,0,3
3703,कृपया यस एपमा नवीनतम अपडेट फेला पार्नुहोस् र सेटिङहरू फेला पार्नुहोस्।,0,0,0,0,0,2
3704,यस वर्ष गाउँ मेलामा निकै भीड थियो ।,0,0,0,0,0,2
3705,मुस्लिम समुदाय देशका लागि खतरा हो,1,0,1,0,0,5
3706,मचिकने तेरो ट्योको फेसबुक कमेन्ट भनेको वास्तविकता साइबर होइन ।,1,0,0,0,1,5
3707,बहिनी मुजी विशेषज्ञ नबन तेरो डकैत नेता ले देश खोयो सा हमो जनता कैसे डकैत बिडे है कोने बिल्डिंग है के साथ तेरो कियो न बाको डकैत के लिए डकैत,1,1,0,0,0,5
3708,सडक विस्तारको काम राम्रैसँग अघि बढेको देख्दा खुसी लागेको छ,0,0,0,0,0,1
3709,muji afulai k samjheko xa?,1,0,0,0,1,5
3710,"बहू मलाई अफलाई के ठुलो ठाँउ छास, तेरो जाट को चोर नेता हरु ले देश लुटा भेल के ढोंगी प हरु तेरो गुफ सुनेरा हमी लाइ रिस उठक्स सा खाए",1,1,0,0,0,5
3711,"युवामा बढ्दो लागुऔषध दुव्र्यसनलाई रोक्न विद्यालय तथा कलेज स्तरमा सचेतनामूलक कार्यक्रमहरू सञ्चालन गरिनुपर्छ, उनीहरूलाई खेलकुद र रचनात्मक क्रियाकलापमा संलग्न गराउनु राम्रो माध्यम हो ।",0,0,0,0,0,1
3712,"अरुको तस्बिरमा सधै कमेन्ट गर्ने, आफ्नो काम कहिले गर्ने ?",0,0,0,0,1,2
3713,सडक किनारको फोहोर व्यवस्थापनमा ध्यान दिन जरुरी छ ।,0,0,0,0,0,2
3714,"मधेसी मधेसी होइन, तर हाम्रो कुनै विदेशी भाषा छैन।",1,1,0,0,0,5
3715,यो मेयरले कमिसन खाएर ठेक्का दिएको हो।,0,0,0,1,0,4
3716,"यो प्रधानमन्त्री खुल्ला निर्देशन गरेर देशको राजा हो, सिमानाले भारतको जमिन किनेर जेलमा परेका जनतालाई बेचेको तिमी मात्रै हो ।",0,0,0,1,0,4
3717,नपधी ज्ञान डाइक्सा बारे लेख पढौं,1,0,0,0,1,5
3718,खेल अनुसार अनलाइन कक्षामा मात्र हाजिरी खेल्न सकिन्छ।,0,0,0,0,0,3
3719,तँ पागल नै रहेछस्,1,0,0,0,1,4
3720,यो अपडेट thikai lagyo,0,0,0,0,0,2
3721,Tero anuhar dera ris uthxa sa khate kukur tero bau le yestai sikako thiyo rasta ma gaeera bhukna @user_name_90 tero aukaat xaina tyo comment ma bolne,1,0,0,0,1,5
3722,यो संसद माफिया संग मिलेको खा,0,0,0,1,0,4
3723,सुनेर खातेको तर्क उठ्यो ।,0,0,0,0,1,4
3724,तिमी जस्तो मूर्खले सबै कुरा बढाइचढाइ गर्छ।,1,0,0,0,1,4
3725,video ta ramro xa टिप्पणी खण्ड garnu paryo को नियमन गर्नुहोस्,0,0,0,0,0,1
3726,bahun ko buddhi testai ho.,0,1,0,0,0,4
3727,गफडी माचीकने सवारी,1,0,0,0,1,5
3728,Customer service ma call garda hamesha hold ma matra rakxa.,0,0,0,0,0,2
3729,किसान र उद्योगीलाई छुट्याउन सकिएन ।,0,0,0,1,0,3
3730,"मलाई तेरो दिमाग को कुरा सुनेरा थुकना मन लगक्सा कास्तो बेवकुफ क्साउ वान्या, त जसो अल्लारे संगा समुहको परियोजना गरना भन्दा रास्ता को कुकुर संगा गुरुनु रामरो",1,0,0,0,1,5
3731,तिनीहरू परजीवी हुन्,1,0,0,0,0,5
3732,तिमी शुद्ध हत्यारा हौ,0,0,0,1,0,4
3733,"Timi lai sabai ko attention chaine jasto lagxa, sick post",0,0,0,0,1,2
3734,यो मोबाइलको क्यामेरा दिनमा राम्रो भए पनि रातमा त्यति प्रभावकारी हुँदैन ।,0,0,0,0,0,2
3735,यसले गन्ध आउँछ,0,0,0,0,1,5
3736,हिजो राती छिमेकमा कराओके यति ठूलो थियो कि म निदाउन सकिन।,0,0,0,0,0,3
3737,बहिनीको अनुहार आँसुले भरिएको थियो ।,0,1,0,0,0,5
3738,"मुस्लिम जात नयाँ समस्या बन्नु पर्छ, जुन देश फोहोर र फोहोरले भरिनेछ।",1,0,1,0,0,5
3739,तिनीहरू सधैं धोखेबाज हुन्छन्,1,0,0,0,0,4
3740,हार्केको कुरा गर्दा म जस्तै महावीर पुनलाई पनि रिस उठ्छ,0,0,0,0,0,2
3741,Yo internet provider ko fiber broken problem jhaile hunxa weekly adha din net nai chaldaina tara bill vane time mai linxan kasto loot company ho yo tait lagyo sa,0,0,0,0,0,2
3742,आजा सामुदायिक बगैचा मा सबाई ले मिलेरा रुख रोप्ने काम गर।,0,0,0,0,0,1
3743,यो पत्रकारले पैसा लिएर समाचार बनाएको देखिन्छ ।,0,0,0,1,0,4
3744,बहिनीले देश छोड्नु पर्यो ।,1,1,0,0,0,5
3745,"आज बिहानको मौसम, ट्रेकिङको मुडमा जानुहोस्।",0,0,0,0,0,1
3746,तेरो जसो लै ब्लक गार्नु पर्क्सा,0,0,0,0,1,4
3747,गाउँको मेलामा यसपालि धेरै भीड भयो।,0,0,0,0,0,2
3748,तेरो थर भाण्डा त मेरो जुत्ता रामरो छ,0,1,1,0,0,5
3749,तपाई जस्तो केटाहरूलाई के लाग्छ?,0,0,0,0,1,4
3750,यो documentary ko narration lastai ramro lagyo.,0,0,0,0,0,1
3751,मन्त्रीले कम्पनीलाई पैसा दिन चाहेनन् ।,0,0,0,1,0,4
3752,"यो भिडियो क्लिप हेर्दा इलेक्ट्रोनिक्सको मूल्य नेपाल मा कसो महङ्गो लाग्यो के, बिदेश भण्डा दोब्बर मूल्य पर्ने रिक्सा कसो लि हो यो शंकर ले कर मात्रा बढौना जन्डक्सा",0,0,0,0,0,2
3753,"हामी सबै नेपाली हौं, जातियताको कुरा गरेर विभाजन नगरौं ।",0,0,0,0,0,1
3754,मैले शान्ति ल्याएँ र मेरो दिनमा थप कुरा गरें।,0,1,0,0,0,5
3755,अरु को राय पानी सुनम,0,0,0,0,0,1
3756,Yo mantri open chor ho yesले medical supply ko pura budget khayera janta lai bimar huda ni ausadhi napaune banayo yesko pariwar lai khulla rasta m saja dinu prxa,1,0,0,1,0,4
3757,म ठूला माफियालाई मञ्च दिन्छु,0,0,0,1,0,4
3758,Aaja marathon ma bhag lina nasake pani herna ramailo lagyo.,0,0,0,0,0,1
3759,कामी हारु लाइ माथी चडौडा यसै हुन्सा संस्कृति नाष्ट गैर्यो यस्ले जात अनुसार को काम क्षाद्देसी संस्कार बिगर्यो कोटा लिएर योग्य मांक्से को थाउ लक्ष इनिहारु,1,1,0,0,0,5
3760,क्रिस्चियन हारु खत्रा Xan।,0,0,1,0,0,5
3761,स्कुलमा रोबोटिक्स क्लब सुरु भएको सुन्दा खुसी लाग्यो ।,0,0,0,0,0,1
3762,हिजो राति छिमेकीको घरमा बिहेको बाजा यति ठूलो थियो कि सुत्नै सकिएन। खुशी मनाउनु आफ्नो ठाउँमा छ तर अरूको आरामलाई पनि थोरै ध्यान दिनुपर्छ जस्तो लाग्छ।,0,0,0,0,0,2
3763,"मधेसीको हैसियतमा हामीले मधेसी साथीहरूको लागि बलियो अडान लिनुपर्छ 
अन्य नेपाली संस्कृति, परम्परा र जनजाति। भारत होइन। अवधि",0,0,0,0,0,2
3764,यी सांसद अपराधी हुन् ।,0,0,0,1,0,4
3765,सबै चोरहरूले यो जाल स्वीकार गरे,0,0,0,1,0,4
3766,muji dimag lagau ali.,0,0,0,0,1,5
3767,मैले तपाईंको लामो पोस्ट पढें तर निष्कर्षमा पुग्दा मैले सुरुमा गरिएका दावीहरूलाई समर्थन गर्ने कुनै ठोस आधार फेला पारेन।,0,0,0,0,1,2
3768,"यो मेयर को डिजिटल टोकन सिस्टम कूल फेल हो, लाइन बस्न पर्ने झमेला जान बढ्यो सफ्टवेयर टेस्टिंग नई नगरी लॉन्च गरपक्सी जनता लाई दुख मात्र सफ्टवेयर दुर्घटना",0,0,0,1,0,2
3769,"शिक्षा र स्वास्थ्यमा सुधार गर्नुपर्छ, निजीकरण रोक्नुपर्छ",0,0,0,1,0,2
3770,"कोठा भाडा फेरी बढ्यो रे, अब त गारो हुन्सा ।",0,0,0,0,0,2
3771,"मानसिक स्वास्थ्यको बारेमा खुलेर कुरा गर्न धेरै ढिलो भइसकेको छ, धेरै मानिसहरूले सामाजिक पूर्वाग्रह र डरका कारण आफ्नो डिप्रेसन लुकाउँछन्, उनीहरूलाई परामर्श र समर्थन चाहिन्छ।",0,0,0,0,0,1
3772,"साथै यो अनलाइन कोर्सको विज्ञापन गरिएको थियो, सामग्री त्यति उपयोगी थिएन।",0,0,0,0,0,2
3773,यो डकुमेन्ट्रीले नयाँ कुरा सिकायो।,0,0,0,0,0,1
3774,किन पागल भैसकेकी ?,1,0,0,0,1,4
3775,Yo video ko title ra content purai farak raixa.,0,0,0,0,0,2
3776,"तिम्रो नाम मात्रै छ, घरमा नायक छैन।",1,0,0,0,1,5
3777,"यो नेताले निर्वाचित भएर ठगी गरेर देशलाई खुलेआम लुट्छ, घूस बेचेर निर्दोषको धन चोर्छ, देशद्रोही हो ।",1,0,0,1,0,4
3778,hindu haru paxi pareka,0,0,1,0,0,4
3779,अरु को राई पानी सुनम,0,0,0,0,0,1
3780,म यस्तो मूर्ख संग कुरा गरेर आफ्नो समय बर्बाद गर्दैछु।,1,0,0,0,1,5
3781,तेरो त्य्यो हा फेस लियारा इन्स्टाग्राम मा रील्स बनायरा अफुलै के मोडेल ठान्दाई xas @manchhe_90 तेरो शरीर संरचना डेरा सबाइले टिप्पणी मा हसीरक्सन फेक आईडी बनायेरा रास्ता मा वुक्ने खाते,1,0,0,0,1,5
3782,"यो गुफादी जसो बोलना झोड ना यार, कुरा बुझेरा बोलना जान्दांस",0,0,0,0,1,3
3783,हिजो राती धेरै बत्ती निभ्यो। मोबाइल र इन्टरनेट बिना केही घण्टा बिताउँदा पनि जीवन चलिरहन्छ भन्ने याद दिलायो।,0,0,0,0,0,1
3784,केपी ओलीलाई ‘मैले गोली चलाउने आदेश दिएको होइन’ भन्न छाड्ने छैन ।,0,0,0,1,0,2
3785,अनुसार,1,0,0,0,1,4
3786,पार्टीको मन्त्री भयो भने ५०% कमिसन खाएर बेकारको सामान खाएर डाँटे बन्छौ ।,1,0,0,1,0,4
3787,आकार = भारतीय,0,1,1,0,0,5
3788,yo sansad aparadhi sala,0,0,0,1,1,5
3789,जति सम्झाए पनि एउटै गल्ती दोहोरिन्छ ।,0,0,0,0,1,3
3790,तेरो त्यो हा बना फेस लियारा इन्स्टाग्राम मा रिल्सयेरा अफुलाई के मोडेल थन्डाई xas @manchhe_90 तेरो शरीर संरचना डेरा सबाइले टिप्पणी मा हसीरक्सन फेक आईडी बनायेरा काटे,1,0,0,0,1,5
3791,मलाई आजको पुस्तक समीक्षा कार्यक्रम धेरै उपयोगी लाग्यो।,0,0,0,0,0,1
3792,आजको मौसमले मलाई पुरानो स्कूल पिकनिकको याद दिलायो।,0,0,0,0,0,1
3793,अचम्मको भिडियो जानकारीमूलक सामग्री यसलाई जारी राख्नुहोस् दाजु,0,0,0,0,0,1
3794,"तेरो दिमाग ठिक xaina jasto xa, पागल खाना जा @user1",1,0,0,0,1,4
3795,उनीहरुकै कारण देश पछाडि परेको छ,1,0,0,0,0,4
3796,यो जातिको मान्छे कहिल्यै सुध्रिदैन,1,1,0,0,0,5
3797,तेरो जसो ज्ञान सुन्नु भाँडा दिवाल सांग कुरा ग्रणा सजिलो एक्स यार,1,0,0,0,1,3
3798,"नेवार हारु लास्टै कंजुस हुन, पैसा खाना मात्र कोज्सन जब",1,0,0,0,0,4
3799,"यो नेता चुनावअघि धेरै बोल्छन् तर पछि सम्पर्कमा आउँदैनन्, जनतालाई भ्रममा पार्ने काम पक्कै गरेका छन् ।",0,0,0,1,0,4
3800,ता खाए फेरी आफनो विशेषज्ञता देखौना आयेक्सास तेरो अनुहर डेरा कुकुर पानी भागक्स होला जेपीटी फोटो किचन अनलाइन मा हल्ने हिरो नबन तेरो पोल मा भोली खोल्सु वेद खाओ,1,0,0,0,1,4
3801,हिजो राती छिमेकीको घरमा बिहेको भोज यति चर्को थियो कि म निदाउन सकिन । खुशी मनाउनु आफ्नो ठाउँ हो तर अरुको सुख सुविधामा पनि कम ध्यान दिनु पर्ने देखिन्छ ।,0,0,0,0,0,2
3802,नेपालको दिगो पर्यटन विकासका लागि स्थानीय समुदायको सहभागिता र प्राकृतिक स्रोतको संरक्षण आवश्यक छ । जैविक विविधता कायम राख्न सबैले वातावरणमैत्री बानीहरू अपनाउनुपर्छ। दिगो विकास,0,0,0,0,0,1
3803,त खाते रन्डी को कोरो दारी थुलो कुरा नगर कमेन्ट मा आये,1,0,0,0,1,5
3804,मुस्लिमहरू देशको व्यापारमा गर्व गर्छन्,0,0,1,0,0,5
3805,पहिलेको साथीले अहिले आफ्नै व्यवसाय चलाएको देख्दा खुसी लाग्यो।,0,0,0,0,0,1
3806,मुख्यमन्त्री सरोज कुमार यादव जिन्दाबाद,0,0,0,0,0,1
3807,"यो सरकारको मन्त्रीले मेरो कम्पनी लिएर तिमीलाई घूस लिन भने, तिमी बदमाश हो।",0,0,0,1,0,4
3808,k bhaneko bujhina,0,0,0,0,0,2
3809,अनलाइन खाना डेलिभरी बाटा अर्डर गरको मोमो पुराई छिसो आयो। प्याकेजिङ रामरो थियो तारा खाना को गुणस्तर र तापमान हेर्दा पैसा टायर पानी सन्तुष्टि आयेना।,0,0,0,0,0,2
3810,"यो होटल मा रामरो खाना पक्सा, येई जानु हजुर हरु",0,0,0,0,0,1
3811,यो पार्टी देश दुबौने पार्टी हो यसका नेता सबाई डाकु हुन,1,0,0,1,0,4
3812,"मान्छेको बासनादेखि हामी डराउँछौं, नराम्रो हुन इनिहरु",1,1,0,0,0,5
3813,बाहुन को बुद्धी टेस्टै,0,1,0,0,0,4
3814,श्रमदान गर्दै गर्दा एक्कासी भत्किएपछि हर्क सम्पनका समर्थक तनावमा छन् ।,0,0,0,0,0,1
3815,मुगी भाउ,0,1,0,0,0,5
3816,ta harami afulai celebrity thanxa,1,0,0,0,1,5
3817,मुस्लिम एक खतरनाक समुदाय हो।,1,0,1,0,0,5
3818,हाम्रा प्रधानमन्त्री अहिले पनि विद्यार्थी नै छन् ।,0,0,0,1,0,2
3819,डेलिभरीको लागि अतिरिक्त पैसा चार्ज गरिनेछ।,0,0,0,0,0,2
3820,तपाईलाई आलोचना सुन्न मन पर्दैन।,0,0,0,0,1,2
3821,Bahun ko xoro bhandai ma sabaile gyan badna parxa bhanne xaina yo jaat le sabaiko adhikar khayera afu matra mathi pugna khojxa dherai thulo naban tori haru,1,1,0,0,0,4
3822,तलाई कुरा सुर थिएन।,0,0,0,0,1,3
3823,हिजोको concert ramailo thiyo tara sound system weak lagyo.,0,0,0,0,0,3
3824,आजकल AI लाई वाटर मार्केटिङ पनि भनिन्छ।,0,0,0,0,0,3
3825,यो संसद काला धन्दा मा xa,0,0,0,1,0,4
3826,यो मेयर ले करोड हैदियो,0,0,0,1,0,4
3827,"Great effort by the team, next time definitely we will win",0,0,0,0,0,1
3828,"आज रक्तदान शिविर आयोजना गरेकोमा हाम्रो स्थानीय युवा क्लबलाई बधाई छ, यस्ता सामाजिक कार्यहरू अत्यन्तै सराहनीय र समाजको लागि धेरै आवश्यक छन्।",0,0,0,0,0,1
3829,यो मोबाइल २ दिनमै ह्याङ भयो ।,0,0,0,0,0,2
3830,फोनको ब्याट्री 100% बता 20% झरना २ घण्टा नि लागेना।,0,0,0,0,0,2
3831,muji lai basic kura ni tha xaina,1,0,0,0,1,5
3832,bahun haru sadhai afnai faida herxan.,0,1,0,0,0,4
3833,ता पागल जसो प्रतिक्रिया गरना XOD ना यार पहली कुरा सुन,1,0,0,0,1,4
3834,तिमीले पूरा लेख नपढी निष्कर्ष निकाल्यौ।,0,0,0,0,1,2
3835,देशमा सुशासन आवश्यक छ,0,0,0,1,0,2
3836,"टिम लाइ सबाई को ध्यान चाइने जसो लगक्सा, बिरामी पोस्ट",0,0,0,0,1,2
3837,तपाईको शुभ जन्मदिनको हार्दिक शुभकामना,0,0,0,0,0,1
3838,आजा बिहान पुस्तकालय मा बसेरा पुरा महत्वपूर्ण परियोजना प्रतिवेदन सकियो कास्तो उत्पदानशील दिन रह्यो आजा शान्ति वातावरण थीयो सो फोकस एकदम डायनामिक वायो मेरो,0,0,0,0,0,1
3839,डेलिभरी राइडर लाई सही ठेगाना दिएको थिये तारा फेरी फोन गरिरख्यो,0,0,0,0,0,2
3840,काममा रोक लगाइएको छ ।,0,1,0,0,0,5
3841,Yo party ko neta chor ho yesle hospital building banuda 40% ghus khayera structure weak banayo bholi earthquake aaeera janta mare yeslai nai toknu parxa daku khate neta,1,0,0,1,0,4
3842,पहाडी बाटो भए पनि साइकल यात्रा निकै रमाइलो थियो ।,0,0,0,0,0,1
3843,Ta jasto bewakuf sanga kura garera samaya matra kher gayo j*tha,1,0,0,0,1,5
3844,तपाईं नम्बर एक हुनुहुन्छ,1,0,0,0,1,4
3845,स्थानीय बजारमा उत्पादित वस्तुको गुणस्तर राम्रो हुँदै गएको छ ।,0,0,0,0,0,1
3846,"पुरानो पार्टीको अपमान गरेर जन्मेको ग्रे ग्याङका संसदहरू झन झन बिग्रँदै गएका छन् ।
मजाक paella भन्दा खराब सुनिन्छ। 
हामी मुर्ख जनता हौ।",0,0,0,1,0,3
3847,चोर नेता हरु ले देश फिर्ता लियो साकी साकी अब जनता आप रास्ता मा नउतार सम्म यो नेता हरु को ठुलो तौको बधिरक्षान इनिहरु सबलाइ लाइ गोली थकनु पार्क्स डाँकु चोर प्रचण्ड,1,0,0,1,0,4
3848,सम्पूर्ण समूहले देशलाई नष्ट गर्नेछ,1,0,0,1,0,4
3849,कृपया आफ्नो दिमाग प्रयोग गर्नुहोस्,0,0,0,0,1,5
3850,रेस्टुरेन्टको सेवामा पैसा खर्च गरिरहनेछ र बेकार हुनेछौ।,0,0,0,0,0,2
3851,यी मन्त्रीहरुले जनताको पैसा खाए ।,0,0,0,1,0,4
3852,आज धेरै कुरा सिक्न पाइयो,0,0,0,0,0,1
3853,राम्रो भिडियो,0,0,0,0,0,1
3854,यो अनलाइन कोर्स को फी एकदमै थुलो लाग्यो मलाइ सामग्री त यूट्यूब मा फ्री मा दुखाइ रिक्सा पूर्ण रूपमा पैसा र समयको बर्बादी हो त्यसैले यो साथीहरू बेकर उत्पादन नकिन्नुहोस्,0,0,0,0,0,2
3855,म प्रमुख माफिया को मान्चे,0,0,0,1,0,4
3856,yo jaat ko mxe haru jahile yestai loot grxan mathi auna lxan,1,1,0,0,0,5
3857,त चोर फताहा हो तेरो हकीकत मा भोली लीक गरिरक्षु पारखी,1,0,0,0,1,5
3858,यो भिडियोको सम्पादन गुणस्तर कमजोर छ।,0,0,0,0,0,2
3859,ta harami natakbaj.,0,0,0,0,1,5
3860,तपाईको लापरवाहीले अरूको लागि समस्या निम्त्याउनेछ भनेर बुझ्नुहोस्।,0,0,0,0,1,2
3861,मधेसी र मधेसीले मात्रै किनेका हुन् र कसरी नेपालका लागि शुद्ध बनाउने व्यवस्था बनेको छ र भारतीयले मात्रै बेचिरहेका छन् ।,1,1,0,0,0,5
3862,dalit haru nikamma hun.,0,1,0,0,0,5
3863,"नेपाल लाइ वास्तवमा २ बाघ मा बधेरा, यो मधेसी लाइ एउटा मा परदिनु परक्सा जास्तो छ",0,1,1,0,0,5
3864,तपाईं तथ्यहरू भन्दा बढी अनुमानहरू प्रयोग गर्दै हुनुहुन्छ।,0,0,0,0,1,2
3865,तपाईंले बहसलाई व्यक्तिगत बनाउनुभयो।,0,0,0,0,1,3
3866,"यो प्रधानमन्त्री ले फेरी झुट बोल्यो, यसको घर बचाट बिदेश मा छा रे",0,0,0,1,0,4
3867,तिनीहरू मानिसहरू होइनन्,1,0,0,0,0,5
3868,आफै नपढेर अरुलाई पढ्न सिकाउनुहुन्छ।,0,0,0,0,1,3
3869,यो camera daylight ma ramro xa tara low light ma weak xa.,0,0,0,0,0,2
3870,Chor neta haru le desh dubaera saki sake aba janta aafai rasta ma na-utra samma yo neta haru ko thulo tauko badhiraxan iniharu sabai lai goli th*knu parxa,1,0,0,1,0,4
3871,यस्तो काम गर्यौ भने झोला बन्छौ।,0,0,0,0,1,3
3872,तिमी जस्तो झूटो मान्छे फेरि भेटिने छैन,1,0,0,0,1,4
3873,हिजो काठमाडौंबाट पोखरा जाँदा सडकको अवस्था सोचेभन्दा नाजुक थियो ।,0,0,0,0,0,2
3874,त्यहाँ एउटा काम हो,1,0,0,0,1,4
3875,hindu dharma bekar.,0,0,1,0,0,4
3876,रवि लामिछाने हत्यारा हुन्,1,0,0,1,0,3
3877,"क्षेत्री वन्दै मा सबाइले ठुलो तौको बन्धन पार्क वान्या जेना, कोटा रिसावत लियारा माथी एको इनिहारु को रगत मै प्राइड रा लुट हुंक्सा बस्‍त जाट हो यो फुर",1,1,0,0,0,4
3878,"यो मन्त्री खुलेआम निन्दा गर्ने हो, जलविद्युत आयोजनामा ​​१०० करोड कमिसन दिए भने विदेशी कम्पनीलाई भने, त्यसपछि कसरी निर्दोष खबर गरे, नेताको सिधा चुहावट भने ।",0,0,0,1,0,4
3879,यी सांसदले करोडौं रुपैयाँ लुकाएको चर्चा छ ।,0,0,0,1,0,4
3880,आजकल कमेन्ट सेक्शन रणभूमि जस्तै बनेको छ ।,0,0,0,0,0,3
3881,यो समूहले कस्तो औषधि प्रयोग गर्छ?,1,0,0,0,0,4
3882,tero dimag thik xaina,1,0,0,0,1,3
3883,यो मोबाइल अपडेटेड प्याक्सी क्यामेरा को गुणस्तर अपेक्षित भण्डा जान बेकर भययो तताउने मुद्दा नी धरै बढ्यो त्यसैले आफ्नो फोन अपडेट नगर्नुहोस् साथीहरू अर्को सुरक्षा प्याचको लागि पर्खनुहोस्,0,0,0,0,0,2
3884,yo mayor le jagga kabja garyo,0,0,0,1,0,4
3885,Rai limbu jati haru dherai mato ko kura garxan tara buddhi xaina bidesh ma lera jandai khaney bahek kehi jandainan hamro desh ko jggya sabai iniharu le sasta ma beche,1,1,0,0,0,4
3886,म देशलाई राम्रो बनाउन आएको छु ।,1,0,0,0,0,4
3887,"मेची देखि महाकाली सम्म सबै नेपाली, सबैको माया",0,0,0,0,0,1
3888,"डेलिभरीमा २ दिन लाग्यो, तर २ हप्ता लाग्यो।",0,0,0,0,0,2
3889,"बसमा आउनुस्, सिट मात्रै लिनुपर्छ र संसारको पछाडिको भीडभाड हुने ठाउँमा जानुपर्छ, थालिसाक्यो जानै पर्ने सार्वजनिक यातायातमा गएर सार्वजनिक यातायातमा यात्रा गर्ने तरिका सिकेको छ ।",0,0,0,0,0,2
3890,"तिमीले लेखेको टिप्पणी पढ्दा विषयको आधारभूत जानकारी नै नभएको जस्तो देखिन्छ, तर आत्मविश्वास भने विशेषज्ञको जत्तिकै छ।",0,0,0,0,1,3
3891,"दलित लाइ मन्दिर झिर्ना नदीनु, नभये ठुलो सापत लगक्सा घर मा",1,1,0,0,0,5
3892,Machikne tero tyo si anuhar facebook comment ma nadekha tero reality thaha xa malai cyber ma report gari sake bholi pols le xadepaxi thaha painxas khate jtha,1,0,0,0,1,5
3893,किसान र उद्योगीलाई छुट्याउन सकिँदैन ।,0,0,0,1,0,3
3894,अनलाइन बैंकिङ प्रयोग गर्दा बलियो पासवर्ड हुनु महत्त्वपूर्ण छ र आफ्नो ओटीपी कसैसँग साझा नगर्नुहोस्। वित्तीय अपराधहरू बढ्दै गएकाले हामी डिजिटल बैंकिङ सुरक्षाको बारेमा सचेत हुनुपर्छ।,0,0,0,0,0,1
3895,हिन्दुहरु सबै गलत भन्छन्,0,0,1,0,0,4
3896,यो शंकरको अर्थमन्त्री खुला डकैत हो भने भन्सार कर लगाइयो भने आफ्नो जग्गाबाट सबै कमिसन चोरेर पार्कमा चिट मात्रै चलाउने हो ।,0,0,0,1,0,4
3897,Madhesi ta Madhesi nai ho iniharu ko ragat mai bihari ko kura hunxa nepal ko khayer ni india ko gungan gauuuxan yiniharu lai border par nai lakednu parxa chitto,1,1,0,0,0,5
3898,डिजिटल भुक्तानीले साना व्यवसायहरूलाई धेरै मद्दत गरेको छ।,0,0,0,0,0,1
3899,"यो बस बुकिङ प्लेटफर्म को नगद फिर्ता योजना कुल घोटाला हो, भुक्तानी dhaye Paxi चेकआउट त्रुटि auxa ani ग्राहक सेवा ले फोन नई उठाइना फोहोर सफ्टवेयर संरचना tait",0,0,0,0,0,2
3900,तपाईंले समाचार बनाएर हल्ला फैलाउनुहुन्छ।,0,0,0,0,1,3
3901,"आज मैले पुस्तकालयमा बसेर धेरै काम गरे, धेरै शान्त वातावरण।",0,0,0,0,0,1
3902,क्रिस्चियन हारु खत्रा Xan।,0,0,1,0,0,5
3903,Timi sanga debate garnu bhanda diwalsanga kura garnu sajilo xa.,0,0,0,0,1,3
3904,दलितलाई अस्पताल भर्ना गर्नुपर्छ कि भित्र को छ ?,0,1,1,0,0,5
3905,Yo app ko notification system lastai irritating xa.,0,0,0,0,0,2
3906,खरानी चोर फतहा तेरो पोल भोली म खोलिराक्सु साइबर म पारखी,1,0,0,0,1,5
3907,"दलितहरूले आफूले पाएको जति पीडितहरू खोज्नुपर्छ, कोटा प्रणालीले उनीहरूले तिर्नु पर्ने योग्य पुरुषहरूको संख्याको ख्याल राख्छ।",1,1,0,0,0,4
3908,त्यो बास्टर्डलाई यो शहर मन पर्छ,1,0,0,0,1,5
3909,"देशको उज्ज्वल भविष्यको लागि भूमिपुत्रहरूलाई बधाई तथा शुभकामना 
इच्छा",0,0,0,0,0,1
3910,"यो समुदायले देशलाई पछाडि तानेको छ, यसलाई देशबाट लखेट्नु पर्छ",1,1,0,0,0,5
3911,तपाईं सन्दर्भ नबुझेर निष्कर्षमा जानुहुन्छ।,0,0,0,0,1,3
3912,गाउँको पुरानो पोखरी जोगाउन स्थानीयले राम्रो पहल गरेका छन् ।,0,0,0,0,0,1
3913,आज बिहान नगरकोटको लागि ड्राइभ गर्नुहोस् र सफा पहाडको दृश्य हेर्नुहोस् वा काठमाडौं जानुहोस् र आफ्नो जीवनको अन्तिम क्षणहरूमा स्थानीय प्रामाणिक नाश्ताको आनन्द लिनुहोस्।,0,0,0,0,0,1
3914,एक पटक ध्यानाकर्षण हुनेछ।,0,0,0,0,1,4
3915,आज मौसम धेरै राम्रो छ,0,0,0,0,0,1
3916,शान्ति सुन्नुहोस्,0,1,0,0,0,5
3917,मुस्लिम हारु सबाइ लाइ निकालनु परक्सा,1,0,1,0,0,5
3918,क्रिस्चियन हारु बिदेशी डलर खैरा हाम्रो नेपाली गाउ का सोझा सब मांक्से लाइ ढोंगी कुरा सिकौदै धर्म परिवर्तन गरुडाईक्सन इनिहरु देश को लागी ठुलो भाइरस हुन दलाल चित्तो,1,0,1,0,0,5
3919,मेरो दिमाग मानसिक अस्पतालमा छ र म मानसिक अस्पतालमा छु।,1,0,0,0,1,5
3920,पहाड हर्षले भरिएको छ,1,0,0,0,0,4
3921,यो मोबाइल अपडेटेड प्याक्सी क्यामेरा को गुणस्तर अपेक्षित भण्डा जान बेकर भययो तताउने मुद्दा नी ढेरै बढ्यो त्यसैले आफ्नो फोन अपडेट नगर्नुहोस् साथीहरू अर्को सुरक्षा प्याचको लागि पर्खनुहोस्,0,0,0,0,0,2
3922,Muji tero anuhar kukur ko pui jasto xa fb ma aayera dherai gyan nade tero real location thaha xa malai ghar mai aayera tokdinxu dherai hero naban sa,1,0,0,0,1,5
3923,कति पटक सम्झाउँदा पनि उही गल्ती दोहोर्‍याउने ?,0,0,0,0,1,3
3924,"तपाईको सरल जीवन उच्च विचार हो, तर धेरै नेताहरूको उच्च जीवन एक साधारण विचार हो",0,0,0,0,0,1
3925,सामाजिक सञ्जालमा गलत सूचनाको थुप्रियो।,0,0,0,0,0,3
3926,"काठमाडौं उपत्यकाको सार्वजनिक यातायात व्यवस्थामा व्यापक सुधारको खाँचो छ, पुराना र धुवाँ उत्सर्जन गर्ने सवारी साधनलाई विस्थापित गरि विद्युतीय बस सञ्चालन गर्नुपर्छ ।",0,0,0,0,0,1
3927,यो नेता चोर हो,1,0,0,1,0,4
3928,शान्तिको बोझ बोक्नुहोस्,0,1,0,0,0,5
3929,आज हजुरआमाको पुरानो फोटो फेला पार्न पाउँदा रमाइलो लाग्यो।,0,0,0,0,0,1
3930,"तिमि जेला कहिले जाने अबो नवाया अब फेरी आगो लगै देउ अनि जानू प्रदेना 
आमालाई भेट्नुहोस्",0,0,0,0,1,3
3931,आजको मौसम धेरै राम्रो छ,0,0,0,0,0,1
3932,yo party bhrastachari ko party ho,1,0,0,1,0,4
3933,"साँचो मधेसी जनता पहिलो पटक देख्नुहुन्छ, निर्वाचित भएपछि मधेसी जनतालाई मात्र भोट हाल्न चाहन्छन्, तब किन आफ्नो अधिकार पाउन थालेनन् ।",1,0,0,0,0,3
3934,यो व्यक्तिगत विचार हो,0,0,0,0,0,1
3935,chhetri ko natak,0,1,0,0,0,4
3936,"खरानी चोर फटाहा, अरूलाई नैतिकता सिकाउन आउँछ।",0,0,0,0,1,5
3937,"धेरै धेरै धन्यवाद सर यति राम्रो प्रस्तुतिको लागि, धेरै कुरा सिकियो",0,0,0,0,0,1
3938,तपाईलाई सबै ध्यान चाहिन्छ जस्तो लाग्छ।,0,0,0,0,1,2
3939,यो योजनालाई राम्रोसँग कार्यान्वयन गर्नुपर्छ,0,0,0,1,0,2
3940,यो समुदाय लै भर पर्ना मिल्दाना,1,0,0,0,0,4
3941,मधेसी ना मधेसी नै हो इनिहरु को मन मा शुद्ध नेपाल को माया हुदैना सीमा भूमि केहेरा बिहार मा सम्पत्ति बनाउक्सान यिनिहरु सीमा डाकु हुन सीमा पर नै खेद्नु पर्क्सा स,1,1,0,0,0,5
3942,अंग हेरेर दिनदिनै हेर्नुपर्छ।,0,1,1,0,0,3
3943,"किनकि म नक्कली र वास्तविक पोस्टहरू छुटाउन सक्दिन, म pm जाँदैछु",0,0,0,1,1,2
3944,नेपालको रैथाने कला र हस्तकला सामग्रीको अन्तर्राष्ट्रिय बजारमा ठूलो माग छ सरकारले यस्ता घरेलु उद्योगहरूलाई प्रवर्द्धन गर्न अनライン प्लेटफर्म र एक्स्पोहरूको व्यवस्था गरिदिनुपर्छ हस्तकला,0,0,0,0,0,1
3945,Local tournament ma hamro team semifinal pugyo.,0,0,0,0,0,1
3946,yo jattha lai niyantran garna parxa,1,0,0,0,0,4
3947,त्यहाँ एउटा काम छ,1,0,0,0,1,4
3948,"मलाई कास्तो सामान्य ज्ञान नभको वेद रैक्सौ त्ययो फेक लिंक मा क्लिक गररा अफुलै के थुलो ठान्डै क्सस, तेरो ज्ञान हेर्दा तेरो सिमेकी लै नी लाज लगक्सा होला जथा छुप लग",1,0,0,0,1,5
3949,आज पहिलो पटक आफ्नै बगैंचाको गोलभेंडा टिपेर खाएँ।,0,0,0,0,0,1
3950,आज गाउँमा पहिलो पटक फाइबर इन्टरनेट जडान गरिएको छ ।,0,0,0,0,0,1
3951,आज बिहान छिमेकीको कुकुर हराएको खबर सुनेर नराम्रो लाग्यो।,0,0,0,0,0,1
3952,आज निकै व्यस्त दिन रह्यो,0,0,0,0,0,1
3953,pradhanmantri le sabai budget khaidiyo,0,0,0,1,0,4
3954,नेपालको जैविक विविधता र प्राकृतिक सौन्दर्यको संरक्षण गर्दै पर्यटन प्रवर्द्धन र वातावरणलाई असर नगरी दिगो विकासको अवधारणालाई आत्मसात गर्नु हाम्रो कर्तव्य हो ।,0,0,0,0,0,1
3955,त्यसैले समूहको हात बेकार छ,1,0,0,0,0,4
3956,"Yo neta jggya ko chor ho, janta ko kaisen lutyo yesle",0,0,0,1,0,4
3957,नेपालमा जैविक खेतीको ठूलो सम्भावना छ रासायनिक मलको सट्टा कम्पोष्ट मल प्रयोग गर्दा माटोको उर्वраशक्ति जोगिनुका साथै उपभोक्ताको स्वास्थ्य पनि राम्रो हुन्छ स्वदेशी प्रविधि,0,0,0,0,0,1
3958,दमाइ हारु लाइ ढेरे माथी छाडौना हुदैना,1,1,0,0,0,5
3959,"कामी जाट को माँक्से हरु को झोरा झोरी धेरै माथी चढ्न थाले, कोटा प्रणाली ले गर्द वास्तविक प्रतिभा पक्सदी पर्यो इनिहारु को काम ति पुरानो फलामको पिटाई ठिकै थियो ।",1,1,0,0,0,5
3960,तपाईलाई काम भन्दा नाटक बढी लाग्छ।,0,0,0,0,1,3
3961,यो समीक्षा खण्ड हेर्दा ढेराई फेक एकाउन्ट देखिंक्सा।,0,0,0,0,1,2
3962,Madhesi ta Madhesi nai ho iniharu lai nepal ma dherai rights dyaera nai bholi border land saba indians le kbja grxan iniharu border ka gaddar hun daku bihari haru,1,1,0,0,0,5
3963,ध्यान खोज xa खान,0,0,0,0,1,4
3964,Ta jasto allare sanga team project garna garo xa k kura nabhuji bich ma jpt code push garera repo bigardiyo instructions do follow nai nagarne ha bd,1,0,0,0,1,3
3965,"यो च्यानल ले पहिलो जानकारीमूलक सामग्री बनौथ्यो, अहिले क्लिकबाइट ढेरै xa।",0,0,0,0,0,2
3966,तिमीले बारम्बार एउटै गलत तथ्य दोहोर्याइरहँदा कसैले सच्याउन खोज्यो भने रिसाउने बानी किन बनाएको ? बहस भनेको सिक्ने प्रक्रिया पनि हो।,0,0,0,0,1,3
3967,bahun haru matra thulo haina,0,0,0,0,0,2
3968,dalit lai mndir xirna nadinu paap lagxa paxi prathistha ghatxa ghar ko iniharu ko thau tallo nai thik xa quota system le garda desh bigryo sa iniharu fohor jaat,1,1,0,0,0,5
3969,आजको बिहानको पैदल यात्रा एकदमै स्फूर्तिदायी थियो।,0,0,0,0,0,1
3970,muslim haru desh ko bojh hun.,1,0,1,0,0,5
3971,तिमी चोर नेता,1,0,0,1,0,4
3972,प्रमाण बिना कुनै दाबी स्वीकार गर्न सकिदैन।,0,0,0,0,0,1
3973,यो खाता चोर हो,0,0,0,0,1,4
3974,दलित संग मिलेर काम हुदैना,0,1,0,0,0,5
3975,tyo samudaay ko buddhi nai testai ho,1,0,0,0,0,4
3976,यसलाइ गोडनै परक्सा,1,0,0,0,1,5
3977,साङ्लोले खायो । जय किरात,0,1,1,0,0,4
3978,खाली हल्लाको भरमा निर्णय गर्नु उचित हुँदैन।,0,0,0,0,0,1
3979,यी नेताहरूले चुनाव जित्नका लागि जुनसुकै झूट बोल्छन् ।,0,0,0,1,0,4
3980,"आज बिहानको पैदल यात्रा निकै ताजगीपूर्ण रह्यो, फ्रेस फिल भयो",0,0,0,0,0,1
3981,बहस गर्नुभन्दा पहिले पूरा रिपोर्ट पढेको भए राम्रो हुन्थ्यो।,0,0,0,0,1,3
3982,क्रिस्चियनहरूले संस्कृति नष्ट गर्नेछन्,1,0,1,0,0,5
3983,Coffee last mitho raixa,0,0,0,0,0,1
3984,muji gyan nadey.,0,0,0,0,1,5
3985,यो बिक्रेता ले झुट बोलेरा अर्डर लिना कोज्यो,0,0,0,0,1,3
3986,Great effort by the team,0,0,0,0,0,1
3987,कामी हारु लै काम मात्र सुहांक्सा,0,1,0,0,0,5
3988,ta hawa guffadi,0,0,0,0,1,4
3989,Beautiful view of Mount Everest from the airplane window!,0,0,0,0,0,1
3990,देश को सत्यानास येई हारुले गर,1,0,0,0,0,4
3991,सडक विस्तारको काम राम्रैसँग अघि बढेको देख्दा खुसी लागेको छ,0,0,0,0,0,1
3992,"अगस्ट 23 मा, जेन-जीले बच्चाहरूलाई टाउको र छातीमा गोली हान्न आदेश दिए
 त्यो बेलाको सरकारले छानबिन गरेर कारबाही गर्नु पर्दैन ? त्यो 76 जेन-जी बच्चाहरू 
मारेर खुसी हुन्छ ? भ्रष्ट र हत्यारा एमाले र कांग्रेसका हत्यारा र भ्रष्ट नेताहरुलाई 
७६ जना मारिए भने कारबाही नगरी छोडिने हो ? जनताबाट तरवार बोकेर हिडिरहेका छन्
 के तपाइँ छोड्नु पर्छ? मान्छे मार्ने ठूलो घटना हो कि घर जलाउने ठूलो घटना ? 23 को नरसंहार को
 एमाले, कांग्रेस, माओवादी, हरुसिंह दरबार, सर्वोचका नेता कार्यकर्ता २४ गते ढाकछोप गर्न
 अदालतजस्ता सरकारी सम्पत्तिमा आगो लगाइयो । राज्य सम्पत्ति र नेताहरूको घर
 आगजनीका लागि यी ३ दल जिम्मेवार छन् । ३ वटा पार्टीमा असन्तुष्ट कार्यकर्ता नै देखिन्छन्
 उनले आफ्नो पार्टीका नेताहरुको घरमा चोक प्रहार गरी जलाए ।",0,0,0,1,0,3
3993,"डिजिटल साक्षरता आजको युगमा धेरै आवश्यक भएको छ, विशेष गरी ग्रामीण क्षेत्रका महिला र वृद्धवृद्धाहरूलाई अनलाइन ठगी र साइबर अपराधबाट जोगाउन यसले ठूलो भूमिका खेल्छ।",0,0,0,0,0,1
3994,संसदमा बहस हुनु स्वभाविक हो तर यहाँ हात मिलाउने कुरा मात्रै हो ।,0,0,0,1,0,1
3995,आज धेरै दिन पछि पुरानो साथी देख्दा राम्रो लाग्यो।,0,0,0,0,0,1
3996,उनीहरुकै कारण देश पछाडि परेको छ,1,0,0,0,0,4
3997,यो सेलिब्रेटी धन्यवाद को लागी एक नो-गो हो।,0,0,0,0,1,5
3998,मुस्लिम हुदैना संग व्यापार गर्नुहोस्,1,0,1,0,0,5
3999,विगतको तुलनामा यस वर्ष गाउँ मेलाको आयोजना गरिएको छ ।,0,0,0,0,0,1
4000,Yo mantri gagan thapa open daku ho yesle hospital fund ko adha budget afno security ra real estate jggya ma use garyo yesko sabaii property japt garera jail halnu parxa chitto,0,0,0,1,0,4
4001,"देशको उज्ज्वल भविष्यको लागि भूमिपुत्रहरूलाई बधाई तथा शुभकामना। 
इच्छा",0,0,0,0,0,1
4002,श्रमजीवी जाति नारीहरु यस्ता छन् जहाँ फोहोर मात्रै पुग्दैन फलम काम गर्ने ग्र्दा मस्तिष्क बढि भाषा शुरुवात थीती कहिलै माथी औदैना सा जात तल्लो थाउ सहि ।,1,1,0,0,0,5
4003,तिमि संग बहस गरनु भान्डा दिवालसंग कुरा गरनु सजिलो छ।,0,0,0,0,1,3
4004,तिमी जस्तो मूर्खले सबै कुरा बढाइचढाइ गर्छ।,1,0,0,0,1,4
4005,"काठमाडौंको वायु प्रदुषण ह्वात्तै बढेको छ, बाहिर निस्कँदा अनिवार्य मास्क लगाउनुपर्छ, नत्र सास फेर्न गाह्रो हुन सक्छ, हामी सबैले आफ्नो स्वास्थ्यको ख्याल गरौं ।",0,0,0,0,0,1
4006,"Tero tyo fohor dimag herda tero school ko tchr lai thukna man lagxa hola @user_id_49, kasto bewakuf jasto comment gareko k kura nabhuji pa jasto boldai xa",1,0,0,0,1,4
4007,सबैले के बुझ्नुहुन्छ ?,0,0,0,0,1,4
4008,क्रिश्चियन हारु ले डलर बाधेरा भोली हिन्दुत्व सकौक्सन #SaveSanatan,1,0,1,0,0,4
4009,यो मेयर को निर्णय ठीक लागेना,0,0,0,1,0,2
4010,"नेपालमा अर्गानिक खेतीको ठूलो सम्भावना छ, रासायनिक मलको सट्टा कम्पोस्टको प्रयोगले माटोको उर्वराशक्ति मात्र होइन उपभोक्ताको स्वास्थ्यमा पनि सुधार ल्याउँछ।",0,0,0,0,0,1
4011,यो केटाको कुरा सुन्नु भनेको समयको बर्बादी हो,0,0,0,0,1,4
4012,यो नेता को कुरा पटयुना सक्दिन,0,0,0,1,0,2
4013,मुस्लिम शाखा काहिले नमिला।,0,0,1,0,0,5
4014,मदिरा र मादक पेय पदार्थमा भ्याट कायम गर्दा दैनिक जीवनमा खपत हुने बिजुलीमा १३% भ्याट किन ?,0,0,0,0,0,1
4015,तपाईंले समूह परियोजनामा ​​केही नगरेको श्रेय लिन खोज्नुभयो।,0,0,0,0,1,3
4016,"Today internet service providers in nepal are totally looting us, price yeti mahango xa tara slowness ko kura gari sadhyo xaina jb pani down matra hunxa",0,0,0,0,0,2
4017,मैले यो फोटो प्रतियोगितामा धेरै प्रविष्टिहरू देखे।,0,0,0,0,0,1
4018,Madhesi ta Madhesi nai ho iniharu ko ragat mai bihari ko kura hunxa nepal ko khayer ni india ko gungan gauuuxan yiniharu lai border par nai lakednu parxa chitto gaddar jaat,1,1,0,0,0,5
4019,ता जसो अल्लारे संग टोली परियोजना गरना गारो xa के कुरा नभुजी बिच मा जेपीटी कोड पुश गैररा रेपो बिगार्दियो निर्देशनहरू पालना गर्नुहोस् नै नगर्ने हा बीडी,1,0,0,0,1,3
4020,"यो भिडियोको थम्बनेलले एउटा कुरा देखाउँछ, सामग्री अर्को हो।",0,0,0,0,0,2
4021,क्रिस्चियन लाइ रोना पर्क्सा।,0,0,1,0,0,5
4022,विद्यालयले यस वर्ष विज्ञान प्रदर्शनी निकै व्यवस्थित रुपमा आयोजना गरेको थियो ।,0,0,0,0,0,1
4023,तपाईंले बुझ्नुको सट्टा सुनेको कुरामा आधारित प्रतिक्रिया दिनुभयो।,0,0,0,0,1,2
4024,कृषि क्षेत्रमा आधुनिक प्रविधिको प्रयोग बढाउन सकिएमा युवाको विदेश पलायनमा उल्लेख्य कमी आउने छ ।,0,0,0,1,0,1
4025,युवामा बढ्दो लागुऔषध दुव्र्यसनलाई रोक्न विद्यालय र कलेज स्तरमा सचेतना कार्यक्रम सञ्चालन गर्नुपर्छ ।,0,0,0,0,0,1
4026,Ta machikne afulai sabai kura ko judge samjhinxas.,1,0,0,0,1,5
4027,"नेवार हारु जपुत झट हुन पैसा भण्डार माक्सन फोहोर संस्कार छा इनिहारु जहाँ उनले गुफ्फ गरे मेरो तुला तुलो वक्सन, म जान हरु म एक पैसा पनि निकाल्न सक्दिन।",1,0,0,0,0,4
4028,Kami jaat ko budhi yestai ho jahile fohor kura matra sochxan falam ko kam grda grda dimag ni falam jastai bhaysakyo iniharu ko thiti kahilyai mathi audaina sa jati tallyo thau thik,1,1,0,0,0,5
4029,आज पुस्तकालयमा धेरै काम भयो।,0,0,0,0,0,1
4030,फेरि त्यही झुट दोहोर्‍याउँदै हुनुहुन्छ।,0,0,0,0,1,3
4031,"musalman haru le desh dubauna laage, sabbai sangathan banayera lxan",1,0,1,0,0,5
4032,"पहाडी जाति हारु साधै हेपाहा हुन मधेसी लाइ मांक्से नै गन्धिन, इनिहारु को त्यो फोहोर ले मन ले गार्ड नाइ देश मा भेद्भव बधिरको छ साधाई ब्रा",1,0,0,0,0,4
4033,यो त व्यक्तिगत विचार हो,0,0,0,0,0,1
4034,"ता जसो अल्लारे संग टोली परियोजना गरना सराय गारो क्सा के, कुरा केई नभुजी बिच मा जेपीटी कोड पुश गररा रेपो बिगार्डियो निर्देशनहरू पालना गर्नुहोस् नाई नगर्ने बीडी",1,0,0,0,1,3
4035,"यो रियल आईडी बाट हो कि नक्कली आईडी बाट जाँच नगर्नुहोस्! अन्धा धुन्डाले साझा गर्नुभयो, 
फतह गुइथे। होइन, मैले १ मिनेट भन्दा कममा १९ हजार लाइक पाइनँ।",0,0,0,0,1,3
4036,हरामी जसो बोल्छ,1,0,0,0,1,5
4037,"भर्चुअल रियालिटी हेडसेटको साथ Laghera ऐतिहासिक साइटको डिजिटल भ्रमण गर्नुहोस्। भौतिक रूपमा, जनताको नाकबाट बाहिर निस्केका धेरै चीजहरू कल्पना गर्न सजिलो भयो।",0,0,0,0,0,1
4038,आफै नपढेर अरुलाई पढ्न सिकाउँदै हुनुहुन्छ।,0,0,0,0,1,3
4039,चाडपर्वमा फरकिनुको घरमा कोलाहल मच्चियो ।,0,0,0,0,0,1
4040,आजकल हरेक कुरालाई विवाद बनाउने बानी बढ्दै गएको जस्तो छ।,0,0,0,0,0,2
4041,tyo समूह प्रेम र विश्वास,1,0,0,0,0,4
4042,यो नेता जनताको शत्रु हो ।,0,0,0,1,0,4
4043,देशलाई अगाडि बढाउन सबैको सहयोग चाहिन्छ ।,0,0,0,0,0,1
4044,kami haru lai thacharnu parxa mathi auna dida thiti bigryo,1,1,0,0,0,5
4045,"Hamro purano sahitya ra kabita haru padhda kasto ananda aauxa, achel ka youth haru ta english song ra tiktok ma matra busy xan afno bhasa ko matwa nai birsिसके",0,0,0,0,0,1
4046,तिमी पागल छौ,1,0,0,0,1,4
4047,"पहाडी जाति हारु साधै हेपाहा हुन मधेसी लाइ मांक्से नै गन्धिन, इनिहारु को त्यो फोहोर ले मन ले गार्ड नाइ देश मा भेद्भव बधिरको छ साधाई ब्रा",1,0,0,0,0,4
4048,"यो प्रधानमन्त्री देशको खुलेआम चोर हो, देशलाई बर्बाद गर्ने यिनै हुन्, यो नेतालाई थाकेको छ ।",1,0,0,1,0,4
4049,विद्यालयको अवस्था सुधार्नुपर्छ,0,0,0,0,0,1
4050,आज पहिलो तलबबाट आमाबुवालाई उपहार किनेँ।,0,0,0,0,0,1
4051,"मैले कोटेश्वरमा क्याथोलिक स्कुल पढेको छु र म सनातनी हुनुमा गर्व गर्छु। 
हिन्दु, बुद्ध र किराती धर्म भन्दा सुन्दर कुनै धर्म छैन ।",0,0,1,0,0,2
4052,Tero jasto fohor dimag vako manxe fb ma dherai aauxan aba bhag,1,0,0,0,1,4
4053,तिमी धेरै मूर्ख देखिन्छौ,0,0,0,0,1,4
4054,"भाउजु, मलाई थाहा छ म तिमीसँग कहिल्यै डराएको छैन।",1,1,0,0,0,5
4055,"दमाइ कामी हरु लाई माथी चडौडा यसै हुंक्सा, जात अनुसार को काम छादेशी संस्कार बिगर्यो कोटा लियारा योग्य मांक्से को थाउ ल्क्सन इनिहारु ले थाई ज*था",1,1,0,0,0,5
4056,सबै दुःखको कारण यही हो,1,0,0,0,0,4
4057,"म तिमीसँग मुर्ख मान्छे जस्तै कुरा गर्छु, समय मात्रै, तिम्रो फोहोरी मुख, फेसबुक कमेन्ट, म तिम्रो मापदण्ड हेर्दिन, मनमा थुक्नेछु ।",1,0,0,0,1,5
4058,यो मेयरले विकासको नाममा पैसा खाएको कुरा धेरै ठाउँबाट सुनिएको छ ।,0,0,0,1,0,4
4059,"नेवार हरु साधै फोहोर हुन्न के, इनिहरु को खाजा घर मा गैरा हेरा कास्तो अँध्यारो परिवेश हुन्सा आनी गुल्ला रक्सि खैरा मक्सन जब जान नाइ बेकर हो यो",1,0,0,0,0,4
4060,मैले पाउने अधिकांश पिउने पानी:,0,0,0,0,0,1
4061,तेरो अनुहर देखेरा रिस उठ्सा,1,0,0,0,1,4
4062,गाउँको पुरानो पोखरी पुनर्निर्माण भएको खुशीको कुरा हो ।,0,0,0,0,0,1
4063,खाते attention khojna matra comment garxa.,0,0,0,0,1,4
4064,मधेसी हुनुमा गर्व छ,0,0,0,0,0,1
4065,आजको workshop bata dherai kura sikna paye.,0,0,0,0,0,1
4066,kami haru lai mathi chadhauna hudaina.,0,1,0,0,0,5
4067,bahun haru lai matra agadi badhaune system dekhera dikka lagisakyo.,0,1,0,0,0,4
4068,Timi le nabhuji comment nagara na bro pahila article padha ani thaha painxa ni jpt conclusion nikalne bani ekdam bad ho timro maturity didaina yesle,0,0,0,0,1,2
4069,तपाईंले तथ्यलाई भन्दा अनुमानलाई बढी महत्त्व दिनुभएको छ।,0,0,0,0,1,2
4070,"तपाईंले नगरेको कुराको श्रेय लिन खोज्दै हुनुहुन्छ, त्यो पूर्ण रूपमा गलत हो",0,0,0,0,1,3
4071,यो भिडियोको सम्पादन गुणस्तर कमजोर छ।,0,0,0,0,0,2
4072,हामीले स्थानीय उत्पादनलाई पनि प्राथमिकता दिनुपर्छ।,0,0,0,0,0,1
4073,यो मोबाइल अपडेटेड प्याक्सी क्यामेराको गुणस्तर अपेक्षित भण्डा जान बेकर भययो तताउने समस्या नि धेरिया बढ्यो त्यसैले आफ्नो फोन अपडेट नगर्नुहोस् साथीहरू अर्को सुरक्षा प्याचको प्रतीक्षा गर्नुहोस्,0,0,0,0,0,2
4074,"आज बिहानैदेखि पानी परिरहेको छ । यस मौसममा, एक कप तातो चिया र तपाईंको मनपर्ने पुस्तक लिएर झ्यालमा बस्नु भन्दा राम्रो अरू केहि छैन।",0,0,0,0,0,1
4075,यो मन्त्री ले राजिनामा दिनु परक्सा,0,0,0,1,0,3
4076,"परिक्षाको नतिजा आउनेछ, परिश्रम अनुसारको नतिजा तपाईलाई धेरै खुसी हुनेछ।",0,0,0,0,0,1
4077,Laptop ko speaker quality expected bhanda kam raixa.,0,0,0,0,0,2
4078,ta khate hawa guffadi,1,0,0,0,1,5
4079,neta ko khata videsh ma xa re,0,0,0,1,0,4
4080,tyo samuh lai adhikar dina hudaina,1,0,0,0,0,4
4081,"Office ko internet nai chalena, pura din kaam rokkiyo.",0,0,0,0,0,2
4082,पार्कमा आज बालबालिकाको चित्रकला प्रतियोगिता सम्पन्न भएको छ ।,0,0,0,0,0,1
4083,आज परिवार संग बसेरा पुराण फोटो एल्बम हिरियो सानु हुडा को तयो रमाइलो सम्मानना ​​हरु आयरा कसतो मुख मा मुस्करो आयो वान्या बाल्यकालका दिनहरु साँच्चै अचम्मका थिए साथी,0,0,0,0,0,1
4084,Yo rabi lamichhane lai jhoot kanda ma fasauna khojne yo desh ka thula neta haru bhrastachari hun iniharu le sabaile ghus khayera thulo kaisen lukaeka xan praman sahit jail halnu parxa,0,0,0,1,0,4
4085,शाब्दिक धर्म र जात को नाम मा लड्नु बिल्कुल ठीक छैन,0,1,0,0,0,1
4086,यो webinar ma practical examples dherai bhayeko bhaye jhan ramro hunthyo.,0,0,0,0,0,2
4087,किसानलाई राहत दिनुपर्छ,0,0,0,1,0,2
4088,"Tero photo herda ni rish uthxa @kt_nepali1_ kasto fohor makeup gareko sa attention seeker jasti, tero yasto jpt clip le tero pariwar ko ijjat pani dubaidyo aba delete gar tyo bideo",1,0,0,0,1,5
4089,यसैले हामी सबैलाई यस दिनमा अधिकार छ,1,0,0,0,0,4
4090,christian haru desh ko satru hun.,1,0,1,0,0,5
4091,कुनै कुरा प्रमाण बिना विश्वास गर्न गाह्रो हुन्छ।,0,0,0,0,0,1
4092,तपाईलाई जिम्मेवारीको अर्थ थाहा छैन जस्तो लाग्छ।,0,0,0,0,1,3
4093,यी खतरनाक छन्,1,0,0,0,0,4
4094,यो नेता खुलेआम चोर हो,1,0,0,1,0,4
4095,muslim haru sabai lai nikalnu parxa natra desh sankat ma parxa,1,0,1,0,0,5
4096,यस ठाउँको प्राकृतिक सौन्दर्य साँच्चै लोभ्याउने छ।,0,0,0,0,0,1
4097,आउनुहोस् र गार्ड अफिसमा पाल्तु जनावर समस्या खोज्नुहोस्।,0,0,0,0,0,1
4098,Bahun muji haru sab bhanda kamna lagne xan yo sansar ma,1,1,0,0,0,5
4099,यो पार्टी भृष्टचारी को पार्टी हो,1,0,0,1,0,4
4100,"आफ्नो पहिलो तलब लिएर आउनुहोस्, तपाईं बुढो भएको महसुस गर्नुहोस्।",0,0,0,0,0,1
4101,यो समुदाय मात्र एक वास्तविक समस्या हो।,1,0,0,0,0,4
4102,हिन्दु हरु मुर्खा समुदाय,1,0,1,0,0,5
4103,"ल्यापटपको स्पिकरको गुणस्तर अपेक्षित भण्डा कम रिक्सा, खराब मोडल",0,0,0,0,0,2
4104,राई लिम्बु लाइ देश को 20% बेचेरा सुट्टै डुइता देश बनाउना पर्क्सा,0,1,1,0,0,5
4105,राई लिम्बु राई लिम्बुका पिता हुन्,0,1,1,0,0,4
4106,"Yo mantri le koti koti ghotala gareko xa, praman xito linu paryo",0,0,0,1,0,4
4107,मधेसीलाई उत्पीडन गर्ने बानी अझै हटेको छैन,0,0,0,0,0,2
4108,"बाहुन मलाई आफुलाइ के ठुलो ठाँउ छास, तेरो जान को चोर नेता हारु ले देश लुटेरा भेलाए के ढोंगी प हरु तेरो गफ सुनेरा हमी लाइ रिस उठ्स सा खाते",1,1,0,0,0,5
4109,टेरो तर्क शून्य,0,0,0,0,1,4
4110,यो धर्म मान्ने हारु लाइ विश्वास गरनु हुदैना,1,0,1,0,0,5
4111,आज बिहानको पैदल यात्रा निकै ताजगीपूर्ण रह्यो।,0,0,0,0,0,1
4112,संसदमा बहस हुनु स्वभाविक हो तर यहाँ हात मिलाएर मात्रै थियो,0,0,0,1,0,1
4113,कामदारले सिकाक्स ल्याई,0,0,0,0,1,5
4114,मधेसीलाई दुव्र्यवहार गर्ने बानी अझै हटेको छैन,0,0,0,0,0,2
4115,damai ko kura nasuna,0,1,0,0,0,4
4116,damai sanga basna man lagdaina,0,1,0,0,0,5
4117,जसरी सबैले तपाईंलाई वास्तविकता दिएका छन् कि तपाईं पहिले विद्यालय जानु पर्छ।,1,0,0,0,1,3
4118,"IDK, ईन्जिनियरिङ् लगभग मरेको छ।",0,0,0,0,0,2
4119,एउटै गलत कुरा दोहोरिरहँदा कसैले सच्याउन खोज्दा रिस उठ्ने बानी किन बनायो ? बहस पनि एउटा सिकाउने प्रक्रिया हो।,0,0,0,0,1,3
4120,yo budget garib virodhi xa,0,0,0,1,0,3
4121,यो स्वागत नेपाल पनि ठूलो मजाक हो। मलाई अझै पनि बजेटको अर्थ थाहा छैन ।,0,0,0,1,0,5
4122,कामी हारु लाइ काम मात्र सुहांक्सा,0,1,0,0,0,5
4123,hindu bahek aru sabai dharma bekar hun.,0,0,1,0,0,5
4124,दलित जाट को मनके हरु मन्दिर मा जिरेरा हाम्रो संस्कार फुर गर्ना थिले यिनिहरु को थो तल्लो नै थिक अक्स कोटा दियारा सरकार ले सबाइको तौको माथी पढायो सा इनिहरु फुर जाट,1,1,0,0,0,5
4125,tero buddhi ghaas charna gayo,0,0,0,0,1,4
4126,राई लिम्बु हल्दिनु पार्कमा रहेको मानसिक अस्पताल हो,0,1,1,0,0,5
4127,मेरो भाउजु र बुवाले देश खाए र मैले छोडे ।,1,1,0,0,0,5
4128,क्षेत्री भनाइ सबै संग सुत्नु पर्छ।,0,0,0,0,0,2
4129,"त्यसपछि त्यहाँ एक ठग थियो, उसले मेरो कार्यालयमा छापा मार्यो र त्यसपछि त्यहाँ आगजनी भयो।",1,0,0,0,1,5
4130,हामीले ट्राफिक नियमहरू पालना गर्ने बारे अझै धेरै सिक्न बाँकी छ।,0,0,0,0,0,1
4131,तिमी शुद्ध हत्यारा हौ,0,0,0,1,0,4
4132,आज सामुदायिक बगैंचामा धेरै युवाहरुको सहभागिता थियो ।,0,0,0,0,0,1
4133,आज धेरै दिन पछि पुरानो साथीको फोन आयो ।,0,0,0,0,0,1
4134,यी मन्त्रीको सबै व्यवहार शंकास्पद देखिन्छ।,0,0,0,1,0,4
4135,यति महँगो टिकटमा पनि यस्तो व्यवस्थापन हुनु दुःखद् कुरा हो ।,0,0,0,0,0,2
4136,राम्रो उपलब्धि,0,0,0,0,0,1
4137,राम्रो काम टोली,0,0,0,0,0,1
4138,बाहुन को झोरो भन्धै मा सबाइले ज्ञान बडना परक्सा भन्ने क्सैना यो जान ले सबाइको अधिकार खैरा आफु मात्र माथी पुगना खोज्सा ढेरै थुलो नबन तोरी हारु,1,1,0,0,0,4
4139,Yo pradhanmantri khulla chor ho desh dubauda saki sakyo chunab ko bela dherai kura garne chunab paxi ghus khayera basne ke ho yo neta yeslai thknu prxa,1,0,0,1,0,4
4140,धेरै मुजी,1,1,0,0,0,5
4141,आज खेतमा पानी पुगेपछि किसानहरु खुसी देखिन्थे ।,0,0,0,0,0,1
4142,"Newar jaat ko manxe haru jaha gae ni afno faida matra herxan, bapar ko nam ma janta lai lutxan iniharu ko ragat mai kanjusi ra bhrastachar hunxa tait",1,0,0,0,0,4
4143,Muslim haru lai nepal ma basna dina hudaina iniharu le bholi hindutva sakauxan ra mosque banayera sabailai lxan yo sanatan ko lagi thulo sankat ho brosss,1,0,1,0,0,5
4144,रेस्टुरेन्टको सेवामा पैसा खर्च गरिरहनेछ र बेकार हुनेछौ।,0,0,0,0,0,2
4145,आजको यात्रा रमाइलो भयो,0,0,0,0,0,1
4146,"तपाईंले अरूको समयको सम्मान गर्न सिक्नु पर्छ, जब तिनीहरू ढिलो हुन्छन्",0,0,0,0,1,2
4147,Muji tero anuhar kukur jasto xa dherai thulo kura nagar fb m,1,0,0,0,1,5
4148,हिजो म एक वृद्ध मानिसलाई स्मार्टफोन कसरी प्रयोग गर्ने भनेर सिकाउँदै थिएँ। भिडियो कलपछि उनको अनुहारमा देखिएको खुशीले प्रविधिको अर्को पाटो पनि देखायो ।,0,0,0,0,0,1
4149,आजको बस यात्रा यति धेरै भीड थियो कि सास फेर्न गाह्रो भयो।,0,0,0,0,0,3
4150,आज हजुरबुवाले आफ्नो पुरानो रेडियो देखाउनुभयो।,0,0,0,0,0,1
4151,"देश सुन्दर बगैँचा बनेको छ, फूलका रङ फेरिएका छन् ।",0,0,0,0,0,1
4152,यो पार्टीको नेता गुण्डा हो,0,0,0,1,0,4
4153,machikne comment garna matra aauxas,1,0,0,0,1,5
4154,rabi lai jail halnu parxa,0,0,0,1,0,3
4155,"Yo jaat ko manchhe haru jahile yestai garchhan, badline haina",1,1,0,0,0,4
4156,तिमी चोर हौ,1,0,0,0,1,5
4157,"बाहुन मलाई आफुलाइ के थुलो ठाडै क्स, तेरो दिन सकियो आबा",1,1,0,0,0,5
4158,muji afno kaam gara,0,0,0,0,1,5
4159,"तपाईंले पढेको जस्तो देखिने प्रयास गर्नुहुन्छ, तर आधारभूत कुराहरू हराइरहेका छन्।",0,0,0,0,1,3
4160,dalit lai mathi chadhauda yestai hunxa,0,1,0,0,0,5
4161,harami jasto bolcha,1,0,0,0,1,5
4162,त आइजा त पागल...मलाई बहिरा जानु परक्सा,1,0,0,0,0,2
4163,त्यसको फाइदा भाउजु र भाउजुले उठाइरहेका छन् ।,0,1,0,0,0,4
4164,यी नेताहरु झुट बोल्छन्,0,0,0,1,0,2
4165,"धेरे विरोध मत्रा मत्रा गेरा बसनु पानी हुना, सकारात्मक पक्ष तन्नै जान त",0,0,0,0,0,1
4166,christian lai rokna parxa,0,0,1,0,0,5
4167,यो पेमेन्ट एप को सिस्टम अपडेट प्याक्सी लेनदेन ब्यालेन्स आधा घण्टा सम्म अपडेट नाइ होना कास्तो बुग्गी इन्जिनियरिङ टीम हो घोटाला हो सक्सा यो प्लेटफर्म बता रिपोर्ट गारो,0,0,0,0,0,2
4168,मुस्लिमहरूको लागि विश्वास निर्माण,1,0,1,0,0,5
4169,आजको यात्रा लामो भए पनि त्यो दृश्यले सबै थकान हटायो ।,0,0,0,0,0,1
4170,"यो ल्यापटप ब्रान्डको स्क्रिनको गुणस्तर अपेक्षित छ, मेरो डेड पिक्सेल १ बार छ, वारेन्टी दाबी राम्रो छैन, सेवा केन्द्र समस्यामा छ।",0,0,0,0,0,2
4171,Yo flight company ko service lastai bekar raixa weather thik huda ni 3 ghanta flight late garayo ani refund magda ni jhamela garxa worst customer service team vanya tait,0,0,0,0,0,2
4172,"पुरानो पार्टीलाई गाली गरेर उठेको ग्रे गुटको संसद झन् झन् झन् झन् झन् झन् झन् झन् झन् झन् झन् झन् झन् झन् झन्झन् बढ्दै गएको छ ।
पायला भन्दा ठट्टा नै बढी लाग्छ । 
हामी भेडाका मान्छे हौं।",0,0,0,1,0,3
4173,माइलेज रामरो भएको कुनै पनि बाइकले आरामदायी सिट गर्न सक्नेछ।,0,0,0,0,0,2
4174,ta muji chup lag,1,0,0,0,1,5
4175,यो समुदायले देशलाई पछाडि तानेको छ,1,1,0,0,0,4
4176,तँ जस्तो झुट्टा मान्छे फेरि देख्न नपरोस्,1,0,0,0,1,4
4177,"आउनुहोस्, सबैभन्दा पहिले एउटा सानो भान्छामा पिज्जा बनाउनुहोस्, कति स्वादिलो ​​छ, विदेशमा रेस्टुरेन्टको खाना, खाना सस्तो र ताजा छ, परिवारका लागि यो पुरै परायको छ ।",0,0,0,0,0,1
4178,"अरुको तस्बिरमा सधै कमेन्ट गर्ने, आफ्नो काम कहिले गर्ने ?",0,0,0,0,1,2
4179,"प्रधानमन्त्री र अर्थमन्त्रीले देश बदल्ने बजेट ल्याइरहेका छन्, जुन इतिहासकै सबैभन्दा ठूलो बजेट हो ।",0,0,0,0,0,1
4180,यो पार्टी को मन्त्री थुलो चोर हो यस्ले सडक बन्युदा ५०% कमिशन खयरा बेकर सामाग्री प्रयोग गर्ना लगायो तिवया १ महिना माई रोड पुराई हिलो भयौ डाकु,1,0,0,1,0,4
4181,"आत्मविश्वासले हावा लिनुहोस्, आत्मविश्वासले भर्नुहोस्, रैक्सास, तिम्रो वास्तविकता उनको पहिलो हो।",0,0,0,0,1,2
4182,"मधेसीले नेपालको नागरिकता पाएका छन्, आज भारतीयलाई सिमाना दिएका छौँ, संस्कृत भाषा पनि आफ्नो देशलाई दिएका छौँ, सिमाना पनि दियौँ ।",1,1,0,0,0,5
4183,sala chor neta,1,0,0,1,0,4
4184,चाडपर्वमा फरकिनुको घरमा कोलाहल मच्चियो ।,0,0,0,0,0,1
4185,कामि हारु निकाम्मा समुदाय,1,1,0,0,0,5
4186,तलाई कुकुर जेल झोले भयेरा हिडेको छ काम छाैना हो ?,1,0,0,1,0,4
4187,संसद खोलेर भ्रष्टाचारको ढोका खोल्यो भने सबैलाई मुर्ख बनाउनुहुन्छ र बैंक खाता चेक गर्नुभयो भने नेता बन्नुहुनेछ ।,0,0,0,1,0,4
4188,धन्यवाद जानकारीको लागि,0,0,0,0,0,1
4189,देश ध्वस्त हुँदैछ,1,0,0,0,0,4
4190,यो प्रोजेक्ट रामरो लाग्यो मलाइ,0,0,0,0,0,1
4191,जात रा धर्म को नाम मा देश बरबद गरनु हुदैना,0,0,0,0,0,1
4192,कार्यक्रम सफल रहोस्,0,0,0,0,0,1
4193,"दलित जाट को मांक्से हरु मन्दिर मा जिरेरा हमारा संस्कार फुर गर्ना थले, यिनिहारु को था तल्लो ना ठिक अक्स कोटा दयेरा सरकार ले सबाइको तौको माथी प्रस्ताव",1,1,0,0,0,5
4194,जंगलमा आधार छैन।,1,0,0,0,0,3
4195,भाउजु सबै ठिक छ,0,1,0,0,0,4
4196,यो कम्पनीको customer support ले समस्या समाधानभन्दा बहाना बढी बनाउँछ।,0,0,0,0,0,3
4197,"आजा स्थानीय बजार गको कास्तो ताजा अर्गानिक साग सब्जी पायो नी सस्तो मूल्य मा, स्थानीय कृषकहरुको प्रत्यक्ष सहयोग हुन यास्तो प्रणाली ढेरै रामरो हो",0,0,0,0,0,1
4198,खाली हल्लाका आधारमा निर्णय लिनु उचित हुँदैन ।,0,0,0,0,0,1
4199,यो ऐतिहासिक जितको लागि सम्पूर्ण टिमलाई बधाई ! #नेपालक्रिकेट,0,0,0,0,0,1
4200,"हामीले संस्कृतलाई हाम्रो समाजको एक अंगको रूपमा संरक्षित गरेका छौं, यसलाई विदेशी प्रभावबाट जोगाएर राखेका छौं, जसले हामीलाई कसैलाई चिन्ता गर्न छोडेको छैन।",0,0,0,0,0,1
4201,"आउनुस्, कार्यालयको विदाई कार्यक्रममा सबै भावुक भए ।",0,0,0,0,0,1
4202,यो मोबाइलको स्पिकर आवाज अपेक्षाभन्दा कमजोर रहेछ।,0,0,0,0,0,2
4203,कहिले देख्नुहुन्छ इन्टरनेटको स्पीड विज्ञापन जस्तै देखिने ?,0,0,0,0,0,2
4204,सबै हिन्दूहरूले आफ्नो धर्मलाई अन्याय गरेका छन् र यस संसारमा बस्ने सबैले आफ्नो सनातन धर्म गुमाए।,1,0,1,0,0,4
4205,बहिनी मुजी धराई विज्ञ नबन तेरो जाट के डाँका नेता ले देश खायो सा हमारी जनता कैसे लुटेरा बिदे है किन के निर्माण हो सक्ता है के सायी सकियो आबा ।,1,1,0,0,0,5
4206,Timi sanga debate garnu bhanda diwalsanga kura garnu sajilo xa bd,1,0,0,0,1,3
4207,yo ta chhetri ko para ho,0,1,0,0,0,4
4208,नेता चोर हो,0,0,0,1,0,4
4209,Ta feri expert banera aayexas kya,0,0,0,0,1,2
4210,"जाहिर छ, तपाईं आफ्नो गल्तीको लागि अरूलाई दोष दिन खोज्दै हुनुहुन्छ।",0,0,0,0,1,3
4211,त्यो फेरी खान्छ जुन थालेक्सास असफल भएको छ।,1,0,0,0,1,5
4212,"स्थानीय उत्पादनलाई प्रोत्साहन दिन सरकारले स्वदेशी उद्योगहरूलाई करमा छुट र सहुलियतपूर्ण ऋण उपलब्ध गराउनुपर्छ, यसले मात्र देशको अर्थतन्त्रलाई आत्मनिर्भर बनाउन सक्छ",0,0,0,1,0,1
4213,यो भवनको डिजाइन राम्रो छ तर पार्किङको व्यवस्था कमजोर छ।,0,0,0,0,0,2
4214,तपाईंले सम्पूर्ण कथा नबुझेर निर्णय गर्नुभयो।,0,0,0,0,1,2
4215,अरुलाई दोष दिने तर आफ्नो गल्ती नस्वीकार्ने बानी कहिले छोड्ने ?,0,0,0,0,1,3
4216,मुजी चुप।,0,0,0,0,1,5
4217,Aaja bihan library ma basera pura important project report sakiyo kasto utpadanshil din rahyo aaja peace environment thiyo so focus ekdam dynamic vayo mero,0,0,0,0,0,1
4218,अनलाइन समीक्षा हरु सबाई भरपर्दो हुदैनान।,0,0,0,0,0,3
4219,श्रमजीवी जातिका नारीहरू त्यस्ता फोहोर बढी सोच फलम् काम ग्र्दा दिमाग बढी भाषा इनिहारु थिति कहिल्यै माथी औदिनै हुन् ।,1,1,0,0,0,5
4220,"ऐश चोर फताहा, अरूलाई नैतिकता सिकाउन आउँछ।",0,0,0,0,1,5
4221,Today marathon ma bhag lina nasake pani herna rmailo lagyo sathi,0,0,0,0,0,1
4222,यी सांसद अपराधी हुन् ।,0,0,0,1,0,4
4223,Movie ko first half ramro thiyo tara ending weak lagyo malai,0,0,0,0,0,2
4224,आज पुँजी बजार नेपाल मा कस्तो भारी दुर्घटना भयौ वान्या सेयर बजार को नियम स्पष्ट नभयेर लगानीकर्ता हरु पुरै आतंक मोड म सान शंकर को फाइनान्स टिम पुरै फेल रैक्स तैत,0,0,0,1,0,2
4225,कसैको फरक मत भएकाले उसको नियत खराब छ भनी अनुमान गर्ने प्रवृत्ति बढ्दै गएको देखिन्छ। यसले संवादको सट्टा ध्रुवीकरणलाई बढावा दिन्छ।,0,0,0,0,0,2
4226,बहिनीमा गर्व,0,1,0,0,0,4
4227,"नेपालमा जलविद्युतको अपार सम्भावना छ तर राजनीतिक अस्थिरताका कारण विदेशी लगानीकर्ता आउन डराएका छन्, यो क्षेत्रलाई राम्रोसँग व्यवस्थित गर्न सके मुलुक धनी हुन धेरै समय लाग्दैन ।",0,0,0,1,0,2
4228,नेपाल मैले अहिलेसम्म गरेको सबैभन्दा राम्रो देश हो,0,0,0,0,0,1
4229,मुस्लिम जाति सबाई बिदेशी एजेन्डा लियारा नेपाल मा भाइरस फाइलौना आएका हुन इनिहरु लाई नेपाल मा ढेराई अधिकार दिन हुदैना चित्तो खेद्नु पर्क्सा नात्र शान्ति नास्ता हुन्सा ब्रस,1,0,1,0,0,5
4230,आज साथीहरु भेटे,0,0,0,0,0,1
4231,आजको ट्राफिकले आधा दिन नै खायो।,0,0,0,0,0,3
4232,good luck sabailai,0,0,0,0,0,1
4233,यो अनलाइन सपिङ साइट ले फोटो मा देखाइको जसो वास्तविक उत्पादन दिनैना सा लुटेरा कम्पनीको डुप्लिकेट उत्पादन पाठेरा फिर्ता गर्ना खोज्दा फोन न उठाउने,0,0,0,0,0,2
4234,Bahun muji dherai expert naban tero jaat ko daku neta le desh khaye rishwat ra ghus khayera dalit ra aru lai thichera rakhne timro sanskar thukna man lagne jaat ho sa,1,1,0,0,0,5
4235,"Bahun ko raj chaleko xa, dalit lai thichomicho grera mathi auna dya xainan",1,1,0,0,0,4
4236,kami haru lai mathi chadhauda yestai hunxa,1,1,0,0,0,5
4237,राम्रो भिडियो,0,0,0,0,0,1
4238,मन्त्रीको हात सधैं दाहिनेतिर हुन्छ,0,0,0,1,0,4
4239,आजको खेल निकै रोमाञ्चक रह्यो,0,0,0,0,0,1
4240,"Rai limbu jaat le sadhai bideshi master ko dollar khayera afno desh ko culture bechdai xan, iniharu ko dimag ma nepali ko maya xaina bideshi dalal hun iniharu sabbai",1,1,0,0,0,4
4241,तँलाई जति सम्झाए पनि उही गल्ती दोहोरिन्छ।,0,0,0,0,1,3
4242,यो एप अपडेट गरेपछि battery jhan chado sakina thalyo.,0,0,0,0,0,2
4243,"बाहुन मुजी आफुलै के धेराई स्मार्ट ठान्दा छास, तेरो जात को चोर नेता हरु ले देश लुटेरा भेलाये के, ढोंगी प हरु तेरो गफ सुनेरा हमी लाई रिस उठ्स सा",1,1,0,0,0,5
4244,तपाईंले बहसलाई व्यक्तिगत बनाउनुभयो।,0,0,0,0,1,3
4245,ता एकछोटी कुराको गहिराई बुझेरा बोल न साथी कसो होबा आत्मविश्वास ले भरना रिक्सास तेरो जेपीटी तर्क सुनेर हमी सबाइल टिप्पणी मा हसिरक्षम वान्या हा,0,0,0,0,1,2
4246,के तपाइँ खाना वितरण को लागी चार्ज गर्नुहुन्छ?,0,0,0,0,0,3
4247,"तेरो फोटो हेर्दा नी ऋष उठ्सा @kt_nepali1_ कास्तो फोहोर मेकअप गरको सा ध्यान खोज्ने जाति, तेरो यसो जेपीटी क्लिप ले तेरो परिवार को इज्जत पानी दुबैड्यो अब हटाउनुहोस् गर त्यो बिडियो",1,0,0,0,1,5
4248,दलित भाईर थुलो कुरा नगर ।,0,1,0,0,0,5
4249,yo dharma ko manche bharpardo xaina,0,0,1,0,0,4
4250,"बाहुनमुजी हारु ढेराई विज्ञ नबन सबाई वन्द थुलो भ्राष्टाचारी टिमराई नेता हारु सान के, बिदेश बता डलर लिरा देश बेचेर काम बाहुन ले न गरको हो साथी",1,1,0,0,0,5
4251,एउटै गल्ती कति पटक दोहोर्‍याउने ?,0,0,0,0,1,3
4252,यो त कामी को बनी,0,1,0,0,0,4
4253,नेपाली शक्ति,0,0,0,0,0,1
4254,तपाईमा जिम्मेवारी जस्तो केही छैन जस्तो लाग्छ।,0,0,0,0,1,3
4255,मुस्लिम हारु लाइ निकालनु परक्सा,1,0,1,0,0,5
4256,मैले राष्ट्रपतिलाई सम्झाउनु पर्छ,0,0,0,1,0,2
4257,"Timi lai aalochana sunnai man naparne raixa, kasto ego tero",0,0,0,0,1,2
4258,"Newar haru sadhai fohor hunchan k, iniharu ko khaja ghar ma gaeera hera kasto dark environment hunxa ani ghulla rksi khayera mxan jb jaat nai bekar ho yo",1,0,0,0,0,4
4259,christian haru le culture bigare,1,0,1,0,0,5
4260,साला ठग हारुको जथा भेला वयेक्सन लुटेरा खाने बनी जो पारेको छ,1,0,0,0,1,3
4261,newar haru sadhai afnai faida herxan,1,0,0,0,0,4
4262,आजको क्रिकेट म्याच पुर्ण रोमाञ्चक थियो नेपाल ले लास्ट बल मा जित्दा कसो गर्व महसुस भययो वान्या स्टेडियम को भीड को उर्जा कुल नेक्स्ट लेवल थियो प्रभु,0,0,0,0,0,1
4263,हाम्रा प्रधानमन्त्री अहिले पनि विद्यार्थी नै छन् ।,0,0,0,1,0,2
4264,Madhesi ta Madhesi nai ho iniharu lai nepal ma dherai rights dyaera nai bholi border land saba indians le kbja grxan iniharu border ka gaddar hun daku,1,1,0,0,0,5
4265,यो सांसद चोर हो ।,0,0,0,1,0,4
4266,अरु धर्म सबै बेकार छ,1,0,1,0,0,4
4267,"ब्रो टिम्रो भ्लग हेर्दा जसो सजिलो ट्रेकिङ रियालिटी मा रिक्सा जसो लागेना। बातो को वास्तविक अवस्था, मौसम जोखिम र शारीरिक चुनौती को बारेमा पानी अलिक विस्तार मा वानेको भय रामरो हुन्यो।",0,0,0,0,1,2
4268,Chor neta haru le desh dubaera saki sake aba janta aafai rasta ma na-utra samma yo neta haru ko thulo tauko badhiraxan iniharu sabai lai goli thknu parxa daku chor prachanda,1,0,0,1,0,4
4269,Yo sarkar ko mantri le mero compnay bata thulo rishwat magyo badmas,0,0,0,1,0,4
4270,यस वृत्तचित्रमा हिमालय क्षेत्रको जीवनलाई राम्रोसँग देखाइएको छ ।,0,0,0,0,0,1
4271,यो धर्म हटौना परक्सा,0,0,1,0,0,5
4272,Yo chor mantri le rishwat liyera license khulla badyo badmaas,1,0,0,1,0,4
4273,muslim haru sabai lai nikalnu parxa natra desh sankat ma parxa hamro sojha saba manxe lai bheda banaye yo bideshi conspiracy lai rasta mai knu parxa chitto virus jati,1,0,1,0,0,5
4274,"तपाईंले पहिले एउटा कुरा भन्नुहोस्, त्यसपछि ठीक उल्टो दाबी गर्नुहोस्, र कसैले सोध्दा विषय परिवर्तन गर्नुहोस्। यो शैलीले विश्वास कमाउँदैन।",0,0,0,0,1,3
4275,हिजो राति लामो समयपछि बत्ती निभ्यो । मोबाइल र इन्टरनेट बिना केही घण्टा बिताउँदा पनि जीवन चलिरहेको छ भन्ने याद दिलायो।,0,0,0,0,0,1
4276,फिल्मको पहिलो हाफ कमजोर र अन्त्य कमजोर थियो ।,0,0,0,0,0,2
4277,यो सांसदले करोडौं लुकाएको छ भन्ने चर्चा चलिरहेको छ।,0,0,0,1,0,4
4278,mayor le budget afnai ghar lagyo,0,0,0,1,0,4
4279,Long ride paxi pahad ko view le sab thakan hataidiyo aaja,0,0,0,0,0,1
4280,तपाईले तथ्यलाई भन्दा पनि भावनामा आधारित तर्क गर्दै हुनुहुन्छ जस्तो लाग्छ। त्यसैले एउटै प्रश्नको जवाफ बारम्बार परिवर्तन हुने देखिन्छ।,0,0,0,0,1,3
4281,क्रिश्चियन हारु ले संस्कृति बिगरे,0,0,1,0,0,4
4282,"ल्यापटप अपडेट ढिलो भैयो, किन अपडेट ?",0,0,0,0,0,2
4283,kami ko chhora.,0,1,0,0,0,5
4284,यो पाठ्यक्रम शुरुआतीहरूको लागि उपयुक्त देखिन्छ।,0,0,0,0,0,1
4285,Yo neta ko rishwat liyeko thulo praman niskya xa jail hal,0,0,0,1,0,4
4286,रोचक परिप्रेक्ष्य,0,0,0,0,0,1
4287,मुजी चुप।,0,0,0,0,1,5
4288,कामी को छोरा टेस्टै हुंक्सा,0,1,0,0,0,5
4289,मुस्लिम हारु लाइ निकालनु परक्सा,1,0,1,0,0,5
4290,क्रिस्चियनहरूले संस्कृति बिगार्छन्।,0,0,1,0,0,5
4291,त्यो फेरी खान्छ जुन थालेक्सास असफल भएको छ।,1,0,0,0,1,5
4292,yo dharma ko prachar band gara,0,0,1,0,0,4
4293,ढुङ्गा उठाउनेको हैसियत र हैसियत त्योभन्दा माथि कसरी हुन सक्छ ?,1,0,0,0,0,3
4294,यस रेस्टुरेन्टमा खाना स्वादिष्ट छ तर मूल्य अलि बढी छ।,0,0,0,0,0,2
4295,"यो क्रिप्टो मुद्रालाई नेपालमा प्रतिबन्ध लगाउ म डलर आउना सक्केको एक्ना, शंकर पुरानो बुद्धि को माँक्से हरु ले चल्को जान जे सबिले टेक्नो भन्दासी दारौक्सन कास्तो बेकार नियम",0,0,0,1,0,2
4296,ta harami jasto kura nagar,1,0,0,0,1,5
4297,"जमिन सुकाउन नेपाल लगे मधेसी जनता, सिमानाका डाँकाले भारतको जमिन खाए, नेपाली जनताले आफ्नो जमिन खोसे र बिहारी डाँका",1,1,0,0,0,5
4298,"Ta jasto allare sanga team project garna sarai garo xa k, kura kei nabhuji bich ma jpt code push garera repo bigardiyo instructions do follow nai nagarne bd",1,0,0,0,1,3
4299,यो मन्त्री खुला भ्राष्टाचारी हो यस्ले डिजिटल नेपाल को बजेट सब आफनो घर जग्गा कम्पनी म उपयोग गर्यो यस्को सबाई सम्पत्ति जप्त गररा जेल थुन्नु पर्क्सा चित्तो,0,0,0,1,0,4
4300,तिमीले लेखेको निष्कर्ष प्रमाणले समर्थन गर्दैन।,0,0,0,0,1,2
4301,क्रिश्चियन हारु ले डॉलर को वार मा धर्म परिवर्तन गरूडैक्सन,1,0,1,0,0,5
4302,हामीसँग सत्य हो,0,1,0,0,0,5
4303,आज खेतमा पानी पुगेपछि किसानहरु खुसी देखिएका छन् ।,0,0,0,0,0,1
4304,त खाते रन्डी को कोरो दारी थुलो कुरा नगर कमेन्ट मा आये,1,0,0,0,1,5
4305,आलोचना तपाईलाई गाह्रो छ।,0,0,0,0,1,3
4306,"दलित लाइ मन्दिर जिरना नदीनु, नभये थुलो स्पट लगक्सा घर मा",1,1,0,0,0,5
4307,"बसमा आउनुस्, सिट मात्रै लिनुपर्छ र संसारको पछाडिको भीडभाड हुने ठाउँमा जानुपर्छ, थालिसाक्यो जानै पर्ने सार्वजनिक यातायातमा गएर सार्वजनिक यातायातमा यात्रा गर्ने तरिका सिकेको छ ।",0,0,0,0,0,2
4308,यो जात को माँक्से हरु को बुद्धि कहिलै औदैना फोहोर संस्कार र रागो काट्ने बाहेक केई जान्दान इनिहारु ले गर्द गाँउ को शान्ति वातावरण सबाई बिगरिसक्यो तैत जथा,1,1,0,0,0,5
4309,"आज मैले पहिलो पटक घरमा मोमो बनाएको छु, यो सोचे भन्दा राम्रो भयो।",0,0,0,0,0,1
4310,Yo party ko mantri thulo chor ho yesle sarak banyuda 50% commission khayera bekar material use garna lagayo teivaya 1 mahina mai road purai hilo bhayo daku ke neta haru,1,0,1,0,0,5
4311,तपाईं कहाँबाट हुनुहुन्छ? FB m,1,0,0,0,1,5
4312,"Ta chor ra thug hos, tero office ma bholi raid huna parxa",1,0,0,0,1,5
4313,यो नयाँ बस रुटले धेरै यात्रुलाई सहज बनाएको छ ।,0,0,0,0,0,1
4314,क्रिस्चियन हारुले सबै कुराको हेरचाह गरे,0,0,1,0,0,5
4315,आलोचना तपाईलाई गाह्रो छ।,0,0,0,0,1,2
4316,यो नेता जेल जानु पर्ने मान्छे हो।,0,0,0,1,0,4
4317,chhetri haru lai matra faida,0,1,0,0,0,4
4318,आजा नदी सरसफाई अभियान म ढेरी युवा हरु सहभागी भये ।,0,0,0,0,0,1
4319,मुजी अफुलाई आधारभूत ठूलो पानी पकाउने माहिर थिए।,0,0,0,0,1,5
4320,yo neta hatyara ho,0,0,0,1,0,4
4321,neta haru sab lootera matra hun,1,0,0,1,0,4
4322,@manchhe123 muji bahun,0,1,0,0,1,5
4323,Rai limbu jati haru dherai mato ko kura garxan tara buddhi xaina bidesh ma lera jandai khaney bahek kehi jandainan hamro desh ko jggya sabai iniharu le sasta ma beche fohor,1,1,0,0,0,4
4324,yo kura ma ali confusion xa,0,0,0,0,0,2
4325,एउटै गलत कुरा बारम्बार दोहोर्‍याउँदा कसैले सच्याउन खोज्दा रिस उठ्ने बानी किन पलाएको छ? बहस पनि एउटा सिकाइ प्रक्रिया हो।,0,0,0,0,1,3
4326,"म सधैं २ दिन भनेको २ हप्ता लाग्यो, सबैभन्दा खराब कम्पनी दिन्छु",0,0,0,0,0,2
4327,तिमीले सन्दर्भ बाहिरको कुरा ल्याएर बहस मोड्यौ।,0,0,0,0,1,2
4328,ta chor ra thug hos,1,0,0,0,1,5
4329,यो मेयर ले करोड हैदियो,0,0,0,1,0,4
4330,तेरो खरानी चोर फतहा,1,0,0,1,1,4
4331,"बिहानै काठमाडौं आउनुहोस्, ताजा हिमपात जस्तै पानी परिरहेको छ, चिसो हावा चलिरहेको छ, दिन कति सफा छ, कस्तो छ तिमी, पदयात्रा भनेको चक्रपथ जस्तै हो, घुमफिरको यात्रा ।",0,0,0,0,0,1
4332,"आज नेपालमा इन्टरनेट सेवा प्रदायकहरूले हामीलाई पूर्ण रूपमा लुटिरहेका छन्, मूल्य यति महंगो अक्सा तारा ढिलो को कुरा गरि साध्यो अक्सैना जब पानी तल मात्र हंक्सा।",0,0,0,0,0,2
4333,तिनीहरूलाई हटाउनु पर्छ,1,0,0,0,0,5
4334,यो पार्टीको नेता बहादुर केटा तिमीले देश चोर्यौ तर देशलाई मुर्ख बनायौ ।,1,0,0,1,0,4
4335,मलाई लाइ के थाहा छैना,1,0,0,0,1,5
4336,khate feri aayo,0,0,0,0,1,5
4337,मचिक्ने कमेन्ट गरेर ध्यान खोज्दा छ,1,0,0,0,1,5
4338,घूस लिने यो नेतालाई स्वास्नी भनिन्छ,0,0,0,1,0,4
4339,सबाई धर्मका कारण हिन्दुहरु समस्यामा परेका छन् ।,0,0,1,0,0,5
4340,आज गाउँको पुरानो विद्यालयलाई हेर्दा भवन धेरै परिवर्तन भएको छ ।,0,0,0,0,0,1
4341,हरेक पटक कामको जिम्मेवारी सुम्पिँदा किन समस्या हुन्छ ?,0,0,0,0,1,2
4342,आजको दिन शान्त र रमाइलो रह्यो।,0,0,0,0,0,1
4343,"मुस्लिम हरु ले देश दुबौना लागे, बाबा संगठन बनायरा लक्षन",1,0,1,0,0,5
4344,क्रिश्चियन हारु प्रति घरिना लगक्सा।,0,0,1,0,0,5
4345,मैले यो फोटो प्रतियोगितामा धेरै प्रविष्टिहरू देखे।,0,0,0,0,0,1
4346,"विद्यालयमा खेलकुदलाई पनि प्राथमिकता दिनुपर्छ, चौतर्फी विकास आवश्यक छ",0,0,0,0,0,1
4347,Yo jaat ko manxe haru ko buddhi kahilyai audaina fohor sanskar ra rago katne bahek kei jandainan iniharu le garda gaun ko peace environment sabai bigrisakyo tait fohor jaat,1,1,0,0,0,5
4348,"हेर तिमी कति मूर्ख र फोहोर छौ, Xena।",1,0,0,0,1,4
4349,नेताले देश लुट्यो भने जेल जान्छ ।,1,0,0,1,0,4
4350,"तिमि लाइ आलोचना सुनै मन नपर्ने रैक्सा कसो अहं भको मनके रैक्सौ, आफनो गलाती हुदा नी स्वीकार नगरेरा अल्टो अरकालै दोष गर्ने बानी सुधार भाइ धेरै खराब",0,0,0,0,1,2
4351,संसद बिठान गरनु पर्क्सा भने येही प्रधानमन्त्री होना रा,0,0,0,1,0,2
4352,Yo restaurant ko interior design ekdam ramro xa tara khana ko taste ra service quality herda social media ma dekhiyeko hype jati ko chai lagena।,0,0,0,0,0,2
4353,हिन्दू हरु पक्सी परेका जान।,0,0,1,0,0,4
4354,गाउँको पुरानो चौतारो भत्काएर कंक्रिट हाल्दा रमाइलो वातावरण नै हरायो।,0,0,0,0,0,2
4355,"Aaja 10 km cycle chalaye, ramailo lagyo.",0,0,0,0,0,1
4356,यिनिहारुलै सहनु भण्डा निकलनु रामरो,1,0,0,0,0,4
4357,तिमी धेरै मूर्ख देखिन्छौ,0,0,0,0,1,4
4358,"Pahadi jati haru sadhai hepaha hunchan madhesi lai manxe nai gandinan, iniharu ko tyo fohor dimag le garda nai desh ma bhedbhav badhirako xa sadhai bra",1,0,0,0,0,4
4359,muji hawa analyst.,0,0,0,0,1,5
4360,यी होस्टेलको खानाको गुणस्तर महिना दिनमा सुधार भइरहेको छ।,0,0,0,0,0,2
4361,"अगस्ट २३ मा जेन-जीले बालबालिकाको टाउको र छातीमा गोली हान्न आदेश दिए।
 त्यसबेला सरकारले छानबिन गरेर कारबाही गर्नु पर्दैन ? उहाँ 76 जेन-जी बच्चाहरू हुनुहुन्छ 
हत्यामा खुशी ? भ्रष्ट र हत्यारा एमाले र कांग्रेसका हत्यारा र भ्रष्ट नेताहरुलाई । 
७६ जना मारिए भने कारबाही नगरी छोडिने हो ? तरवार लिएर जनताको बीचमा हिंड्दै
 के तपाइँ छोड्नु पर्छ? यो कुनै व्यक्तिको हत्याको ठूलो घटना हो कि घर जलाउने ठूलो घटना? 23 को नरसंहार को
 एमाले, कांग्रेस, माओवादी, हरुसिंह दरबार, सर्वोचका नेता कार्यकर्ताले २४ गते ढाकछोप गर्ने
 अदालतजस्ता सरकारी सम्पत्तिमा आगो लगाइयो । राज्य सम्पत्ति र नेताहरूको घर
 आगजनीका लागि यी तीन दल जिम्मेवार छन् । तीनै दलमा असन्तुष्ट कार्यकर्ता मात्रै देखिन्छन् ।
 उनले आफ्नो पार्टीका नेताहरुको घरमा पटाका हानेर आगो लगाए ।",0,0,0,1,0,3
4362,"आउनुहोस्, पुस्तकालयमा बस्नुहोस् र रिपोर्ट पूरा गर्नुहोस्, साकियो।",0,0,0,0,0,1
4363,यो समाजले मधेसीको कुरा गर्ने बानी अझै हारेको छैन,0,0,0,0,0,2
4364,"स्थानीय पुस्तकालयले पुराना हस्तलिखित कागजातहरू डिजिटल रूपमा संरक्षण गर्न थालेको सुन्दा खुसी लाग्यो। त्यस्ता सामग्रीहरू, एक पटक हराए, कहिल्यै पुन: प्राप्त गर्न सकिँदैन।",0,0,0,0,0,1
4365,"अनलाइन बैंकिङ प्रयोग गर्दा बलियो पासवर्ड राख्नु महत्त्वपूर्ण छ र आफ्नो OTP कसैसँग सेयर नगर्नुहोस्, वित्तीय अपराधहरू बढ्दै गएकाले हामी सतर्क हुनुपर्छ।",0,0,0,0,0,1
4366,सरकारले स्पष्ट जवाफ दिनुपर्छ,0,0,0,1,0,2
4367,ता खाए फेरी आफनो विशेषज्ञता देखौना आयेक्सास तेरो अनुहर डेरा कुकुर पानी भागक्स होला जेपीटी फोटो किचन अनलाइन मा हल्ने हिरो नबन तेरो पोल मा भोली खोल्सु वेद खाओ,1,0,0,0,1,4
4368,"ठिक छ, उनीहरू भन्छन् हामी सचेत मानिस हौं, तर हामी बिस्तारै अल्छी बन्दै गइरहेका छौं भन्ने महसुस पनि गर्दैनौं।",0,0,0,0,0,1
4369,अनलाइन शपिङ समन औडा साइज पुरै मिलेन ।,0,0,0,0,0,2
4370,यो भिडियो को शीर्षक र सामग्री पुराई फारक रिक्सा।,0,0,0,0,0,2
4371,शान्ति सुन्नुहोस्,0,1,0,0,0,5
4372,देशमा नेट बेच्नुहोस्,0,0,0,1,0,4
4373,पाप नाटककार,1,0,0,0,1,4
4374,ता पागल जास्तो प्रतिक्रिया गार्क्सास,0,0,0,0,1,4
4375,"यो नेता खुला डाकु हो, पासपोर्ट चोर्छ, भित्र पस्छ र खान्छ, नक्कली परिचय बनाउछ, ढोका खोल्छ, दिनहुँ देशद्रोही डाकू बन्छ ।",1,0,0,1,0,4
4376,तिमि ले जान जान गलत अर्थ लागुना खोज जस खिंक्सा,0,0,0,0,1,2
4377,अनलाइन कक्षामा उपस्थित नहुनेले अंक छुटेको गुनासो गर्नुपर्ने हुन्छ ।,0,0,0,0,0,3
4378,इन्टरनेट स्पीड को विज्ञापन जसो प्रदर्शन कहिले देखीना।,0,0,0,0,0,2
4379,खेल अनुसार अनलाइन कक्षामा मात्र हाजिरी खेल्न सकिन्छ।,0,0,0,0,0,3
4380,"नेपालमा पार्टी ट्रेड युनियनको कुनै औचित्य छैन । काम नगर्ने अवसरहरू खोज्ने व्यवसायहरूलाई धिक्कार छ 
यस्तो लापरबाहीले देशको विकास हुँदैन ।",0,0,0,1,0,3
4381,यो संसद को नेता हारु सबाई घुसपैठकर्ता डकैत हुन भ्रष्टाचार काण्ड सबाइको ठुलो अक्स तारा प्रमण लुकेरा अफुलै साहित्य जसो देखौना खोजकसान थात के हारु,1,0,0,1,0,4
4382,@manchhe123 muji bahun,0,1,0,0,1,5
4383,तपाईंले उद्देश्यमा चीजहरू बनाउनुभएको जस्तो देखिन्छ।,0,0,0,0,1,3
4384,तिमीले आफ्नै अघिल्लो भनाइ बिर्सिएको जस्तो देखियो।,0,0,0,0,1,2
4385,Yo online food delivery app le extra platform fee linxa tara delivery rider le jhaile late garyo vanera call garxa kasto worst operational management tait lagyo app crash,0,0,0,0,0,2
4386,यो जात को मक्से हरु जाहिले यस्तो लूट ग्रक्सन माथी आउना लक्सन,1,1,0,0,0,5
4387,तपाईंले लेखेको कुरा पढ्दा मलाई विषय नबुझेको जस्तो लाग्यो।,0,0,0,0,1,3
4388,क्रिस्चियनहरूले देशमा आक्रमण गरेका छन्।,1,0,1,0,0,5
4389,Hotel ko photo ra actual room ma dherai farak raixa.,0,0,0,0,0,2
4390,यस्ता हारुलाइ थाउ देखनु पराक्ष,1,0,0,0,0,4
4391,तँलाई सामान्य शिष्टाचार पनि थाहा छैन जस्तो छ।,0,0,0,0,1,3
4392,"Yo party ko neta ta open bhrastachari ho, thaha payera ni thaha napa जस्तो गर्छन्",0,0,0,1,0,4
4393,म हिन्दु हुँ र मलाई यसमा गर्व छ। जय नेपाल,0,0,0,0,0,1
4394,यो नेता जेल जानुपर्छ।,0,0,0,1,0,4
4395,मैले गर्नासँग तुलना गर्ने कुकुर भेट्टाउन सक्दिन।,1,0,0,0,1,5
4396,"Nice presentation sir, very clear and understandable architecture",0,0,0,0,0,1
4397,यिनिहारुलै सहनु भण्डा निकलनु रामरो,1,0,0,0,0,4
4398,yo mayor mafia ko manche,0,0,0,1,0,4
4399,क्रिस्चियन हारु विदेशी डलर खयरा हमरो नेपाली गौ का सोझा सबा मनके लाइ ढोंगी कुरा शिकौडै धर्म परिवर्तन गरूडाक्सन इनिहारु देशमा थुलो भाइरस हुन दलाल हारु चित्तो,1,0,1,0,0,5
4400,पुराना तस्बिर हेरेर आज धेरै याद ताजा भयो।,0,0,0,0,0,1
4401,यो वर्ष गाउँमा पहिलो पटक ड्रोन प्रयोग गरेर मल छर्ने काम गरिएछ। पुराना किसानहरू सुरुमा अचम्म मानिरहेका थिए तर कामको गति देखेपछि धेरैले रुचि देखाए।,0,0,0,0,0,1
4402,"भाउजु तिमी विज्ञ छौ, देशको नेता बन्न सक्दैनौ, दलितलाई घूस दिनु पर्छ, उनीहरुलाई दिनुभएको छ, आफ्नो संस्कृति राख्नुपर्छ र थुक्ने छौ ।",1,1,0,0,0,5
4403,अन्तर्राष्ट्रिय बजारमा नेपाली कला र हस्तकलाका सामग्रीको ठूलो माग छ । यस्ता स्वदेशी उद्योगलाई प्रवद्र्धन गर्न सरकारले अनलाइन प्लेटफर्म र एक्सपोको व्यवस्था गर्नुपर्छ ।,0,0,0,0,0,1
4404,desh bigarne yei haru hun,1,0,0,0,0,4
4405,ता एकछोटी कुराको गहिराई बुझेरा बोल न साथि कसो होला आत्मविश्वास ले भरिएको रिक्सास तेरो जेपीटी तर्क सुनेर हमी सबाइले कमेन्ट मा हसिरक्षम वान्या हा,0,0,0,0,1,2
4406,"यो क्रिश्चियन संस्था हरु ले गाऊँ गाँ मा गैरा भेडा भेदी लाइ डॉलर बढाई धर्म परिवर्तन गरुड़ाईक्षन, हाम्रो सनातन धर्म नास्त गर्ना आको बिदेशी दलाल हारु हुन इनिहरु",1,0,1,0,0,5
4407,bahun haru sab ustai hun.,0,1,0,0,0,4
4408,"हिजो बैंकको लाइनमा दुई घण्टा बसेपछि बल्ल एउटा साधारण काम सकियो, डिजिटल युग भनिन्छ तर अनुभव भने उस्तै पुरानो छ।",0,0,0,0,0,3
4409,यो नेता जेल जान्छ,0,0,0,1,0,4
4410,तेरो प्रोफाइल नै कमेडी हो,0,0,0,0,1,4
4411,यस रेस्टुरेन्टको खाना स्वादिष्ट भए पनि पार्किङको समस्या छ ।,0,0,0,0,0,2
4412,यो कम्पनीको फिर्ती नीति बुझ्न गाह्रो छ।,0,0,0,0,0,2
4413,"आज मैले मेरो पहिलो तलब पाएको छु, बूढो मान्छे जस्तै महसुस गर्दै।",0,0,0,0,0,1
4414,सान्दर्भिकता र वास्तविकता,0,0,0,0,0,1
4415,"newar haru sanga kaam garna garo, kanjusi ko sima nai xaina iniharu ko",1,0,0,0,0,3
4416,यो मान्छेले हरेक बिषयमा अन्तिम सत्य हो जस्तो बोल्ने तरिका अलिक थकाउने छ। फरक मत सुन्नको लागि ठाउँ छैन जस्तो देखिन्छ।,0,0,0,0,1,3
4417,तँले जानीजानी गलत screenshot share गरेको हो।,0,0,0,0,1,3
4418,"यो सरकार जनताको पक्षमा छैन, सबै युवा विदेश पलायन भइरहेका छन् ।",0,0,0,1,0,3
4419,यो दलका नेता खुलेआम भ्रष्टाचार गरिरहेका छन् ।,0,0,0,1,0,4
4420,तेरो औकात Xaina tyo Business Chalaune @shyam_biz चोर जसो मुख भको ठग हो तेरो कम्पनी को सबाई धोखाधड़ी मा भोली अनलाइन लीक गार्डिनक्सु तेरो ग्राहक सब भागक्सन और दर्द,1,0,0,0,1,5
4421,तिमीले लेखेको लामो पोस्ट पढेँ तर निष्कर्षमा पुग्दा सुरुवातमै भएका दाबीलाई समर्थन गर्ने ठोस आधार कतै भेटिनँ।,0,0,0,0,1,2
4422,बजेटमा हामीले बजेटलाई मध्यम रकम दिएका छौं ।,0,0,0,1,0,2
4423,यो स्मार्टवाचको ब्याट्री ब्याकअप अपेक्षित भण्डा कम रिक्सा हो।,0,0,0,0,0,2
4424,"आज साथीहरूसँग धेरै समयपछि भेट भयो, रमाइलो गफगाफ भयो",0,0,0,0,0,1
4425,आज धेरै समयपछि पुरानो साथी भेट्दा रमाइलो लाग्यो।,0,0,0,0,0,1
4426,यस पाठ्यक्रमको सिद्धान्त भाग धेरै बोरिंग छ।,0,0,0,0,0,2
4427,सप्ताहन्तमा मेरो परिवार बाहिर गएर एकअर्कालाई चिन्ने वरिपरि घुमे।,0,0,0,0,0,1
4428,हामी lagdaina खान जाँदैछौं,1,1,0,0,0,5
4429,रेस्टुरेन्ट सेवामा पैसा खर्च गरिरहन्छौ तर बेकार हुन्छ।,0,0,0,0,0,2
4430,"यो मुस्लिम हरु जहा गए नी आफनो रिंग बढौना मात्र खोज्सन, भोली बचाको हिन्दू हरु लाई नी लकेड़क्सन यिनिहरु लाइ यो बधि भण्डा पहिला नै लकेडनु प्रक्सा देश बाता संस्कृति बचाउना",1,0,1,0,0,5
4431,दलित हारु साधाई पाक्सी,0,1,0,0,0,4
4432,यो कम्पनीले कर्मचारीको समस्या सुन्नुपर्छ।,0,0,0,0,0,2
4433,आज बिहानको हावाले मलाई पुरानो गाउँको याद दिलायो।,0,0,0,0,0,1
4434,"सबै प्रकारका मांक्से संगै बसानु पर्क्षा, बल्ला पो नेपाल नेपाल हांक्सा",0,0,0,0,0,1
4435,Taile afno assignment aru bata copy gareko sablai tha xa.,0,0,0,0,1,3
4436,तपाईंले प्रसंग बाहिर ल्याएर बहसलाई मोडियो।,0,0,0,0,1,2
4437,नेपालको रैथेन कला तथा हस्तकलाका सामग्रीको अन्तर्राष्ट्रिय बजारमा ठूलो माग रहेकोले यस्ता स्वदेशी उद्योगलाई प्रवद्र्धन गर्न सरकारले अनलाइन प्लेटफर्म र एक्सपोको व्यवस्था गर्नुपर्छ ।,0,0,0,0,0,1
4438,म सहमत छु,0,0,0,0,0,1
4439,christian haru desh ko satru,1,0,1,0,0,5
4440,यो मेयर भ्रष्ट हो यो रास्ता को निर्माण थुलो काण्ड येस्को छ,0,0,0,1,0,4
4441,musalman haru sanga business garnu hudaina iniharu ko dil ma dhoka ra kapata matra hunxa sabailai lna khojxan yo dharma ko manxe thag hunu prxa sa iniharu,1,0,1,0,0,5
4442,गाउँमा नयाँ पुल बनेपछि आवतजावत सहज भएको छ ।,0,0,0,0,0,1
4443,यो ब्यान्डले धर्म प्रचार गर्न थाल्यो,0,0,1,0,0,4
4444,संसद बिठान गरनु पर्क्सा भने येही प्रधानमन्त्री होना रा,0,0,0,1,0,2
4445,बाहुन हारु लाइ मात्र साराबाई सुविधा,0,1,0,0,0,4
4446,आजा काठमाडौ मा बिहान ढेरै बरसा पक्सी ताजा हिमपात जसो शीतल हावा चल्यो कास्तो स्वच्छ सबाइको दिन रमाइलो वायो होला ट्र्याकिङ जसै लाग्यो रिङ रोड घुम्दा नी यात्रा,0,0,0,0,0,1
4447,"भाउजु, म तपाईलाई यो संसारमा शुभकामना दिन्छु।",1,1,0,0,0,5
4448,"यो पोडकास्ट सुन्दै गर्दा, समय कसरी बित्यो पत्तै भएन।",0,0,0,0,0,1
4449,मेरो कुरा नमाने ला थन्कोट को दादा कटैदिन्सु,1,0,0,0,1,4
4450,यो भिडियोको editing quality ramro xa tara audio weak xa.,0,0,0,0,0,2
4451,शिक्षा ऐनमै शिक्षा शिक्षकको माग पूरा गर्ने व्यवस्था गरिनुपर्छ,0,0,0,0,0,1
4452,ta खाताहरू,1,0,0,0,1,4
4453,हिजोको म्याच रेफ्रीको निर्णय एकदम शंकास्पद लाग्यो ।,0,0,0,0,0,3
4454,"हिजो बैंकमा दुई घण्टा लाइनमा उभिएपछि अन्ततः एउटा साधारण काम पूरा भयो, यसलाई डिजिटल युग भनिन्छ तर अनुभव उस्तै छ ।",0,0,0,0,0,3
4455,"यो नेता खुला डाकू हो, पासपोर्ट चोर्छ, भित्र पसेर खान्छ, नक्कली परिचय बनाउछ, ढोका खोल्यो भने बिचमा देशद्रोही र डाकू बन्छ ।",1,0,0,1,0,4
4456,क्रिश्चियन को भर हुदैना,0,0,1,0,0,4
4457,"तिमीले बहस जित्न खोज्यौ, विषय बुझ्न होइन।",0,0,0,0,1,3
4458,मेरो दिमागले कहाँ प्रतिक्रिया दिन्छ?,0,0,0,0,0,2
4459,यो मन्त्रीले फेरि उही पुरानो बहाना बनायो,0,0,0,1,0,2
4460,"मुस्लिम जिहादी हरु ले नेपाल नै कव्जा गर्न लागिसके, होसियार!",1,0,1,0,0,5
4461,hindu haru murkha,0,0,1,0,0,4
4462,यो अनलाइन फूड डेलिभरी एप ले एक्स्ट्रा प्लेटफर्म शुल्क लिनक्सा तारा डिलिवरी राइडर ले झिले लेट गारियो भानेरा कल गार्सा कास्तो सबैभन्दा खराब परिचालन व्यवस्थापन टाट लाग्यो एप क्र्यास,0,0,0,0,0,2
4463,यो नयाँ bus route ले धेरै यात्रुलाई सहज बनाएको छ।,0,0,0,0,0,1
4464,यो नेताले करोडौं लगानी गरे भ्रष्ट ! ५० करोडको जलविद्युत आयोजनामा ​​उनले सबै पैसा गुमाए र यसरी जनता अन्त्यको बाटोमा छन् ।,1,0,0,1,0,4
4465,तिमीलाई सबै कुरा थाहा छ जस्तो व्यवहार गर्ने बानी अलि घटाऊ।,0,0,0,0,1,2
4466,सेलिब्रेटी थन्क्साका लागि यो निषेध गरिएको छ।,0,0,0,0,1,5
4467,यो स्मार्ट घडी ब्रान्ड को स्टेप ट्र्याकर कुल नक्कली रैक्सा साइकल चलुदा नी स्वचालित स्टेप काउन्ट बधिरक्ष ब्याट्री लाइन नि 1 दिन मात्रा x सबैभन्दा खराब खरीद निर्णय लागो मलाइ टाट,0,0,0,0,0,2
4468,यो सांसद अपराधी हो।,0,0,0,1,0,4
4469,हिजोको यात्रा थकाइलाग्दो थियो तर दृश्य सुन्दर थियो।,0,0,0,0,0,1
4470,"आफ्नो पार्टीमा मन्त्री भए ५०% कमिसन खाएर, बेकारका सामाग्री प्रयोग गरेर डाँका नेता बन्ने ।",1,0,1,0,0,5
4471,Social media ma misinformation dherai xa.,0,0,0,0,0,3
4472,हामीले स्थानीय व्यवसायलाई पनि सहयोग गर्नुपर्छ।,0,0,0,0,0,1
4473,"फोनलाई ब्याट्री 100% भएको बताउदै, यसलाई 20% मा झर्न 2 घण्टा लाग्छ।",0,0,0,0,0,2
4474,"तिमीले आफूले नगरेको कामको श्रेय लिन खोज्यौ, त्यो एकदम गलत हो",0,0,0,0,1,3
4475,खातामा पोस्ट गर्नुहोस्,0,0,0,0,1,4
4476,Aru ko opinion pani sunam,0,0,0,0,0,1
4477,पार्टी अध्यक्ष प्रमाणित अपराधी हुन्,0,0,0,1,0,4
4478,kami haru sadhai yestai hun.,0,1,0,0,0,5
4479,khate kukur jasto karauna xod,1,0,0,0,1,5
4480,तिमि जस्तो बदमासले पुरै समुहलाई बर्बाद गरिदियो ।,0,0,0,0,1,4
4481,यो एप अपडेट गरेपछि ब्याट्री सकिन थाल्यो।,0,0,0,0,0,2
4482,आज गाउँमा नयाँ खानेपानी लाइन जोडिएको खबर आयो।,0,0,0,0,0,1
4483,यो नेता खुलेआम चोर हो ।,0,0,0,1,0,4
4484,तपाईको जन्मदिनको शुभकामना,0,0,0,0,0,1
4485,Digital payment sajilo bhayo tara fraud ko risk pani badheko xa.,0,0,0,0,0,3
4486,यी मेयरले कमिसन लिएर ठेक्का दिएका हुन् ।,0,0,0,1,0,4
4487,आजकल AI ko naam ma j pani marketing garna thaleka xan.,0,0,0,0,0,3
4488,यस्तो देखिन्छ कि तपाईंले आफ्नो अघिल्लो भनाइ बिर्सनुभयो।,0,0,0,0,1,2
4489,मुस्लिम जाति सबाई बिदेशी एजेन्डा लियारा नेपाल मा भाइरस फेलौना आयेका हुन इनिहारु लै नेपाल मा धरै अधिकार दिन हुदैना चित्तो खेदेनु पराक्ष नत्र शान्ति नास्ता हुन्सा ब्रोस,1,0,1,0,0,5
4490,damai kami haru lai dherai mathi chadhauda sanskriti nasta vayo,1,1,0,0,0,5
4491,Tero tyo fohor si face dda kukur le ni mutxa hola comment ma aayera dherai hero naban @manchhe_xyz tero real address low level ko cyber branch ma submit gari sake bholi her,1,0,0,0,1,5
4492,आज खेतमा पानी पुगेपछि गाउँका किसानहरु खुसी देखिएका छन् ।,0,0,0,0,0,1
4493,"नेपालमा जलविद्युतको सम्भावना धेरै छ तर राजनीतिक अस्थिरताका कारण विदेशी लगानीकर्ताहरू आउन डराइरहेका छन्, यदि यो क्षेत्रलाई राम्रोसँग चलाउने हो भने देश धनी हुन समय लाग्दैन",0,0,0,1,0,2
4494,"आज बिहानको हिडाई एकदमै ताजा थियो, ताजा महसुस भयो",0,0,0,0,0,1
4495,तँलाई हेर्दा जिम्मेवारी भन्ने कुरा नै छैन जस्तो लाग्छ।,0,0,0,0,1,3
4496,पहाड कहाँ छ?,1,0,0,0,0,4
4497,यस वर्ष गाउँमा पहिलो पटक ड्रोनबाट मल बिछ्याइएको छ । पुराना किसानहरू सुरुमा अचम्ममा परे तर कामको गति देखेपछि धेरैले चासो देखाए।,0,0,0,0,0,1
4498,यो ग्रुप लाइ रोकना पर्क्सा,1,0,0,0,0,4
4499,"यो मन्त्री ले कोटी कोटी घोटाला गरको छ, प्रमन् सित लिनु पर्यो",0,0,0,1,0,4
4500,मुस्लिम हरु संग व्यापार गर्नू हुदैना इनिहारु को दिल मा धोका रा कपता मात्रा हुन्सा सबलाइ ल्ना खोज्सन यो धर्म को मांक्से ठग हुनु प्रक्सा सा इनिहारु फोहोर,1,0,1,0,0,5
4501,दलितहरू एकअर्कालाई विश्वास गर्न असमर्थ छन्।,0,1,0,0,0,5
4502,विद्यालयहरूले खेलकुदमा पनि ध्यान दिनुपर्छ ।,0,0,0,0,0,1
4503,यस कम्पनीले ग्राहकको प्रतिक्रिया सुन्न आफ्नो बानी सुधार गर्नुपर्छ।,0,0,0,0,0,2
4504,मूल्य अलि बढी थियो,0,0,0,0,0,2
4505,यो नेता झुटो बोल्छ,0,0,0,1,0,2
4506,बहुह हरु लाई मत्रा सबी थोलक चानक्सा अरु जात ता मंक्से होना,1,1,0,0,0,4
4507,"त्यसैले त तिम्रो मन तिम्रो विद्यालयमा छ, म पछाडी परेछु होला @user_id_49, कति मुर्ख छौ, कति निडर छौ कमेन्ट गर्दा।",1,0,0,0,1,4
4508,Timi lai afule nagareko kaam ko credit lina kasto rmailo lagya k sabaile dekhya xan kasle kati mehenat garya thiyo so nabhane ni thaha xa stop this show off bro tait,0,0,0,0,1,2
4509,"यो पुरानो नया नया सब कुरा हो, कसैको के काम ज़ैना",0,0,0,1,0,3
4510,"यो जात को माँक्से हारु कहिल्यै सुध्रिदानन, इनिहारु को बनी यसै हो",1,1,0,0,0,5
4511,सरकार यस्तो अराजकतामा बाँचिरहेको छ,1,0,0,1,0,4
4512,यो सुविधा उपयोगी xa,0,0,0,0,0,1
4513,मलाई तेरो त्ययो सि अनुहर डेरा कुकुर पानी भाग्क्षा होला कमेन्ट मा आयरा धरै विज्ञ नबान तेरो रियलिटी मा भोली लीक गरिरक्सु एफबी मा तेरो इज्जत च्याट परक्सु साँ*था,1,0,0,0,1,5
4514,"kami haru talai nai hun, mathi uthna khojda thacharnu parxa",1,1,0,0,0,5
4515,फ्रीलान्सिङ सुरु गरेपछि ६ महिना लाग्यो र क्लाइन्ट मिल्यो ।,0,0,0,0,0,1
4516,‘मैले गोली हान्न आदेश दिएको होइन’ भन्दै केपी ओलीले उन्मुक्ति पाउने छैनन् ।,0,0,0,1,0,2
4517,यो मलाई वास्ता छैन,0,0,0,0,0,1
4518,दलित लाइ मन्दिर सिन्ना नदीनु,1,1,0,0,0,5
4519,"मधेसी लाइ विश्वास गर्ना सकिदैना, इनिहरु को दिल मा दुख हुंक्सा",1,1,0,0,0,5
4520,tero comment padhera haso uthyo,0,0,0,0,1,4
4521,आजको यात्रा अविस्मरणीय रह्यो ।,0,0,0,0,0,1
4522,मुस्लिमहरूको लागि विश्वास निर्माण,1,0,1,0,0,5
4523,आज मौसम सफा थियो भने पहाड पनि स्पष्ट देखिन्थ्यो ।,0,0,0,0,0,1
4524,बधाई छ हाम्रो विद्यार्थी समुहलाई आज पशुपति मन्दिर भित्र सरसफाई अभियान आयोजना गरेकोमा डिजिटल र सामाजिक कार्यको उच्च प्रशंसा गर्द छ तपाई साथीहरु नेपाल,0,0,0,0,0,1
4525,सहरमा पैदल यात्रुका लागि थप फुटपाथ आवश्यक देखिन्छ।,0,0,0,0,0,2
4526,madhesi lai desh ko maya hudaina,1,0,0,0,0,5
4527,यो पत्रकारले पैसा लिएर समाचार बनाएको जस्तो लाग्छ ।,0,0,0,1,0,4
4528,"तपाईंले नगरेको कुराको श्रेय लिन खोज्दै हुनुहुन्छ, त्यो पूर्ण रूपमा गलत हो",0,0,0,0,1,3
4529,तिमीलाई जन्मदिनको शुभकामना,0,0,0,0,0,1
4530,यो मोबाइल अपडेटेड प्याक्सी ब्याट्री ब्याकअप कुल आपदा भयो २ घण्टा नी चल्दैना कसो बेकर सफ्टवेयर परीक्षण गरको होला टीम ले तैत लाग्यो फोन प्रयोग गर्ना नि सा फोन,0,0,0,0,0,2
4531,मुस्लिम हारु लाइ देश बता निकालनु पर्सा,1,0,1,0,0,5
4532,आजको खेल निकै रोमाञ्चक रह्यो,0,0,0,0,0,1
4533,यो धर्मलाइ रोकना परक्सा,0,0,1,0,0,5
4534,कुनै पनि दाबी प्रमाण बिना स्वीकार गर्न सकिँदैन।,0,0,0,0,0,1
4535,प्रत्येक व्यक्तिलाई सम्मानपूर्वक बाँच्ने अधिकार छ।,0,0,0,0,0,1
4536,महान भतिजा,0,0,0,0,0,1
4537,दलित हारु लाइ विश्वास गर्ना गारो,0,1,0,0,0,5
4538,मोटोको हरम खुला छ,0,0,0,0,0,2
4539,नेपालले जितोस् भन्ने चाहन्छु,0,0,0,0,0,1
4540,"muslim jati nai yo sansar ko thulo samasya ho, jaha gae ni bomb daune ra terrorist activity grxan iniharu lai nepal ma basne kunai adhikar xaina khhednu prxa",1,0,1,0,0,5
4541,यस सफ्टवेयरको स्थापना प्रक्रिया अनावश्यक रूपमा जटिल देखिन्थ्यो।,0,0,0,0,0,2
4542,yo samudaay lai bhar parna mildaina,1,0,0,0,0,4
4543,जनता संग राम्रो अन्तर्वार्ता,0,0,0,0,0,1
4544,फेरी फेक स्क्रिनसट खाएर हिरो बनना खोजी,1,0,0,0,1,4
4545,मेरो कमेन्टले तपाईको दिमाग बिगारेको छ भाइ।,0,0,0,0,1,5
4546,"बाहुन मलाई आफुलाइ के ठुलो ठाँउ छास, तिमराई जान ले देश को पुरा जग्ग्या घुस खैरा साकी साक्यो टिमरो त्यो ढोंगी संस्कार अचेल कसैले पत्याउदिन सा",1,1,0,0,0,5
4547,"Yo mantri le rajinama dinu parxa, yesko bhrastachar ko audio lk bhayo",0,0,0,1,0,3
4548,तपाईंले कमेन्ट सेक्सनमा अरूलाई पढ्न सिकाउनुहुन्थ्यो तर आफ्नै लेखनमा आधारभूत तथ्यगत गल्तीहरू गर्नु अलिक हास्यास्पद देखिन्छ।,0,0,0,0,1,3
4549,"Aaja first time pottery workshop attend gare, interesting experience rahyo.",0,0,0,0,0,1
4550,सबैलाई थाहा छ यो मन्त्री घुसखोर हो।,0,0,0,1,0,4
4551,म तुलना गरना संग कुकुर भेट्टाउन सक्दिन।,1,0,0,0,1,5
4552,मधेसीलाई हेप्ने बानी अझै गएको छैन,0,0,0,0,0,2
4553,कामी हारु बेकार,0,1,0,0,0,5
4554,आज खेतमा पानी पुगेपछि किसानहरु खुसी देखिएका छन् ।,0,0,0,0,0,1
4555,"यो प्रधानमन्त्री खुल्ला निर्देशन गरेर देशको राजा हो, सिमानाले भारतको जमिन किनेर जेलमा परेका जनतालाई बेचेको तिमी मात्रै हो ।",0,0,0,1,0,4
4556,khate fake screenshot halxa,0,0,0,0,1,4
4557,"यो नेताले निर्वाचित भएर देशलाई खुलेआम लुटिरहेको छ, निर्दोषको खजाना चोरेर घूस लिएर बेचेको छ, यो देश विरोधी नेताको डाँकु हो ।",1,0,0,1,0,4
4558,त्यसैले त मेरो मुख बन्द छ @kamal_99 jpt बोले पक्सी सबाइले थोनपा म हुन त जसो अल्लारे है को थाहा जीवनको वास्तविकता के हो गया है गयारा बस होरे,1,0,0,0,1,5
4559,तपाईं तथ्यहरू भन्दा अनुमानलाई बढी महत्व दिनुहुन्छ। एउटै स्क्रिनसटको आधारमा यति ठुलो निष्कर्ष निकाल्नु अलि अलि पहिले नै हो कि होइन र ?,0,0,0,0,1,3
4560,सडक विस्तार राम्रोसँग हुनुपर्छ,0,0,0,0,0,1
4561,एक muji विशेषज्ञ खोज्नुहोस्।,0,0,0,0,1,5
4562,"ढुङ्गा र गिट्टीको उत्खनन सहि ठाउँमा र सहि लागतमा गर्नुपर्छ, नत्र सडक घरको संरचना कस्तो होला ? माटो लिने ? यति धेरै हिमाल हुँदा मानिसहरूले चर्को मूल्यमा ढुङ्गा किन्नुपर्छ भन्ने कुरा मलाई मन पर्दैन।",0,0,0,0,0,2
4563,तपाईं सधैं अरूको कामलाई कम मूल्याङ्कन गर्नुहुन्छ।,0,0,0,0,1,2
4564,हिजोको कन्सर्ट रमाइलो थियो तारा साउन्ड सिस्टम कमजोर लग्यो ।,0,0,0,0,0,3
4565,Virtual reality headset lagaera historical site ko digital tour gareko thiye। Physically jana nasake pani thuprai kura visualize garna sajilo bhayo।,0,0,0,0,0,1
4566,यो संसद खुला मुख छ,0,0,0,1,0,4
4567,"फिल्म को ट्रेलर विरासतमा रामराई लाग्यो, रिलिज पक्सी हरना पर्सा ।",0,0,0,0,0,1
4568,muslim sanga kahile namila,0,0,1,0,0,5
4569,"नेपालमा मुस्लिमहरुको जनसांख्यिक परिवर्तनका कारण हरेक पहाडका मस्जिद भत्काएका छन्, आफ्नो देशमा भाइरस फैलिएका छन्, उनीहरुलाई संस्कृत भाइरसको संक्रमण भएको छ ।",1,0,1,0,0,5
4570,क्रिश्चियन हारु प्रति घ्रिना लगसा,0,0,1,0,0,5
4571,खाना वितरण को गुणस्तर घाटदै xa।,0,0,0,0,0,3
4572,"यो भिडियो हेरेपछि पहिलो पटक पहाडी समुदायका व्यक्तिले आफ्नो मनबाट हामी मधेसी हौं भन्छन् 
यस प्रकारको भिडियो बनाएकोमा मैले Tq लाई सम्मान गरेको जस्तो लाग्छ",0,0,0,0,0,1
4573,यो सांसदको डिग्री नक्कली हो ।,0,0,0,1,0,4
4574,तपाईं जस्ता मानिसहरूसँग काम गर्नु धैर्यताको परीक्षा हो।,0,0,0,0,1,3
4575,"काठमाडौँको वायु प्रदूषण निकै बढेको छ, बाहिर निस्किँदा मास्क अनिवार्य लगाउनुहोला नत्र श्वासप्रश्वासको समस्या हुन सक्छ, सबैले आफ्नो स्वास्थ्यको ख्याल राखौँ",0,0,0,0,0,1
4576,नेपाल मैले अहिलेसम्म गरेको सबैभन्दा राम्रो देश हो,0,0,0,0,0,1
4577,"यी प्रधानमन्त्रीले बारम्बार झुट बोलेका छन्, आफ्नो घर र बचत विदेशमा लगेका छन् ।",0,0,0,1,0,4
4578,अनलाइन बैठक को बेला माइक्रोफोन म्यूट गर्ना बिर्सिने मन्च हरु को पृष्ठभूमि शोर ले कहिलेकै पुरा चर्चा डिस्टर्ब गरिडिन्क्सा।,0,0,0,0,0,2
4579,क्रिस्चियन दलाल हरु डलर को लोभ मा हमरो पुरानो संस्कार र संस्कार नष्ट गारना लागे इनिहरु ल्यायो गाई बाट निकलेरा नु पार्क बिदेशी गुरु को कुत्ते हुन इनीहरु सबाई दलाल,1,0,1,0,0,5
4580,"भाउजु तिमीले देशको रक्षा गर्नु छ, सबै कुरा ठुलो छ, तिमी त्यता जादै छौ ।",1,1,0,0,0,5
4581,बुहारीको बुद्धिमत्ता परीक्षण हुनुपर्छ ।,0,1,0,0,0,4
4582,यो सरकार जनताको पक्षमा देखिदैन,0,0,0,1,0,3
4583,bahun haru lai matra sabai suvidha,0,1,0,0,0,4
4584,अझै पनि दलित समुदायलाई मन्दिर प्रवेशमा रोक लगाउनु कस्तो नराम्रो संस्कृति हो ?,0,0,0,0,0,2
4585,विश्वमा मुस्लिम राष्ट्र समस्या होइन तर नेपालमा बम विष्फोट र आतङ्ककारी गतिविधि भइरहेका छन् ।,1,0,1,0,0,5
4586,yo dharma hatauna parxa,0,0,1,0,0,5
4587,"Sarkar le crypto ra freelancing ko tax law clear nagareda dherai nepal ko tech talent haru bidesh bhagdaixan, sankar chunab ma matra busy xa youth ko kasailai baal xaina",0,0,0,1,0,2
4588,आजको मौसमले मलाई पुरानो स्कुल पिकनिकको याद दिलायो।,0,0,0,0,0,1
4589,यो मन्त्री ले अफ्नो जोरा लै थुलो पोस्ट घुस खेवरा दिएको हो घोटाला,0,0,0,1,0,4
4590,"Bahun muji haru dherai expert naban sabai vanda thulo bhrastachari timrai neta haru xan k, bidesh bata dollar lyaera desh bechne kaam bahun le nai gareko ho sathi",1,1,0,0,0,5
4591,अनलाइन कक्षा को बेला नेट गएपक्सी पुरा लेक्चर मिस भयो।,0,0,0,0,0,2
4592,आज एउटा पुरानो फिल्म क्यामेरा भेटियो। डिजिटल युगमा चलचित्र विकास गर्न झन्झट भए पनि यसको अनौठो आकर्षण छ ।,0,0,0,0,0,1
4593,यो व्यक्तिगत विचार हो,0,0,0,0,0,1
4594,Today morning cycling test gako ring road kasto khali and refresh thiyo vanya pollution ni mild thiyo daily commute ko lagi bihan cycle chalunu body health ko lagi best ho,0,0,0,0,0,1
4595,तिमीलाई लाज लाग्नुपर्छ! !,0,0,0,0,0,2
4596,"बिहानको सवारीमा काठमाडौं आउनुहोस्, हेर्नुहोस् सूर्योदय कति सफा थियो, सडकमा पानी, त्यो समय खाली थियो, लामो ड्राइभले उत्तम समय लियो, आउनुहोस् र ताजापनको अनुभूति गर्नुहोस्, सुन्दर नेपाल।",0,0,0,0,0,1
4597,"भाइ, दलित भएर देश चलायौ भने मलाई मुर्ख बनाउछौ, तिम्रा सबै अधिकार मेरा साथीहरुलाई दिनेछौ ।",1,1,0,0,0,4
4598,आजको कार्यशालाबाट धेरै कुरा सिकेको छु ।,0,0,0,0,0,1
4599,होटल फोटो र वास्तविक कोठा बीच फरक छ।,0,0,0,0,0,2
4600,यो संसद तस्कर,0,0,0,1,0,4
4601,सहिदहरुले न्याय पाउनुपर्छ ।,0,0,0,0,0,1
4602,ती बुद्धिमान् जीनियस जीनियसहरू के हुन्?,1,0,0,0,1,5
4603,उनी गुफामा गइन्,1,0,0,0,1,5
4604,@politician_name म पक्का छैन,0,0,0,1,1,5
4605,आज टेलिस्कोपबाट बता चन्द्रमाको सतह हर्न पौडा बच बेलाको जिज्ञासा फेरी जागेको जास्तो लाग्यो । विज्ञान व्यावहारिक रुपमा हेर्दा जान रमाइलो हुदो रैक्सा।,0,0,0,0,0,1
4606,प्रस्तुति रामरो तारा मधम बर्गा जनताको हिटमा छिना ।,0,0,0,0,0,2
4607,तिमीले तथ्य जाँच नगरी पोस्ट गर्यौ।,0,0,0,0,1,3
4608,आजा ट्रेन सिम्युलेटर केन्द्र गाको थिये। नेपाल मा रेल प्रणाली खासै नभ्ये पानी टेक्नोलोजी कसरी काम गर्चा भन्ने कुराको व्यावहारिक रुपमा हर्ना पौडा अन्तिम रोचक लाग्यो ।,0,0,0,0,0,1
4609,"पार्टी ट्रेड युनियनको नेपालमा कुनै औचित्य छैन । काम नगर्ने अवसर खोज्ने व्यवसायीहरूलाई धिक्कार छ 
यस्ता बथानका कारण देशको विकास हुन सकेको छैन",0,0,0,1,0,3
4610,टाटा टेटाइ गा मेसिन खाते कुकुर,1,0,0,0,1,5
4611,"यो प्रधानमन्त्रीले प्रधानमन्त्रीको निर्देशनमा गाडी चलाएर निर्दोषको मालसामान सिमामा पु¥याउने, भारतलाई एक्लै छाडेर यो उपत्यकालाई देशद्रोही भनेर खाएको छ ।",1,0,0,1,0,5
4612,यो course ko theory part dherai lamo ra boring lagyo.,0,0,0,0,0,2
4613,"आजा पहिलो पटक माटोको कार्यशालामा उपस्थित गरौं, रोचक अनुभव रह्यो।",0,0,0,0,0,1
4614,"तिमीले सुरुमा एउटा कुरा भन्यौ, पछि त्यसको ठिक उल्टो दाबी गर्यौ, अनि कसैले सोध्यो भने विषय नै परिवर्तन गर्यौ। यो शैलीले विश्वास कमाउँदैन।",0,0,0,0,1,3
4615,Ta ekchoti kura ko reality bujhera bol na veda j*tha tero tyo si logical comment padhda malai rish uthera aauxa tero high school tchr ko address de yeslai gyan sikauna paryo bd,1,0,0,0,1,5
4616,नेपाल जितोस् भन्ने चाहना छ,0,0,0,0,0,1
4617,"संसद खुल्यो, संसद खुल्यो भने भ्रष्टाचार भयो, जनता मुर्ख बन्यो, बैंक खाता चेक भयो, नेता चोर भयो ।",0,0,0,1,0,4
4618,आज telescope bata chandramako surface herna pauda bachha bela ko curiosity feri jageko jasto lagyo। Science practical rupma herda jhan ramailo hudo raixa।,0,0,0,0,0,1
4619,क्रिस्चियन हरु ले गांव गाँउ मा डलर बधाई हुमारो भगवान को नरामो कुरा गेरा धर्म परिवर्तन गरूडाक्षन यो विदेशी षड्यन्त्र लै रास्ता मै कुन पर्क्ष चित्तो दलाल,1,0,1,0,0,5
4620,तिमीले जानाजान गलत अर्थ लगाउन खोज्यौ।,0,0,0,0,1,2
4621,यो मन्त्रीको कारोबार शंकास्पद छ।,0,0,0,1,0,4
4622,"हामी सबै नेपाली हौं, जातियताको कुरा गरेर विभाजन नगरौं",0,0,0,0,0,1
4623,आज पहिलो पटक आफ्नै बगैँचाबाट गोलभेन्डा उठाएँ र खाएँ ।,0,0,0,0,0,1
4624,Yo mobile updated paxi battery backup total disaster bhayo 2 ghanta ni chaldaina kasto bekar software testing gareko hola team le tait lagyo phone use garna ni sa phone,0,0,0,0,0,2
4625,यस वर्षको वर्षाले किसानलाई केही राहत मिलेको देखिन्छ ।,0,0,0,0,0,1
4626,स्कुलमा रोबोटिक्स क्लब सुरु भएको सुन्दा धेरै खुसी लाग्यो।,0,0,0,0,0,1
4627,मूल्य अलि बढी लाग्यो,0,0,0,0,0,2
4628,तपाईलाई जिम्मेवारीको अर्थ थाहा छैन जस्तो लाग्छ।,0,0,0,0,1,3
4629,आज बिहानको हावाले मलाई पुरानो गाउँको याद दिलायो।,0,0,0,0,0,1
4630,क्रिश्चियन दलाल हरु डलर को लूभ मा हाम्रो पुरानो सब्यता र संस्कार नास्ता गर्ना लागे इनिहारु लै गाउँ बता निकलेरा कुनु पर्क्सा बिदेशी मास्टर को कुट हुन इनिहरु सबाई,1,0,1,0,0,5
4631,तै जसो बेकार मान्छे,0,0,0,0,1,4
4632,yo neta ko kura patyauna sakidaina,0,0,0,1,0,2
4633,तेल केही बुझेको छाना,0,0,0,0,1,4
4634,तपाईले कमेन्ट पढ्नुहोस र लेख पढ्नुहोस।,0,0,0,0,1,2
4635,यी नेताहरु भ्रष्टाचारको जड हुन् ।,0,0,0,1,0,4
4636,यो मोबाइल अपडेटेड प्याक्सी ब्याट्री ब्याकअप कुल आपदा भयो २ घण्टा नी चल्दा कसतो बेकर सफ्टवेयर परीक्षण गरको होला टीम ले तैत लाग्यो फोन प्रयोग गर्ना नि सा,0,0,0,0,0,2
4637,यो अनलाइन फूड डेलिभरी एप ले एक्स्ट्रा प्लेटफर्म शुल्क लिनक्सा तारा डिलिवरी राइडर ले झैले लेट गर्यो भानेरा कल गर्क्सा कास्तो सबैभन्दा खराब परिचालन व्यवस्थापन तैत लाग्यो एप क्र्यास,0,0,0,0,0,2
4638,khate kukur jasto bhukiraxa,1,0,0,0,1,5
4639,Aaja pahilo choti afnai kitchen ma pizza banako kasto tasty bhayo vanya bidesh ko restaurant bhanda sasto ra fresh thiyo family sabaile ekdam man paraye roof top organic testing vayo,0,0,0,0,0,1
4640,तपागल जसो कुरा गेरा सबलाई डिभर्ट गर्दाइ छस।,1,0,0,0,1,4
4641,यो योजनालाई राम्रोसँग कार्यान्वयन गर्नुपर्छ,0,0,0,1,0,2
4642,तिमीजस्ता बेवकूफसँग कुरा गरेर समयको बर्बादी।,1,0,0,0,1,4
4643,"तिमि लै आलोचना सुनै मन नपर्ने रैक्सा, कसो अहंकार तेरो",0,0,0,0,1,2
4644,आजको खाना मिठो थियो,0,0,0,0,0,1
4645,तिमीले आफ्नो गल्ती स्वीकारेको भए कुरा त्यहीँ सकिन्थ्यो।,0,0,0,0,1,2
4646,Long ride paxi pahad ko view le sab thakan hataidiyo.,0,0,0,0,0,1
4647,"कुनै पनि मुस्लिम संग व्यापार नगर्नुहोस्, म एक धोखा हुँ।",1,0,1,0,0,5
4648,Muji neta haru sab chor hun desh dubauna lagisake,1,0,0,1,0,5
4649,तँले हरेक पटक अरूलाई दोष दिने तर आफ्नो गल्ती नस्वीकार्ने बानी कहिले छोड्ने ?,0,0,0,0,1,3
4650,Yo chai pura bakwas explanation ho.,1,0,0,0,1,3
4651,यो मन्त्रीको सबै कुरा जाली हो।,0,0,0,1,0,4
4652,"Muji kasto fohor acting gareko yo tiktoker le yesko anuhar herda ni thukna man lagxa, tero tyo flat face liyera bholi dekhi camera agadi na-aa mi dika lagisakyo sabailai",1,0,0,0,1,5
4653,ता जसो बेवकुफ सांगा कुरा गरनु नै समयको बारबडी हो मी,1,0,0,0,1,5
4654,"तिमी धर्ममुक्त छौ, तिमी सनातन धर्म चलाउँदैछौ, तिमी संसारका सारा भाँडाकुँडा सफा गर्दैछौ, तिमी संस्कार हौ, तिमी धर्मको मालिक हौ, सबै हिन्दुहरु नर्कतिर भागिरहेका छौ।",1,0,1,0,0,4
4655,तपाईंले लेखेको कुरा पढ्दा मलाई विषय नबुझेको जस्तो लाग्यो।,0,0,0,0,1,3
4656,आजको यात्रा थकाइपूर्ण भए पनि दृश्य सुन्दर थियो।,0,0,0,0,0,2
4657,मधेसी हो या मधेसी नै हो,1,1,0,0,0,5
4658,चोर नेता रवि लामिछानेको झुट काण्ड म फसौना ठुलो कैसे बनाको हो ।,1,0,0,1,0,4
4659,Yo party ko neta kp oli chor ho desh ko pura jggya bideshi company lai ghus khayera becheko xa yesko xora xori lai jail halera samapati japt garnu parxa lootera daku neta ko pariwar,1,0,0,1,0,4
4660,"बहिनी, तिमीले देशको शासन गर्नेछौ, र म तिमीलाई मेरो दिन सिकाउनेछु।",1,1,0,0,0,4
4661,तपाईंले स्रोतहरू उद्धृत नगरी तथ्यहरू भएको नाटक गर्नुभयो।,0,0,0,0,1,2
4662,दलित ला माथी चाडौना हुदैना ।,0,1,0,0,0,5
4663,local bus ko bhada badheko badhei xa.,0,0,0,0,0,3
4664,मन्त्रीको हात सधैं दाहिने तिर हुन्छ,0,0,0,1,0,4
4665,दलित ला माथी चडौडा यस्ले हँक्सा संस्कृति नष्ट भयो,1,1,0,0,0,5
4666,"आनी त मलाई लाइ तो चैना यो संसद भवन यो सरकार ले
 यो कस्तो सरकार बन्ने ?",0,0,0,1,0,4
4667,यी मन्त्रीले फेरि त्यही पुरानो बहाना बनाए,0,0,0,1,0,2
4668,@ प्रयोगकर्ता क्रिश्चियन खाटे,0,0,1,0,1,5
4669,यो नयाँ स्मार्टफोन ब्राण्डले नेपाली बजारमा आश्चर्यजनक रुपमा राम्रो व्यापार गरिरहेको छ,0,0,0,0,0,1
4670,tero profile nai comedy ho,0,0,0,0,1,4
4671,यस कम्पनीले ग्राहकको प्रतिक्रिया सुन्न बानी सुधार गर्नुपर्छ।,0,0,0,0,0,2
4672,Musalman haru nepal ko demographic change garna aayeka hun mosque badhaundai hamro pahadi gau ma fohor garna thale iniharu lai belai ma khhednu prxa natra sanskriti nasta hunxa bross,1,0,1,0,0,5
4673,"डिजिटल साक्षरता आजको युगमा निकै आवश्यक भइसकेको छ, विशेष गरी ग्रामीण क्षेत्रका महिला र वृद्धवृद्धाहरूलाई अनलाइन फ्रड र साइबर अपराधबाट जोगाउन यसको ठूलो भूमिका हुन्छ",0,0,0,0,0,1
4674,तपाईंले स्रोत खुलासा नगरी तथ्य भएको बहाना गर्नुभयो।,0,0,0,0,1,2
4675,"बहस जित्न होइन, बुझ्ने प्रयास गर्नुपर्छ ।",0,0,0,0,1,2
4676,मेसिन टिप्पणी शहर,1,0,0,0,1,5
4677,dalit lai mandir xirna nadinu,1,1,0,0,0,5
4678,यो नेता चोर हो,1,0,0,1,0,4
4679,यो केटाको कुरा सुन्नु भनेको समयको बर्बादी हो,0,0,0,0,1,4
4680,यो smartwatch ko battery backup expected bhanda kam raixa.,0,0,0,0,0,2
4681,"तिमीले राईक्सा तिर्नु, गर्ने तारिकाको उपचार गर",1,0,0,0,1,4
4682,सबै समस्याबाट मुक्ति मिल्नेछ,1,0,0,0,0,4
4683,इनिहरूले कहिल्यै राम्रो गर्दैनन्,1,0,0,0,0,4
4684,"मधेसी भन्छन् म देशलाई माया गर्छु, उपेन्द्र रेशम थिए",1,0,0,0,0,5
4685,"भाउजु, सबै कुरा मिल्यो ।",0,1,0,0,0,4
4686,के भनेको बुझिन,0,0,0,0,0,2
4687,muslim jati sabai bideshi agenda liyera nepal ma virus failauna aayeka hun iniharu lai nepal ma dherai rights dina hudaina chitto khhednu parxa natra shanti nasta hunxa bross,1,0,1,0,0,5
4688,Yo mantri open daku ho yesle bank ko l*t kanda gareko ththha xa saba lai,0,0,0,1,0,4
4689,कुकुर नयाँ रिक्सा यो youtuber ता,1,0,0,0,1,5
4690,मुस्लिम हरु सबाइ लाइ निकाल्नु पर्क्सा नत्र देश मा परक्सा हाम्रो सोझा सात माक्से लाइ भेदाये यो बिदेसी षड्यन्त्र लाइ मै किन परक्सा चित्तो भाइरस जाति,1,0,1,0,0,5
4691,हिन्दुको बुद्धि परीक्षण,0,0,1,0,0,4
4692,तपाईंले आफ्नो अघिल्लो भनाइ बिर्सनुभएको जस्तो देखिन्छ।,0,0,0,0,1,2
4693,हामी सबै नेपाली हौं,0,0,0,0,0,1
4694,bahun muji haru.,0,1,0,0,0,5
4695,तपाईंले तथ्यभन्दा अनुमानलाई बढी महत्त्व दिनुभएको छ ।,0,0,0,0,1,2
4696,तपाईको सुझाव उपयोगी छ,0,0,0,0,0,1
4697,आफ्नो गल्ती स्विकारेको भए कुरा त्यहीँ टुङ्गिने थियो ।,0,0,0,0,1,2
4698,Tero anuhar kukur jasto xa @manchhe123 pahila ऐना हेरेर आइज,1,0,0,0,1,5
4699,ta pagal jasto react garna xod,1,0,0,0,1,4
4700,कामि हारु माथी चढाउनु हुदैना,0,1,0,0,0,5
4701,यो नेता लुटेरा हो र प्रत्यक्ष हात AXA प्रमाणपत्र जितेर बैंक घोटाला गरेको छ।,0,0,0,1,0,4
4702,आजकल धेरै विद्यार्थीहरू पढाइभन्दा छोटो भिडियो हेर्नमा बढी समय बिताउँछन्।,0,0,0,0,0,3
4703,यो प्रधानमन्त्री प्रचण्ड चोर हो यस्ले १७००० नेपाली को जग्य खैरा आजा फुलै राजा ठान्डै अक्स येस्को रगत म लुट मात्रा अक्स येस्लाइ रास्ता मै फसी दिनु पर्क्षा देशद्रोही LDA,1,0,0,1,0,4
4704,dalit lai mathi chadhauda yestai hunxa sanskriti nastha garyo yesle,1,1,0,0,0,5
4705,यो खाताले जानाजानी गलत जानकारी फैलाएको छ,1,0,0,0,1,4
4706,हिन्दु बाहक अरु सब गलत बातो काँ,1,0,1,0,0,4
4707,taile feri jhut bolis,0,0,0,0,1,4
4708,राति १२ बजे दाजुको सुत्ने कोठामा गएर रविले आफ्नो अन्तिम इच्छा सोध्दा मानवअधिकार कहाँ गयो ?,0,0,0,0,1,2
4709,बहिनी कृपया देश खानुहोस्,0,1,0,0,0,4
4710,यो मलाई वास्ता छैन,0,0,0,0,0,1
4711,बाहुन को बुद्धी टेस्टै हो।,0,1,0,0,0,4
4712,आज पहिलो पटक छत मा तरकारी खेती सुरु गरको कास्तो रचनात्मक अनुभूति आयो वान्या ताजा अर्गानिक टमाटर रा साग देख्दा मन नै खुशी भयो प्रभु साथी,0,0,0,0,0,1
4713,Bike servicing garepaxi mileage ali ramro bhayo jasto xa.,0,0,0,0,0,1
4714,मलाई आफुलाई नायक समझदो रैक्सा,0,0,0,0,1,5
4715,"मुस्लिम समुदाय देशका लागि खतरा हो, उनीहरुलाई छिट्टै कारबाही गर्नुपर्छ",1,0,1,0,0,5
4716,तँले तथ्यको सट्टा भावनामा आधारित तर्क गरिरहेको देखिन्छ। त्यसैले एउटै प्रश्नको जवाफ पनि बारम्बार बदलिएको जस्तो लाग्छ।,0,0,0,0,1,3
