clip_id,start_time,end_time,duration,scene_index,annotation_count,is_active,clip_created_at,source_video_id,youtube_url,youtube_video_id,title,status,source_created_at,processed_at
cbbaad74b6e648349e443268c6e3b624,0.0,10.0,10.0,0,1,1,2026-05-29 10:10:42.650632,1c604be1b72948b0962a1362b627cbaa,https://youtu.be/XVCf-FI3-kE?si=n3uXxsuHyggxshjZ,XVCf-FI3-kE,"""मन साईली"" Man Saili - Prashant Tamang | Keki Adhikari | Official Music Video | Nepali Song",done,2026-05-29 10:09:53.799448,2026-05-29 10:10:42.657546
12eca84acd144063bd8e626a5d798e51,30.0,33.083,3.083,13,1,1,2026-05-29 10:10:42.650632,1c604be1b72948b0962a1362b627cbaa,https://youtu.be/XVCf-FI3-kE?si=n3uXxsuHyggxshjZ,XVCf-FI3-kE,"""मन साईली"" Man Saili - Prashant Tamang | Keki Adhikari | Official Music Video | Nepali Song",done,2026-05-29 10:09:53.799448,2026-05-29 10:10:42.657546
214d4e5a1f444ef8b279ef8963d72c60,38.917,42.042,3.125,17,1,1,2026-05-29 10:10:42.650632,1c604be1b72948b0962a1362b627cbaa,https://youtu.be/XVCf-FI3-kE?si=n3uXxsuHyggxshjZ,XVCf-FI3-kE,"""मन साईली"" Man Saili - Prashant Tamang | Keki Adhikari | Official Music Video | Nepali Song",done,2026-05-29 10:09:53.799448,2026-05-29 10:10:42.657546
297087b2067e411991f173461d4e5e3e,58.25,61.292,3.042,28,1,1,2026-05-29 10:10:42.650632,1c604be1b72948b0962a1362b627cbaa,https://youtu.be/XVCf-FI3-kE?si=n3uXxsuHyggxshjZ,XVCf-FI3-kE,"""मन साईली"" Man Saili - Prashant Tamang | Keki Adhikari | Official Music Video | Nepali Song",done,2026-05-29 10:09:53.799448,2026-05-29 10:10:42.657546
f8dc8192f53c45ca870e9759c9c79fc9,62.042,65.75,3.708,30,1,1,2026-05-29 10:10:42.650632,1c604be1b72948b0962a1362b627cbaa,https://youtu.be/XVCf-FI3-kE?si=n3uXxsuHyggxshjZ,XVCf-FI3-kE,"""मन साईली"" Man Saili - Prashant Tamang | Keki Adhikari | Official Music Video | Nepali Song",done,2026-05-29 10:09:53.799448,2026-05-29 10:10:42.657546
2fd31de70dc942a296da8162c9bbf780,65.75,69.417,3.667,31,1,1,2026-05-29 10:10:42.650632,1c604be1b72948b0962a1362b627cbaa,https://youtu.be/XVCf-FI3-kE?si=n3uXxsuHyggxshjZ,XVCf-FI3-kE,"""मन साईली"" Man Saili - Prashant Tamang | Keki Adhikari | Official Music Video | Nepali Song",done,2026-05-29 10:09:53.799448,2026-05-29 10:10:42.657546
a15d00d9065547e498368861114222fe,85.542,89.333,3.792,42,1,1,2026-05-29 10:10:42.650632,1c604be1b72948b0962a1362b627cbaa,https://youtu.be/XVCf-FI3-kE?si=n3uXxsuHyggxshjZ,XVCf-FI3-kE,"""मन साईली"" Man Saili - Prashant Tamang | Keki Adhikari | Official Music Video | Nepali Song",done,2026-05-29 10:09:53.799448,2026-05-29 10:10:42.657546
9cb503745625484a93cd81db762003bb,100.542,104.208,3.667,50,1,1,2026-05-29 10:10:42.650632,1c604be1b72948b0962a1362b627cbaa,https://youtu.be/XVCf-FI3-kE?si=n3uXxsuHyggxshjZ,XVCf-FI3-kE,"""मन साईली"" Man Saili - Prashant Tamang | Keki Adhikari | Official Music Video | Nepali Song",done,2026-05-29 10:09:53.799448,2026-05-29 10:10:42.657546
10ef642a37b84a8fb806065b90fe8223,112.375,115.708,3.333,57,1,1,2026-05-29 10:10:42.650632,1c604be1b72948b0962a1362b627cbaa,https://youtu.be/XVCf-FI3-kE?si=n3uXxsuHyggxshjZ,XVCf-FI3-kE,"""मन साईली"" Man Saili - Prashant Tamang | Keki Adhikari | Official Music Video | Nepali Song",done,2026-05-29 10:09:53.799448,2026-05-29 10:10:42.657546
03cdbd29bb514e5eb3fc906d41397bc2,120.792,124.125,3.333,61,1,1,2026-05-29 10:10:42.650632,1c604be1b72948b0962a1362b627cbaa,https://youtu.be/XVCf-FI3-kE?si=n3uXxsuHyggxshjZ,XVCf-FI3-kE,"""मन साईली"" Man Saili - Prashant Tamang | Keki Adhikari | Official Music Video | Nepali Song",done,2026-05-29 10:09:53.799448,2026-05-29 10:10:42.657546
e65c2b709dc74735bfe73d4840949521,124.125,127.583,3.458,62,1,1,2026-05-29 10:10:42.650632,1c604be1b72948b0962a1362b627cbaa,https://youtu.be/XVCf-FI3-kE?si=n3uXxsuHyggxshjZ,XVCf-FI3-kE,"""मन साईली"" Man Saili - Prashant Tamang | Keki Adhikari | Official Music Video | Nepali Song",done,2026-05-29 10:09:53.799448,2026-05-29 10:10:42.657546
3a17c55fcca547089f2af7081a755195,127.583,135.333,7.75,63,1,1,2026-05-29 10:10:42.650632,1c604be1b72948b0962a1362b627cbaa,https://youtu.be/XVCf-FI3-kE?si=n3uXxsuHyggxshjZ,XVCf-FI3-kE,"""मन साईली"" Man Saili - Prashant Tamang | Keki Adhikari | Official Music Video | Nepali Song",done,2026-05-29 10:09:53.799448,2026-05-29 10:10:42.657546
407c6d0e1e9a475abc549d42897c77f3,135.333,139.792,4.458,64,1,1,2026-05-29 10:10:42.650632,1c604be1b72948b0962a1362b627cbaa,https://youtu.be/XVCf-FI3-kE?si=n3uXxsuHyggxshjZ,XVCf-FI3-kE,"""मन साईली"" Man Saili - Prashant Tamang | Keki Adhikari | Official Music Video | Nepali Song",done,2026-05-29 10:09:53.799448,2026-05-29 10:10:42.657546
34e344d7e2664110b448eb321868c79b,139.792,144.25,4.458,65,1,1,2026-05-29 10:10:42.650632,1c604be1b72948b0962a1362b627cbaa,https://youtu.be/XVCf-FI3-kE?si=n3uXxsuHyggxshjZ,XVCf-FI3-kE,"""मन साईली"" Man Saili - Prashant Tamang | Keki Adhikari | Official Music Video | Nepali Song",done,2026-05-29 10:09:53.799448,2026-05-29 10:10:42.657546
065a32a0355e43e48ee9482ccb64ac67,148.25,156.083,7.833,69,1,1,2026-05-29 10:10:42.650632,1c604be1b72948b0962a1362b627cbaa,https://youtu.be/XVCf-FI3-kE?si=n3uXxsuHyggxshjZ,XVCf-FI3-kE,"""मन साईली"" Man Saili - Prashant Tamang | Keki Adhikari | Official Music Video | Nepali Song",done,2026-05-29 10:09:53.799448,2026-05-29 10:10:42.657546
c8f18bb79a94486f94b6ce23526182b9,177.917,180.958,3.042,91,1,1,2026-05-29 10:10:42.650632,1c604be1b72948b0962a1362b627cbaa,https://youtu.be/XVCf-FI3-kE?si=n3uXxsuHyggxshjZ,XVCf-FI3-kE,"""मन साईली"" Man Saili - Prashant Tamang | Keki Adhikari | Official Music Video | Nepali Song",done,2026-05-29 10:09:53.799448,2026-05-29 10:10:42.657546
cf3ed90678b346179d8c2abce4f666b4,188.667,196.042,7.375,98,1,1,2026-05-29 10:10:42.650632,1c604be1b72948b0962a1362b627cbaa,https://youtu.be/XVCf-FI3-kE?si=n3uXxsuHyggxshjZ,XVCf-FI3-kE,"""मन साईली"" Man Saili - Prashant Tamang | Keki Adhikari | Official Music Video | Nepali Song",done,2026-05-29 10:09:53.799448,2026-05-29 10:10:42.657546
464989bc5d3b43f0b35a693779327f27,196.042,199.208,3.167,99,1,1,2026-05-29 10:10:42.650632,1c604be1b72948b0962a1362b627cbaa,https://youtu.be/XVCf-FI3-kE?si=n3uXxsuHyggxshjZ,XVCf-FI3-kE,"""मन साईली"" Man Saili - Prashant Tamang | Keki Adhikari | Official Music Video | Nepali Song",done,2026-05-29 10:09:53.799448,2026-05-29 10:10:42.657546
7f62acabc2a9460a983a2445e6ccbfc5,219.792,223.417,3.625,111,1,1,2026-05-29 10:10:42.650632,1c604be1b72948b0962a1362b627cbaa,https://youtu.be/XVCf-FI3-kE?si=n3uXxsuHyggxshjZ,XVCf-FI3-kE,"""मन साईली"" Man Saili - Prashant Tamang | Keki Adhikari | Official Music Video | Nepali Song",done,2026-05-29 10:09:53.799448,2026-05-29 10:10:42.657546
f864b44fb5b04f42a57e49e75989f315,223.417,226.708,3.292,112,1,1,2026-05-29 10:10:42.650632,1c604be1b72948b0962a1362b627cbaa,https://youtu.be/XVCf-FI3-kE?si=n3uXxsuHyggxshjZ,XVCf-FI3-kE,"""मन साईली"" Man Saili - Prashant Tamang | Keki Adhikari | Official Music Video | Nepali Song",done,2026-05-29 10:09:53.799448,2026-05-29 10:10:42.657546
91b70f20f97e4acc8889cd1acfa4ae15,227.875,231.625,3.75,114,1,1,2026-05-29 10:10:42.650632,1c604be1b72948b0962a1362b627cbaa,https://youtu.be/XVCf-FI3-kE?si=n3uXxsuHyggxshjZ,XVCf-FI3-kE,"""मन साईली"" Man Saili - Prashant Tamang | Keki Adhikari | Official Music Video | Nepali Song",done,2026-05-29 10:09:53.799448,2026-05-29 10:10:42.657546
05da64da67eb42c48bf42f1189f7db35,234.833,240.5,5.667,117,1,1,2026-05-29 10:10:42.650632,1c604be1b72948b0962a1362b627cbaa,https://youtu.be/XVCf-FI3-kE?si=n3uXxsuHyggxshjZ,XVCf-FI3-kE,"""मन साईली"" Man Saili - Prashant Tamang | Keki Adhikari | Official Music Video | Nepali Song",done,2026-05-29 10:09:53.799448,2026-05-29 10:10:42.657546
4058c9f8d4c04cb2be1d7ba32c8aad3a,240.5,245.583,5.083,118,1,1,2026-05-29 10:10:42.650632,1c604be1b72948b0962a1362b627cbaa,https://youtu.be/XVCf-FI3-kE?si=n3uXxsuHyggxshjZ,XVCf-FI3-kE,"""मन साईली"" Man Saili - Prashant Tamang | Keki Adhikari | Official Music Video | Nepali Song",done,2026-05-29 10:09:53.799448,2026-05-29 10:10:42.657546
ed9d9b9e0aaa466399eb4094839c9c71,0.0,3.0,3.0,0,0,1,2026-06-02 10:19:32.226726,be68c0d82d2a4b9abd208660833a4498,https://youtu.be/iR6EAf-xqro?si=kplcQBH8uPE4solJ,iR6EAf-xqro,"""लालुपाते नुघ्यो भुइतिर"" Lalupate Nugyo Bhuitira | Raju Pariyar & Bishnu Majhi",done,2026-06-02 10:17:20.685960,2026-06-02 10:19:32.235146
16f539dd72e34db78180111058b21148,32.333,36.0,3.667,18,0,1,2026-06-02 10:19:32.226726,be68c0d82d2a4b9abd208660833a4498,https://youtu.be/iR6EAf-xqro?si=kplcQBH8uPE4solJ,iR6EAf-xqro,"""लालुपाते नुघ्यो भुइतिर"" Lalupate Nugyo Bhuitira | Raju Pariyar & Bishnu Majhi",done,2026-06-02 10:17:20.685960,2026-06-02 10:19:32.235146
2048dce65e454b4b87f5e8ab14a3ed90,49.533,53.667,4.133,28,0,1,2026-06-02 10:19:32.227284,be68c0d82d2a4b9abd208660833a4498,https://youtu.be/iR6EAf-xqro?si=kplcQBH8uPE4solJ,iR6EAf-xqro,"""लालुपाते नुघ्यो भुइतिर"" Lalupate Nugyo Bhuitira | Raju Pariyar & Bishnu Majhi",done,2026-06-02 10:17:20.685960,2026-06-02 10:19:32.235146
d5fb17d1a1be4265acccc15336a49ce2,61.067,64.667,3.6,34,0,1,2026-06-02 10:19:32.227284,be68c0d82d2a4b9abd208660833a4498,https://youtu.be/iR6EAf-xqro?si=kplcQBH8uPE4solJ,iR6EAf-xqro,"""लालुपाते नुघ्यो भुइतिर"" Lalupate Nugyo Bhuitira | Raju Pariyar & Bishnu Majhi",done,2026-06-02 10:17:20.685960,2026-06-02 10:19:32.235146
55b4e2b5d9a14d759e3a54765b185c44,70.133,75.467,5.333,39,0,1,2026-06-02 10:19:32.227284,be68c0d82d2a4b9abd208660833a4498,https://youtu.be/iR6EAf-xqro?si=kplcQBH8uPE4solJ,iR6EAf-xqro,"""लालुपाते नुघ्यो भुइतिर"" Lalupate Nugyo Bhuitira | Raju Pariyar & Bishnu Majhi",done,2026-06-02 10:17:20.685960,2026-06-02 10:19:32.235146
c075ad3012df42cf855bac472f1c5add,109.0,112.667,3.667,57,0,1,2026-06-02 10:19:32.227284,be68c0d82d2a4b9abd208660833a4498,https://youtu.be/iR6EAf-xqro?si=kplcQBH8uPE4solJ,iR6EAf-xqro,"""लालुपाते नुघ्यो भुइतिर"" Lalupate Nugyo Bhuitira | Raju Pariyar & Bishnu Majhi",done,2026-06-02 10:17:20.685960,2026-06-02 10:19:32.235146
7ee04f4179fa4808a49f6ffae705bb3a,118.133,124.0,5.867,62,0,1,2026-06-02 10:19:32.227284,be68c0d82d2a4b9abd208660833a4498,https://youtu.be/iR6EAf-xqro?si=kplcQBH8uPE4solJ,iR6EAf-xqro,"""लालुपाते नुघ्यो भुइतिर"" Lalupate Nugyo Bhuitira | Raju Pariyar & Bishnu Majhi",done,2026-06-02 10:17:20.685960,2026-06-02 10:19:32.235146
e185c72821214add987ff42c7ab9b8a1,124.0,129.133,5.133,63,0,1,2026-06-02 10:19:32.227284,be68c0d82d2a4b9abd208660833a4498,https://youtu.be/iR6EAf-xqro?si=kplcQBH8uPE4solJ,iR6EAf-xqro,"""लालुपाते नुघ्यो भुइतिर"" Lalupate Nugyo Bhuitira | Raju Pariyar & Bishnu Majhi",done,2026-06-02 10:17:20.685960,2026-06-02 10:19:32.235146
114f91091cbc4e658e1ddd1f1d5039c5,131.133,134.6,3.467,65,0,1,2026-06-02 10:19:32.227284,be68c0d82d2a4b9abd208660833a4498,https://youtu.be/iR6EAf-xqro?si=kplcQBH8uPE4solJ,iR6EAf-xqro,"""लालुपाते नुघ्यो भुइतिर"" Lalupate Nugyo Bhuitira | Raju Pariyar & Bishnu Majhi",done,2026-06-02 10:17:20.685960,2026-06-02 10:19:32.235146
f6566a5eabf1439cbbc63abca8855964,135.933,140.0,4.067,67,0,1,2026-06-02 10:19:32.227284,be68c0d82d2a4b9abd208660833a4498,https://youtu.be/iR6EAf-xqro?si=kplcQBH8uPE4solJ,iR6EAf-xqro,"""लालुपाते नुघ्यो भुइतिर"" Lalupate Nugyo Bhuitira | Raju Pariyar & Bishnu Majhi",done,2026-06-02 10:17:20.685960,2026-06-02 10:19:32.235146
5b367e6bc63a41daa03cc97ce59a116f,142.267,145.533,3.267,69,0,1,2026-06-02 10:19:32.227284,be68c0d82d2a4b9abd208660833a4498,https://youtu.be/iR6EAf-xqro?si=kplcQBH8uPE4solJ,iR6EAf-xqro,"""लालुपाते नुघ्यो भुइतिर"" Lalupate Nugyo Bhuitira | Raju Pariyar & Bishnu Majhi",done,2026-06-02 10:17:20.685960,2026-06-02 10:19:32.235146
807f2de084cd4fab9d8ab58c540a971b,147.0,150.8,3.8,71,0,1,2026-06-02 10:19:32.227284,be68c0d82d2a4b9abd208660833a4498,https://youtu.be/iR6EAf-xqro?si=kplcQBH8uPE4solJ,iR6EAf-xqro,"""लालुपाते नुघ्यो भुइतिर"" Lalupate Nugyo Bhuitira | Raju Pariyar & Bishnu Majhi",done,2026-06-02 10:17:20.685960,2026-06-02 10:19:32.235146
d1246cee50bd47ffaf4349e925dc08ce,150.8,156.4,5.6,72,0,1,2026-06-02 10:19:32.227284,be68c0d82d2a4b9abd208660833a4498,https://youtu.be/iR6EAf-xqro?si=kplcQBH8uPE4solJ,iR6EAf-xqro,"""लालुपाते नुघ्यो भुइतिर"" Lalupate Nugyo Bhuitira | Raju Pariyar & Bishnu Majhi",done,2026-06-02 10:17:20.685960,2026-06-02 10:19:32.235146
aa51ca85c0824dc9b62193bfdaaab9f3,166.867,170.333,3.467,80,0,1,2026-06-02 10:19:32.227284,be68c0d82d2a4b9abd208660833a4498,https://youtu.be/iR6EAf-xqro?si=kplcQBH8uPE4solJ,iR6EAf-xqro,"""लालुपाते नुघ्यो भुइतिर"" Lalupate Nugyo Bhuitira | Raju Pariyar & Bishnu Majhi",done,2026-06-02 10:17:20.685960,2026-06-02 10:19:32.235146
b4341374d57541c1adff956eef36f4d7,178.333,183.933,5.6,85,0,1,2026-06-02 10:19:32.227284,be68c0d82d2a4b9abd208660833a4498,https://youtu.be/iR6EAf-xqro?si=kplcQBH8uPE4solJ,iR6EAf-xqro,"""लालुपाते नुघ्यो भुइतिर"" Lalupate Nugyo Bhuitira | Raju Pariyar & Bishnu Majhi",done,2026-06-02 10:17:20.685960,2026-06-02 10:19:32.235146
ca5f7f9e59e14fd09c4ce91980996227,183.933,192.267,8.333,86,0,1,2026-06-02 10:19:32.227284,be68c0d82d2a4b9abd208660833a4498,https://youtu.be/iR6EAf-xqro?si=kplcQBH8uPE4solJ,iR6EAf-xqro,"""लालुपाते नुघ्यो भुइतिर"" Lalupate Nugyo Bhuitira | Raju Pariyar & Bishnu Majhi",done,2026-06-02 10:17:20.685960,2026-06-02 10:19:32.235146
5574f97ee78845c397f7dfa6bf1536bd,200.933,204.6,3.667,93,0,1,2026-06-02 10:19:32.227284,be68c0d82d2a4b9abd208660833a4498,https://youtu.be/iR6EAf-xqro?si=kplcQBH8uPE4solJ,iR6EAf-xqro,"""लालुपाते नुघ्यो भुइतिर"" Lalupate Nugyo Bhuitira | Raju Pariyar & Bishnu Majhi",done,2026-06-02 10:17:20.685960,2026-06-02 10:19:32.235146
b8813ec965454b7e97ddb80a11230ae2,204.6,208.667,4.067,94,0,1,2026-06-02 10:19:32.227284,be68c0d82d2a4b9abd208660833a4498,https://youtu.be/iR6EAf-xqro?si=kplcQBH8uPE4solJ,iR6EAf-xqro,"""लालुपाते नुघ्यो भुइतिर"" Lalupate Nugyo Bhuitira | Raju Pariyar & Bishnu Majhi",done,2026-06-02 10:17:20.685960,2026-06-02 10:19:32.235146
ca48e369e70e462ba17b07fb3c39574e,210.0,215.6,5.6,96,0,1,2026-06-02 10:19:32.227284,be68c0d82d2a4b9abd208660833a4498,https://youtu.be/iR6EAf-xqro?si=kplcQBH8uPE4solJ,iR6EAf-xqro,"""लालुपाते नुघ्यो भुइतिर"" Lalupate Nugyo Bhuitira | Raju Pariyar & Bishnu Majhi",done,2026-06-02 10:17:20.685960,2026-06-02 10:19:32.235146
64934fc2c1c64974a994f95bbfebc2c9,215.6,222.4,6.8,97,0,1,2026-06-02 10:19:32.227284,be68c0d82d2a4b9abd208660833a4498,https://youtu.be/iR6EAf-xqro?si=kplcQBH8uPE4solJ,iR6EAf-xqro,"""लालुपाते नुघ्यो भुइतिर"" Lalupate Nugyo Bhuitira | Raju Pariyar & Bishnu Majhi",done,2026-06-02 10:17:20.685960,2026-06-02 10:19:32.235146
9266dcf975a3458d82bd08d8cbf86461,223.533,228.533,5.0,99,0,1,2026-06-02 10:19:32.227284,be68c0d82d2a4b9abd208660833a4498,https://youtu.be/iR6EAf-xqro?si=kplcQBH8uPE4solJ,iR6EAf-xqro,"""लालुपाते नुघ्यो भुइतिर"" Lalupate Nugyo Bhuitira | Raju Pariyar & Bishnu Majhi",done,2026-06-02 10:17:20.685960,2026-06-02 10:19:32.235146
e16c8a8c140f443d9dc856e60c3c7c7e,228.533,231.8,3.267,100,0,1,2026-06-02 10:19:32.227284,be68c0d82d2a4b9abd208660833a4498,https://youtu.be/iR6EAf-xqro?si=kplcQBH8uPE4solJ,iR6EAf-xqro,"""लालुपाते नुघ्यो भुइतिर"" Lalupate Nugyo Bhuitira | Raju Pariyar & Bishnu Majhi",done,2026-06-02 10:17:20.685960,2026-06-02 10:19:32.235146
9b4eea6a262246e7920d468f5f3adc22,231.8,238.933,7.133,101,0,1,2026-06-02 10:19:32.227284,be68c0d82d2a4b9abd208660833a4498,https://youtu.be/iR6EAf-xqro?si=kplcQBH8uPE4solJ,iR6EAf-xqro,"""लालुपाते नुघ्यो भुइतिर"" Lalupate Nugyo Bhuitira | Raju Pariyar & Bishnu Majhi",done,2026-06-02 10:17:20.685960,2026-06-02 10:19:32.235146
643b54f182da42779a1c02d3404b022f,247.0,250.933,3.933,107,0,1,2026-06-02 10:19:32.227284,be68c0d82d2a4b9abd208660833a4498,https://youtu.be/iR6EAf-xqro?si=kplcQBH8uPE4solJ,iR6EAf-xqro,"""लालुपाते नुघ्यो भुइतिर"" Lalupate Nugyo Bhuitira | Raju Pariyar & Bishnu Majhi",done,2026-06-02 10:17:20.685960,2026-06-02 10:19:32.235146
e4f028014fcd43698da10f06ef26d84d,271.733,276.4,4.667,119,0,1,2026-06-02 10:19:32.227284,be68c0d82d2a4b9abd208660833a4498,https://youtu.be/iR6EAf-xqro?si=kplcQBH8uPE4solJ,iR6EAf-xqro,"""लालुपाते नुघ्यो भुइतिर"" Lalupate Nugyo Bhuitira | Raju Pariyar & Bishnu Majhi",done,2026-06-02 10:17:20.685960,2026-06-02 10:19:32.235146
dbbf9d4615ff472faee9c317a30b47ca,284.2,288.333,4.133,124,0,1,2026-06-02 10:19:32.227284,be68c0d82d2a4b9abd208660833a4498,https://youtu.be/iR6EAf-xqro?si=kplcQBH8uPE4solJ,iR6EAf-xqro,"""लालुपाते नुघ्यो भुइतिर"" Lalupate Nugyo Bhuitira | Raju Pariyar & Bishnu Majhi",done,2026-06-02 10:17:20.685960,2026-06-02 10:19:32.235146
bf7fb303f33c4944ad19f3f40d3ce163,290.133,293.533,3.4,126,0,1,2026-06-02 10:19:32.227284,be68c0d82d2a4b9abd208660833a4498,https://youtu.be/iR6EAf-xqro?si=kplcQBH8uPE4solJ,iR6EAf-xqro,"""लालुपाते नुघ्यो भुइतिर"" Lalupate Nugyo Bhuitira | Raju Pariyar & Bishnu Majhi",done,2026-06-02 10:17:20.685960,2026-06-02 10:19:32.235146
1de4e4a234e54c57b97fde98e32145ba,296.4,301.6,5.2,129,0,1,2026-06-02 10:19:32.227847,be68c0d82d2a4b9abd208660833a4498,https://youtu.be/iR6EAf-xqro?si=kplcQBH8uPE4solJ,iR6EAf-xqro,"""लालुपाते नुघ्यो भुइतिर"" Lalupate Nugyo Bhuitira | Raju Pariyar & Bishnu Majhi",done,2026-06-02 10:17:20.685960,2026-06-02 10:19:32.235146
e205f716e44249329c5aa7035ad5adbf,301.6,310.133,8.533,130,0,1,2026-06-02 10:19:32.227847,be68c0d82d2a4b9abd208660833a4498,https://youtu.be/iR6EAf-xqro?si=kplcQBH8uPE4solJ,iR6EAf-xqro,"""लालुपाते नुघ्यो भुइतिर"" Lalupate Nugyo Bhuitira | Raju Pariyar & Bishnu Majhi",done,2026-06-02 10:17:20.685960,2026-06-02 10:19:32.235146
451dc44abf584d0d9e214fbd1a48cb01,310.133,317.667,7.533,131,0,1,2026-06-02 10:19:32.227847,be68c0d82d2a4b9abd208660833a4498,https://youtu.be/iR6EAf-xqro?si=kplcQBH8uPE4solJ,iR6EAf-xqro,"""लालुपाते नुघ्यो भुइतिर"" Lalupate Nugyo Bhuitira | Raju Pariyar & Bishnu Majhi",done,2026-06-02 10:17:20.685960,2026-06-02 10:19:32.235146
80c16026fc7e48d9b8123971b44bed93,317.667,327.2,9.533,132,0,1,2026-06-02 10:19:32.227847,be68c0d82d2a4b9abd208660833a4498,https://youtu.be/iR6EAf-xqro?si=kplcQBH8uPE4solJ,iR6EAf-xqro,"""लालुपाते नुघ्यो भुइतिर"" Lalupate Nugyo Bhuitira | Raju Pariyar & Bishnu Majhi",done,2026-06-02 10:17:20.685960,2026-06-02 10:19:32.235146
3ebc9f0a3ebe45f7a2a3887f23466cf6,330.8,338.133,7.333,135,0,1,2026-06-02 10:19:32.227847,be68c0d82d2a4b9abd208660833a4498,https://youtu.be/iR6EAf-xqro?si=kplcQBH8uPE4solJ,iR6EAf-xqro,"""लालुपाते नुघ्यो भुइतिर"" Lalupate Nugyo Bhuitira | Raju Pariyar & Bishnu Majhi",done,2026-06-02 10:17:20.685960,2026-06-02 10:19:32.235146
f1b4c3d1e94640399b20c461c8d78531,344.067,349.533,5.467,139,0,1,2026-06-02 10:19:32.227847,be68c0d82d2a4b9abd208660833a4498,https://youtu.be/iR6EAf-xqro?si=kplcQBH8uPE4solJ,iR6EAf-xqro,"""लालुपाते नुघ्यो भुइतिर"" Lalupate Nugyo Bhuitira | Raju Pariyar & Bishnu Majhi",done,2026-06-02 10:17:20.685960,2026-06-02 10:19:32.235146
b1b7fc2c7d3b485786e1895c613e5b0d,349.533,353.333,3.8,140,0,1,2026-06-02 10:19:32.227847,be68c0d82d2a4b9abd208660833a4498,https://youtu.be/iR6EAf-xqro?si=kplcQBH8uPE4solJ,iR6EAf-xqro,"""लालुपाते नुघ्यो भुइतिर"" Lalupate Nugyo Bhuitira | Raju Pariyar & Bishnu Majhi",done,2026-06-02 10:17:20.685960,2026-06-02 10:19:32.235146
3a212a12810148f49cd98ea47c19ac7d,354.533,361.6,7.067,142,0,1,2026-06-02 10:19:32.227847,be68c0d82d2a4b9abd208660833a4498,https://youtu.be/iR6EAf-xqro?si=kplcQBH8uPE4solJ,iR6EAf-xqro,"""लालुपाते नुघ्यो भुइतिर"" Lalupate Nugyo Bhuitira | Raju Pariyar & Bishnu Majhi",done,2026-06-02 10:17:20.685960,2026-06-02 10:19:32.235146
65b0f82faffd4aa0a4d5136965b291ae,364.933,374.933,10.0,146,0,1,2026-06-02 10:19:32.227847,be68c0d82d2a4b9abd208660833a4498,https://youtu.be/iR6EAf-xqro?si=kplcQBH8uPE4solJ,iR6EAf-xqro,"""लालुपाते नुघ्यो भुइतिर"" Lalupate Nugyo Bhuitira | Raju Pariyar & Bishnu Majhi",done,2026-06-02 10:17:20.685960,2026-06-02 10:19:32.235146
e0f605c800bb4beb8f1e9b8606f9fd52,405.267,411.0,5.733,164,0,1,2026-06-02 10:19:32.227847,be68c0d82d2a4b9abd208660833a4498,https://youtu.be/iR6EAf-xqro?si=kplcQBH8uPE4solJ,iR6EAf-xqro,"""लालुपाते नुघ्यो भुइतिर"" Lalupate Nugyo Bhuitira | Raju Pariyar & Bishnu Majhi",done,2026-06-02 10:17:20.685960,2026-06-02 10:19:32.235146
6729fbb07fbc4ea6aefe7ac05fdc446e,0.0,10.0,10.0,0,0,1,2026-05-29 11:09:11.410820,5342b90bc1c3499aa64743198902e16b,https://youtu.be/c5bDz1fHVgc?si=7YWmFnJp2s6wrtkg,c5bDz1fHVgc,"""लोलाएका ति ठुला तिम्रा दुई नजरले"" Lolayeka Ti Thulla - Gulam Ali | M B B Shah's Best Nepali Classic",done,2026-05-29 11:08:54.360422,2026-05-29 11:09:11.415216
63ef85fdd7a0451ebe85c97a9867072f,56.24,66.24,10.0,1,0,1,2026-05-29 11:09:11.410820,5342b90bc1c3499aa64743198902e16b,https://youtu.be/c5bDz1fHVgc?si=7YWmFnJp2s6wrtkg,c5bDz1fHVgc,"""लोलाएका ति ठुला तिम्रा दुई नजरले"" Lolayeka Ti Thulla - Gulam Ali | M B B Shah's Best Nepali Classic",done,2026-05-29 11:08:54.360422,2026-05-29 11:09:11.415216
f48ac22a356d462580012d0ee6d6b19d,134.0,144.0,10.0,2,0,1,2026-05-29 11:09:11.410820,5342b90bc1c3499aa64743198902e16b,https://youtu.be/c5bDz1fHVgc?si=7YWmFnJp2s6wrtkg,c5bDz1fHVgc,"""लोलाएका ति ठुला तिम्रा दुई नजरले"" Lolayeka Ti Thulla - Gulam Ali | M B B Shah's Best Nepali Classic",done,2026-05-29 11:08:54.360422,2026-05-29 11:09:11.415216
7cad89724b3a4498ae253b7fd738619a,243.92,253.92,10.0,3,0,1,2026-05-29 11:09:11.410820,5342b90bc1c3499aa64743198902e16b,https://youtu.be/c5bDz1fHVgc?si=7YWmFnJp2s6wrtkg,c5bDz1fHVgc,"""लोलाएका ति ठुला तिम्रा दुई नजरले"" Lolayeka Ti Thulla - Gulam Ali | M B B Shah's Best Nepali Classic",done,2026-05-29 11:08:54.360422,2026-05-29 11:09:11.415216
b5f017afc27849e49c80a47e4b0a5563,51.04,54.76,3.72,30,0,1,2026-05-29 10:30:03.288676,0a546711315641bdb103661ca2375368,https://youtu.be/2Xevt1LB9f4?si=Iawqlic2R2CnQNEC,2Xevt1LB9f4,Aaba Ta Chaini Jo - Radhika Hamal & Pasupati Sharma | Nepali Teej Song,done,2026-05-29 10:28:48.641498,2026-05-29 10:30:03.301413
f5190d25bd02444292cf6bf5be2cce90,69.6,74.24,4.64,41,0,1,2026-05-29 10:30:03.288676,0a546711315641bdb103661ca2375368,https://youtu.be/2Xevt1LB9f4?si=Iawqlic2R2CnQNEC,2Xevt1LB9f4,Aaba Ta Chaini Jo - Radhika Hamal & Pasupati Sharma | Nepali Teej Song,done,2026-05-29 10:28:48.641498,2026-05-29 10:30:03.301413
c10e9e3fe0a24d4d9fee2bbfac8e270e,105.76,109.48,3.72,62,0,1,2026-05-29 10:30:03.288676,0a546711315641bdb103661ca2375368,https://youtu.be/2Xevt1LB9f4?si=Iawqlic2R2CnQNEC,2Xevt1LB9f4,Aaba Ta Chaini Jo - Radhika Hamal & Pasupati Sharma | Nepali Teej Song,done,2026-05-29 10:28:48.641498,2026-05-29 10:30:03.301413
a2be471c8c8f4dd78c66b1970b52cb96,113.2,116.88,3.68,65,0,1,2026-05-29 10:30:03.288676,0a546711315641bdb103661ca2375368,https://youtu.be/2Xevt1LB9f4?si=Iawqlic2R2CnQNEC,2Xevt1LB9f4,Aaba Ta Chaini Jo - Radhika Hamal & Pasupati Sharma | Nepali Teej Song,done,2026-05-29 10:28:48.641498,2026-05-29 10:30:03.301413
955aec79f21348b49ab26fa3feddbcd3,116.88,120.08,3.2,66,0,1,2026-05-29 10:30:03.288676,0a546711315641bdb103661ca2375368,https://youtu.be/2Xevt1LB9f4?si=Iawqlic2R2CnQNEC,2Xevt1LB9f4,Aaba Ta Chaini Jo - Radhika Hamal & Pasupati Sharma | Nepali Teej Song,done,2026-05-29 10:28:48.641498,2026-05-29 10:30:03.301413
4b2c7d1a9a6440058fad52c79b702167,141.96,147.56,5.6,80,0,1,2026-05-29 10:30:03.288676,0a546711315641bdb103661ca2375368,https://youtu.be/2Xevt1LB9f4?si=Iawqlic2R2CnQNEC,2Xevt1LB9f4,Aaba Ta Chaini Jo - Radhika Hamal & Pasupati Sharma | Nepali Teej Song,done,2026-05-29 10:28:48.641498,2026-05-29 10:30:03.301413
b3265ea982fc42b7b25b3053cce9644f,156.8,160.08,3.28,87,0,1,2026-05-29 10:30:03.288676,0a546711315641bdb103661ca2375368,https://youtu.be/2Xevt1LB9f4?si=Iawqlic2R2CnQNEC,2Xevt1LB9f4,Aaba Ta Chaini Jo - Radhika Hamal & Pasupati Sharma | Nepali Teej Song,done,2026-05-29 10:28:48.641498,2026-05-29 10:30:03.301413
e1752ff071ac44f2aa8d8590c3084d6f,160.08,163.32,3.24,88,0,1,2026-05-29 10:30:03.288676,0a546711315641bdb103661ca2375368,https://youtu.be/2Xevt1LB9f4?si=Iawqlic2R2CnQNEC,2Xevt1LB9f4,Aaba Ta Chaini Jo - Radhika Hamal & Pasupati Sharma | Nepali Teej Song,done,2026-05-29 10:28:48.641498,2026-05-29 10:30:03.301413
cd5298580ea2448f9bb05261a523609b,167.04,170.08,3.04,91,0,1,2026-05-29 10:30:03.288676,0a546711315641bdb103661ca2375368,https://youtu.be/2Xevt1LB9f4?si=Iawqlic2R2CnQNEC,2Xevt1LB9f4,Aaba Ta Chaini Jo - Radhika Hamal & Pasupati Sharma | Nepali Teej Song,done,2026-05-29 10:28:48.641498,2026-05-29 10:30:03.301413
4133c8cc0cc54e62868d693e6ef973e5,220.08,224.52,4.44,122,0,1,2026-05-29 10:30:03.288676,0a546711315641bdb103661ca2375368,https://youtu.be/2Xevt1LB9f4?si=Iawqlic2R2CnQNEC,2Xevt1LB9f4,Aaba Ta Chaini Jo - Radhika Hamal & Pasupati Sharma | Nepali Teej Song,done,2026-05-29 10:28:48.641498,2026-05-29 10:30:03.301413
b0227892c3274d6cbd6375627bcf989a,232.88,236.6,3.72,128,0,1,2026-05-29 10:30:03.288676,0a546711315641bdb103661ca2375368,https://youtu.be/2Xevt1LB9f4?si=Iawqlic2R2CnQNEC,2Xevt1LB9f4,Aaba Ta Chaini Jo - Radhika Hamal & Pasupati Sharma | Nepali Teej Song,done,2026-05-29 10:28:48.641498,2026-05-29 10:30:03.301413
3182a633a0fb4f009365cbc211053e64,247.72,251.48,3.76,135,0,1,2026-05-29 10:30:03.288676,0a546711315641bdb103661ca2375368,https://youtu.be/2Xevt1LB9f4?si=Iawqlic2R2CnQNEC,2Xevt1LB9f4,Aaba Ta Chaini Jo - Radhika Hamal & Pasupati Sharma | Nepali Teej Song,done,2026-05-29 10:28:48.641498,2026-05-29 10:30:03.301413
c67e7a23ffc748e9b9a4532219d1e54b,251.48,255.16,3.68,136,0,1,2026-05-29 10:30:03.288676,0a546711315641bdb103661ca2375368,https://youtu.be/2Xevt1LB9f4?si=Iawqlic2R2CnQNEC,2Xevt1LB9f4,Aaba Ta Chaini Jo - Radhika Hamal & Pasupati Sharma | Nepali Teej Song,done,2026-05-29 10:28:48.641498,2026-05-29 10:30:03.301413
fdd1d953cba548aeb5c374fb2ba9b5eb,255.16,258.84,3.68,137,0,1,2026-05-29 10:30:03.288676,0a546711315641bdb103661ca2375368,https://youtu.be/2Xevt1LB9f4?si=Iawqlic2R2CnQNEC,2Xevt1LB9f4,Aaba Ta Chaini Jo - Radhika Hamal & Pasupati Sharma | Nepali Teej Song,done,2026-05-29 10:28:48.641498,2026-05-29 10:30:03.301413
66ca0ec2338c4aa0be8a463e74313382,274.64,278.36,3.72,146,0,1,2026-05-29 10:30:03.288676,0a546711315641bdb103661ca2375368,https://youtu.be/2Xevt1LB9f4?si=Iawqlic2R2CnQNEC,2Xevt1LB9f4,Aaba Ta Chaini Jo - Radhika Hamal & Pasupati Sharma | Nepali Teej Song,done,2026-05-29 10:28:48.641498,2026-05-29 10:30:03.301413
2255836170c04b34b68f4b60084c424f,283.92,287.64,3.72,150,0,1,2026-05-29 10:30:03.288676,0a546711315641bdb103661ca2375368,https://youtu.be/2Xevt1LB9f4?si=Iawqlic2R2CnQNEC,2Xevt1LB9f4,Aaba Ta Chaini Jo - Radhika Hamal & Pasupati Sharma | Nepali Teej Song,done,2026-05-29 10:28:48.641498,2026-05-29 10:30:03.301413
3c5377c6007d4cc9a39db2153c670b72,291.36,295.04,3.68,153,0,1,2026-05-29 10:30:03.288676,0a546711315641bdb103661ca2375368,https://youtu.be/2Xevt1LB9f4?si=Iawqlic2R2CnQNEC,2Xevt1LB9f4,Aaba Ta Chaini Jo - Radhika Hamal & Pasupati Sharma | Nepali Teej Song,done,2026-05-29 10:28:48.641498,2026-05-29 10:30:03.301413
aabb944456de4680a7ac16dae1621387,306.2,309.88,3.68,161,0,1,2026-05-29 10:30:03.288676,0a546711315641bdb103661ca2375368,https://youtu.be/2Xevt1LB9f4?si=Iawqlic2R2CnQNEC,2Xevt1LB9f4,Aaba Ta Chaini Jo - Radhika Hamal & Pasupati Sharma | Nepali Teej Song,done,2026-05-29 10:28:48.641498,2026-05-29 10:30:03.301413
b849258153834bb78dad7442daa50778,313.6,317.36,3.76,164,0,1,2026-05-29 10:30:03.288676,0a546711315641bdb103661ca2375368,https://youtu.be/2Xevt1LB9f4?si=Iawqlic2R2CnQNEC,2Xevt1LB9f4,Aaba Ta Chaini Jo - Radhika Hamal & Pasupati Sharma | Nepali Teej Song,done,2026-05-29 10:28:48.641498,2026-05-29 10:30:03.301413
74668b27738d4ed5abd57c2b921c14a7,317.36,320.96,3.6,165,0,1,2026-05-29 10:30:03.288676,0a546711315641bdb103661ca2375368,https://youtu.be/2Xevt1LB9f4?si=Iawqlic2R2CnQNEC,2Xevt1LB9f4,Aaba Ta Chaini Jo - Radhika Hamal & Pasupati Sharma | Nepali Teej Song,done,2026-05-29 10:28:48.641498,2026-05-29 10:30:03.301413
a5fb00eb6fe74e979312c13b208166d6,0.0,4.133,4.133,0,0,1,2026-06-02 10:15:46.412349,44bfd377cbac4570b40ada90af0fa310,https://youtu.be/sqev82B_kxA?si=ArSTWZPaCywT8nSo,sqev82B_kxA,Aaja Bhetna Aaudina Hai Kalu - Ramila Neupane & Khuman Adhikari | Nepali Lok Dohori Song,done,2026-06-02 10:15:31.638827,2026-06-02 10:15:46.420157
9380120e899d454cb21ba467e641ba1f,7.733,17.733,10.0,3,0,1,2026-06-02 10:15:46.412349,44bfd377cbac4570b40ada90af0fa310,https://youtu.be/sqev82B_kxA?si=ArSTWZPaCywT8nSo,sqev82B_kxA,Aaja Bhetna Aaudina Hai Kalu - Ramila Neupane & Khuman Adhikari | Nepali Lok Dohori Song,done,2026-06-02 10:15:31.638827,2026-06-02 10:15:46.420157
d6e6230478654e309fdedcd80b58b9ed,25.133,29.2,4.067,8,0,1,2026-06-02 10:15:46.412349,44bfd377cbac4570b40ada90af0fa310,https://youtu.be/sqev82B_kxA?si=ArSTWZPaCywT8nSo,sqev82B_kxA,Aaja Bhetna Aaudina Hai Kalu - Ramila Neupane & Khuman Adhikari | Nepali Lok Dohori Song,done,2026-06-02 10:15:31.638827,2026-06-02 10:15:46.420157
98063a502b014f3cb42cf45bc998511f,37.6,41.2,3.6,14,0,1,2026-06-02 10:15:46.412349,44bfd377cbac4570b40ada90af0fa310,https://youtu.be/sqev82B_kxA?si=ArSTWZPaCywT8nSo,sqev82B_kxA,Aaja Bhetna Aaudina Hai Kalu - Ramila Neupane & Khuman Adhikari | Nepali Lok Dohori Song,done,2026-06-02 10:15:31.638827,2026-06-02 10:15:46.420157
bf08e21943d34c479b09025637e3f8af,53.533,61.467,7.933,21,0,1,2026-06-02 10:15:46.412349,44bfd377cbac4570b40ada90af0fa310,https://youtu.be/sqev82B_kxA?si=ArSTWZPaCywT8nSo,sqev82B_kxA,Aaja Bhetna Aaudina Hai Kalu - Ramila Neupane & Khuman Adhikari | Nepali Lok Dohori Song,done,2026-06-02 10:15:31.638827,2026-06-02 10:15:46.420157
1b94fda375504e9290fc6b631595531c,81.333,84.4,3.067,32,0,1,2026-06-02 10:15:46.412349,44bfd377cbac4570b40ada90af0fa310,https://youtu.be/sqev82B_kxA?si=ArSTWZPaCywT8nSo,sqev82B_kxA,Aaja Bhetna Aaudina Hai Kalu - Ramila Neupane & Khuman Adhikari | Nepali Lok Dohori Song,done,2026-06-02 10:15:31.638827,2026-06-02 10:15:46.420157
125e946f18604419b84c9a54fa1fdba9,84.4,92.333,7.933,33,0,1,2026-06-02 10:15:46.412854,44bfd377cbac4570b40ada90af0fa310,https://youtu.be/sqev82B_kxA?si=ArSTWZPaCywT8nSo,sqev82B_kxA,Aaja Bhetna Aaudina Hai Kalu - Ramila Neupane & Khuman Adhikari | Nepali Lok Dohori Song,done,2026-06-02 10:15:31.638827,2026-06-02 10:15:46.420157
efd017787b1a495aa1cff75fd999bdaa,94.133,100.333,6.2,35,0,1,2026-06-02 10:15:46.412854,44bfd377cbac4570b40ada90af0fa310,https://youtu.be/sqev82B_kxA?si=ArSTWZPaCywT8nSo,sqev82B_kxA,Aaja Bhetna Aaudina Hai Kalu - Ramila Neupane & Khuman Adhikari | Nepali Lok Dohori Song,done,2026-06-02 10:15:31.638827,2026-06-02 10:15:46.420157
51ffe79bfd7e4ff9833b673846a02758,100.333,103.8,3.467,36,0,1,2026-06-02 10:15:46.412854,44bfd377cbac4570b40ada90af0fa310,https://youtu.be/sqev82B_kxA?si=ArSTWZPaCywT8nSo,sqev82B_kxA,Aaja Bhetna Aaudina Hai Kalu - Ramila Neupane & Khuman Adhikari | Nepali Lok Dohori Song,done,2026-06-02 10:15:31.638827,2026-06-02 10:15:46.420157
81ef84aad9d2448099a5ba266c2c95e8,110.0,116.133,6.133,40,0,1,2026-06-02 10:15:46.412854,44bfd377cbac4570b40ada90af0fa310,https://youtu.be/sqev82B_kxA?si=ArSTWZPaCywT8nSo,sqev82B_kxA,Aaja Bhetna Aaudina Hai Kalu - Ramila Neupane & Khuman Adhikari | Nepali Lok Dohori Song,done,2026-06-02 10:15:31.638827,2026-06-02 10:15:46.420157
1ac70c3bd6734f62bd11b695acd1f8d6,116.133,119.733,3.6,41,0,1,2026-06-02 10:15:46.412854,44bfd377cbac4570b40ada90af0fa310,https://youtu.be/sqev82B_kxA?si=ArSTWZPaCywT8nSo,sqev82B_kxA,Aaja Bhetna Aaudina Hai Kalu - Ramila Neupane & Khuman Adhikari | Nepali Lok Dohori Song,done,2026-06-02 10:15:31.638827,2026-06-02 10:15:46.420157
2c25540c54664548813caa394a27ba6a,119.733,125.0,5.267,42,0,1,2026-06-02 10:15:46.412854,44bfd377cbac4570b40ada90af0fa310,https://youtu.be/sqev82B_kxA?si=ArSTWZPaCywT8nSo,sqev82B_kxA,Aaja Bhetna Aaudina Hai Kalu - Ramila Neupane & Khuman Adhikari | Nepali Lok Dohori Song,done,2026-06-02 10:15:31.638827,2026-06-02 10:15:46.420157
00647651c8224b8482dbf2d9f799ce65,128.533,132.933,4.4,45,0,1,2026-06-02 10:15:46.412854,44bfd377cbac4570b40ada90af0fa310,https://youtu.be/sqev82B_kxA?si=ArSTWZPaCywT8nSo,sqev82B_kxA,Aaja Bhetna Aaudina Hai Kalu - Ramila Neupane & Khuman Adhikari | Nepali Lok Dohori Song,done,2026-06-02 10:15:31.638827,2026-06-02 10:15:46.420157
87992b2ccf5445c487b807e0cc72ec26,136.467,140.0,3.533,48,0,1,2026-06-02 10:15:46.412854,44bfd377cbac4570b40ada90af0fa310,https://youtu.be/sqev82B_kxA?si=ArSTWZPaCywT8nSo,sqev82B_kxA,Aaja Bhetna Aaudina Hai Kalu - Ramila Neupane & Khuman Adhikari | Nepali Lok Dohori Song,done,2026-06-02 10:15:31.638827,2026-06-02 10:15:46.420157
ad1892a52bc7411281d9a936b1ce6182,141.8,147.933,6.133,50,0,1,2026-06-02 10:15:46.412854,44bfd377cbac4570b40ada90af0fa310,https://youtu.be/sqev82B_kxA?si=ArSTWZPaCywT8nSo,sqev82B_kxA,Aaja Bhetna Aaudina Hai Kalu - Ramila Neupane & Khuman Adhikari | Nepali Lok Dohori Song,done,2026-06-02 10:15:31.638827,2026-06-02 10:15:46.420157
e158c3b3abf243adb88beff0587fe718,150.6,154.133,3.533,52,0,1,2026-06-02 10:15:46.412854,44bfd377cbac4570b40ada90af0fa310,https://youtu.be/sqev82B_kxA?si=ArSTWZPaCywT8nSo,sqev82B_kxA,Aaja Bhetna Aaudina Hai Kalu - Ramila Neupane & Khuman Adhikari | Nepali Lok Dohori Song,done,2026-06-02 10:15:31.638827,2026-06-02 10:15:46.420157
9a4d8786fa7e4deb9a223479bd8ff333,155.867,159.4,3.533,54,0,1,2026-06-02 10:15:46.412854,44bfd377cbac4570b40ada90af0fa310,https://youtu.be/sqev82B_kxA?si=ArSTWZPaCywT8nSo,sqev82B_kxA,Aaja Bhetna Aaudina Hai Kalu - Ramila Neupane & Khuman Adhikari | Nepali Lok Dohori Song,done,2026-06-02 10:15:31.638827,2026-06-02 10:15:46.420157
c73ce48b39c14c55a3fd5baf82277cc1,170.0,173.533,3.533,61,0,1,2026-06-02 10:15:46.412854,44bfd377cbac4570b40ada90af0fa310,https://youtu.be/sqev82B_kxA?si=ArSTWZPaCywT8nSo,sqev82B_kxA,Aaja Bhetna Aaudina Hai Kalu - Ramila Neupane & Khuman Adhikari | Nepali Lok Dohori Song,done,2026-06-02 10:15:31.638827,2026-06-02 10:15:46.420157
a58fe1f4913742a38234b1854ad610e6,179.667,184.133,4.467,66,0,1,2026-06-02 10:15:46.412854,44bfd377cbac4570b40ada90af0fa310,https://youtu.be/sqev82B_kxA?si=ArSTWZPaCywT8nSo,sqev82B_kxA,Aaja Bhetna Aaudina Hai Kalu - Ramila Neupane & Khuman Adhikari | Nepali Lok Dohori Song,done,2026-06-02 10:15:31.638827,2026-06-02 10:15:46.420157
00b7afd22c4a45f3ad37c8d01489bd6a,184.133,188.533,4.4,67,0,1,2026-06-02 10:15:46.412854,44bfd377cbac4570b40ada90af0fa310,https://youtu.be/sqev82B_kxA?si=ArSTWZPaCywT8nSo,sqev82B_kxA,Aaja Bhetna Aaudina Hai Kalu - Ramila Neupane & Khuman Adhikari | Nepali Lok Dohori Song,done,2026-06-02 10:15:31.638827,2026-06-02 10:15:46.420157
240c15c1a7a043c59174f8520629a8b1,204.133,208.8,4.667,75,0,1,2026-06-02 10:15:46.412854,44bfd377cbac4570b40ada90af0fa310,https://youtu.be/sqev82B_kxA?si=ArSTWZPaCywT8nSo,sqev82B_kxA,Aaja Bhetna Aaudina Hai Kalu - Ramila Neupane & Khuman Adhikari | Nepali Lok Dohori Song,done,2026-06-02 10:15:31.638827,2026-06-02 10:15:46.420157
c6ef7ff52dc34985baf586d935186336,240.533,243.8,3.267,92,0,1,2026-06-02 10:15:46.412854,44bfd377cbac4570b40ada90af0fa310,https://youtu.be/sqev82B_kxA?si=ArSTWZPaCywT8nSo,sqev82B_kxA,Aaja Bhetna Aaudina Hai Kalu - Ramila Neupane & Khuman Adhikari | Nepali Lok Dohori Song,done,2026-06-02 10:15:31.638827,2026-06-02 10:15:46.420157
a90a020a54c644e4ac4f006734b93336,243.8,253.8,10.0,93,0,1,2026-06-02 10:15:46.412854,44bfd377cbac4570b40ada90af0fa310,https://youtu.be/sqev82B_kxA?si=ArSTWZPaCywT8nSo,sqev82B_kxA,Aaja Bhetna Aaudina Hai Kalu - Ramila Neupane & Khuman Adhikari | Nepali Lok Dohori Song,done,2026-06-02 10:15:31.638827,2026-06-02 10:15:46.420157
059fa659af38462dac328b4257f8892c,267.933,272.333,4.4,99,0,1,2026-06-02 10:15:46.412854,44bfd377cbac4570b40ada90af0fa310,https://youtu.be/sqev82B_kxA?si=ArSTWZPaCywT8nSo,sqev82B_kxA,Aaja Bhetna Aaudina Hai Kalu - Ramila Neupane & Khuman Adhikari | Nepali Lok Dohori Song,done,2026-06-02 10:15:31.638827,2026-06-02 10:15:46.420157
4a779b296e99450bb33b70343e2849d5,283.4,288.2,4.8,106,0,1,2026-06-02 10:15:46.412854,44bfd377cbac4570b40ada90af0fa310,https://youtu.be/sqev82B_kxA?si=ArSTWZPaCywT8nSo,sqev82B_kxA,Aaja Bhetna Aaudina Hai Kalu - Ramila Neupane & Khuman Adhikari | Nepali Lok Dohori Song,done,2026-06-02 10:15:31.638827,2026-06-02 10:15:46.420157
c1d26c4dfc5847e6b8d505ad8fc7a38d,293.533,303.533,10.0,110,0,1,2026-06-02 10:15:46.412854,44bfd377cbac4570b40ada90af0fa310,https://youtu.be/sqev82B_kxA?si=ArSTWZPaCywT8nSo,sqev82B_kxA,Aaja Bhetna Aaudina Hai Kalu - Ramila Neupane & Khuman Adhikari | Nepali Lok Dohori Song,done,2026-06-02 10:15:31.638827,2026-06-02 10:15:46.420157
7c0721f630a4413f9d851d7ca14883ea,305.333,308.533,3.2,111,0,1,2026-06-02 10:15:46.412854,44bfd377cbac4570b40ada90af0fa310,https://youtu.be/sqev82B_kxA?si=ArSTWZPaCywT8nSo,sqev82B_kxA,Aaja Bhetna Aaudina Hai Kalu - Ramila Neupane & Khuman Adhikari | Nepali Lok Dohori Song,done,2026-06-02 10:15:31.638827,2026-06-02 10:15:46.420157
f1bf2d3678be4675a976672a5b4131f1,324.4,329.533,5.133,119,0,1,2026-06-02 10:15:46.412854,44bfd377cbac4570b40ada90af0fa310,https://youtu.be/sqev82B_kxA?si=ArSTWZPaCywT8nSo,sqev82B_kxA,Aaja Bhetna Aaudina Hai Kalu - Ramila Neupane & Khuman Adhikari | Nepali Lok Dohori Song,done,2026-06-02 10:15:31.638827,2026-06-02 10:15:46.420157
9186d1c8fed545cbbc459982d16792db,335.867,342.933,7.067,123,0,1,2026-06-02 10:15:46.412854,44bfd377cbac4570b40ada90af0fa310,https://youtu.be/sqev82B_kxA?si=ArSTWZPaCywT8nSo,sqev82B_kxA,Aaja Bhetna Aaudina Hai Kalu - Ramila Neupane & Khuman Adhikari | Nepali Lok Dohori Song,done,2026-06-02 10:15:31.638827,2026-06-02 10:15:46.420157
decf801295cd4b8284289796f9cdde74,23.333,29.133,5.8,16,0,1,2026-05-29 11:16:11.885009,32cb0d7f0df147d2af3a5b7321560567,https://youtu.be/al5lbGQicQU?si=YunvDZbx3Ygn-SwI,al5lbGQicQU,Aba Ta Bihe Garau - Khuman Adhikari & Bima Kumari Dura | Nepali Lok Panchebaja,done,2026-05-29 11:11:51.975458,2026-05-29 11:16:11.894959
d463d963624a4385bd4b4ea55e92637d,46.4,54.867,8.467,29,0,1,2026-05-29 11:16:11.885009,32cb0d7f0df147d2af3a5b7321560567,https://youtu.be/al5lbGQicQU?si=YunvDZbx3Ygn-SwI,al5lbGQicQU,Aba Ta Bihe Garau - Khuman Adhikari & Bima Kumari Dura | Nepali Lok Panchebaja,done,2026-05-29 11:11:51.975458,2026-05-29 11:16:11.894959
f07b7a2e62d440e493a0a49506c448f4,88.0,91.933,3.933,51,0,1,2026-05-29 11:16:11.885009,32cb0d7f0df147d2af3a5b7321560567,https://youtu.be/al5lbGQicQU?si=YunvDZbx3Ygn-SwI,al5lbGQicQU,Aba Ta Bihe Garau - Khuman Adhikari & Bima Kumari Dura | Nepali Lok Panchebaja,done,2026-05-29 11:11:51.975458,2026-05-29 11:16:11.894959
e4bc73c761f64d41bd468d1b30663b1c,95.2,99.4,4.2,54,0,1,2026-05-29 11:16:11.885009,32cb0d7f0df147d2af3a5b7321560567,https://youtu.be/al5lbGQicQU?si=YunvDZbx3Ygn-SwI,al5lbGQicQU,Aba Ta Bihe Garau - Khuman Adhikari & Bima Kumari Dura | Nepali Lok Panchebaja,done,2026-05-29 11:11:51.975458,2026-05-29 11:16:11.894959
2d3f201a557a4d71b1a767cc26381a5f,172.067,177.533,5.467,94,0,1,2026-05-29 11:16:11.885009,32cb0d7f0df147d2af3a5b7321560567,https://youtu.be/al5lbGQicQU?si=YunvDZbx3Ygn-SwI,al5lbGQicQU,Aba Ta Bihe Garau - Khuman Adhikari & Bima Kumari Dura | Nepali Lok Panchebaja,done,2026-05-29 11:11:51.975458,2026-05-29 11:16:11.894959
f5471f4caa554bd5895f803d1174949a,197.6,201.6,4.0,105,0,1,2026-05-29 11:16:11.885009,32cb0d7f0df147d2af3a5b7321560567,https://youtu.be/al5lbGQicQU?si=YunvDZbx3Ygn-SwI,al5lbGQicQU,Aba Ta Bihe Garau - Khuman Adhikari & Bima Kumari Dura | Nepali Lok Panchebaja,done,2026-05-29 11:11:51.975458,2026-05-29 11:16:11.894959
97287b25f5334fd191f5ce55617950d4,220.733,224.2,3.467,117,0,1,2026-05-29 11:16:11.885547,32cb0d7f0df147d2af3a5b7321560567,https://youtu.be/al5lbGQicQU?si=YunvDZbx3Ygn-SwI,al5lbGQicQU,Aba Ta Bihe Garau - Khuman Adhikari & Bima Kumari Dura | Nepali Lok Panchebaja,done,2026-05-29 11:11:51.975458,2026-05-29 11:16:11.894959
dadab20419d146a5a9e45c8049af5023,232.8,237.2,4.4,123,0,1,2026-05-29 11:16:11.885547,32cb0d7f0df147d2af3a5b7321560567,https://youtu.be/al5lbGQicQU?si=YunvDZbx3Ygn-SwI,al5lbGQicQU,Aba Ta Bihe Garau - Khuman Adhikari & Bima Kumari Dura | Nepali Lok Panchebaja,done,2026-05-29 11:11:51.975458,2026-05-29 11:16:11.894959
51d9ce427a9e42798f38de7f6b200674,258.733,264.467,5.733,134,0,1,2026-05-29 11:16:11.885547,32cb0d7f0df147d2af3a5b7321560567,https://youtu.be/al5lbGQicQU?si=YunvDZbx3Ygn-SwI,al5lbGQicQU,Aba Ta Bihe Garau - Khuman Adhikari & Bima Kumari Dura | Nepali Lok Panchebaja,done,2026-05-29 11:11:51.975458,2026-05-29 11:16:11.894959
1ffe2f58db7745c9b888478d752d3f9c,340.333,343.933,3.6,175,0,1,2026-05-29 11:16:11.885547,32cb0d7f0df147d2af3a5b7321560567,https://youtu.be/al5lbGQicQU?si=YunvDZbx3Ygn-SwI,al5lbGQicQU,Aba Ta Bihe Garau - Khuman Adhikari & Bima Kumari Dura | Nepali Lok Panchebaja,done,2026-05-29 11:11:51.975458,2026-05-29 11:16:11.894959
642254c8f0e641b09e76fdc87966c4d1,367.733,372.0,4.267,187,0,1,2026-05-29 11:16:11.885601,32cb0d7f0df147d2af3a5b7321560567,https://youtu.be/al5lbGQicQU?si=YunvDZbx3Ygn-SwI,al5lbGQicQU,Aba Ta Bihe Garau - Khuman Adhikari & Bima Kumari Dura | Nepali Lok Panchebaja,done,2026-05-29 11:11:51.975458,2026-05-29 11:16:11.894959
4cca137866514190842ee27951b24504,384.4,392.667,8.267,194,0,1,2026-05-29 11:16:11.885601,32cb0d7f0df147d2af3a5b7321560567,https://youtu.be/al5lbGQicQU?si=YunvDZbx3Ygn-SwI,al5lbGQicQU,Aba Ta Bihe Garau - Khuman Adhikari & Bima Kumari Dura | Nepali Lok Panchebaja,done,2026-05-29 11:11:51.975458,2026-05-29 11:16:11.894959
7888642cc4e24e02bc2bacaac23bdaf7,407.6,411.933,4.333,204,0,1,2026-05-29 11:16:11.885601,32cb0d7f0df147d2af3a5b7321560567,https://youtu.be/al5lbGQicQU?si=YunvDZbx3Ygn-SwI,al5lbGQicQU,Aba Ta Bihe Garau - Khuman Adhikari & Bima Kumari Dura | Nepali Lok Panchebaja,done,2026-05-29 11:11:51.975458,2026-05-29 11:16:11.894959
0cbdb4ac966340509c0debbf005b7647,416.133,423.333,7.2,208,0,1,2026-05-29 11:16:11.885601,32cb0d7f0df147d2af3a5b7321560567,https://youtu.be/al5lbGQicQU?si=YunvDZbx3Ygn-SwI,al5lbGQicQU,Aba Ta Bihe Garau - Khuman Adhikari & Bima Kumari Dura | Nepali Lok Panchebaja,done,2026-05-29 11:11:51.975458,2026-05-29 11:16:11.894959
71fd9c0496b84b5797f7f3089f484bd2,426.267,436.267,10.0,210,0,1,2026-05-29 11:16:11.885601,32cb0d7f0df147d2af3a5b7321560567,https://youtu.be/al5lbGQicQU?si=YunvDZbx3Ygn-SwI,al5lbGQicQU,Aba Ta Bihe Garau - Khuman Adhikari & Bima Kumari Dura | Nepali Lok Panchebaja,done,2026-05-29 11:11:51.975458,2026-05-29 11:16:11.894959
5c524d7cda204a5897b69332c344419f,439.133,449.133,10.0,212,0,1,2026-05-29 11:16:11.885601,32cb0d7f0df147d2af3a5b7321560567,https://youtu.be/al5lbGQicQU?si=YunvDZbx3Ygn-SwI,al5lbGQicQU,Aba Ta Bihe Garau - Khuman Adhikari & Bima Kumari Dura | Nepali Lok Panchebaja,done,2026-05-29 11:11:51.975458,2026-05-29 11:16:11.894959
398791a1c0b04223a22665f118ae4c7b,450.667,455.0,4.333,213,0,1,2026-05-29 11:16:11.885601,32cb0d7f0df147d2af3a5b7321560567,https://youtu.be/al5lbGQicQU?si=YunvDZbx3Ygn-SwI,al5lbGQicQU,Aba Ta Bihe Garau - Khuman Adhikari & Bima Kumari Dura | Nepali Lok Panchebaja,done,2026-05-29 11:11:51.975458,2026-05-29 11:16:11.894959
f98b6b997a16481f9148f10f7015f31a,455.0,465.0,10.0,214,0,1,2026-05-29 11:16:11.885601,32cb0d7f0df147d2af3a5b7321560567,https://youtu.be/al5lbGQicQU?si=YunvDZbx3Ygn-SwI,al5lbGQicQU,Aba Ta Bihe Garau - Khuman Adhikari & Bima Kumari Dura | Nepali Lok Panchebaja,done,2026-05-29 11:11:51.975458,2026-05-29 11:16:11.894959
51b7bffeb69b43ebaef578fe494dd9a0,473.733,478.067,4.333,219,0,1,2026-05-29 11:16:11.885601,32cb0d7f0df147d2af3a5b7321560567,https://youtu.be/al5lbGQicQU?si=YunvDZbx3Ygn-SwI,al5lbGQicQU,Aba Ta Bihe Garau - Khuman Adhikari & Bima Kumari Dura | Nepali Lok Panchebaja,done,2026-05-29 11:11:51.975458,2026-05-29 11:16:11.894959
023a1703959a45d4a131330119cea878,485.133,490.533,5.4,223,0,1,2026-05-29 11:16:11.885601,32cb0d7f0df147d2af3a5b7321560567,https://youtu.be/al5lbGQicQU?si=YunvDZbx3Ygn-SwI,al5lbGQicQU,Aba Ta Bihe Garau - Khuman Adhikari & Bima Kumari Dura | Nepali Lok Panchebaja,done,2026-05-29 11:11:51.975458,2026-05-29 11:16:11.894959
92855047dbe94019ba86f62571422b78,524.333,528.0,3.667,237,0,1,2026-05-29 11:16:11.885601,32cb0d7f0df147d2af3a5b7321560567,https://youtu.be/al5lbGQicQU?si=YunvDZbx3Ygn-SwI,al5lbGQicQU,Aba Ta Bihe Garau - Khuman Adhikari & Bima Kumari Dura | Nepali Lok Panchebaja,done,2026-05-29 11:11:51.975458,2026-05-29 11:16:11.894959
dbfe73e1f6824bc5b493e1fcd4c48fa5,530.933,535.133,4.2,239,0,1,2026-05-29 11:16:11.885601,32cb0d7f0df147d2af3a5b7321560567,https://youtu.be/al5lbGQicQU?si=YunvDZbx3Ygn-SwI,al5lbGQicQU,Aba Ta Bihe Garau - Khuman Adhikari & Bima Kumari Dura | Nepali Lok Panchebaja,done,2026-05-29 11:11:51.975458,2026-05-29 11:16:11.894959
785d90c081ae443fb7dbf275deb74582,566.8,571.133,4.333,255,0,1,2026-05-29 11:16:11.885601,32cb0d7f0df147d2af3a5b7321560567,https://youtu.be/al5lbGQicQU?si=YunvDZbx3Ygn-SwI,al5lbGQicQU,Aba Ta Bihe Garau - Khuman Adhikari & Bima Kumari Dura | Nepali Lok Panchebaja,done,2026-05-29 11:11:51.975458,2026-05-29 11:16:11.894959
dff973532d5346ca94d462befd9e2015,581.133,584.133,3.0,260,0,1,2026-05-29 11:16:11.885601,32cb0d7f0df147d2af3a5b7321560567,https://youtu.be/al5lbGQicQU?si=YunvDZbx3Ygn-SwI,al5lbGQicQU,Aba Ta Bihe Garau - Khuman Adhikari & Bima Kumari Dura | Nepali Lok Panchebaja,done,2026-05-29 11:11:51.975458,2026-05-29 11:16:11.894959
e46ab438bc7e46ca9d5f47f34bd0c063,586.2,589.8,3.6,262,0,1,2026-05-29 11:16:11.885601,32cb0d7f0df147d2af3a5b7321560567,https://youtu.be/al5lbGQicQU?si=YunvDZbx3Ygn-SwI,al5lbGQicQU,Aba Ta Bihe Garau - Khuman Adhikari & Bima Kumari Dura | Nepali Lok Panchebaja,done,2026-05-29 11:11:51.975458,2026-05-29 11:16:11.894959
7095338e7c77433897fa092159e0df7e,610.533,614.6,4.067,273,0,1,2026-05-29 11:16:11.885601,32cb0d7f0df147d2af3a5b7321560567,https://youtu.be/al5lbGQicQU?si=YunvDZbx3Ygn-SwI,al5lbGQicQU,Aba Ta Bihe Garau - Khuman Adhikari & Bima Kumari Dura | Nepali Lok Panchebaja,done,2026-05-29 11:11:51.975458,2026-05-29 11:16:11.894959
7355005a31a34e94ade5699ebf00e20e,644.133,648.467,4.333,290,0,1,2026-05-29 11:16:11.885601,32cb0d7f0df147d2af3a5b7321560567,https://youtu.be/al5lbGQicQU?si=YunvDZbx3Ygn-SwI,al5lbGQicQU,Aba Ta Bihe Garau - Khuman Adhikari & Bima Kumari Dura | Nepali Lok Panchebaja,done,2026-05-29 11:11:51.975458,2026-05-29 11:16:11.894959
2f86f21392bb4edeb5336096db7ba34d,652.733,657.067,4.333,293,0,1,2026-05-29 11:16:11.885601,32cb0d7f0df147d2af3a5b7321560567,https://youtu.be/al5lbGQicQU?si=YunvDZbx3Ygn-SwI,al5lbGQicQU,Aba Ta Bihe Garau - Khuman Adhikari & Bima Kumari Dura | Nepali Lok Panchebaja,done,2026-05-29 11:11:51.975458,2026-05-29 11:16:11.894959
96760edca68c4c009cf79df58b96bce3,668.6,672.867,4.267,300,0,1,2026-05-29 11:16:11.885601,32cb0d7f0df147d2af3a5b7321560567,https://youtu.be/al5lbGQicQU?si=YunvDZbx3Ygn-SwI,al5lbGQicQU,Aba Ta Bihe Garau - Khuman Adhikari & Bima Kumari Dura | Nepali Lok Panchebaja,done,2026-05-29 11:11:51.975458,2026-05-29 11:16:11.894959
4339b6074ead41f69af7df8a4813505e,675.733,680.133,4.4,302,0,1,2026-05-29 11:16:11.885601,32cb0d7f0df147d2af3a5b7321560567,https://youtu.be/al5lbGQicQU?si=YunvDZbx3Ygn-SwI,al5lbGQicQU,Aba Ta Bihe Garau - Khuman Adhikari & Bima Kumari Dura | Nepali Lok Panchebaja,done,2026-05-29 11:11:51.975458,2026-05-29 11:16:11.894959
435aadd8e14e429b8e03be5c63f88ad5,685.867,690.2,4.333,307,0,1,2026-05-29 11:16:11.885601,32cb0d7f0df147d2af3a5b7321560567,https://youtu.be/al5lbGQicQU?si=YunvDZbx3Ygn-SwI,al5lbGQicQU,Aba Ta Bihe Garau - Khuman Adhikari & Bima Kumari Dura | Nepali Lok Panchebaja,done,2026-05-29 11:11:51.975458,2026-05-29 11:16:11.894959
507c565493394bf9ba1ca0c772922313,741.533,745.867,4.333,334,0,1,2026-05-29 11:16:11.885601,32cb0d7f0df147d2af3a5b7321560567,https://youtu.be/al5lbGQicQU?si=YunvDZbx3Ygn-SwI,al5lbGQicQU,Aba Ta Bihe Garau - Khuman Adhikari & Bima Kumari Dura | Nepali Lok Panchebaja,done,2026-05-29 11:11:51.975458,2026-05-29 11:16:11.894959
29e035adbdcf465291151224a67feb75,761.6,765.933,4.333,342,0,1,2026-05-29 11:16:11.885601,32cb0d7f0df147d2af3a5b7321560567,https://youtu.be/al5lbGQicQU?si=YunvDZbx3Ygn-SwI,al5lbGQicQU,Aba Ta Bihe Garau - Khuman Adhikari & Bima Kumari Dura | Nepali Lok Panchebaja,done,2026-05-29 11:11:51.975458,2026-05-29 11:16:11.894959
b5431deef7cb4c9f8167f50431ef7052,773.133,777.467,4.333,346,0,1,2026-05-29 11:16:11.885601,32cb0d7f0df147d2af3a5b7321560567,https://youtu.be/al5lbGQicQU?si=YunvDZbx3Ygn-SwI,al5lbGQicQU,Aba Ta Bihe Garau - Khuman Adhikari & Bima Kumari Dura | Nepali Lok Panchebaja,done,2026-05-29 11:11:51.975458,2026-05-29 11:16:11.894959
77bdb145542849018048254e1875f91b,784.733,789.0,4.267,351,0,1,2026-05-29 11:16:11.885601,32cb0d7f0df147d2af3a5b7321560567,https://youtu.be/al5lbGQicQU?si=YunvDZbx3Ygn-SwI,al5lbGQicQU,Aba Ta Bihe Garau - Khuman Adhikari & Bima Kumari Dura | Nepali Lok Panchebaja,done,2026-05-29 11:11:51.975458,2026-05-29 11:16:11.894959
baa498c82bf548e79d74e0ac360093b6,793.333,800.533,7.2,355,0,1,2026-05-29 11:16:11.885601,32cb0d7f0df147d2af3a5b7321560567,https://youtu.be/al5lbGQicQU?si=YunvDZbx3Ygn-SwI,al5lbGQicQU,Aba Ta Bihe Garau - Khuman Adhikari & Bima Kumari Dura | Nepali Lok Panchebaja,done,2026-05-29 11:11:51.975458,2026-05-29 11:16:11.894959
2752030d8e544e83b737d76f881f4f83,842.133,846.333,4.2,375,0,1,2026-05-29 11:16:11.885601,32cb0d7f0df147d2af3a5b7321560567,https://youtu.be/al5lbGQicQU?si=YunvDZbx3Ygn-SwI,al5lbGQicQU,Aba Ta Bihe Garau - Khuman Adhikari & Bima Kumari Dura | Nepali Lok Panchebaja,done,2026-05-29 11:11:51.975458,2026-05-29 11:16:11.894959
abdaea6e35e640b6a560ee8816ab73fe,850.467,855.133,4.667,378,0,1,2026-05-29 11:16:11.885601,32cb0d7f0df147d2af3a5b7321560567,https://youtu.be/al5lbGQicQU?si=YunvDZbx3Ygn-SwI,al5lbGQicQU,Aba Ta Bihe Garau - Khuman Adhikari & Bima Kumari Dura | Nepali Lok Panchebaja,done,2026-05-29 11:11:51.975458,2026-05-29 11:16:11.894959
0609d161f9214d7881760aa1f1a875a8,861.933,866.267,4.333,382,0,1,2026-05-29 11:16:11.885601,32cb0d7f0df147d2af3a5b7321560567,https://youtu.be/al5lbGQicQU?si=YunvDZbx3Ygn-SwI,al5lbGQicQU,Aba Ta Bihe Garau - Khuman Adhikari & Bima Kumari Dura | Nepali Lok Panchebaja,done,2026-05-29 11:11:51.975458,2026-05-29 11:16:11.894959
3596b0320a30413e87d01dc4bf1d12e3,870.533,873.533,3.0,385,0,1,2026-05-29 11:16:11.885601,32cb0d7f0df147d2af3a5b7321560567,https://youtu.be/al5lbGQicQU?si=YunvDZbx3Ygn-SwI,al5lbGQicQU,Aba Ta Bihe Garau - Khuman Adhikari & Bima Kumari Dura | Nepali Lok Panchebaja,done,2026-05-29 11:11:51.975458,2026-05-29 11:16:11.894959
4b703d3c0386442e88676bedcaf75467,873.533,877.8,4.267,386,0,1,2026-05-29 11:16:11.885601,32cb0d7f0df147d2af3a5b7321560567,https://youtu.be/al5lbGQicQU?si=YunvDZbx3Ygn-SwI,al5lbGQicQU,Aba Ta Bihe Garau - Khuman Adhikari & Bima Kumari Dura | Nepali Lok Panchebaja,done,2026-05-29 11:11:51.975458,2026-05-29 11:16:11.894959
0e5807b2aed54655802f3afcde90f5a4,885.0,889.333,4.333,390,0,1,2026-05-29 11:16:11.885601,32cb0d7f0df147d2af3a5b7321560567,https://youtu.be/al5lbGQicQU?si=YunvDZbx3Ygn-SwI,al5lbGQicQU,Aba Ta Bihe Garau - Khuman Adhikari & Bima Kumari Dura | Nepali Lok Panchebaja,done,2026-05-29 11:11:51.975458,2026-05-29 11:16:11.894959
6caedfe62ed945eb87cd1e7c6ddb2c16,902.267,906.533,4.267,398,0,1,2026-05-29 11:16:11.885601,32cb0d7f0df147d2af3a5b7321560567,https://youtu.be/al5lbGQicQU?si=YunvDZbx3Ygn-SwI,al5lbGQicQU,Aba Ta Bihe Garau - Khuman Adhikari & Bima Kumari Dura | Nepali Lok Panchebaja,done,2026-05-29 11:11:51.975458,2026-05-29 11:16:11.894959
fbfab0230aff4c60a2729f10d461b524,924.867,929.733,4.867,409,0,1,2026-05-29 11:16:11.885601,32cb0d7f0df147d2af3a5b7321560567,https://youtu.be/al5lbGQicQU?si=YunvDZbx3Ygn-SwI,al5lbGQicQU,Aba Ta Bihe Garau - Khuman Adhikari & Bima Kumari Dura | Nepali Lok Panchebaja,done,2026-05-29 11:11:51.975458,2026-05-29 11:16:11.894959
d923486c699c4a1ebf1f2e5fe5a9650a,931.533,937.733,6.2,411,0,1,2026-05-29 11:16:11.885601,32cb0d7f0df147d2af3a5b7321560567,https://youtu.be/al5lbGQicQU?si=YunvDZbx3Ygn-SwI,al5lbGQicQU,Aba Ta Bihe Garau - Khuman Adhikari & Bima Kumari Dura | Nepali Lok Panchebaja,done,2026-05-29 11:11:51.975458,2026-05-29 11:16:11.894959
be23044724fd4ce1af83a2b377a9bd5a,939.6,949.6,10.0,413,0,1,2026-05-29 11:16:11.886141,32cb0d7f0df147d2af3a5b7321560567,https://youtu.be/al5lbGQicQU?si=YunvDZbx3Ygn-SwI,al5lbGQicQU,Aba Ta Bihe Garau - Khuman Adhikari & Bima Kumari Dura | Nepali Lok Panchebaja,done,2026-05-29 11:11:51.975458,2026-05-29 11:16:11.894959
eceaebda05ed43e99a0bb58f92b55e2c,953.8,957.933,4.133,414,0,1,2026-05-29 11:16:11.886141,32cb0d7f0df147d2af3a5b7321560567,https://youtu.be/al5lbGQicQU?si=YunvDZbx3Ygn-SwI,al5lbGQicQU,Aba Ta Bihe Garau - Khuman Adhikari & Bima Kumari Dura | Nepali Lok Panchebaja,done,2026-05-29 11:11:51.975458,2026-05-29 11:16:11.894959
cfa62231f6884f65ac1eb5e36905ea4d,959.333,968.0,8.667,416,0,1,2026-05-29 11:16:11.886141,32cb0d7f0df147d2af3a5b7321560567,https://youtu.be/al5lbGQicQU?si=YunvDZbx3Ygn-SwI,al5lbGQicQU,Aba Ta Bihe Garau - Khuman Adhikari & Bima Kumari Dura | Nepali Lok Panchebaja,done,2026-05-29 11:11:51.975458,2026-05-29 11:16:11.894959
ac7fe44c3bf04975a0fcc48d8d2e31da,978.133,983.8,5.667,421,0,1,2026-05-29 11:16:11.886141,32cb0d7f0df147d2af3a5b7321560567,https://youtu.be/al5lbGQicQU?si=YunvDZbx3Ygn-SwI,al5lbGQicQU,Aba Ta Bihe Garau - Khuman Adhikari & Bima Kumari Dura | Nepali Lok Panchebaja,done,2026-05-29 11:11:51.975458,2026-05-29 11:16:11.894959
2f22b288f0a046b3a51fb4776ff877f0,986.733,991.0,4.267,423,0,1,2026-05-29 11:16:11.886196,32cb0d7f0df147d2af3a5b7321560567,https://youtu.be/al5lbGQicQU?si=YunvDZbx3Ygn-SwI,al5lbGQicQU,Aba Ta Bihe Garau - Khuman Adhikari & Bima Kumari Dura | Nepali Lok Panchebaja,done,2026-05-29 11:11:51.975458,2026-05-29 11:16:11.894959
2ca810bca0314dd694ba944da3c3f91c,991.0,995.333,4.333,424,0,1,2026-05-29 11:16:11.886196,32cb0d7f0df147d2af3a5b7321560567,https://youtu.be/al5lbGQicQU?si=YunvDZbx3Ygn-SwI,al5lbGQicQU,Aba Ta Bihe Garau - Khuman Adhikari & Bima Kumari Dura | Nepali Lok Panchebaja,done,2026-05-29 11:11:51.975458,2026-05-29 11:16:11.894959
b6f4e351c822455e849a84f79c8898c1,995.333,999.733,4.4,425,0,1,2026-05-29 11:16:11.886196,32cb0d7f0df147d2af3a5b7321560567,https://youtu.be/al5lbGQicQU?si=YunvDZbx3Ygn-SwI,al5lbGQicQU,Aba Ta Bihe Garau - Khuman Adhikari & Bima Kumari Dura | Nepali Lok Panchebaja,done,2026-05-29 11:11:51.975458,2026-05-29 11:16:11.894959
73211f74568f49a3a7e50afdc9a2f27a,1002.533,1006.867,4.333,427,0,1,2026-05-29 11:16:11.886196,32cb0d7f0df147d2af3a5b7321560567,https://youtu.be/al5lbGQicQU?si=YunvDZbx3Ygn-SwI,al5lbGQicQU,Aba Ta Bihe Garau - Khuman Adhikari & Bima Kumari Dura | Nepali Lok Panchebaja,done,2026-05-29 11:11:51.975458,2026-05-29 11:16:11.894959
8f086652906740f2885a62cb9eeb65f8,1011.0,1018.4,7.4,430,0,1,2026-05-29 11:16:11.886196,32cb0d7f0df147d2af3a5b7321560567,https://youtu.be/al5lbGQicQU?si=YunvDZbx3Ygn-SwI,al5lbGQicQU,Aba Ta Bihe Garau - Khuman Adhikari & Bima Kumari Dura | Nepali Lok Panchebaja,done,2026-05-29 11:11:51.975458,2026-05-29 11:16:11.894959
c6532f9d94eb472283422f67e4f589d7,1018.4,1022.733,4.333,431,0,1,2026-05-29 11:16:11.886196,32cb0d7f0df147d2af3a5b7321560567,https://youtu.be/al5lbGQicQU?si=YunvDZbx3Ygn-SwI,al5lbGQicQU,Aba Ta Bihe Garau - Khuman Adhikari & Bima Kumari Dura | Nepali Lok Panchebaja,done,2026-05-29 11:11:51.975458,2026-05-29 11:16:11.894959
7bbbc44f77f34d2c9c680a6982e15c98,1033.8,1038.0,4.2,437,0,1,2026-05-29 11:16:11.886196,32cb0d7f0df147d2af3a5b7321560567,https://youtu.be/al5lbGQicQU?si=YunvDZbx3Ygn-SwI,al5lbGQicQU,Aba Ta Bihe Garau - Khuman Adhikari & Bima Kumari Dura | Nepali Lok Panchebaja,done,2026-05-29 11:11:51.975458,2026-05-29 11:16:11.894959
adbc310f1c0b48d885c6a4ebb912ac3e,1069.667,1072.667,3.0,451,0,1,2026-05-29 11:16:11.886196,32cb0d7f0df147d2af3a5b7321560567,https://youtu.be/al5lbGQicQU?si=YunvDZbx3Ygn-SwI,al5lbGQicQU,Aba Ta Bihe Garau - Khuman Adhikari & Bima Kumari Dura | Nepali Lok Panchebaja,done,2026-05-29 11:11:51.975458,2026-05-29 11:16:11.894959
717f35feebfa41d7b6d880891c8493d7,1072.667,1076.933,4.267,452,0,1,2026-05-29 11:16:11.886196,32cb0d7f0df147d2af3a5b7321560567,https://youtu.be/al5lbGQicQU?si=YunvDZbx3Ygn-SwI,al5lbGQicQU,Aba Ta Bihe Garau - Khuman Adhikari & Bima Kumari Dura | Nepali Lok Panchebaja,done,2026-05-29 11:11:51.975458,2026-05-29 11:16:11.894959
ef3a73d021964efba3f4ff5c312a75e5,1079.8,1084.2,4.4,454,0,1,2026-05-29 11:16:11.886196,32cb0d7f0df147d2af3a5b7321560567,https://youtu.be/al5lbGQicQU?si=YunvDZbx3Ygn-SwI,al5lbGQicQU,Aba Ta Bihe Garau - Khuman Adhikari & Bima Kumari Dura | Nepali Lok Panchebaja,done,2026-05-29 11:11:51.975458,2026-05-29 11:16:11.894959
7fff29b00ff14e28b2a7834aa4a2d751,1088.467,1092.733,4.267,457,0,1,2026-05-29 11:16:11.886196,32cb0d7f0df147d2af3a5b7321560567,https://youtu.be/al5lbGQicQU?si=YunvDZbx3Ygn-SwI,al5lbGQicQU,Aba Ta Bihe Garau - Khuman Adhikari & Bima Kumari Dura | Nepali Lok Panchebaja,done,2026-05-29 11:11:51.975458,2026-05-29 11:16:11.894959
001cd463149046dcb183e623252b4606,1095.6,1099.933,4.333,459,0,1,2026-05-29 11:16:11.886196,32cb0d7f0df147d2af3a5b7321560567,https://youtu.be/al5lbGQicQU?si=YunvDZbx3Ygn-SwI,al5lbGQicQU,Aba Ta Bihe Garau - Khuman Adhikari & Bima Kumari Dura | Nepali Lok Panchebaja,done,2026-05-29 11:11:51.975458,2026-05-29 11:16:11.894959
dda635a5f8f846b3b8861d005e9c7d07,1111.467,1115.867,4.4,465,0,1,2026-05-29 11:16:11.886196,32cb0d7f0df147d2af3a5b7321560567,https://youtu.be/al5lbGQicQU?si=YunvDZbx3Ygn-SwI,al5lbGQicQU,Aba Ta Bihe Garau - Khuman Adhikari & Bima Kumari Dura | Nepali Lok Panchebaja,done,2026-05-29 11:11:51.975458,2026-05-29 11:16:11.894959
b5dd4679b57e43499a30a0ac9de57615,1124.133,1127.267,3.133,470,0,1,2026-05-29 11:16:11.886196,32cb0d7f0df147d2af3a5b7321560567,https://youtu.be/al5lbGQicQU?si=YunvDZbx3Ygn-SwI,al5lbGQicQU,Aba Ta Bihe Garau - Khuman Adhikari & Bima Kumari Dura | Nepali Lok Panchebaja,done,2026-05-29 11:11:51.975458,2026-05-29 11:16:11.894959
70de57f654484ad9891748c1918eb4e6,1160.733,1164.8,4.067,486,0,1,2026-05-29 11:16:11.886196,32cb0d7f0df147d2af3a5b7321560567,https://youtu.be/al5lbGQicQU?si=YunvDZbx3Ygn-SwI,al5lbGQicQU,Aba Ta Bihe Garau - Khuman Adhikari & Bima Kumari Dura | Nepali Lok Panchebaja,done,2026-05-29 11:11:51.975458,2026-05-29 11:16:11.894959
20eef33c5abd4551aa5aff11edae6c74,1169.6,1176.733,7.133,489,0,1,2026-05-29 11:16:11.886196,32cb0d7f0df147d2af3a5b7321560567,https://youtu.be/al5lbGQicQU?si=YunvDZbx3Ygn-SwI,al5lbGQicQU,Aba Ta Bihe Garau - Khuman Adhikari & Bima Kumari Dura | Nepali Lok Panchebaja,done,2026-05-29 11:11:51.975458,2026-05-29 11:16:11.894959
41309917388e401490866d3c53bb1778,0.0,4.12,4.12,0,0,1,2026-05-29 11:08:20.428144,1e69ae799dc543daab18efb318a5995c,https://youtu.be/ueuZE3Rdbuw?si=MIlxB_AvUqNGxXMb,ueuZE3Rdbuw,Akashama Tirmire - Lata Mangeshkar | M B B Shah | Nepali Song Music Video,done,2026-05-29 11:08:03.680356,2026-05-29 11:08:20.436401
d409323717bd42cb8237063826300e82,4.12,14.12,10.0,1,0,1,2026-05-29 11:08:20.428144,1e69ae799dc543daab18efb318a5995c,https://youtu.be/ueuZE3Rdbuw?si=MIlxB_AvUqNGxXMb,ueuZE3Rdbuw,Akashama Tirmire - Lata Mangeshkar | M B B Shah | Nepali Song Music Video,done,2026-05-29 11:08:03.680356,2026-05-29 11:08:20.436401
190ac0f246a646dfbf4b46c7697182b2,19.68,29.68,10.0,2,0,1,2026-05-29 11:08:20.428144,1e69ae799dc543daab18efb318a5995c,https://youtu.be/ueuZE3Rdbuw?si=MIlxB_AvUqNGxXMb,ueuZE3Rdbuw,Akashama Tirmire - Lata Mangeshkar | M B B Shah | Nepali Song Music Video,done,2026-05-29 11:08:03.680356,2026-05-29 11:08:20.436401
2dbd0dd8aa714734a86e08a9c2864c53,37.4,47.4,10.0,4,0,1,2026-05-29 11:08:20.428144,1e69ae799dc543daab18efb318a5995c,https://youtu.be/ueuZE3Rdbuw?si=MIlxB_AvUqNGxXMb,ueuZE3Rdbuw,Akashama Tirmire - Lata Mangeshkar | M B B Shah | Nepali Song Music Video,done,2026-05-29 11:08:03.680356,2026-05-29 11:08:20.436401
b9469ec89b2b433dacab15f087faf183,80.64,90.64,10.0,7,0,1,2026-05-29 11:08:20.428144,1e69ae799dc543daab18efb318a5995c,https://youtu.be/ueuZE3Rdbuw?si=MIlxB_AvUqNGxXMb,ueuZE3Rdbuw,Akashama Tirmire - Lata Mangeshkar | M B B Shah | Nepali Song Music Video,done,2026-05-29 11:08:03.680356,2026-05-29 11:08:20.436401
b637e0d3d9b74ac796633056954613ad,111.96,118.8,6.84,8,0,1,2026-05-29 11:08:20.428144,1e69ae799dc543daab18efb318a5995c,https://youtu.be/ueuZE3Rdbuw?si=MIlxB_AvUqNGxXMb,ueuZE3Rdbuw,Akashama Tirmire - Lata Mangeshkar | M B B Shah | Nepali Song Music Video,done,2026-05-29 11:08:03.680356,2026-05-29 11:08:20.436401
c0cdef876d6144528d85a22d391e7356,118.8,128.8,10.0,9,0,1,2026-05-29 11:08:20.428144,1e69ae799dc543daab18efb318a5995c,https://youtu.be/ueuZE3Rdbuw?si=MIlxB_AvUqNGxXMb,ueuZE3Rdbuw,Akashama Tirmire - Lata Mangeshkar | M B B Shah | Nepali Song Music Video,done,2026-05-29 11:08:03.680356,2026-05-29 11:08:20.436401
2681464ad4214ad0ad20e1156a044984,0.0,4.92,4.92,0,0,1,2026-05-29 10:39:29.711655,756eac366ce647c9b58f65a4f7632462,https://youtu.be/reKlZL4HpNs?si=eF2KoJCXoUfachLJ,reKlZL4HpNs,Anju Panta | Timile Parai Thane Pachhi | Nisha Adhikari | Nepali Song,done,2026-05-29 10:37:08.131352,2026-05-29 10:39:29.722911
0990e442e2ce49c1aef3ed7fdf2115f1,4.92,10.0,5.08,1,0,1,2026-05-29 10:39:29.711655,756eac366ce647c9b58f65a4f7632462,https://youtu.be/reKlZL4HpNs?si=eF2KoJCXoUfachLJ,reKlZL4HpNs,Anju Panta | Timile Parai Thane Pachhi | Nisha Adhikari | Nepali Song,done,2026-05-29 10:37:08.131352,2026-05-29 10:39:29.722911
f6196395607d48e1bb648567150846a3,10.0,15.68,5.68,2,0,1,2026-05-29 10:39:29.711655,756eac366ce647c9b58f65a4f7632462,https://youtu.be/reKlZL4HpNs?si=eF2KoJCXoUfachLJ,reKlZL4HpNs,Anju Panta | Timile Parai Thane Pachhi | Nisha Adhikari | Nepali Song,done,2026-05-29 10:37:08.131352,2026-05-29 10:39:29.722911
a220d213ab8f4a939b7e4cf43adc898b,19.08,24.04,4.96,5,0,1,2026-05-29 10:39:29.711655,756eac366ce647c9b58f65a4f7632462,https://youtu.be/reKlZL4HpNs?si=eF2KoJCXoUfachLJ,reKlZL4HpNs,Anju Panta | Timile Parai Thane Pachhi | Nisha Adhikari | Nepali Song,done,2026-05-29 10:37:08.131352,2026-05-29 10:39:29.722911
d3f2f4b1edb24a16882650eaa2c58ecc,31.08,34.52,3.44,10,0,1,2026-05-29 10:39:29.711655,756eac366ce647c9b58f65a4f7632462,https://youtu.be/reKlZL4HpNs?si=eF2KoJCXoUfachLJ,reKlZL4HpNs,Anju Panta | Timile Parai Thane Pachhi | Nisha Adhikari | Nepali Song,done,2026-05-29 10:37:08.131352,2026-05-29 10:39:29.722911
8251e4d4c8954ef19460531c3613a809,34.52,37.96,3.44,11,0,1,2026-05-29 10:39:29.711655,756eac366ce647c9b58f65a4f7632462,https://youtu.be/reKlZL4HpNs?si=eF2KoJCXoUfachLJ,reKlZL4HpNs,Anju Panta | Timile Parai Thane Pachhi | Nisha Adhikari | Nepali Song,done,2026-05-29 10:37:08.131352,2026-05-29 10:39:29.722911
7077ff308b944bffae7c442b3f92a5c5,41.28,44.68,3.4,14,0,1,2026-05-29 10:39:29.711655,756eac366ce647c9b58f65a4f7632462,https://youtu.be/reKlZL4HpNs?si=eF2KoJCXoUfachLJ,reKlZL4HpNs,Anju Panta | Timile Parai Thane Pachhi | Nisha Adhikari | Nepali Song,done,2026-05-29 10:37:08.131352,2026-05-29 10:39:29.722911
a6c11d25d8fa477480f51196b9104f29,44.68,48.2,3.52,15,0,1,2026-05-29 10:39:29.711655,756eac366ce647c9b58f65a4f7632462,https://youtu.be/reKlZL4HpNs?si=eF2KoJCXoUfachLJ,reKlZL4HpNs,Anju Panta | Timile Parai Thane Pachhi | Nisha Adhikari | Nepali Song,done,2026-05-29 10:37:08.131352,2026-05-29 10:39:29.722911
a8db4174d6bd44cfa1481347da44d8ba,48.2,53.44,5.24,16,0,1,2026-05-29 10:39:29.711655,756eac366ce647c9b58f65a4f7632462,https://youtu.be/reKlZL4HpNs?si=eF2KoJCXoUfachLJ,reKlZL4HpNs,Anju Panta | Timile Parai Thane Pachhi | Nisha Adhikari | Nepali Song,done,2026-05-29 10:37:08.131352,2026-05-29 10:39:29.722911
b4fe683e16d24d36bc9615dd82004a7c,55.52,58.56,3.04,18,0,1,2026-05-29 10:39:29.711655,756eac366ce647c9b58f65a4f7632462,https://youtu.be/reKlZL4HpNs?si=eF2KoJCXoUfachLJ,reKlZL4HpNs,Anju Panta | Timile Parai Thane Pachhi | Nisha Adhikari | Nepali Song,done,2026-05-29 10:37:08.131352,2026-05-29 10:39:29.722911
702754bc5ace4aa689300cd12f57b224,62.0,65.36,3.36,21,0,1,2026-05-29 10:39:29.711655,756eac366ce647c9b58f65a4f7632462,https://youtu.be/reKlZL4HpNs?si=eF2KoJCXoUfachLJ,reKlZL4HpNs,Anju Panta | Timile Parai Thane Pachhi | Nisha Adhikari | Nepali Song,done,2026-05-29 10:37:08.131352,2026-05-29 10:39:29.722911
2b751a543eb44172af0f3822b21be675,66.8,70.16,3.36,23,0,1,2026-05-29 10:39:29.711655,756eac366ce647c9b58f65a4f7632462,https://youtu.be/reKlZL4HpNs?si=eF2KoJCXoUfachLJ,reKlZL4HpNs,Anju Panta | Timile Parai Thane Pachhi | Nisha Adhikari | Nepali Song,done,2026-05-29 10:37:08.131352,2026-05-29 10:39:29.722911
e07b6fc3b75c45cea306b38df4872a0c,85.92,89.8,3.88,32,0,1,2026-05-29 10:39:29.711655,756eac366ce647c9b58f65a4f7632462,https://youtu.be/reKlZL4HpNs?si=eF2KoJCXoUfachLJ,reKlZL4HpNs,Anju Panta | Timile Parai Thane Pachhi | Nisha Adhikari | Nepali Song,done,2026-05-29 10:37:08.131352,2026-05-29 10:39:29.722911
bd0b70ce752e4a78a4334754f58e9002,89.8,94.28,4.48,33,0,1,2026-05-29 10:39:29.711655,756eac366ce647c9b58f65a4f7632462,https://youtu.be/reKlZL4HpNs?si=eF2KoJCXoUfachLJ,reKlZL4HpNs,Anju Panta | Timile Parai Thane Pachhi | Nisha Adhikari | Nepali Song,done,2026-05-29 10:37:08.131352,2026-05-29 10:39:29.722911
e23c7812f3d04d59a572d19e316b8755,94.28,102.96,8.68,34,0,1,2026-05-29 10:39:29.711655,756eac366ce647c9b58f65a4f7632462,https://youtu.be/reKlZL4HpNs?si=eF2KoJCXoUfachLJ,reKlZL4HpNs,Anju Panta | Timile Parai Thane Pachhi | Nisha Adhikari | Nepali Song,done,2026-05-29 10:37:08.131352,2026-05-29 10:39:29.722911
ce86e36d6ce54dab89a9d0d839c7a993,102.96,106.16,3.2,35,0,1,2026-05-29 10:39:29.711655,756eac366ce647c9b58f65a4f7632462,https://youtu.be/reKlZL4HpNs?si=eF2KoJCXoUfachLJ,reKlZL4HpNs,Anju Panta | Timile Parai Thane Pachhi | Nisha Adhikari | Nepali Song,done,2026-05-29 10:37:08.131352,2026-05-29 10:39:29.722911
1ed5e76057ed4c7a8f0fa5348e2de363,106.16,109.88,3.72,36,0,1,2026-05-29 10:39:29.711655,756eac366ce647c9b58f65a4f7632462,https://youtu.be/reKlZL4HpNs?si=eF2KoJCXoUfachLJ,reKlZL4HpNs,Anju Panta | Timile Parai Thane Pachhi | Nisha Adhikari | Nepali Song,done,2026-05-29 10:37:08.131352,2026-05-29 10:39:29.722911
7c4e82cf5aff41e5bda42acd63536317,109.88,113.4,3.52,37,0,1,2026-05-29 10:39:29.711655,756eac366ce647c9b58f65a4f7632462,https://youtu.be/reKlZL4HpNs?si=eF2KoJCXoUfachLJ,reKlZL4HpNs,Anju Panta | Timile Parai Thane Pachhi | Nisha Adhikari | Nepali Song,done,2026-05-29 10:37:08.131352,2026-05-29 10:39:29.722911
b01ace0d23804e7fbf887b31175b0fa1,116.8,120.2,3.4,40,0,1,2026-05-29 10:39:29.711655,756eac366ce647c9b58f65a4f7632462,https://youtu.be/reKlZL4HpNs?si=eF2KoJCXoUfachLJ,reKlZL4HpNs,Anju Panta | Timile Parai Thane Pachhi | Nisha Adhikari | Nepali Song,done,2026-05-29 10:37:08.131352,2026-05-29 10:39:29.722911
16a78214637c4e1a8f0681ed63e8ca87,122.84,126.92,4.08,43,0,1,2026-05-29 10:39:29.711655,756eac366ce647c9b58f65a4f7632462,https://youtu.be/reKlZL4HpNs?si=eF2KoJCXoUfachLJ,reKlZL4HpNs,Anju Panta | Timile Parai Thane Pachhi | Nisha Adhikari | Nepali Song,done,2026-05-29 10:37:08.131352,2026-05-29 10:39:29.722911
222d8bc5f06f4fddad08a7cae88f8e2e,130.44,133.8,3.36,46,0,1,2026-05-29 10:39:29.712200,756eac366ce647c9b58f65a4f7632462,https://youtu.be/reKlZL4HpNs?si=eF2KoJCXoUfachLJ,reKlZL4HpNs,Anju Panta | Timile Parai Thane Pachhi | Nisha Adhikari | Nepali Song,done,2026-05-29 10:37:08.131352,2026-05-29 10:39:29.722911
4d3c24e45ce24d1ebd264a2d62de0036,133.8,140.8,7.0,47,0,1,2026-05-29 10:39:29.712200,756eac366ce647c9b58f65a4f7632462,https://youtu.be/reKlZL4HpNs?si=eF2KoJCXoUfachLJ,reKlZL4HpNs,Anju Panta | Timile Parai Thane Pachhi | Nisha Adhikari | Nepali Song,done,2026-05-29 10:37:08.131352,2026-05-29 10:39:29.722911
2ee0e38fafcf4bbbaf0683934e5c5f3e,152.64,159.52,6.88,58,0,1,2026-05-29 10:39:29.712200,756eac366ce647c9b58f65a4f7632462,https://youtu.be/reKlZL4HpNs?si=eF2KoJCXoUfachLJ,reKlZL4HpNs,Anju Panta | Timile Parai Thane Pachhi | Nisha Adhikari | Nepali Song,done,2026-05-29 10:37:08.131352,2026-05-29 10:39:29.722911
d77136335df7417f9ef361af84ebee37,162.2,165.64,3.44,60,0,1,2026-05-29 10:39:29.712200,756eac366ce647c9b58f65a4f7632462,https://youtu.be/reKlZL4HpNs?si=eF2KoJCXoUfachLJ,reKlZL4HpNs,Anju Panta | Timile Parai Thane Pachhi | Nisha Adhikari | Nepali Song,done,2026-05-29 10:37:08.131352,2026-05-29 10:39:29.722911
1fc1925463b24d18970eda0ee6379ac7,171.68,178.52,6.84,64,0,1,2026-05-29 10:39:29.712200,756eac366ce647c9b58f65a4f7632462,https://youtu.be/reKlZL4HpNs?si=eF2KoJCXoUfachLJ,reKlZL4HpNs,Anju Panta | Timile Parai Thane Pachhi | Nisha Adhikari | Nepali Song,done,2026-05-29 10:37:08.131352,2026-05-29 10:39:29.722911
564532e11d0e46528b4b4e89b53aa8e2,184.96,194.96,10.0,68,0,1,2026-05-29 10:39:29.712200,756eac366ce647c9b58f65a4f7632462,https://youtu.be/reKlZL4HpNs?si=eF2KoJCXoUfachLJ,reKlZL4HpNs,Anju Panta | Timile Parai Thane Pachhi | Nisha Adhikari | Nepali Song,done,2026-05-29 10:37:08.131352,2026-05-29 10:39:29.722911
b490a83f92064072a1687a4301e98eb8,222.04,227.44,5.4,70,0,1,2026-05-29 10:39:29.712200,756eac366ce647c9b58f65a4f7632462,https://youtu.be/reKlZL4HpNs?si=eF2KoJCXoUfachLJ,reKlZL4HpNs,Anju Panta | Timile Parai Thane Pachhi | Nisha Adhikari | Nepali Song,done,2026-05-29 10:37:08.131352,2026-05-29 10:39:29.722911
aded157b6595489db6bdfb18e577c41c,231.28,238.56,7.28,74,0,1,2026-05-29 10:39:29.712200,756eac366ce647c9b58f65a4f7632462,https://youtu.be/reKlZL4HpNs?si=eF2KoJCXoUfachLJ,reKlZL4HpNs,Anju Panta | Timile Parai Thane Pachhi | Nisha Adhikari | Nepali Song,done,2026-05-29 10:37:08.131352,2026-05-29 10:39:29.722911
64c3edb753bc4f6c9f1e473cddd3701c,238.56,247.16,8.6,75,0,1,2026-05-29 10:39:29.712200,756eac366ce647c9b58f65a4f7632462,https://youtu.be/reKlZL4HpNs?si=eF2KoJCXoUfachLJ,reKlZL4HpNs,Anju Panta | Timile Parai Thane Pachhi | Nisha Adhikari | Nepali Song,done,2026-05-29 10:37:08.131352,2026-05-29 10:39:29.722911
fa0146dcecc1497fa282535f9c7783ed,247.16,254.48,7.32,76,0,1,2026-05-29 10:39:29.712200,756eac366ce647c9b58f65a4f7632462,https://youtu.be/reKlZL4HpNs?si=eF2KoJCXoUfachLJ,reKlZL4HpNs,Anju Panta | Timile Parai Thane Pachhi | Nisha Adhikari | Nepali Song,done,2026-05-29 10:37:08.131352,2026-05-29 10:39:29.722911
ed1c859ba6e24412a17b03f09334d396,255.72,264.16,8.44,78,0,1,2026-05-29 10:39:29.712200,756eac366ce647c9b58f65a4f7632462,https://youtu.be/reKlZL4HpNs?si=eF2KoJCXoUfachLJ,reKlZL4HpNs,Anju Panta | Timile Parai Thane Pachhi | Nisha Adhikari | Nepali Song,done,2026-05-29 10:37:08.131352,2026-05-29 10:39:29.722911
568a834c618c4b709d26a84fcef818e4,264.16,267.64,3.48,79,0,1,2026-05-29 10:39:29.712200,756eac366ce647c9b58f65a4f7632462,https://youtu.be/reKlZL4HpNs?si=eF2KoJCXoUfachLJ,reKlZL4HpNs,Anju Panta | Timile Parai Thane Pachhi | Nisha Adhikari | Nepali Song,done,2026-05-29 10:37:08.131352,2026-05-29 10:39:29.722911
ad48092ed1514986a6f06e59738d2f2a,267.64,271.12,3.48,80,0,1,2026-05-29 10:39:29.712200,756eac366ce647c9b58f65a4f7632462,https://youtu.be/reKlZL4HpNs?si=eF2KoJCXoUfachLJ,reKlZL4HpNs,Anju Panta | Timile Parai Thane Pachhi | Nisha Adhikari | Nepali Song,done,2026-05-29 10:37:08.131352,2026-05-29 10:39:29.722911
b8244e6c5f4f4fd081f050a0c96642f4,271.12,281.12,10.0,81,0,1,2026-05-29 10:39:29.712200,756eac366ce647c9b58f65a4f7632462,https://youtu.be/reKlZL4HpNs?si=eF2KoJCXoUfachLJ,reKlZL4HpNs,Anju Panta | Timile Parai Thane Pachhi | Nisha Adhikari | Nepali Song,done,2026-05-29 10:37:08.131352,2026-05-29 10:39:29.722911
4504f11f20f843908a212c3319da797e,290.52,299.4,8.88,85,0,1,2026-05-29 10:39:29.712200,756eac366ce647c9b58f65a4f7632462,https://youtu.be/reKlZL4HpNs?si=eF2KoJCXoUfachLJ,reKlZL4HpNs,Anju Panta | Timile Parai Thane Pachhi | Nisha Adhikari | Nepali Song,done,2026-05-29 10:37:08.131352,2026-05-29 10:39:29.722911
482cbfab148c485fa42755f17235de1a,300.84,309.96,9.12,88,0,1,2026-05-29 10:39:29.712200,756eac366ce647c9b58f65a4f7632462,https://youtu.be/reKlZL4HpNs?si=eF2KoJCXoUfachLJ,reKlZL4HpNs,Anju Panta | Timile Parai Thane Pachhi | Nisha Adhikari | Nepali Song,done,2026-05-29 10:37:08.131352,2026-05-29 10:39:29.722911
851fccf409574be99adb2da80dd8401b,2.6,9.933,7.333,2,0,1,2026-05-29 11:07:51.644393,a43118aa74d84a8e89c998b9d15b1404,https://youtu.be/obFkwV5yxO4?si=vXI8k2eHHTbUfgte,obFkwV5yxO4,Antim Chotima - Khuman Adhikari & Bishnu Majhi | Nepali Lok Dohori Song,done,2026-05-29 11:07:17.399392,2026-05-29 11:07:51.652540
5b01347938df4fc291aa51720bf4b5e3,9.933,15.733,5.8,3,0,1,2026-05-29 11:07:51.644393,a43118aa74d84a8e89c998b9d15b1404,https://youtu.be/obFkwV5yxO4?si=vXI8k2eHHTbUfgte,obFkwV5yxO4,Antim Chotima - Khuman Adhikari & Bishnu Majhi | Nepali Lok Dohori Song,done,2026-05-29 11:07:17.399392,2026-05-29 11:07:51.652540
7e291a14c2df4210a9efe0dac29f2eb4,32.8,35.867,3.067,15,0,1,2026-05-29 11:07:51.644393,a43118aa74d84a8e89c998b9d15b1404,https://youtu.be/obFkwV5yxO4?si=vXI8k2eHHTbUfgte,obFkwV5yxO4,Antim Chotima - Khuman Adhikari & Bishnu Majhi | Nepali Lok Dohori Song,done,2026-05-29 11:07:17.399392,2026-05-29 11:07:51.652540
fe273edf79be47e489fcbd8a21a70188,48.0,53.8,5.8,24,0,1,2026-05-29 11:07:51.644393,a43118aa74d84a8e89c998b9d15b1404,https://youtu.be/obFkwV5yxO4?si=vXI8k2eHHTbUfgte,obFkwV5yxO4,Antim Chotima - Khuman Adhikari & Bishnu Majhi | Nepali Lok Dohori Song,done,2026-05-29 11:07:17.399392,2026-05-29 11:07:51.652540
967b7fd10e09445795da1dcd1fb675de,61.133,66.267,5.133,29,0,1,2026-05-29 11:07:51.644393,a43118aa74d84a8e89c998b9d15b1404,https://youtu.be/obFkwV5yxO4?si=vXI8k2eHHTbUfgte,obFkwV5yxO4,Antim Chotima - Khuman Adhikari & Bishnu Majhi | Nepali Lok Dohori Song,done,2026-05-29 11:07:17.399392,2026-05-29 11:07:51.652540
54a2ea58483e40f795f45040231da1cf,73.6,80.2,6.6,33,0,1,2026-05-29 11:07:51.644393,a43118aa74d84a8e89c998b9d15b1404,https://youtu.be/obFkwV5yxO4?si=vXI8k2eHHTbUfgte,obFkwV5yxO4,Antim Chotima - Khuman Adhikari & Bishnu Majhi | Nepali Lok Dohori Song,done,2026-05-29 11:07:17.399392,2026-05-29 11:07:51.652540
e345393bab45481691726f2d70066194,83.067,87.467,4.4,36,0,1,2026-05-29 11:07:51.644393,a43118aa74d84a8e89c998b9d15b1404,https://youtu.be/obFkwV5yxO4?si=vXI8k2eHHTbUfgte,obFkwV5yxO4,Antim Chotima - Khuman Adhikari & Bishnu Majhi | Nepali Lok Dohori Song,done,2026-05-29 11:07:17.399392,2026-05-29 11:07:51.652540
c81c8de0459f455a9e5cda037bb25d48,99.2,105.0,5.8,44,0,1,2026-05-29 11:07:51.644933,a43118aa74d84a8e89c998b9d15b1404,https://youtu.be/obFkwV5yxO4?si=vXI8k2eHHTbUfgte,obFkwV5yxO4,Antim Chotima - Khuman Adhikari & Bishnu Majhi | Nepali Lok Dohori Song,done,2026-05-29 11:07:17.399392,2026-05-29 11:07:51.652540
2fbe0aa3597044608e106f089cb04249,105.0,109.467,4.467,45,0,1,2026-05-29 11:07:51.644933,a43118aa74d84a8e89c998b9d15b1404,https://youtu.be/obFkwV5yxO4?si=vXI8k2eHHTbUfgte,obFkwV5yxO4,Antim Chotima - Khuman Adhikari & Bishnu Majhi | Nepali Lok Dohori Song,done,2026-05-29 11:07:17.399392,2026-05-29 11:07:51.652540
5020a91371394819a89debb071e984da,109.467,115.267,5.8,46,0,1,2026-05-29 11:07:51.644933,a43118aa74d84a8e89c998b9d15b1404,https://youtu.be/obFkwV5yxO4?si=vXI8k2eHHTbUfgte,obFkwV5yxO4,Antim Chotima - Khuman Adhikari & Bishnu Majhi | Nepali Lok Dohori Song,done,2026-05-29 11:07:17.399392,2026-05-29 11:07:51.652540
09787b58a617468aa74cc876fef53d64,118.2,125.533,7.333,49,0,1,2026-05-29 11:07:51.644933,a43118aa74d84a8e89c998b9d15b1404,https://youtu.be/obFkwV5yxO4?si=vXI8k2eHHTbUfgte,obFkwV5yxO4,Antim Chotima - Khuman Adhikari & Bishnu Majhi | Nepali Lok Dohori Song,done,2026-05-29 11:07:17.399392,2026-05-29 11:07:51.652540
eaa4b7a4d2b14aca91abd2b4bd525845,166.533,172.4,5.867,72,0,1,2026-05-29 11:07:51.644933,a43118aa74d84a8e89c998b9d15b1404,https://youtu.be/obFkwV5yxO4?si=vXI8k2eHHTbUfgte,obFkwV5yxO4,Antim Chotima - Khuman Adhikari & Bishnu Majhi | Nepali Lok Dohori Song,done,2026-05-29 11:07:17.399392,2026-05-29 11:07:51.652540
77c67e1d44454c538b24fd7da909af97,175.933,179.2,3.267,75,0,1,2026-05-29 11:07:51.644933,a43118aa74d84a8e89c998b9d15b1404,https://youtu.be/obFkwV5yxO4?si=vXI8k2eHHTbUfgte,obFkwV5yxO4,Antim Chotima - Khuman Adhikari & Bishnu Majhi | Nepali Lok Dohori Song,done,2026-05-29 11:07:17.399392,2026-05-29 11:07:51.652540
3cd65c7c2f744cee863654c6d4dace7e,180.933,185.6,4.667,77,0,1,2026-05-29 11:07:51.644933,a43118aa74d84a8e89c998b9d15b1404,https://youtu.be/obFkwV5yxO4?si=vXI8k2eHHTbUfgte,obFkwV5yxO4,Antim Chotima - Khuman Adhikari & Bishnu Majhi | Nepali Lok Dohori Song,done,2026-05-29 11:07:17.399392,2026-05-29 11:07:51.652540
b4879fe3222d4b21818810f4f1c6f050,197.267,201.667,4.4,85,0,1,2026-05-29 11:07:51.644933,a43118aa74d84a8e89c998b9d15b1404,https://youtu.be/obFkwV5yxO4?si=vXI8k2eHHTbUfgte,obFkwV5yxO4,Antim Chotima - Khuman Adhikari & Bishnu Majhi | Nepali Lok Dohori Song,done,2026-05-29 11:07:17.399392,2026-05-29 11:07:51.652540
d2a18576859a4e2dbfc948a71152c811,222.867,226.467,3.6,97,0,1,2026-05-29 11:07:51.644933,a43118aa74d84a8e89c998b9d15b1404,https://youtu.be/obFkwV5yxO4?si=vXI8k2eHHTbUfgte,obFkwV5yxO4,Antim Chotima - Khuman Adhikari & Bishnu Majhi | Nepali Lok Dohori Song,done,2026-05-29 11:07:17.399392,2026-05-29 11:07:51.652540
0e64f0761bd14d44bfccde82b92b5121,227.867,230.933,3.067,99,0,1,2026-05-29 11:07:51.644933,a43118aa74d84a8e89c998b9d15b1404,https://youtu.be/obFkwV5yxO4?si=vXI8k2eHHTbUfgte,obFkwV5yxO4,Antim Chotima - Khuman Adhikari & Bishnu Majhi | Nepali Lok Dohori Song,done,2026-05-29 11:07:17.399392,2026-05-29 11:07:51.652540
1383883f951e4c6e8f8611932f9a5522,245.533,248.533,3.0,107,0,1,2026-05-29 11:07:51.644933,a43118aa74d84a8e89c998b9d15b1404,https://youtu.be/obFkwV5yxO4?si=vXI8k2eHHTbUfgte,obFkwV5yxO4,Antim Chotima - Khuman Adhikari & Bishnu Majhi | Nepali Lok Dohori Song,done,2026-05-29 11:07:17.399392,2026-05-29 11:07:51.652540
06723397685e4f89b20d93a5be3e95c6,248.533,252.933,4.4,108,0,1,2026-05-29 11:07:51.644933,a43118aa74d84a8e89c998b9d15b1404,https://youtu.be/obFkwV5yxO4?si=vXI8k2eHHTbUfgte,obFkwV5yxO4,Antim Chotima - Khuman Adhikari & Bishnu Majhi | Nepali Lok Dohori Song,done,2026-05-29 11:07:17.399392,2026-05-29 11:07:51.652540
824f8b9703ad4280b2763310f6d520ee,254.933,260.2,5.267,110,0,1,2026-05-29 11:07:51.644933,a43118aa74d84a8e89c998b9d15b1404,https://youtu.be/obFkwV5yxO4?si=vXI8k2eHHTbUfgte,obFkwV5yxO4,Antim Chotima - Khuman Adhikari & Bishnu Majhi | Nepali Lok Dohori Song,done,2026-05-29 11:07:17.399392,2026-05-29 11:07:51.652540
35f752913ea04e0cb6731f12c5ff4901,262.733,266.0,3.267,112,0,1,2026-05-29 11:07:51.644933,a43118aa74d84a8e89c998b9d15b1404,https://youtu.be/obFkwV5yxO4?si=vXI8k2eHHTbUfgte,obFkwV5yxO4,Antim Chotima - Khuman Adhikari & Bishnu Majhi | Nepali Lok Dohori Song,done,2026-05-29 11:07:17.399392,2026-05-29 11:07:51.652540
2548936bc5034808a36b06093ccdf653,279.2,282.2,3.0,121,0,1,2026-05-29 11:07:51.644933,a43118aa74d84a8e89c998b9d15b1404,https://youtu.be/obFkwV5yxO4?si=vXI8k2eHHTbUfgte,obFkwV5yxO4,Antim Chotima - Khuman Adhikari & Bishnu Majhi | Nepali Lok Dohori Song,done,2026-05-29 11:07:17.399392,2026-05-29 11:07:51.652540
59ac384e777c4dd5861ee11823db5a4e,290.933,298.8,7.867,126,0,1,2026-05-29 11:07:51.644933,a43118aa74d84a8e89c998b9d15b1404,https://youtu.be/obFkwV5yxO4?si=vXI8k2eHHTbUfgte,obFkwV5yxO4,Antim Chotima - Khuman Adhikari & Bishnu Majhi | Nepali Lok Dohori Song,done,2026-05-29 11:07:17.399392,2026-05-29 11:07:51.652540
22d1799028db4734bebfac79d1b2eec0,307.0,310.0,3.0,132,0,1,2026-05-29 11:07:51.644933,a43118aa74d84a8e89c998b9d15b1404,https://youtu.be/obFkwV5yxO4?si=vXI8k2eHHTbUfgte,obFkwV5yxO4,Antim Chotima - Khuman Adhikari & Bishnu Majhi | Nepali Lok Dohori Song,done,2026-05-29 11:07:17.399392,2026-05-29 11:07:51.652540
49d9c209f3c943e4a783d03980e2f179,310.0,314.4,4.4,133,0,1,2026-05-29 11:07:51.644933,a43118aa74d84a8e89c998b9d15b1404,https://youtu.be/obFkwV5yxO4?si=vXI8k2eHHTbUfgte,obFkwV5yxO4,Antim Chotima - Khuman Adhikari & Bishnu Majhi | Nepali Lok Dohori Song,done,2026-05-29 11:07:17.399392,2026-05-29 11:07:51.652540
aff7226673c1448b98b21f197c9d9485,320.2,324.6,4.4,136,0,1,2026-05-29 11:07:51.644933,a43118aa74d84a8e89c998b9d15b1404,https://youtu.be/obFkwV5yxO4?si=vXI8k2eHHTbUfgte,obFkwV5yxO4,Antim Chotima - Khuman Adhikari & Bishnu Majhi | Nepali Lok Dohori Song,done,2026-05-29 11:07:17.399392,2026-05-29 11:07:51.652540
6b47fadc97d24c47ba4984265e8c8caf,330.467,334.8,4.333,141,0,1,2026-05-29 11:07:51.644933,a43118aa74d84a8e89c998b9d15b1404,https://youtu.be/obFkwV5yxO4?si=vXI8k2eHHTbUfgte,obFkwV5yxO4,Antim Chotima - Khuman Adhikari & Bishnu Majhi | Nepali Lok Dohori Song,done,2026-05-29 11:07:17.399392,2026-05-29 11:07:51.652540
d565ae160b5247f2b9fc8c4739b920d5,336.733,343.667,6.933,143,0,1,2026-05-29 11:07:51.644933,a43118aa74d84a8e89c998b9d15b1404,https://youtu.be/obFkwV5yxO4?si=vXI8k2eHHTbUfgte,obFkwV5yxO4,Antim Chotima - Khuman Adhikari & Bishnu Majhi | Nepali Lok Dohori Song,done,2026-05-29 11:07:17.399392,2026-05-29 11:07:51.652540
8d75ee75723646d6a460fbd51f90ef1c,350.933,353.933,3.0,149,0,1,2026-05-29 11:07:51.644933,a43118aa74d84a8e89c998b9d15b1404,https://youtu.be/obFkwV5yxO4?si=vXI8k2eHHTbUfgte,obFkwV5yxO4,Antim Chotima - Khuman Adhikari & Bishnu Majhi | Nepali Lok Dohori Song,done,2026-05-29 11:07:17.399392,2026-05-29 11:07:51.652540
86ab57544fe34188991aa333aa062f47,358.2,361.2,3.0,153,0,1,2026-05-29 11:07:51.644933,a43118aa74d84a8e89c998b9d15b1404,https://youtu.be/obFkwV5yxO4?si=vXI8k2eHHTbUfgte,obFkwV5yxO4,Antim Chotima - Khuman Adhikari & Bishnu Majhi | Nepali Lok Dohori Song,done,2026-05-29 11:07:17.399392,2026-05-29 11:07:51.652540
ea03ba6052af49748b779ad19e4606be,372.933,380.267,7.333,161,0,1,2026-05-29 11:07:51.645462,a43118aa74d84a8e89c998b9d15b1404,https://youtu.be/obFkwV5yxO4?si=vXI8k2eHHTbUfgte,obFkwV5yxO4,Antim Chotima - Khuman Adhikari & Bishnu Majhi | Nepali Lok Dohori Song,done,2026-05-29 11:07:17.399392,2026-05-29 11:07:51.652540
67662aef758c47678cc37328a3a5f969,381.733,389.0,7.267,163,0,1,2026-05-29 11:07:51.645462,a43118aa74d84a8e89c998b9d15b1404,https://youtu.be/obFkwV5yxO4?si=vXI8k2eHHTbUfgte,obFkwV5yxO4,Antim Chotima - Khuman Adhikari & Bishnu Majhi | Nepali Lok Dohori Song,done,2026-05-29 11:07:17.399392,2026-05-29 11:07:51.652540
5363dcb543b84cd8b94b26701a7981d3,389.0,392.733,3.733,164,0,1,2026-05-29 11:07:51.645462,a43118aa74d84a8e89c998b9d15b1404,https://youtu.be/obFkwV5yxO4?si=vXI8k2eHHTbUfgte,obFkwV5yxO4,Antim Chotima - Khuman Adhikari & Bishnu Majhi | Nepali Lok Dohori Song,done,2026-05-29 11:07:17.399392,2026-05-29 11:07:51.652540
e87cf69435914af5873f3d59521c84b5,394.8,397.8,3.0,166,0,1,2026-05-29 11:07:51.645462,a43118aa74d84a8e89c998b9d15b1404,https://youtu.be/obFkwV5yxO4?si=vXI8k2eHHTbUfgte,obFkwV5yxO4,Antim Chotima - Khuman Adhikari & Bishnu Majhi | Nepali Lok Dohori Song,done,2026-05-29 11:07:17.399392,2026-05-29 11:07:51.652540
ccc5961f3c1d4612922ce763e03f9c2a,402.2,408.0,5.8,169,0,1,2026-05-29 11:07:51.645462,a43118aa74d84a8e89c998b9d15b1404,https://youtu.be/obFkwV5yxO4?si=vXI8k2eHHTbUfgte,obFkwV5yxO4,Antim Chotima - Khuman Adhikari & Bishnu Majhi | Nepali Lok Dohori Song,done,2026-05-29 11:07:17.399392,2026-05-29 11:07:51.652540
946ac2d5458c456d9db82936173c23e7,416.8,425.6,8.8,174,0,1,2026-05-29 11:07:51.645462,a43118aa74d84a8e89c998b9d15b1404,https://youtu.be/obFkwV5yxO4?si=vXI8k2eHHTbUfgte,obFkwV5yxO4,Antim Chotima - Khuman Adhikari & Bishnu Majhi | Nepali Lok Dohori Song,done,2026-05-29 11:07:17.399392,2026-05-29 11:07:51.652540
f8679c49af42471695aac7e88030b963,431.4,434.4,3.0,178,0,1,2026-05-29 11:07:51.645462,a43118aa74d84a8e89c998b9d15b1404,https://youtu.be/obFkwV5yxO4?si=vXI8k2eHHTbUfgte,obFkwV5yxO4,Antim Chotima - Khuman Adhikari & Bishnu Majhi | Nepali Lok Dohori Song,done,2026-05-29 11:07:17.399392,2026-05-29 11:07:51.652540
49cd6bea336e419b9936571254aa3e0c,440.267,443.533,3.267,182,0,1,2026-05-29 11:07:51.645462,a43118aa74d84a8e89c998b9d15b1404,https://youtu.be/obFkwV5yxO4?si=vXI8k2eHHTbUfgte,obFkwV5yxO4,Antim Chotima - Khuman Adhikari & Bishnu Majhi | Nepali Lok Dohori Song,done,2026-05-29 11:07:17.399392,2026-05-29 11:07:51.652540
af5b0ce197ef4717b1c0109ac149d63d,0.0,4.76,4.76,0,1,1,2026-05-29 10:19:03.523608,5c59b3cb33d14cdb9ca87fd1b3dcdb66,https://youtu.be/0DHzlmoixtM?si=L4qah35V9Dtn7sHH,0DHzlmoixtM,B-8EIGHT - Maichyang (Official Music Video) Prod by Roman Bajracharya,done,2026-05-29 10:15:53.995422,2026-05-29 10:19:03.534504
ce841fc2015c4ba998457ce91a11bb2a,12.88,16.2,3.32,5,1,1,2026-05-29 10:19:03.523608,5c59b3cb33d14cdb9ca87fd1b3dcdb66,https://youtu.be/0DHzlmoixtM?si=L4qah35V9Dtn7sHH,0DHzlmoixtM,B-8EIGHT - Maichyang (Official Music Video) Prod by Roman Bajracharya,done,2026-05-29 10:15:53.995422,2026-05-29 10:19:03.534504
bc8aa18465d54a969288b1bfe618c715,31.72,35.8,4.08,16,1,1,2026-05-29 10:19:03.523608,5c59b3cb33d14cdb9ca87fd1b3dcdb66,https://youtu.be/0DHzlmoixtM?si=L4qah35V9Dtn7sHH,0DHzlmoixtM,B-8EIGHT - Maichyang (Official Music Video) Prod by Roman Bajracharya,done,2026-05-29 10:15:53.995422,2026-05-29 10:19:03.534504
cbc21b1cbc0e480dafab643c0c615fcd,35.8,39.16,3.36,17,1,1,2026-05-29 10:19:03.523608,5c59b3cb33d14cdb9ca87fd1b3dcdb66,https://youtu.be/0DHzlmoixtM?si=L4qah35V9Dtn7sHH,0DHzlmoixtM,B-8EIGHT - Maichyang (Official Music Video) Prod by Roman Bajracharya,done,2026-05-29 10:15:53.995422,2026-05-29 10:19:03.534504
aa58567f63d94d6b9c7073ae2e8c98d6,42.6,46.56,3.96,21,1,1,2026-05-29 10:19:03.523608,5c59b3cb33d14cdb9ca87fd1b3dcdb66,https://youtu.be/0DHzlmoixtM?si=L4qah35V9Dtn7sHH,0DHzlmoixtM,B-8EIGHT - Maichyang (Official Music Video) Prod by Roman Bajracharya,done,2026-05-29 10:15:53.995422,2026-05-29 10:19:03.534504
7ac5d824ef424c78bb60bbe0e2933dee,53.28,56.68,3.4,27,1,1,2026-05-29 10:19:03.523608,5c59b3cb33d14cdb9ca87fd1b3dcdb66,https://youtu.be/0DHzlmoixtM?si=L4qah35V9Dtn7sHH,0DHzlmoixtM,B-8EIGHT - Maichyang (Official Music Video) Prod by Roman Bajracharya,done,2026-05-29 10:15:53.995422,2026-05-29 10:19:03.534504
bad906d94ae847dfa71ae123cb538555,65.2,68.76,3.56,32,1,1,2026-05-29 10:19:03.523608,5c59b3cb33d14cdb9ca87fd1b3dcdb66,https://youtu.be/0DHzlmoixtM?si=L4qah35V9Dtn7sHH,0DHzlmoixtM,B-8EIGHT - Maichyang (Official Music Video) Prod by Roman Bajracharya,done,2026-05-29 10:15:53.995422,2026-05-29 10:19:03.534504
2c38dde40288425783aefb227008d31f,104.56,107.88,3.32,58,1,1,2026-05-29 10:19:03.523608,5c59b3cb33d14cdb9ca87fd1b3dcdb66,https://youtu.be/0DHzlmoixtM?si=L4qah35V9Dtn7sHH,0DHzlmoixtM,B-8EIGHT - Maichyang (Official Music Video) Prod by Roman Bajracharya,done,2026-05-29 10:15:53.995422,2026-05-29 10:19:03.534504
2ca3b2b0fe224ae4a5eecea4f9edac36,107.88,111.92,4.04,59,1,1,2026-05-29 10:19:03.523608,5c59b3cb33d14cdb9ca87fd1b3dcdb66,https://youtu.be/0DHzlmoixtM?si=L4qah35V9Dtn7sHH,0DHzlmoixtM,B-8EIGHT - Maichyang (Official Music Video) Prod by Roman Bajracharya,done,2026-05-29 10:15:53.995422,2026-05-29 10:19:03.534504
f7ecff23e8c344829325f1c46feb3fdb,135.0,140.2,5.2,73,1,1,2026-05-29 10:19:03.523608,5c59b3cb33d14cdb9ca87fd1b3dcdb66,https://youtu.be/0DHzlmoixtM?si=L4qah35V9Dtn7sHH,0DHzlmoixtM,B-8EIGHT - Maichyang (Official Music Video) Prod by Roman Bajracharya,done,2026-05-29 10:15:53.995422,2026-05-29 10:19:03.534504
eda95d0c7e6f46039f2e0cad108a818d,140.2,150.2,10.0,74,1,1,2026-05-29 10:19:03.523608,5c59b3cb33d14cdb9ca87fd1b3dcdb66,https://youtu.be/0DHzlmoixtM?si=L4qah35V9Dtn7sHH,0DHzlmoixtM,B-8EIGHT - Maichyang (Official Music Video) Prod by Roman Bajracharya,done,2026-05-29 10:15:53.995422,2026-05-29 10:19:03.534504
ffb93223fcd1498ab9b182935bf589e5,155.8,159.16,3.36,77,1,1,2026-05-29 10:19:03.523608,5c59b3cb33d14cdb9ca87fd1b3dcdb66,https://youtu.be/0DHzlmoixtM?si=L4qah35V9Dtn7sHH,0DHzlmoixtM,B-8EIGHT - Maichyang (Official Music Video) Prod by Roman Bajracharya,done,2026-05-29 10:15:53.995422,2026-05-29 10:19:03.534504
2d32cf74ef154c81a5619ee017c26d8d,163.24,167.28,4.04,80,1,1,2026-05-29 10:19:03.523608,5c59b3cb33d14cdb9ca87fd1b3dcdb66,https://youtu.be/0DHzlmoixtM?si=L4qah35V9Dtn7sHH,0DHzlmoixtM,B-8EIGHT - Maichyang (Official Music Video) Prod by Roman Bajracharya,done,2026-05-29 10:15:53.995422,2026-05-29 10:19:03.534504
df728b11649b400985a2bac4de525399,172.64,178.0,5.36,83,1,1,2026-05-29 10:19:03.523608,5c59b3cb33d14cdb9ca87fd1b3dcdb66,https://youtu.be/0DHzlmoixtM?si=L4qah35V9Dtn7sHH,0DHzlmoixtM,B-8EIGHT - Maichyang (Official Music Video) Prod by Roman Bajracharya,done,2026-05-29 10:15:53.995422,2026-05-29 10:19:03.534504
8c3e2e263fa24508ac3f1880a89abec3,178.0,184.76,6.76,84,1,1,2026-05-29 10:19:03.523608,5c59b3cb33d14cdb9ca87fd1b3dcdb66,https://youtu.be/0DHzlmoixtM?si=L4qah35V9Dtn7sHH,0DHzlmoixtM,B-8EIGHT - Maichyang (Official Music Video) Prod by Roman Bajracharya,done,2026-05-29 10:15:53.995422,2026-05-29 10:19:03.534504
663efdbfbbcc48ef997b3501e3438682,184.76,194.76,10.0,85,1,1,2026-05-29 10:19:03.523608,5c59b3cb33d14cdb9ca87fd1b3dcdb66,https://youtu.be/0DHzlmoixtM?si=L4qah35V9Dtn7sHH,0DHzlmoixtM,B-8EIGHT - Maichyang (Official Music Video) Prod by Roman Bajracharya,done,2026-05-29 10:15:53.995422,2026-05-29 10:19:03.534504
da9b083d9c294732b93e0763911da47f,203.24,207.32,4.08,89,1,1,2026-05-29 10:19:03.523608,5c59b3cb33d14cdb9ca87fd1b3dcdb66,https://youtu.be/0DHzlmoixtM?si=L4qah35V9Dtn7sHH,0DHzlmoixtM,B-8EIGHT - Maichyang (Official Music Video) Prod by Roman Bajracharya,done,2026-05-29 10:15:53.995422,2026-05-29 10:19:03.534504
da26c2e95d7c4855b0dcf1c7a9f334cb,207.32,217.32,10.0,90,1,1,2026-05-29 10:19:03.523608,5c59b3cb33d14cdb9ca87fd1b3dcdb66,https://youtu.be/0DHzlmoixtM?si=L4qah35V9Dtn7sHH,0DHzlmoixtM,B-8EIGHT - Maichyang (Official Music Video) Prod by Roman Bajracharya,done,2026-05-29 10:15:53.995422,2026-05-29 10:19:03.534504
0ffb27d3ecbf4dec9a572805c6ccff3e,227.36,230.68,3.32,92,1,1,2026-05-29 10:19:03.523608,5c59b3cb33d14cdb9ca87fd1b3dcdb66,https://youtu.be/0DHzlmoixtM?si=L4qah35V9Dtn7sHH,0DHzlmoixtM,B-8EIGHT - Maichyang (Official Music Video) Prod by Roman Bajracharya,done,2026-05-29 10:15:53.995422,2026-05-29 10:19:03.534504
5736f1b37e7d4d7388224d94e7db8808,240.4,250.4,10.0,97,1,1,2026-05-29 10:19:03.523608,5c59b3cb33d14cdb9ca87fd1b3dcdb66,https://youtu.be/0DHzlmoixtM?si=L4qah35V9Dtn7sHH,0DHzlmoixtM,B-8EIGHT - Maichyang (Official Music Video) Prod by Roman Bajracharya,done,2026-05-29 10:15:53.995422,2026-05-29 10:19:03.534504
2e503c0403404693863ed2353de5b7d9,0.0,10.0,10.0,0,0,1,2026-05-29 11:06:21.409678,1c15797d8c71456aba9c7db8eca90902,https://youtu.be/gWY2UwKPZr8?si=br_TIySWtg663mXI,gWY2UwKPZr8,"Basantama Phool Fulyo - M.B.B.Shah ko ""Usaiko Lagi 1""",done,2026-05-29 11:05:57.631482,2026-05-29 11:06:21.416026
25e9fcbe6b0c424fbf74648547aa5467,44.96,54.96,10.0,2,0,1,2026-05-29 11:06:21.409678,1c15797d8c71456aba9c7db8eca90902,https://youtu.be/gWY2UwKPZr8?si=br_TIySWtg663mXI,gWY2UwKPZr8,"Basantama Phool Fulyo - M.B.B.Shah ko ""Usaiko Lagi 1""",done,2026-05-29 11:05:57.631482,2026-05-29 11:06:21.416026
dff7aa62eb8a43cbbae873754bf030a6,94.16,104.16,10.0,7,0,1,2026-05-29 11:06:21.409678,1c15797d8c71456aba9c7db8eca90902,https://youtu.be/gWY2UwKPZr8?si=br_TIySWtg663mXI,gWY2UwKPZr8,"Basantama Phool Fulyo - M.B.B.Shah ko ""Usaiko Lagi 1""",done,2026-05-29 11:05:57.631482,2026-05-29 11:06:21.416026
57312b2083b647948998050abe66c228,151.92,161.92,10.0,8,0,1,2026-05-29 11:06:21.409678,1c15797d8c71456aba9c7db8eca90902,https://youtu.be/gWY2UwKPZr8?si=br_TIySWtg663mXI,gWY2UwKPZr8,"Basantama Phool Fulyo - M.B.B.Shah ko ""Usaiko Lagi 1""",done,2026-05-29 11:05:57.631482,2026-05-29 11:06:21.416026
c75b1848892b46b6a21d2a4b770bedea,200.08,210.08,10.0,9,0,1,2026-05-29 11:06:21.409678,1c15797d8c71456aba9c7db8eca90902,https://youtu.be/gWY2UwKPZr8?si=br_TIySWtg663mXI,gWY2UwKPZr8,"Basantama Phool Fulyo - M.B.B.Shah ko ""Usaiko Lagi 1""",done,2026-05-29 11:05:57.631482,2026-05-29 11:06:21.416026
cb36d2606e9a4622a7d7f486e7cf7f8b,1.958,6.083,4.125,1,1,1,2026-05-29 09:27:40.203733,0ad31694a712418a834f4b7f760061be,https://youtu.be/zsTjVCaOWw8?si=68kRjEzaXQnOX7B3,zsTjVCaOWw8,Bhagyamaani - The Hulaki | Official Music Video |  भाग्यमानी,done,2026-05-29 09:25:42.493333,2026-05-29 09:27:40.212021
bd133663effa4f7aa29b8f628fd44c56,6.083,12.625,6.542,2,1,1,2026-05-29 09:27:40.203733,0ad31694a712418a834f4b7f760061be,https://youtu.be/zsTjVCaOWw8?si=68kRjEzaXQnOX7B3,zsTjVCaOWw8,Bhagyamaani - The Hulaki | Official Music Video |  भाग्यमानी,done,2026-05-29 09:25:42.493333,2026-05-29 09:27:40.212021
457f8b36f7a44e22ac6172cce6dfbded,12.625,22.625,10.0,3,1,1,2026-05-29 09:27:40.203733,0ad31694a712418a834f4b7f760061be,https://youtu.be/zsTjVCaOWw8?si=68kRjEzaXQnOX7B3,zsTjVCaOWw8,Bhagyamaani - The Hulaki | Official Music Video |  भाग्यमानी,done,2026-05-29 09:25:42.493333,2026-05-29 09:27:40.212021
db95503a4aa34489a436fd5d48853ef3,23.667,29.0,5.333,4,1,1,2026-05-29 09:27:40.203733,0ad31694a712418a834f4b7f760061be,https://youtu.be/zsTjVCaOWw8?si=68kRjEzaXQnOX7B3,zsTjVCaOWw8,Bhagyamaani - The Hulaki | Official Music Video |  भाग्यमानी,done,2026-05-29 09:25:42.493333,2026-05-29 09:27:40.212021
d053159f55cb409da9a6f5674a921f7b,29.0,33.208,4.208,5,1,1,2026-05-29 09:27:40.203733,0ad31694a712418a834f4b7f760061be,https://youtu.be/zsTjVCaOWw8?si=68kRjEzaXQnOX7B3,zsTjVCaOWw8,Bhagyamaani - The Hulaki | Official Music Video |  भाग्यमानी,done,2026-05-29 09:25:42.493333,2026-05-29 09:27:40.212021
1822c4f21e334b21a004efc7cac7808e,33.208,36.375,3.167,6,1,1,2026-05-29 09:27:40.203733,0ad31694a712418a834f4b7f760061be,https://youtu.be/zsTjVCaOWw8?si=68kRjEzaXQnOX7B3,zsTjVCaOWw8,Bhagyamaani - The Hulaki | Official Music Video |  भाग्यमानी,done,2026-05-29 09:25:42.493333,2026-05-29 09:27:40.212021
d799cf6cad604ecc91b4b93765b442c3,38.5,44.375,5.875,8,1,1,2026-05-29 09:27:40.203733,0ad31694a712418a834f4b7f760061be,https://youtu.be/zsTjVCaOWw8?si=68kRjEzaXQnOX7B3,zsTjVCaOWw8,Bhagyamaani - The Hulaki | Official Music Video |  भाग्यमानी,done,2026-05-29 09:25:42.493333,2026-05-29 09:27:40.212021
103caa25a23f40c3bc4f7df5bb0e225e,44.375,47.917,3.542,9,1,1,2026-05-29 09:27:40.203733,0ad31694a712418a834f4b7f760061be,https://youtu.be/zsTjVCaOWw8?si=68kRjEzaXQnOX7B3,zsTjVCaOWw8,Bhagyamaani - The Hulaki | Official Music Video |  भाग्यमानी,done,2026-05-29 09:25:42.493333,2026-05-29 09:27:40.212021
6605430b11d6426494f0d31c84a359d7,47.917,52.292,4.375,10,1,1,2026-05-29 09:27:40.203733,0ad31694a712418a834f4b7f760061be,https://youtu.be/zsTjVCaOWw8?si=68kRjEzaXQnOX7B3,zsTjVCaOWw8,Bhagyamaani - The Hulaki | Official Music Video |  भाग्यमानी,done,2026-05-29 09:25:42.493333,2026-05-29 09:27:40.212021
68d160f6705543c3b4c2e94219573944,52.292,56.417,4.125,11,1,1,2026-05-29 09:27:40.203733,0ad31694a712418a834f4b7f760061be,https://youtu.be/zsTjVCaOWw8?si=68kRjEzaXQnOX7B3,zsTjVCaOWw8,Bhagyamaani - The Hulaki | Official Music Video |  भाग्यमानी,done,2026-05-29 09:25:42.493333,2026-05-29 09:27:40.212021
901170ae73364fd4829b0840e52ec74e,59.042,62.083,3.042,13,1,1,2026-05-29 09:27:40.203733,0ad31694a712418a834f4b7f760061be,https://youtu.be/zsTjVCaOWw8?si=68kRjEzaXQnOX7B3,zsTjVCaOWw8,Bhagyamaani - The Hulaki | Official Music Video |  भाग्यमानी,done,2026-05-29 09:25:42.493333,2026-05-29 09:27:40.212021
2e42f1a3985f4f36a3088a6cfb91e530,62.083,67.042,4.958,14,1,1,2026-05-29 09:27:40.203733,0ad31694a712418a834f4b7f760061be,https://youtu.be/zsTjVCaOWw8?si=68kRjEzaXQnOX7B3,zsTjVCaOWw8,Bhagyamaani - The Hulaki | Official Music Video |  भाग्यमानी,done,2026-05-29 09:25:42.493333,2026-05-29 09:27:40.212021
3a6bb688da084bada1a0babeb54144e6,67.042,70.542,3.5,15,1,1,2026-05-29 09:27:40.203733,0ad31694a712418a834f4b7f760061be,https://youtu.be/zsTjVCaOWw8?si=68kRjEzaXQnOX7B3,zsTjVCaOWw8,Bhagyamaani - The Hulaki | Official Music Video |  भाग्यमानी,done,2026-05-29 09:25:42.493333,2026-05-29 09:27:40.212021
7fbd272825d44bf5b88629a55eaa642f,70.542,74.458,3.917,16,1,1,2026-05-29 09:27:40.203733,0ad31694a712418a834f4b7f760061be,https://youtu.be/zsTjVCaOWw8?si=68kRjEzaXQnOX7B3,zsTjVCaOWw8,Bhagyamaani - The Hulaki | Official Music Video |  भाग्यमानी,done,2026-05-29 09:25:42.493333,2026-05-29 09:27:40.212021
5c19773e81f14b468df3d26b5f68afa4,74.458,78.208,3.75,17,1,1,2026-05-29 09:27:40.203733,0ad31694a712418a834f4b7f760061be,https://youtu.be/zsTjVCaOWw8?si=68kRjEzaXQnOX7B3,zsTjVCaOWw8,Bhagyamaani - The Hulaki | Official Music Video |  भाग्यमानी,done,2026-05-29 09:25:42.493333,2026-05-29 09:27:40.212021
a298531351744d3bb989b0b0a1bce708,88.292,91.875,3.583,23,1,1,2026-05-29 09:27:40.203733,0ad31694a712418a834f4b7f760061be,https://youtu.be/zsTjVCaOWw8?si=68kRjEzaXQnOX7B3,zsTjVCaOWw8,Bhagyamaani - The Hulaki | Official Music Video |  भाग्यमानी,done,2026-05-29 09:25:42.493333,2026-05-29 09:27:40.212021
7669b5c9d7e94e02b6012ae59ffd239c,91.875,97.292,5.417,24,1,1,2026-05-29 09:27:40.203733,0ad31694a712418a834f4b7f760061be,https://youtu.be/zsTjVCaOWw8?si=68kRjEzaXQnOX7B3,zsTjVCaOWw8,Bhagyamaani - The Hulaki | Official Music Video |  भाग्यमानी,done,2026-05-29 09:25:42.493333,2026-05-29 09:27:40.212021
349172b9375e41bd9f26a8d8f1752e86,97.292,100.583,3.292,25,1,1,2026-05-29 09:27:40.203733,0ad31694a712418a834f4b7f760061be,https://youtu.be/zsTjVCaOWw8?si=68kRjEzaXQnOX7B3,zsTjVCaOWw8,Bhagyamaani - The Hulaki | Official Music Video |  भाग्यमानी,done,2026-05-29 09:25:42.493333,2026-05-29 09:27:40.212021
7cd89578e53f4953b5f212012b5e1883,100.583,105.708,5.125,26,1,1,2026-05-29 09:27:40.203733,0ad31694a712418a834f4b7f760061be,https://youtu.be/zsTjVCaOWw8?si=68kRjEzaXQnOX7B3,zsTjVCaOWw8,Bhagyamaani - The Hulaki | Official Music Video |  भाग्यमानी,done,2026-05-29 09:25:42.493333,2026-05-29 09:27:40.212021
89f6d3c4050e4354b221029893a4e845,105.708,109.208,3.5,27,1,1,2026-05-29 09:27:40.203733,0ad31694a712418a834f4b7f760061be,https://youtu.be/zsTjVCaOWw8?si=68kRjEzaXQnOX7B3,zsTjVCaOWw8,Bhagyamaani - The Hulaki | Official Music Video |  भाग्यमानी,done,2026-05-29 09:25:42.493333,2026-05-29 09:27:40.212021
23835cc6a6cf491b953c832603229f72,109.208,115.167,5.958,28,1,1,2026-05-29 09:27:40.203733,0ad31694a712418a834f4b7f760061be,https://youtu.be/zsTjVCaOWw8?si=68kRjEzaXQnOX7B3,zsTjVCaOWw8,Bhagyamaani - The Hulaki | Official Music Video |  भाग्यमानी,done,2026-05-29 09:25:42.493333,2026-05-29 09:27:40.212021
61f74393dde9430e8721d0fe0e58c202,115.167,118.417,3.25,29,1,1,2026-05-29 09:27:40.203733,0ad31694a712418a834f4b7f760061be,https://youtu.be/zsTjVCaOWw8?si=68kRjEzaXQnOX7B3,zsTjVCaOWw8,Bhagyamaani - The Hulaki | Official Music Video |  भाग्यमानी,done,2026-05-29 09:25:42.493333,2026-05-29 09:27:40.212021
724468f061e04bb3a56503ffdb50f612,120.167,126.958,6.792,31,1,1,2026-05-29 09:27:40.203733,0ad31694a712418a834f4b7f760061be,https://youtu.be/zsTjVCaOWw8?si=68kRjEzaXQnOX7B3,zsTjVCaOWw8,Bhagyamaani - The Hulaki | Official Music Video |  भाग्यमानी,done,2026-05-29 09:25:42.493333,2026-05-29 09:27:40.212021
3a26cb6e64bf4d8ca1e079dc890a70d3,126.958,130.458,3.5,32,1,1,2026-05-29 09:27:40.203733,0ad31694a712418a834f4b7f760061be,https://youtu.be/zsTjVCaOWw8?si=68kRjEzaXQnOX7B3,zsTjVCaOWw8,Bhagyamaani - The Hulaki | Official Music Video |  भाग्यमानी,done,2026-05-29 09:25:42.493333,2026-05-29 09:27:40.212021
ea521b2a6d774ffaa51be3168dca82e2,133.375,136.375,3.0,34,1,1,2026-05-29 09:27:40.203733,0ad31694a712418a834f4b7f760061be,https://youtu.be/zsTjVCaOWw8?si=68kRjEzaXQnOX7B3,zsTjVCaOWw8,Bhagyamaani - The Hulaki | Official Music Video |  भाग्यमानी,done,2026-05-29 09:25:42.493333,2026-05-29 09:27:40.212021
2eb4338c571d4f6e8fbcd4b445fac4c2,143.667,146.875,3.208,38,1,1,2026-05-29 09:27:40.203733,0ad31694a712418a834f4b7f760061be,https://youtu.be/zsTjVCaOWw8?si=68kRjEzaXQnOX7B3,zsTjVCaOWw8,Bhagyamaani - The Hulaki | Official Music Video |  भाग्यमानी,done,2026-05-29 09:25:42.493333,2026-05-29 09:27:40.212021
45b366b3ffb04321b9244ea952b71bb3,161.417,165.25,3.833,45,1,1,2026-05-29 09:27:40.203733,0ad31694a712418a834f4b7f760061be,https://youtu.be/zsTjVCaOWw8?si=68kRjEzaXQnOX7B3,zsTjVCaOWw8,Bhagyamaani - The Hulaki | Official Music Video |  भाग्यमानी,done,2026-05-29 09:25:42.493333,2026-05-29 09:27:40.212021
8e079fd6ab91421b8f6ae82400b396e3,168.208,171.833,3.625,47,1,1,2026-05-29 09:27:40.203733,0ad31694a712418a834f4b7f760061be,https://youtu.be/zsTjVCaOWw8?si=68kRjEzaXQnOX7B3,zsTjVCaOWw8,Bhagyamaani - The Hulaki | Official Music Video |  भाग्यमानी,done,2026-05-29 09:25:42.493333,2026-05-29 09:27:40.212021
bbb02fd8306d40f996ddfb2d69d0f370,176.208,180.375,4.167,50,1,1,2026-05-29 09:27:40.203733,0ad31694a712418a834f4b7f760061be,https://youtu.be/zsTjVCaOWw8?si=68kRjEzaXQnOX7B3,zsTjVCaOWw8,Bhagyamaani - The Hulaki | Official Music Video |  भाग्यमानी,done,2026-05-29 09:25:42.493333,2026-05-29 09:27:40.212021
6b528393f76a4ea59ad73f22e9f2e4f5,185.458,189.708,4.25,53,1,1,2026-05-29 09:27:40.203733,0ad31694a712418a834f4b7f760061be,https://youtu.be/zsTjVCaOWw8?si=68kRjEzaXQnOX7B3,zsTjVCaOWw8,Bhagyamaani - The Hulaki | Official Music Video |  भाग्यमानी,done,2026-05-29 09:25:42.493333,2026-05-29 09:27:40.212021
03a9c01d3f1745f0899d85c630303779,189.708,193.75,4.042,54,1,1,2026-05-29 09:27:40.203733,0ad31694a712418a834f4b7f760061be,https://youtu.be/zsTjVCaOWw8?si=68kRjEzaXQnOX7B3,zsTjVCaOWw8,Bhagyamaani - The Hulaki | Official Music Video |  भाग्यमानी,done,2026-05-29 09:25:42.493333,2026-05-29 09:27:40.212021
ce175cd4b0a148888b49a02753b42b15,198.667,202.708,4.042,57,1,1,2026-05-29 09:27:40.204281,0ad31694a712418a834f4b7f760061be,https://youtu.be/zsTjVCaOWw8?si=68kRjEzaXQnOX7B3,zsTjVCaOWw8,Bhagyamaani - The Hulaki | Official Music Video |  भाग्यमानी,done,2026-05-29 09:25:42.493333,2026-05-29 09:27:40.212021
4d91a860769c4a1a8ad8f3320f26be7e,202.708,208.917,6.208,58,1,1,2026-05-29 09:27:40.204281,0ad31694a712418a834f4b7f760061be,https://youtu.be/zsTjVCaOWw8?si=68kRjEzaXQnOX7B3,zsTjVCaOWw8,Bhagyamaani - The Hulaki | Official Music Video |  भाग्यमानी,done,2026-05-29 09:25:42.493333,2026-05-29 09:27:40.212021
49656fcf5af744e2a1749999c69be09d,208.917,214.625,5.708,59,1,1,2026-05-29 09:27:40.204281,0ad31694a712418a834f4b7f760061be,https://youtu.be/zsTjVCaOWw8?si=68kRjEzaXQnOX7B3,zsTjVCaOWw8,Bhagyamaani - The Hulaki | Official Music Video |  भाग्यमानी,done,2026-05-29 09:25:42.493333,2026-05-29 09:27:40.212021
e5fc86bd4f064a499ad1e2bb1c19ecd9,216.167,219.583,3.417,61,1,1,2026-05-29 09:27:40.204281,0ad31694a712418a834f4b7f760061be,https://youtu.be/zsTjVCaOWw8?si=68kRjEzaXQnOX7B3,zsTjVCaOWw8,Bhagyamaani - The Hulaki | Official Music Video |  भाग्यमानी,done,2026-05-29 09:25:42.493333,2026-05-29 09:27:40.212021
eb11e9116aef49f39198be82eeb458b9,222.417,228.208,5.792,63,1,1,2026-05-29 09:27:40.204281,0ad31694a712418a834f4b7f760061be,https://youtu.be/zsTjVCaOWw8?si=68kRjEzaXQnOX7B3,zsTjVCaOWw8,Bhagyamaani - The Hulaki | Official Music Video |  भाग्यमानी,done,2026-05-29 09:25:42.493333,2026-05-29 09:27:40.212021
dd184e1ebb6644e99a21e11d92ca8e0b,228.208,231.333,3.125,64,1,1,2026-05-29 09:27:40.204281,0ad31694a712418a834f4b7f760061be,https://youtu.be/zsTjVCaOWw8?si=68kRjEzaXQnOX7B3,zsTjVCaOWw8,Bhagyamaani - The Hulaki | Official Music Video |  भाग्यमानी,done,2026-05-29 09:25:42.493333,2026-05-29 09:27:40.212021
e57b9b4ddfe14a619f501ccc0055dd90,231.333,235.0,3.667,65,1,1,2026-05-29 09:27:40.204281,0ad31694a712418a834f4b7f760061be,https://youtu.be/zsTjVCaOWw8?si=68kRjEzaXQnOX7B3,zsTjVCaOWw8,Bhagyamaani - The Hulaki | Official Music Video |  भाग्यमानी,done,2026-05-29 09:25:42.493333,2026-05-29 09:27:40.212021
133c1033b8c549879f509b284504932b,235.0,242.083,7.083,66,1,1,2026-05-29 09:27:40.204281,0ad31694a712418a834f4b7f760061be,https://youtu.be/zsTjVCaOWw8?si=68kRjEzaXQnOX7B3,zsTjVCaOWw8,Bhagyamaani - The Hulaki | Official Music Video |  भाग्यमानी,done,2026-05-29 09:25:42.493333,2026-05-29 09:27:40.212021
976650f5d81c4252afa2ee9e01860868,242.083,246.833,4.75,67,1,1,2026-05-29 09:27:40.204281,0ad31694a712418a834f4b7f760061be,https://youtu.be/zsTjVCaOWw8?si=68kRjEzaXQnOX7B3,zsTjVCaOWw8,Bhagyamaani - The Hulaki | Official Music Video |  भाग्यमानी,done,2026-05-29 09:25:42.493333,2026-05-29 09:27:40.212021
68d1535e13ef405b91d88f9be5ce349f,249.583,254.958,5.375,69,1,1,2026-05-29 09:27:40.204281,0ad31694a712418a834f4b7f760061be,https://youtu.be/zsTjVCaOWw8?si=68kRjEzaXQnOX7B3,zsTjVCaOWw8,Bhagyamaani - The Hulaki | Official Music Video |  भाग्यमानी,done,2026-05-29 09:25:42.493333,2026-05-29 09:27:40.212021
8833825b0e654a9f82202bea5efdccf2,257.167,260.917,3.75,71,1,1,2026-05-29 09:27:40.204281,0ad31694a712418a834f4b7f760061be,https://youtu.be/zsTjVCaOWw8?si=68kRjEzaXQnOX7B3,zsTjVCaOWw8,Bhagyamaani - The Hulaki | Official Music Video |  भाग्यमानी,done,2026-05-29 09:25:42.493333,2026-05-29 09:27:40.212021
c52dc7f735f6411dbeef1329f38f28be,263.667,273.667,10.0,73,1,1,2026-05-29 09:27:40.204281,0ad31694a712418a834f4b7f760061be,https://youtu.be/zsTjVCaOWw8?si=68kRjEzaXQnOX7B3,zsTjVCaOWw8,Bhagyamaani - The Hulaki | Official Music Video |  भाग्यमानी,done,2026-05-29 09:25:42.493333,2026-05-29 09:27:40.212021
7f86809ae6ac465193c67122302d4d9c,295.667,304.75,9.083,74,1,1,2026-05-29 09:27:40.204281,0ad31694a712418a834f4b7f760061be,https://youtu.be/zsTjVCaOWw8?si=68kRjEzaXQnOX7B3,zsTjVCaOWw8,Bhagyamaani - The Hulaki | Official Music Video |  भाग्यमानी,done,2026-05-29 09:25:42.493333,2026-05-29 09:27:40.212021
854816394e4f4510abd9c249a0bc6caf,304.75,313.458,8.708,75,1,1,2026-05-29 09:27:40.204281,0ad31694a712418a834f4b7f760061be,https://youtu.be/zsTjVCaOWw8?si=68kRjEzaXQnOX7B3,zsTjVCaOWw8,Bhagyamaani - The Hulaki | Official Music Video |  भाग्यमानी,done,2026-05-29 09:25:42.493333,2026-05-29 09:27:40.212021
0dda68508def46c5bf8fea1866aa3c0b,313.458,323.458,10.0,76,1,1,2026-05-29 09:27:40.204281,0ad31694a712418a834f4b7f760061be,https://youtu.be/zsTjVCaOWw8?si=68kRjEzaXQnOX7B3,zsTjVCaOWw8,Bhagyamaani - The Hulaki | Official Music Video |  भाग्यमानी,done,2026-05-29 09:25:42.493333,2026-05-29 09:27:40.212021
64a05b4be0b040ffb88f155574870d09,324.042,334.042,10.0,77,1,1,2026-05-29 09:27:40.204281,0ad31694a712418a834f4b7f760061be,https://youtu.be/zsTjVCaOWw8?si=68kRjEzaXQnOX7B3,zsTjVCaOWw8,Bhagyamaani - The Hulaki | Official Music Video |  भाग्यमानी,done,2026-05-29 09:25:42.493333,2026-05-29 09:27:40.212021
083e2842e75c4d45bfcbb9982ef00f51,9.267,14.133,4.867,7,0,1,2026-05-29 10:42:06.223716,29394c3649ea414f855a4a7d787d9632,https://youtu.be/ipZ6hQj-eNU?si=V7vGBTmEpDoQnfz9,ipZ6hQj-eNU,Bihanima - Sunil Bardewa | Nepali Superhit Song,done,2026-05-29 10:41:47.262445,2026-05-29 10:42:06.229899
423cc9b60b0d4344b7783ae3eb3d84ce,29.533,34.4,4.867,15,0,1,2026-05-29 10:42:06.223716,29394c3649ea414f855a4a7d787d9632,https://youtu.be/ipZ6hQj-eNU?si=V7vGBTmEpDoQnfz9,ipZ6hQj-eNU,Bihanima - Sunil Bardewa | Nepali Superhit Song,done,2026-05-29 10:41:47.262445,2026-05-29 10:42:06.229899
c52906597f034055bdc6e8e611b48da9,41.4,44.667,3.267,20,0,1,2026-05-29 10:42:06.223716,29394c3649ea414f855a4a7d787d9632,https://youtu.be/ipZ6hQj-eNU?si=V7vGBTmEpDoQnfz9,ipZ6hQj-eNU,Bihanima - Sunil Bardewa | Nepali Superhit Song,done,2026-05-29 10:41:47.262445,2026-05-29 10:42:06.229899
4181776b228b4e1c9862255a8bbc51d9,44.667,48.2,3.533,21,0,1,2026-05-29 10:42:06.223716,29394c3649ea414f855a4a7d787d9632,https://youtu.be/ipZ6hQj-eNU?si=V7vGBTmEpDoQnfz9,ipZ6hQj-eNU,Bihanima - Sunil Bardewa | Nepali Superhit Song,done,2026-05-29 10:41:47.262445,2026-05-29 10:42:06.229899
e0d3218047a74193aa0bd402be061813,48.2,52.333,4.133,22,0,1,2026-05-29 10:42:06.223716,29394c3649ea414f855a4a7d787d9632,https://youtu.be/ipZ6hQj-eNU?si=V7vGBTmEpDoQnfz9,ipZ6hQj-eNU,Bihanima - Sunil Bardewa | Nepali Superhit Song,done,2026-05-29 10:41:47.262445,2026-05-29 10:42:06.229899
dcc4dbaac96246e3bb5584f423bf3491,56.0,64.733,8.733,25,0,1,2026-05-29 10:42:06.223716,29394c3649ea414f855a4a7d787d9632,https://youtu.be/ipZ6hQj-eNU?si=V7vGBTmEpDoQnfz9,ipZ6hQj-eNU,Bihanima - Sunil Bardewa | Nepali Superhit Song,done,2026-05-29 10:41:47.262445,2026-05-29 10:42:06.229899
78db45fc3157487aaf786892501da1c1,74.4,79.0,4.6,32,0,1,2026-05-29 10:42:06.223716,29394c3649ea414f855a4a7d787d9632,https://youtu.be/ipZ6hQj-eNU?si=V7vGBTmEpDoQnfz9,ipZ6hQj-eNU,Bihanima - Sunil Bardewa | Nepali Superhit Song,done,2026-05-29 10:41:47.262445,2026-05-29 10:42:06.229899
11aa03cd22e846839fe549e8b75fa480,83.0,86.867,3.867,36,0,1,2026-05-29 10:42:06.223716,29394c3649ea414f855a4a7d787d9632,https://youtu.be/ipZ6hQj-eNU?si=V7vGBTmEpDoQnfz9,ipZ6hQj-eNU,Bihanima - Sunil Bardewa | Nepali Superhit Song,done,2026-05-29 10:41:47.262445,2026-05-29 10:42:06.229899
24e08581571944048ba43ca9e2451a34,86.867,93.2,6.333,37,0,1,2026-05-29 10:42:06.223716,29394c3649ea414f855a4a7d787d9632,https://youtu.be/ipZ6hQj-eNU?si=V7vGBTmEpDoQnfz9,ipZ6hQj-eNU,Bihanima - Sunil Bardewa | Nepali Superhit Song,done,2026-05-29 10:41:47.262445,2026-05-29 10:42:06.229899
1a3e22f8c415414eb94a9b8954df8ffe,100.067,109.0,8.933,42,0,1,2026-05-29 10:42:06.223716,29394c3649ea414f855a4a7d787d9632,https://youtu.be/ipZ6hQj-eNU?si=V7vGBTmEpDoQnfz9,ipZ6hQj-eNU,Bihanima - Sunil Bardewa | Nepali Superhit Song,done,2026-05-29 10:41:47.262445,2026-05-29 10:42:06.229899
2e12803cc8df4a1fb81d3fca6fde65c3,120.333,128.4,8.067,50,0,1,2026-05-29 10:42:06.223716,29394c3649ea414f855a4a7d787d9632,https://youtu.be/ipZ6hQj-eNU?si=V7vGBTmEpDoQnfz9,ipZ6hQj-eNU,Bihanima - Sunil Bardewa | Nepali Superhit Song,done,2026-05-29 10:41:47.262445,2026-05-29 10:42:06.229899
990ea2f20766413cbd374e6fd6832d7d,138.733,143.0,4.267,58,0,1,2026-05-29 10:42:06.223716,29394c3649ea414f855a4a7d787d9632,https://youtu.be/ipZ6hQj-eNU?si=V7vGBTmEpDoQnfz9,ipZ6hQj-eNU,Bihanima - Sunil Bardewa | Nepali Superhit Song,done,2026-05-29 10:41:47.262445,2026-05-29 10:42:06.229899
09f5d8297e9741f09efb09686ecc4a55,144.133,149.0,4.867,60,0,1,2026-05-29 10:42:06.223716,29394c3649ea414f855a4a7d787d9632,https://youtu.be/ipZ6hQj-eNU?si=V7vGBTmEpDoQnfz9,ipZ6hQj-eNU,Bihanima - Sunil Bardewa | Nepali Superhit Song,done,2026-05-29 10:41:47.262445,2026-05-29 10:42:06.229899
d438bdbc4257495188437412c55df3bc,149.0,154.8,5.8,61,0,1,2026-05-29 10:42:06.223716,29394c3649ea414f855a4a7d787d9632,https://youtu.be/ipZ6hQj-eNU?si=V7vGBTmEpDoQnfz9,ipZ6hQj-eNU,Bihanima - Sunil Bardewa | Nepali Superhit Song,done,2026-05-29 10:41:47.262445,2026-05-29 10:42:06.229899
df3cb407303e4ff78c6b68aac82ab143,154.8,158.2,3.4,62,0,1,2026-05-29 10:42:06.223716,29394c3649ea414f855a4a7d787d9632,https://youtu.be/ipZ6hQj-eNU?si=V7vGBTmEpDoQnfz9,ipZ6hQj-eNU,Bihanima - Sunil Bardewa | Nepali Superhit Song,done,2026-05-29 10:41:47.262445,2026-05-29 10:42:06.229899
417671f9f0af462c86b2b931d17260c5,159.267,164.133,4.867,64,0,1,2026-05-29 10:42:06.223716,29394c3649ea414f855a4a7d787d9632,https://youtu.be/ipZ6hQj-eNU?si=V7vGBTmEpDoQnfz9,ipZ6hQj-eNU,Bihanima - Sunil Bardewa | Nepali Superhit Song,done,2026-05-29 10:41:47.262445,2026-05-29 10:42:06.229899
2178599d9ed448c684c5c2235297fcd7,171.733,175.133,3.4,70,0,1,2026-05-29 10:42:06.223716,29394c3649ea414f855a4a7d787d9632,https://youtu.be/ipZ6hQj-eNU?si=V7vGBTmEpDoQnfz9,ipZ6hQj-eNU,Bihanima - Sunil Bardewa | Nepali Superhit Song,done,2026-05-29 10:41:47.262445,2026-05-29 10:42:06.229899
51e4f6cf51f845c88c24becbf5562a10,183.533,191.133,7.6,77,0,1,2026-05-29 10:42:06.224245,29394c3649ea414f855a4a7d787d9632,https://youtu.be/ipZ6hQj-eNU?si=V7vGBTmEpDoQnfz9,ipZ6hQj-eNU,Bihanima - Sunil Bardewa | Nepali Superhit Song,done,2026-05-29 10:41:47.262445,2026-05-29 10:42:06.229899
814717b3d1e94c23934bed69773ca51c,193.2,198.133,4.933,80,0,1,2026-05-29 10:42:06.224245,29394c3649ea414f855a4a7d787d9632,https://youtu.be/ipZ6hQj-eNU?si=V7vGBTmEpDoQnfz9,ipZ6hQj-eNU,Bihanima - Sunil Bardewa | Nepali Superhit Song,done,2026-05-29 10:41:47.262445,2026-05-29 10:42:06.229899
5313bd5f3d09486798afbd061c3dee28,199.733,206.267,6.533,82,0,1,2026-05-29 10:42:06.224245,29394c3649ea414f855a4a7d787d9632,https://youtu.be/ipZ6hQj-eNU?si=V7vGBTmEpDoQnfz9,ipZ6hQj-eNU,Bihanima - Sunil Bardewa | Nepali Superhit Song,done,2026-05-29 10:41:47.262445,2026-05-29 10:42:06.229899
a6af2e650d344f188ede0c1a402c194f,207.333,215.933,8.6,84,0,1,2026-05-29 10:42:06.224245,29394c3649ea414f855a4a7d787d9632,https://youtu.be/ipZ6hQj-eNU?si=V7vGBTmEpDoQnfz9,ipZ6hQj-eNU,Bihanima - Sunil Bardewa | Nepali Superhit Song,done,2026-05-29 10:41:47.262445,2026-05-29 10:42:06.229899
d97313edb26a454ba47048e030e923a7,217.0,222.533,5.533,86,0,1,2026-05-29 10:42:06.224245,29394c3649ea414f855a4a7d787d9632,https://youtu.be/ipZ6hQj-eNU?si=V7vGBTmEpDoQnfz9,ipZ6hQj-eNU,Bihanima - Sunil Bardewa | Nepali Superhit Song,done,2026-05-29 10:41:47.262445,2026-05-29 10:42:06.229899
3c315a1b7b4d4c32a93a3e024cc89766,222.533,231.6,9.067,87,0,1,2026-05-29 10:42:06.224245,29394c3649ea414f855a4a7d787d9632,https://youtu.be/ipZ6hQj-eNU?si=V7vGBTmEpDoQnfz9,ipZ6hQj-eNU,Bihanima - Sunil Bardewa | Nepali Superhit Song,done,2026-05-29 10:41:47.262445,2026-05-29 10:42:06.229899
bc95024de26a4777af94792b5d846de6,232.733,237.4,4.667,89,0,1,2026-05-29 10:42:06.224245,29394c3649ea414f855a4a7d787d9632,https://youtu.be/ipZ6hQj-eNU?si=V7vGBTmEpDoQnfz9,ipZ6hQj-eNU,Bihanima - Sunil Bardewa | Nepali Superhit Song,done,2026-05-29 10:41:47.262445,2026-05-29 10:42:06.229899
22d35740fa3a4dea84354080b34c49eb,246.267,256.267,10.0,94,0,1,2026-05-29 10:42:06.224245,29394c3649ea414f855a4a7d787d9632,https://youtu.be/ipZ6hQj-eNU?si=V7vGBTmEpDoQnfz9,ipZ6hQj-eNU,Bihanima - Sunil Bardewa | Nepali Superhit Song,done,2026-05-29 10:41:47.262445,2026-05-29 10:42:06.229899
145bc6190dae4ef1852678c62a04156d,261.8,265.733,3.933,98,0,1,2026-05-29 10:42:06.224245,29394c3649ea414f855a4a7d787d9632,https://youtu.be/ipZ6hQj-eNU?si=V7vGBTmEpDoQnfz9,ipZ6hQj-eNU,Bihanima - Sunil Bardewa | Nepali Superhit Song,done,2026-05-29 10:41:47.262445,2026-05-29 10:42:06.229899
4a066a952992463cb59721be158ddc2f,268.4,274.133,5.733,101,0,1,2026-05-29 10:42:06.224245,29394c3649ea414f855a4a7d787d9632,https://youtu.be/ipZ6hQj-eNU?si=V7vGBTmEpDoQnfz9,ipZ6hQj-eNU,Bihanima - Sunil Bardewa | Nepali Superhit Song,done,2026-05-29 10:41:47.262445,2026-05-29 10:42:06.229899
b21525b2dedf4130b2364262fb0c329f,16.8,21.667,4.867,10,0,1,2026-05-29 10:45:17.770489,136d790bfc3043419ad78881c3835178,https://youtu.be/7vXyX1p2QXQ?si=faAB6kog4PygPrs9,7vXyX1p2QXQ,"Bishnu Majhi  & Khuman Adhikari | Dekhana Mann Lako Chhainara ""देख्न मनलाको छैन र""  Ft. Baburam",done,2026-05-29 10:43:06.914596,2026-05-29 10:45:17.780500
be1a793b236c48a5a4209e5457181d2c,25.0,28.333,3.333,13,0,1,2026-05-29 10:45:17.770489,136d790bfc3043419ad78881c3835178,https://youtu.be/7vXyX1p2QXQ?si=faAB6kog4PygPrs9,7vXyX1p2QXQ,"Bishnu Majhi  & Khuman Adhikari | Dekhana Mann Lako Chhainara ""देख्न मनलाको छैन र""  Ft. Baburam",done,2026-05-29 10:43:06.914596,2026-05-29 10:45:17.780500
30fbc87da0d3458cb185963b51ab31cd,43.2,46.467,3.267,23,0,1,2026-05-29 10:45:17.770489,136d790bfc3043419ad78881c3835178,https://youtu.be/7vXyX1p2QXQ?si=faAB6kog4PygPrs9,7vXyX1p2QXQ,"Bishnu Majhi  & Khuman Adhikari | Dekhana Mann Lako Chhainara ""देख्न मनलाको छैन र""  Ft. Baburam",done,2026-05-29 10:43:06.914596,2026-05-29 10:45:17.780500
94a3ca10d46d4dfba45bb29b188a6571,49.2,53.0,3.8,26,0,1,2026-05-29 10:45:17.770489,136d790bfc3043419ad78881c3835178,https://youtu.be/7vXyX1p2QXQ?si=faAB6kog4PygPrs9,7vXyX1p2QXQ,"Bishnu Majhi  & Khuman Adhikari | Dekhana Mann Lako Chhainara ""देख्न मनलाको छैन र""  Ft. Baburam",done,2026-05-29 10:43:06.914596,2026-05-29 10:45:17.780500
bdcf871447cf472d9a15eeb9e58c3c2b,56.333,59.667,3.333,29,0,1,2026-05-29 10:45:17.770489,136d790bfc3043419ad78881c3835178,https://youtu.be/7vXyX1p2QXQ?si=faAB6kog4PygPrs9,7vXyX1p2QXQ,"Bishnu Majhi  & Khuman Adhikari | Dekhana Mann Lako Chhainara ""देख्न मनलाको छैन र""  Ft. Baburam",done,2026-05-29 10:43:06.914596,2026-05-29 10:45:17.780500
13d84c36d5404e58863b49f50a671400,61.2,64.667,3.467,31,0,1,2026-05-29 10:45:17.770489,136d790bfc3043419ad78881c3835178,https://youtu.be/7vXyX1p2QXQ?si=faAB6kog4PygPrs9,7vXyX1p2QXQ,"Bishnu Majhi  & Khuman Adhikari | Dekhana Mann Lako Chhainara ""देख्न मनलाको छैन र""  Ft. Baburam",done,2026-05-29 10:43:06.914596,2026-05-29 10:45:17.780500
a23fa6ec1ede49a88ea2600485abbe05,67.867,71.333,3.467,34,0,1,2026-05-29 10:45:17.770489,136d790bfc3043419ad78881c3835178,https://youtu.be/7vXyX1p2QXQ?si=faAB6kog4PygPrs9,7vXyX1p2QXQ,"Bishnu Majhi  & Khuman Adhikari | Dekhana Mann Lako Chhainara ""देख्न मनलाको छैन र""  Ft. Baburam",done,2026-05-29 10:43:06.914596,2026-05-29 10:45:17.780500
11522e1b7f2a49e0b6400eb909a2a1cd,72.933,76.333,3.4,36,0,1,2026-05-29 10:45:17.770489,136d790bfc3043419ad78881c3835178,https://youtu.be/7vXyX1p2QXQ?si=faAB6kog4PygPrs9,7vXyX1p2QXQ,"Bishnu Majhi  & Khuman Adhikari | Dekhana Mann Lako Chhainara ""देख्न मनलाको छैन र""  Ft. Baburam",done,2026-05-29 10:43:06.914596,2026-05-29 10:45:17.780500
553e2bd1c2e64564831b0fc6f98cbcec,82.8,86.133,3.333,41,0,1,2026-05-29 10:45:17.770489,136d790bfc3043419ad78881c3835178,https://youtu.be/7vXyX1p2QXQ?si=faAB6kog4PygPrs9,7vXyX1p2QXQ,"Bishnu Majhi  & Khuman Adhikari | Dekhana Mann Lako Chhainara ""देख्न मनलाको छैन र""  Ft. Baburam",done,2026-05-29 10:43:06.914596,2026-05-29 10:45:17.780500
dc9f8e04a5534abbb74e0ff407e5cc1a,86.133,89.533,3.4,42,0,1,2026-05-29 10:45:17.770489,136d790bfc3043419ad78881c3835178,https://youtu.be/7vXyX1p2QXQ?si=faAB6kog4PygPrs9,7vXyX1p2QXQ,"Bishnu Majhi  & Khuman Adhikari | Dekhana Mann Lako Chhainara ""देख्न मनलाको छैन र""  Ft. Baburam",done,2026-05-29 10:43:06.914596,2026-05-29 10:45:17.780500
d1add8dcb24441b48381abff89ef0522,94.4,98.6,4.2,46,0,1,2026-05-29 10:45:17.770489,136d790bfc3043419ad78881c3835178,https://youtu.be/7vXyX1p2QXQ?si=faAB6kog4PygPrs9,7vXyX1p2QXQ,"Bishnu Majhi  & Khuman Adhikari | Dekhana Mann Lako Chhainara ""देख्न मनलाको छैन र""  Ft. Baburam",done,2026-05-29 10:43:06.914596,2026-05-29 10:45:17.780500
f29fea8e324a43e6b2551ead529b8068,101.067,105.867,4.8,48,0,1,2026-05-29 10:45:17.770489,136d790bfc3043419ad78881c3835178,https://youtu.be/7vXyX1p2QXQ?si=faAB6kog4PygPrs9,7vXyX1p2QXQ,"Bishnu Majhi  & Khuman Adhikari | Dekhana Mann Lako Chhainara ""देख्न मनलाको छैन र""  Ft. Baburam",done,2026-05-29 10:43:06.914596,2026-05-29 10:45:17.780500
563b833ad0f043e1922df5ff1aae39b8,111.0,114.333,3.333,52,0,1,2026-05-29 10:45:17.770489,136d790bfc3043419ad78881c3835178,https://youtu.be/7vXyX1p2QXQ?si=faAB6kog4PygPrs9,7vXyX1p2QXQ,"Bishnu Majhi  & Khuman Adhikari | Dekhana Mann Lako Chhainara ""देख्न मनलाको छैन र""  Ft. Baburam",done,2026-05-29 10:43:06.914596,2026-05-29 10:45:17.780500
6d2051d1d3f0468b839b9277a50dcff6,117.533,120.8,3.267,55,0,1,2026-05-29 10:45:17.770489,136d790bfc3043419ad78881c3835178,https://youtu.be/7vXyX1p2QXQ?si=faAB6kog4PygPrs9,7vXyX1p2QXQ,"Bishnu Majhi  & Khuman Adhikari | Dekhana Mann Lako Chhainara ""देख्न मनलाको छैन र""  Ft. Baburam",done,2026-05-29 10:43:06.914596,2026-05-29 10:45:17.780500
5796559dba7b483bbef7d17f97fe0f97,130.8,134.067,3.267,62,0,1,2026-05-29 10:45:17.770489,136d790bfc3043419ad78881c3835178,https://youtu.be/7vXyX1p2QXQ?si=faAB6kog4PygPrs9,7vXyX1p2QXQ,"Bishnu Majhi  & Khuman Adhikari | Dekhana Mann Lako Chhainara ""देख्न मनलाको छैन र""  Ft. Baburam",done,2026-05-29 10:43:06.914596,2026-05-29 10:45:17.780500
04cdc47418d547c6a172ab169f337fa9,135.8,139.067,3.267,64,0,1,2026-05-29 10:45:17.770489,136d790bfc3043419ad78881c3835178,https://youtu.be/7vXyX1p2QXQ?si=faAB6kog4PygPrs9,7vXyX1p2QXQ,"Bishnu Majhi  & Khuman Adhikari | Dekhana Mann Lako Chhainara ""देख्न मनलाको छैन र""  Ft. Baburam",done,2026-05-29 10:43:06.914596,2026-05-29 10:45:17.780500
3238f734c1154e3590b73f2ee3c74ddf,146.733,154.0,7.267,70,0,1,2026-05-29 10:45:17.770489,136d790bfc3043419ad78881c3835178,https://youtu.be/7vXyX1p2QXQ?si=faAB6kog4PygPrs9,7vXyX1p2QXQ,"Bishnu Majhi  & Khuman Adhikari | Dekhana Mann Lako Chhainara ""देख्न मनलाको छैन र""  Ft. Baburam",done,2026-05-29 10:43:06.914596,2026-05-29 10:45:17.780500
5a9bd563712844ada1149520f2c930dc,155.6,162.2,6.6,72,0,1,2026-05-29 10:45:17.770489,136d790bfc3043419ad78881c3835178,https://youtu.be/7vXyX1p2QXQ?si=faAB6kog4PygPrs9,7vXyX1p2QXQ,"Bishnu Majhi  & Khuman Adhikari | Dekhana Mann Lako Chhainara ""देख्न मनलाको छैन र""  Ft. Baburam",done,2026-05-29 10:43:06.914596,2026-05-29 10:45:17.780500
6301b06b13cb45c0b21c5cc1e4f4617a,162.2,167.267,5.067,73,0,1,2026-05-29 10:45:17.770489,136d790bfc3043419ad78881c3835178,https://youtu.be/7vXyX1p2QXQ?si=faAB6kog4PygPrs9,7vXyX1p2QXQ,"Bishnu Majhi  & Khuman Adhikari | Dekhana Mann Lako Chhainara ""देख्न मनलाको छैन र""  Ft. Baburam",done,2026-05-29 10:43:06.914596,2026-05-29 10:45:17.780500
0d9f05860b5645c9a37e9f6beb1952a2,167.267,172.2,4.933,74,0,1,2026-05-29 10:45:17.770489,136d790bfc3043419ad78881c3835178,https://youtu.be/7vXyX1p2QXQ?si=faAB6kog4PygPrs9,7vXyX1p2QXQ,"Bishnu Majhi  & Khuman Adhikari | Dekhana Mann Lako Chhainara ""देख्न मनलाको छैन र""  Ft. Baburam",done,2026-05-29 10:43:06.914596,2026-05-29 10:45:17.780500
6c9dcf477da44510aad45489d3b850fa,173.8,182.133,8.333,76,0,1,2026-05-29 10:45:17.770489,136d790bfc3043419ad78881c3835178,https://youtu.be/7vXyX1p2QXQ?si=faAB6kog4PygPrs9,7vXyX1p2QXQ,"Bishnu Majhi  & Khuman Adhikari | Dekhana Mann Lako Chhainara ""देख्न मनलाको छैन र""  Ft. Baburam",done,2026-05-29 10:43:06.914596,2026-05-29 10:45:17.780500
4028aed0b43c4dbe8b0e3c0a5cabc1b9,183.8,187.133,3.333,78,0,1,2026-05-29 10:45:17.770489,136d790bfc3043419ad78881c3835178,https://youtu.be/7vXyX1p2QXQ?si=faAB6kog4PygPrs9,7vXyX1p2QXQ,"Bishnu Majhi  & Khuman Adhikari | Dekhana Mann Lako Chhainara ""देख्न मनलाको छैन र""  Ft. Baburam",done,2026-05-29 10:43:06.914596,2026-05-29 10:45:17.780500
9f1f18fb26f04f4db4f6693a0719afc3,187.133,190.4,3.267,79,0,1,2026-05-29 10:45:17.770489,136d790bfc3043419ad78881c3835178,https://youtu.be/7vXyX1p2QXQ?si=faAB6kog4PygPrs9,7vXyX1p2QXQ,"Bishnu Majhi  & Khuman Adhikari | Dekhana Mann Lako Chhainara ""देख्न मनलाको छैन र""  Ft. Baburam",done,2026-05-29 10:43:06.914596,2026-05-29 10:45:17.780500
760efa0c33f04c28b9b0aaa8ade895c4,190.4,197.0,6.6,80,0,1,2026-05-29 10:45:17.770489,136d790bfc3043419ad78881c3835178,https://youtu.be/7vXyX1p2QXQ?si=faAB6kog4PygPrs9,7vXyX1p2QXQ,"Bishnu Majhi  & Khuman Adhikari | Dekhana Mann Lako Chhainara ""देख्न मनलाको छैन र""  Ft. Baburam",done,2026-05-29 10:43:06.914596,2026-05-29 10:45:17.780500
261967ec4d0848f48639758f79b0d18c,198.6,201.6,3.0,82,0,1,2026-05-29 10:45:17.770489,136d790bfc3043419ad78881c3835178,https://youtu.be/7vXyX1p2QXQ?si=faAB6kog4PygPrs9,7vXyX1p2QXQ,"Bishnu Majhi  & Khuman Adhikari | Dekhana Mann Lako Chhainara ""देख्न मनलाको छैन र""  Ft. Baburam",done,2026-05-29 10:43:06.914596,2026-05-29 10:45:17.780500
34453ae4532f45beb234442f47f6a355,201.6,206.8,5.2,83,0,1,2026-05-29 10:45:17.770489,136d790bfc3043419ad78881c3835178,https://youtu.be/7vXyX1p2QXQ?si=faAB6kog4PygPrs9,7vXyX1p2QXQ,"Bishnu Majhi  & Khuman Adhikari | Dekhana Mann Lako Chhainara ""देख्न मनलाको छैन र""  Ft. Baburam",done,2026-05-29 10:43:06.914596,2026-05-29 10:45:17.780500
4d2f92ffeb434f979252333e6502cb80,229.733,232.733,3.0,98,0,1,2026-05-29 10:45:17.770489,136d790bfc3043419ad78881c3835178,https://youtu.be/7vXyX1p2QXQ?si=faAB6kog4PygPrs9,7vXyX1p2QXQ,"Bishnu Majhi  & Khuman Adhikari | Dekhana Mann Lako Chhainara ""देख्न मनलाको छैन र""  Ft. Baburam",done,2026-05-29 10:43:06.914596,2026-05-29 10:45:17.780500
8f09065e55d44e9694b74517c9482414,236.133,240.867,4.733,101,0,1,2026-05-29 10:45:17.771018,136d790bfc3043419ad78881c3835178,https://youtu.be/7vXyX1p2QXQ?si=faAB6kog4PygPrs9,7vXyX1p2QXQ,"Bishnu Majhi  & Khuman Adhikari | Dekhana Mann Lako Chhainara ""देख्न मनलाको छैन र""  Ft. Baburam",done,2026-05-29 10:43:06.914596,2026-05-29 10:45:17.780500
8626bd8a09824336808d77a3bfdcd1e9,250.733,254.8,4.067,107,0,1,2026-05-29 10:45:17.771018,136d790bfc3043419ad78881c3835178,https://youtu.be/7vXyX1p2QXQ?si=faAB6kog4PygPrs9,7vXyX1p2QXQ,"Bishnu Majhi  & Khuman Adhikari | Dekhana Mann Lako Chhainara ""देख्न मनलाको छैन र""  Ft. Baburam",done,2026-05-29 10:43:06.914596,2026-05-29 10:45:17.780500
8762e186ad3d47bb89e8117a444208fc,260.933,264.8,3.867,111,0,1,2026-05-29 10:45:17.771018,136d790bfc3043419ad78881c3835178,https://youtu.be/7vXyX1p2QXQ?si=faAB6kog4PygPrs9,7vXyX1p2QXQ,"Bishnu Majhi  & Khuman Adhikari | Dekhana Mann Lako Chhainara ""देख्न मनलाको छैन र""  Ft. Baburam",done,2026-05-29 10:43:06.914596,2026-05-29 10:45:17.780500
76d44b05d084463eb3326d8d4a2cba37,266.4,269.867,3.467,113,0,1,2026-05-29 10:45:17.771018,136d790bfc3043419ad78881c3835178,https://youtu.be/7vXyX1p2QXQ?si=faAB6kog4PygPrs9,7vXyX1p2QXQ,"Bishnu Majhi  & Khuman Adhikari | Dekhana Mann Lako Chhainara ""देख्न मनलाको छैन र""  Ft. Baburam",done,2026-05-29 10:43:06.914596,2026-05-29 10:45:17.780500
a469fa836e2f4d449b1ea7e32b03cb17,271.4,276.467,5.067,115,0,1,2026-05-29 10:45:17.771018,136d790bfc3043419ad78881c3835178,https://youtu.be/7vXyX1p2QXQ?si=faAB6kog4PygPrs9,7vXyX1p2QXQ,"Bishnu Majhi  & Khuman Adhikari | Dekhana Mann Lako Chhainara ""देख्न मनलाको छैन र""  Ft. Baburam",done,2026-05-29 10:43:06.914596,2026-05-29 10:45:17.780500
4446829745f24313949754253a6a82d1,276.467,279.733,3.267,116,0,1,2026-05-29 10:45:17.771018,136d790bfc3043419ad78881c3835178,https://youtu.be/7vXyX1p2QXQ?si=faAB6kog4PygPrs9,7vXyX1p2QXQ,"Bishnu Majhi  & Khuman Adhikari | Dekhana Mann Lako Chhainara ""देख्न मनलाको छैन र""  Ft. Baburam",done,2026-05-29 10:43:06.914596,2026-05-29 10:45:17.780500
441275c2e71b40b896a9cd401be0b07e,281.4,284.667,3.267,118,0,1,2026-05-29 10:45:17.771018,136d790bfc3043419ad78881c3835178,https://youtu.be/7vXyX1p2QXQ?si=faAB6kog4PygPrs9,7vXyX1p2QXQ,"Bishnu Majhi  & Khuman Adhikari | Dekhana Mann Lako Chhainara ""देख्न मनलाको छैन र""  Ft. Baburam",done,2026-05-29 10:43:06.914596,2026-05-29 10:45:17.780500
eed57640dc844f62b89eafd52b801b82,284.667,292.733,8.067,119,0,1,2026-05-29 10:45:17.771018,136d790bfc3043419ad78881c3835178,https://youtu.be/7vXyX1p2QXQ?si=faAB6kog4PygPrs9,7vXyX1p2QXQ,"Bishnu Majhi  & Khuman Adhikari | Dekhana Mann Lako Chhainara ""देख्न मनलाको छैन र""  Ft. Baburam",done,2026-05-29 10:43:06.914596,2026-05-29 10:45:17.780500
f5233a575e9141ae8dc973d8f414ffda,294.6,297.933,3.333,121,0,1,2026-05-29 10:45:17.771018,136d790bfc3043419ad78881c3835178,https://youtu.be/7vXyX1p2QXQ?si=faAB6kog4PygPrs9,7vXyX1p2QXQ,"Bishnu Majhi  & Khuman Adhikari | Dekhana Mann Lako Chhainara ""देख्न मनलाको छैन र""  Ft. Baburam",done,2026-05-29 10:43:06.914596,2026-05-29 10:45:17.780500
5902619d394845d1978a0e92196c47ff,303.667,307.867,4.2,125,0,1,2026-05-29 10:45:17.771018,136d790bfc3043419ad78881c3835178,https://youtu.be/7vXyX1p2QXQ?si=faAB6kog4PygPrs9,7vXyX1p2QXQ,"Bishnu Majhi  & Khuman Adhikari | Dekhana Mann Lako Chhainara ""देख्न मनलाको छैन र""  Ft. Baburam",done,2026-05-29 10:43:06.914596,2026-05-29 10:45:17.780500
9872cbda80064a6d8096459b91bfe39f,309.533,312.933,3.4,127,0,1,2026-05-29 10:45:17.771018,136d790bfc3043419ad78881c3835178,https://youtu.be/7vXyX1p2QXQ?si=faAB6kog4PygPrs9,7vXyX1p2QXQ,"Bishnu Majhi  & Khuman Adhikari | Dekhana Mann Lako Chhainara ""देख्न मनलाको छैन र""  Ft. Baburam",done,2026-05-29 10:43:06.914596,2026-05-29 10:45:17.780500
83c5d30330af4a3f857cfd8a8274343a,312.933,317.8,4.867,128,0,1,2026-05-29 10:45:17.771018,136d790bfc3043419ad78881c3835178,https://youtu.be/7vXyX1p2QXQ?si=faAB6kog4PygPrs9,7vXyX1p2QXQ,"Bishnu Majhi  & Khuman Adhikari | Dekhana Mann Lako Chhainara ""देख्न मनलाको छैन र""  Ft. Baburam",done,2026-05-29 10:43:06.914596,2026-05-29 10:45:17.780500
a72bc0d3348148d8ae8c9b16df500717,319.467,322.933,3.467,130,0,1,2026-05-29 10:45:17.771018,136d790bfc3043419ad78881c3835178,https://youtu.be/7vXyX1p2QXQ?si=faAB6kog4PygPrs9,7vXyX1p2QXQ,"Bishnu Majhi  & Khuman Adhikari | Dekhana Mann Lako Chhainara ""देख्न मनलाको छैन र""  Ft. Baburam",done,2026-05-29 10:43:06.914596,2026-05-29 10:45:17.780500
517516bc8ca34ebe859bd140bfcb2f29,324.333,328.6,4.267,132,0,1,2026-05-29 10:45:17.771018,136d790bfc3043419ad78881c3835178,https://youtu.be/7vXyX1p2QXQ?si=faAB6kog4PygPrs9,7vXyX1p2QXQ,"Bishnu Majhi  & Khuman Adhikari | Dekhana Mann Lako Chhainara ""देख्न मनलाको छैन र""  Ft. Baburam",done,2026-05-29 10:43:06.914596,2026-05-29 10:45:17.780500
aaed2aa07ba24710a9d717c0edaa38d4,328.6,332.667,4.067,133,0,1,2026-05-29 10:45:17.771018,136d790bfc3043419ad78881c3835178,https://youtu.be/7vXyX1p2QXQ?si=faAB6kog4PygPrs9,7vXyX1p2QXQ,"Bishnu Majhi  & Khuman Adhikari | Dekhana Mann Lako Chhainara ""देख्न मनलाको छैन र""  Ft. Baburam",done,2026-05-29 10:43:06.914596,2026-05-29 10:45:17.780500
edd8bd9ce8294b389e12dcf28674a1db,334.267,337.733,3.467,135,0,1,2026-05-29 10:45:17.771018,136d790bfc3043419ad78881c3835178,https://youtu.be/7vXyX1p2QXQ?si=faAB6kog4PygPrs9,7vXyX1p2QXQ,"Bishnu Majhi  & Khuman Adhikari | Dekhana Mann Lako Chhainara ""देख्न मनलाको छैन र""  Ft. Baburam",done,2026-05-29 10:43:06.914596,2026-05-29 10:45:17.780500
c780a9c77089489fa84b42e84ab8cacf,341.0,346.0,5.0,138,0,1,2026-05-29 10:45:17.771018,136d790bfc3043419ad78881c3835178,https://youtu.be/7vXyX1p2QXQ?si=faAB6kog4PygPrs9,7vXyX1p2QXQ,"Bishnu Majhi  & Khuman Adhikari | Dekhana Mann Lako Chhainara ""देख्न मनलाको छैन र""  Ft. Baburam",done,2026-05-29 10:43:06.914596,2026-05-29 10:45:17.780500
6dcad3c5cf54420b8eaf3529f50b34c5,356.667,360.733,4.067,144,0,1,2026-05-29 10:45:17.771018,136d790bfc3043419ad78881c3835178,https://youtu.be/7vXyX1p2QXQ?si=faAB6kog4PygPrs9,7vXyX1p2QXQ,"Bishnu Majhi  & Khuman Adhikari | Dekhana Mann Lako Chhainara ""देख्न मनलाको छैन र""  Ft. Baburam",done,2026-05-29 10:43:06.914596,2026-05-29 10:45:17.780500
1d285360aac24d29a4fe202d2d8abf37,367.4,370.933,3.533,149,0,1,2026-05-29 10:45:17.771018,136d790bfc3043419ad78881c3835178,https://youtu.be/7vXyX1p2QXQ?si=faAB6kog4PygPrs9,7vXyX1p2QXQ,"Bishnu Majhi  & Khuman Adhikari | Dekhana Mann Lako Chhainara ""देख्न मनलाको छैन र""  Ft. Baburam",done,2026-05-29 10:43:06.914596,2026-05-29 10:45:17.780500
5916186d1231412c9d297d147d02441c,370.933,374.067,3.133,150,0,1,2026-05-29 10:45:17.771018,136d790bfc3043419ad78881c3835178,https://youtu.be/7vXyX1p2QXQ?si=faAB6kog4PygPrs9,7vXyX1p2QXQ,"Bishnu Majhi  & Khuman Adhikari | Dekhana Mann Lako Chhainara ""देख्न मनलाको छैन र""  Ft. Baburam",done,2026-05-29 10:43:06.914596,2026-05-29 10:45:17.780500
c080f81aa2464dc180f767edbc7631c0,377.333,380.733,3.4,153,0,1,2026-05-29 10:45:17.771018,136d790bfc3043419ad78881c3835178,https://youtu.be/7vXyX1p2QXQ?si=faAB6kog4PygPrs9,7vXyX1p2QXQ,"Bishnu Majhi  & Khuman Adhikari | Dekhana Mann Lako Chhainara ""देख्न मनलाको छैन र""  Ft. Baburam",done,2026-05-29 10:43:06.914596,2026-05-29 10:45:17.780500
7235331a3d7d4f568afb86118fbde524,388.933,392.267,3.333,159,0,1,2026-05-29 10:45:17.771018,136d790bfc3043419ad78881c3835178,https://youtu.be/7vXyX1p2QXQ?si=faAB6kog4PygPrs9,7vXyX1p2QXQ,"Bishnu Majhi  & Khuman Adhikari | Dekhana Mann Lako Chhainara ""देख्न मनलाको छैन र""  Ft. Baburam",done,2026-05-29 10:43:06.914596,2026-05-29 10:45:17.780500
dab5fd8d29574410b2e8759cc418d2c3,392.267,395.733,3.467,160,0,1,2026-05-29 10:45:17.771018,136d790bfc3043419ad78881c3835178,https://youtu.be/7vXyX1p2QXQ?si=faAB6kog4PygPrs9,7vXyX1p2QXQ,"Bishnu Majhi  & Khuman Adhikari | Dekhana Mann Lako Chhainara ""देख्न मनलाको छैन र""  Ft. Baburam",done,2026-05-29 10:43:06.914596,2026-05-29 10:45:17.780500
cc931bcf8000455885c0e58ce08bc68e,397.2,404.067,6.867,162,0,1,2026-05-29 10:45:17.771018,136d790bfc3043419ad78881c3835178,https://youtu.be/7vXyX1p2QXQ?si=faAB6kog4PygPrs9,7vXyX1p2QXQ,"Bishnu Majhi  & Khuman Adhikari | Dekhana Mann Lako Chhainara ""देख्न मनलाको छैन र""  Ft. Baburam",done,2026-05-29 10:43:06.914596,2026-05-29 10:45:17.780500
3f31ac997f964360a40b6c2197fdeb41,406.667,413.8,7.133,164,0,1,2026-05-29 10:45:17.771018,136d790bfc3043419ad78881c3835178,https://youtu.be/7vXyX1p2QXQ?si=faAB6kog4PygPrs9,7vXyX1p2QXQ,"Bishnu Majhi  & Khuman Adhikari | Dekhana Mann Lako Chhainara ""देख्न मनलाको छैन र""  Ft. Baburam",done,2026-05-29 10:43:06.914596,2026-05-29 10:45:17.780500
594c3da211634a17a90b4db807bf8dc7,416.6,426.6,10.0,167,0,1,2026-05-29 10:45:17.771018,136d790bfc3043419ad78881c3835178,https://youtu.be/7vXyX1p2QXQ?si=faAB6kog4PygPrs9,7vXyX1p2QXQ,"Bishnu Majhi  & Khuman Adhikari | Dekhana Mann Lako Chhainara ""देख्न मनलाको छैन र""  Ft. Baburam",done,2026-05-29 10:43:06.914596,2026-05-29 10:45:17.780500
b36a864585c94cc1a357aa92a2840a1c,430.267,435.267,5.0,170,0,1,2026-05-29 10:45:17.771018,136d790bfc3043419ad78881c3835178,https://youtu.be/7vXyX1p2QXQ?si=faAB6kog4PygPrs9,7vXyX1p2QXQ,"Bishnu Majhi  & Khuman Adhikari | Dekhana Mann Lako Chhainara ""देख्न मनलाको छैन र""  Ft. Baburam",done,2026-05-29 10:43:06.914596,2026-05-29 10:45:17.780500
84ff7e4684ce45b3a595c0fd8464b168,437.0,440.333,3.333,172,0,1,2026-05-29 10:45:17.771018,136d790bfc3043419ad78881c3835178,https://youtu.be/7vXyX1p2QXQ?si=faAB6kog4PygPrs9,7vXyX1p2QXQ,"Bishnu Majhi  & Khuman Adhikari | Dekhana Mann Lako Chhainara ""देख्न मनलाको छैन र""  Ft. Baburam",done,2026-05-29 10:43:06.914596,2026-05-29 10:45:17.780500
120bf31347c043518a237b22df7b39f4,441.933,445.0,3.067,174,0,1,2026-05-29 10:45:17.771018,136d790bfc3043419ad78881c3835178,https://youtu.be/7vXyX1p2QXQ?si=faAB6kog4PygPrs9,7vXyX1p2QXQ,"Bishnu Majhi  & Khuman Adhikari | Dekhana Mann Lako Chhainara ""देख्न मनलाको छैन र""  Ft. Baburam",done,2026-05-29 10:43:06.914596,2026-05-29 10:45:17.780500
8a1cc5e10a2a4566b8b890bd51484c7d,447.133,450.133,3.0,176,0,1,2026-05-29 10:45:17.771018,136d790bfc3043419ad78881c3835178,https://youtu.be/7vXyX1p2QXQ?si=faAB6kog4PygPrs9,7vXyX1p2QXQ,"Bishnu Majhi  & Khuman Adhikari | Dekhana Mann Lako Chhainara ""देख्न मनलाको छैन र""  Ft. Baburam",done,2026-05-29 10:43:06.914596,2026-05-29 10:45:17.780500
5ac41e80929843bfabcbf01c9b6f5252,450.133,455.133,5.0,177,0,1,2026-05-29 10:45:17.771018,136d790bfc3043419ad78881c3835178,https://youtu.be/7vXyX1p2QXQ?si=faAB6kog4PygPrs9,7vXyX1p2QXQ,"Bishnu Majhi  & Khuman Adhikari | Dekhana Mann Lako Chhainara ""देख्न मनलाको छैन र""  Ft. Baburam",done,2026-05-29 10:43:06.914596,2026-05-29 10:45:17.780500
bcaf395d8f1c46ad9ada24f5353029f7,455.133,458.4,3.267,178,0,1,2026-05-29 10:45:17.771018,136d790bfc3043419ad78881c3835178,https://youtu.be/7vXyX1p2QXQ?si=faAB6kog4PygPrs9,7vXyX1p2QXQ,"Bishnu Majhi  & Khuman Adhikari | Dekhana Mann Lako Chhainara ""देख्न मनलाको छैन र""  Ft. Baburam",done,2026-05-29 10:43:06.914596,2026-05-29 10:45:17.780500
534b59a4066e417fac2283eabccf8825,458.4,463.733,5.333,179,0,1,2026-05-29 10:45:17.771018,136d790bfc3043419ad78881c3835178,https://youtu.be/7vXyX1p2QXQ?si=faAB6kog4PygPrs9,7vXyX1p2QXQ,"Bishnu Majhi  & Khuman Adhikari | Dekhana Mann Lako Chhainara ""देख्न मनलाको छैन र""  Ft. Baburam",done,2026-05-29 10:43:06.914596,2026-05-29 10:45:17.780500
359643027de945e2a1375cf2c7769ac6,465.0,470.0,5.0,181,0,1,2026-05-29 10:45:17.771548,136d790bfc3043419ad78881c3835178,https://youtu.be/7vXyX1p2QXQ?si=faAB6kog4PygPrs9,7vXyX1p2QXQ,"Bishnu Majhi  & Khuman Adhikari | Dekhana Mann Lako Chhainara ""देख्न मनलाको छैन र""  Ft. Baburam",done,2026-05-29 10:43:06.914596,2026-05-29 10:45:17.780500
9f15d8d174bb4321a30fb6f1815f63dc,471.6,478.2,6.6,183,0,1,2026-05-29 10:45:17.771548,136d790bfc3043419ad78881c3835178,https://youtu.be/7vXyX1p2QXQ?si=faAB6kog4PygPrs9,7vXyX1p2QXQ,"Bishnu Majhi  & Khuman Adhikari | Dekhana Mann Lako Chhainara ""देख्न मनलाको छैन र""  Ft. Baburam",done,2026-05-29 10:43:06.914596,2026-05-29 10:45:17.780500
5a45f75e46b0451ba8bd938ad09cca25,479.867,486.333,6.467,185,0,1,2026-05-29 10:45:17.771548,136d790bfc3043419ad78881c3835178,https://youtu.be/7vXyX1p2QXQ?si=faAB6kog4PygPrs9,7vXyX1p2QXQ,"Bishnu Majhi  & Khuman Adhikari | Dekhana Mann Lako Chhainara ""देख्न मनलाको छैन र""  Ft. Baburam",done,2026-05-29 10:43:06.914596,2026-05-29 10:45:17.780500
f2b1f25bb805493b95d310552f837357,486.333,492.333,6.0,186,0,1,2026-05-29 10:45:17.771548,136d790bfc3043419ad78881c3835178,https://youtu.be/7vXyX1p2QXQ?si=faAB6kog4PygPrs9,7vXyX1p2QXQ,"Bishnu Majhi  & Khuman Adhikari | Dekhana Mann Lako Chhainara ""देख्न मनलाको छैन र""  Ft. Baburam",done,2026-05-29 10:43:06.914596,2026-05-29 10:45:17.780500
d7173e101cdb493f9c25b44668c46d4d,492.333,496.533,4.2,187,0,1,2026-05-29 10:45:17.771548,136d790bfc3043419ad78881c3835178,https://youtu.be/7vXyX1p2QXQ?si=faAB6kog4PygPrs9,7vXyX1p2QXQ,"Bishnu Majhi  & Khuman Adhikari | Dekhana Mann Lako Chhainara ""देख्न मनलाको छैन र""  Ft. Baburam",done,2026-05-29 10:43:06.914596,2026-05-29 10:45:17.780500
012abe0ac87a4e5184f865d68dd2badd,498.133,506.4,8.267,189,0,1,2026-05-29 10:45:17.771548,136d790bfc3043419ad78881c3835178,https://youtu.be/7vXyX1p2QXQ?si=faAB6kog4PygPrs9,7vXyX1p2QXQ,"Bishnu Majhi  & Khuman Adhikari | Dekhana Mann Lako Chhainara ""देख्न मनलाको छैन र""  Ft. Baburam",done,2026-05-29 10:43:06.914596,2026-05-29 10:45:17.780500
3dd1783ed96f4f99952f95e6651c2eb4,508.067,511.4,3.333,191,0,1,2026-05-29 10:45:17.771548,136d790bfc3043419ad78881c3835178,https://youtu.be/7vXyX1p2QXQ?si=faAB6kog4PygPrs9,7vXyX1p2QXQ,"Bishnu Majhi  & Khuman Adhikari | Dekhana Mann Lako Chhainara ""देख्न मनलाको छैन र""  Ft. Baburam",done,2026-05-29 10:43:06.914596,2026-05-29 10:45:17.780500
5adb23ffbc92483e8cf8a62ec8bdae51,513.0,521.267,8.267,193,0,1,2026-05-29 10:45:17.771548,136d790bfc3043419ad78881c3835178,https://youtu.be/7vXyX1p2QXQ?si=faAB6kog4PygPrs9,7vXyX1p2QXQ,"Bishnu Majhi  & Khuman Adhikari | Dekhana Mann Lako Chhainara ""देख्न मनलाको छैन र""  Ft. Baburam",done,2026-05-29 10:43:06.914596,2026-05-29 10:45:17.780500
46b036b9609a4b18976e6dc98321273d,522.933,527.933,5.0,195,0,1,2026-05-29 10:45:17.771548,136d790bfc3043419ad78881c3835178,https://youtu.be/7vXyX1p2QXQ?si=faAB6kog4PygPrs9,7vXyX1p2QXQ,"Bishnu Majhi  & Khuman Adhikari | Dekhana Mann Lako Chhainara ""देख्न मनलाको छैन र""  Ft. Baburam",done,2026-05-29 10:43:06.914596,2026-05-29 10:45:17.780500
7d1a984edd7741cfa8110aeb299c2597,527.933,532.2,4.267,196,0,1,2026-05-29 10:45:17.771548,136d790bfc3043419ad78881c3835178,https://youtu.be/7vXyX1p2QXQ?si=faAB6kog4PygPrs9,7vXyX1p2QXQ,"Bishnu Majhi  & Khuman Adhikari | Dekhana Mann Lako Chhainara ""देख्न मनलाको छैन र""  Ft. Baburam",done,2026-05-29 10:43:06.914596,2026-05-29 10:45:17.780500
1e726bbbc30e4011b30e8b337e222db6,537.8,541.133,3.333,200,0,1,2026-05-29 10:45:17.771548,136d790bfc3043419ad78881c3835178,https://youtu.be/7vXyX1p2QXQ?si=faAB6kog4PygPrs9,7vXyX1p2QXQ,"Bishnu Majhi  & Khuman Adhikari | Dekhana Mann Lako Chhainara ""देख्न मनलाको छैन र""  Ft. Baburam",done,2026-05-29 10:43:06.914596,2026-05-29 10:45:17.780500
8bc5042c83d9454d98e9d3b8d6de69ca,542.8,551.067,8.267,202,0,1,2026-05-29 10:45:17.771548,136d790bfc3043419ad78881c3835178,https://youtu.be/7vXyX1p2QXQ?si=faAB6kog4PygPrs9,7vXyX1p2QXQ,"Bishnu Majhi  & Khuman Adhikari | Dekhana Mann Lako Chhainara ""देख्न मनलाको छैन र""  Ft. Baburam",done,2026-05-29 10:43:06.914596,2026-05-29 10:45:17.780500
f1c9a493f6d242e1965860d05d77c35d,552.733,556.0,3.267,204,0,1,2026-05-29 10:45:17.771548,136d790bfc3043419ad78881c3835178,https://youtu.be/7vXyX1p2QXQ?si=faAB6kog4PygPrs9,7vXyX1p2QXQ,"Bishnu Majhi  & Khuman Adhikari | Dekhana Mann Lako Chhainara ""देख्न मनलाको छैन र""  Ft. Baburam",done,2026-05-29 10:43:06.914596,2026-05-29 10:45:17.780500
4d8b38f4473f458cbf05d8965aff01d4,557.667,561.0,3.333,206,0,1,2026-05-29 10:45:17.771548,136d790bfc3043419ad78881c3835178,https://youtu.be/7vXyX1p2QXQ?si=faAB6kog4PygPrs9,7vXyX1p2QXQ,"Bishnu Majhi  & Khuman Adhikari | Dekhana Mann Lako Chhainara ""देख्न मनलाको छैन र""  Ft. Baburam",done,2026-05-29 10:43:06.914596,2026-05-29 10:45:17.780500
8b9772cc13f14616ba60f0cfc6434fb6,561.0,565.2,4.2,207,0,1,2026-05-29 10:45:17.771548,136d790bfc3043419ad78881c3835178,https://youtu.be/7vXyX1p2QXQ?si=faAB6kog4PygPrs9,7vXyX1p2QXQ,"Bishnu Majhi  & Khuman Adhikari | Dekhana Mann Lako Chhainara ""देख्न मनलाको छैन र""  Ft. Baburam",done,2026-05-29 10:43:06.914596,2026-05-29 10:45:17.780500
534f4db1e6744e2694e2b531c044f80e,565.2,570.933,5.733,208,0,1,2026-05-29 10:45:17.771548,136d790bfc3043419ad78881c3835178,https://youtu.be/7vXyX1p2QXQ?si=faAB6kog4PygPrs9,7vXyX1p2QXQ,"Bishnu Majhi  & Khuman Adhikari | Dekhana Mann Lako Chhainara ""देख्न मनलाको छैन र""  Ft. Baburam",done,2026-05-29 10:43:06.914596,2026-05-29 10:45:17.780500
e06c68426e35471799e78ebe0b204452,570.933,575.867,4.933,209,0,1,2026-05-29 10:45:17.771548,136d790bfc3043419ad78881c3835178,https://youtu.be/7vXyX1p2QXQ?si=faAB6kog4PygPrs9,7vXyX1p2QXQ,"Bishnu Majhi  & Khuman Adhikari | Dekhana Mann Lako Chhainara ""देख्न मनलाको छैन र""  Ft. Baburam",done,2026-05-29 10:43:06.914596,2026-05-29 10:45:17.780500
c395522780eb414f9ee05f15df67baf1,575.867,579.2,3.333,210,0,1,2026-05-29 10:45:17.771548,136d790bfc3043419ad78881c3835178,https://youtu.be/7vXyX1p2QXQ?si=faAB6kog4PygPrs9,7vXyX1p2QXQ,"Bishnu Majhi  & Khuman Adhikari | Dekhana Mann Lako Chhainara ""देख्न मनलाको छैन र""  Ft. Baburam",done,2026-05-29 10:43:06.914596,2026-05-29 10:45:17.780500
22c4d8fab15f4aa2bc2183db8a506edf,580.667,584.4,3.733,212,0,1,2026-05-29 10:45:17.771548,136d790bfc3043419ad78881c3835178,https://youtu.be/7vXyX1p2QXQ?si=faAB6kog4PygPrs9,7vXyX1p2QXQ,"Bishnu Majhi  & Khuman Adhikari | Dekhana Mann Lako Chhainara ""देख्न मनलाको छैन र""  Ft. Baburam",done,2026-05-29 10:43:06.914596,2026-05-29 10:45:17.780500
dee83c2b12eb41a195106cf79777684f,585.8,590.667,4.867,214,0,1,2026-05-29 10:45:17.771548,136d790bfc3043419ad78881c3835178,https://youtu.be/7vXyX1p2QXQ?si=faAB6kog4PygPrs9,7vXyX1p2QXQ,"Bishnu Majhi  & Khuman Adhikari | Dekhana Mann Lako Chhainara ""देख्न मनलाको छैन र""  Ft. Baburam",done,2026-05-29 10:43:06.914596,2026-05-29 10:45:17.780500
c10217bdb5e3468694f37133c17dbb3f,594.333,598.667,4.333,217,0,1,2026-05-29 10:45:17.771548,136d790bfc3043419ad78881c3835178,https://youtu.be/7vXyX1p2QXQ?si=faAB6kog4PygPrs9,7vXyX1p2QXQ,"Bishnu Majhi  & Khuman Adhikari | Dekhana Mann Lako Chhainara ""देख्न मनलाको छैन र""  Ft. Baburam",done,2026-05-29 10:43:06.914596,2026-05-29 10:45:17.780500
59cc57d685ca4579aa3e288bbaf1b0e7,598.667,602.2,3.533,218,0,1,2026-05-29 10:45:17.771548,136d790bfc3043419ad78881c3835178,https://youtu.be/7vXyX1p2QXQ?si=faAB6kog4PygPrs9,7vXyX1p2QXQ,"Bishnu Majhi  & Khuman Adhikari | Dekhana Mann Lako Chhainara ""देख्न मनलाको छैन र""  Ft. Baburam",done,2026-05-29 10:43:06.914596,2026-05-29 10:45:17.780500
b9c5f981a2034d4f8a2ad9342475f988,606.6,610.733,4.133,222,0,1,2026-05-29 10:45:17.771548,136d790bfc3043419ad78881c3835178,https://youtu.be/7vXyX1p2QXQ?si=faAB6kog4PygPrs9,7vXyX1p2QXQ,"Bishnu Majhi  & Khuman Adhikari | Dekhana Mann Lako Chhainara ""देख्न मनलाको छैन र""  Ft. Baburam",done,2026-05-29 10:43:06.914596,2026-05-29 10:45:17.780500
bf1ee8682ef84ddf815007a2f5d51a86,612.4,616.0,3.6,224,0,1,2026-05-29 10:45:17.771548,136d790bfc3043419ad78881c3835178,https://youtu.be/7vXyX1p2QXQ?si=faAB6kog4PygPrs9,7vXyX1p2QXQ,"Bishnu Majhi  & Khuman Adhikari | Dekhana Mann Lako Chhainara ""देख्न मनलाको छैन र""  Ft. Baburam",done,2026-05-29 10:43:06.914596,2026-05-29 10:45:17.780500
2b8f32450a884cb491e0eafa0ca646c9,621.533,627.067,5.533,227,0,1,2026-05-29 10:45:17.771548,136d790bfc3043419ad78881c3835178,https://youtu.be/7vXyX1p2QXQ?si=faAB6kog4PygPrs9,7vXyX1p2QXQ,"Bishnu Majhi  & Khuman Adhikari | Dekhana Mann Lako Chhainara ""देख्न मनलाको छैन र""  Ft. Baburam",done,2026-05-29 10:43:06.914596,2026-05-29 10:45:17.780500
6d30a8d0bf9940209bfc501837ac9e10,630.467,633.8,3.333,230,0,1,2026-05-29 10:45:17.771548,136d790bfc3043419ad78881c3835178,https://youtu.be/7vXyX1p2QXQ?si=faAB6kog4PygPrs9,7vXyX1p2QXQ,"Bishnu Majhi  & Khuman Adhikari | Dekhana Mann Lako Chhainara ""देख्न मनलाको छैन र""  Ft. Baburam",done,2026-05-29 10:43:06.914596,2026-05-29 10:45:17.780500
4bcd2d4e13e542629a4e7057019d67e0,633.8,637.333,3.533,231,0,1,2026-05-29 10:45:17.771548,136d790bfc3043419ad78881c3835178,https://youtu.be/7vXyX1p2QXQ?si=faAB6kog4PygPrs9,7vXyX1p2QXQ,"Bishnu Majhi  & Khuman Adhikari | Dekhana Mann Lako Chhainara ""देख्न मनलाको छैन र""  Ft. Baburam",done,2026-05-29 10:43:06.914596,2026-05-29 10:45:17.780500
141739cbf3b045c8834854d28f74587a,0.0,7.2,7.2,0,1,1,2026-05-29 09:02:36.398179,5f0a8b344e87489ca96671a3dd5d261f,https://youtu.be/-Rzp19Fpmuc?si=IgZa5B5wozjP-uWT,-Rzp19Fpmuc,Budho Bhaiyo - The Firantee | Nepali Song | Official Music Video 2025,done,2026-05-29 09:00:46.698706,2026-05-29 09:02:36.404148
b13b799ae6a1488c9f8493900e2f6966,7.2,17.2,10.0,1,1,1,2026-05-29 09:02:36.398179,5f0a8b344e87489ca96671a3dd5d261f,https://youtu.be/-Rzp19Fpmuc?si=IgZa5B5wozjP-uWT,-Rzp19Fpmuc,Budho Bhaiyo - The Firantee | Nepali Song | Official Music Video 2025,done,2026-05-29 09:00:46.698706,2026-05-29 09:02:36.404148
eee60fe5b2664ee68d568a3667c7362c,19.32,29.32,10.0,2,1,1,2026-05-29 09:02:36.398179,5f0a8b344e87489ca96671a3dd5d261f,https://youtu.be/-Rzp19Fpmuc?si=IgZa5B5wozjP-uWT,-Rzp19Fpmuc,Budho Bhaiyo - The Firantee | Nepali Song | Official Music Video 2025,done,2026-05-29 09:00:46.698706,2026-05-29 09:02:36.404148
fddad28a86d14577bf2875e6d0768c32,54.08,57.4,3.32,16,1,1,2026-05-29 09:02:36.398179,5f0a8b344e87489ca96671a3dd5d261f,https://youtu.be/-Rzp19Fpmuc?si=IgZa5B5wozjP-uWT,-Rzp19Fpmuc,Budho Bhaiyo - The Firantee | Nepali Song | Official Music Video 2025,done,2026-05-29 09:00:46.698706,2026-05-29 09:02:36.404148
f31a22f646f84c2eb506aab7fbc7d16f,60.4,65.0,4.6,19,1,1,2026-05-29 09:02:36.398179,5f0a8b344e87489ca96671a3dd5d261f,https://youtu.be/-Rzp19Fpmuc?si=IgZa5B5wozjP-uWT,-Rzp19Fpmuc,Budho Bhaiyo - The Firantee | Nepali Song | Official Music Video 2025,done,2026-05-29 09:00:46.698706,2026-05-29 09:02:36.404148
5cc333e2c77d40a68238de5fa29a5135,65.0,68.72,3.72,20,1,1,2026-05-29 09:02:36.398179,5f0a8b344e87489ca96671a3dd5d261f,https://youtu.be/-Rzp19Fpmuc?si=IgZa5B5wozjP-uWT,-Rzp19Fpmuc,Budho Bhaiyo - The Firantee | Nepali Song | Official Music Video 2025,done,2026-05-29 09:00:46.698706,2026-05-29 09:02:36.404148
49aea2740d714069994866496240b504,71.24,76.32,5.08,22,1,1,2026-05-29 09:02:36.398179,5f0a8b344e87489ca96671a3dd5d261f,https://youtu.be/-Rzp19Fpmuc?si=IgZa5B5wozjP-uWT,-Rzp19Fpmuc,Budho Bhaiyo - The Firantee | Nepali Song | Official Music Video 2025,done,2026-05-29 09:00:46.698706,2026-05-29 09:02:36.404148
365e2a53e06549cf90d8adb935334f0e,78.76,85.12,6.36,24,1,1,2026-05-29 09:02:36.398179,5f0a8b344e87489ca96671a3dd5d261f,https://youtu.be/-Rzp19Fpmuc?si=IgZa5B5wozjP-uWT,-Rzp19Fpmuc,Budho Bhaiyo - The Firantee | Nepali Song | Official Music Video 2025,done,2026-05-29 09:00:46.698706,2026-05-29 09:02:36.404148
f7e22407801e496aae82f19ac1f67c90,110.12,113.24,3.12,37,1,1,2026-05-29 09:02:36.398179,5f0a8b344e87489ca96671a3dd5d261f,https://youtu.be/-Rzp19Fpmuc?si=IgZa5B5wozjP-uWT,-Rzp19Fpmuc,Budho Bhaiyo - The Firantee | Nepali Song | Official Music Video 2025,done,2026-05-29 09:00:46.698706,2026-05-29 09:02:36.404148
11bd380f1ea84819bdae409e8247a471,115.6,120.52,4.92,41,1,1,2026-05-29 09:02:36.398179,5f0a8b344e87489ca96671a3dd5d261f,https://youtu.be/-Rzp19Fpmuc?si=IgZa5B5wozjP-uWT,-Rzp19Fpmuc,Budho Bhaiyo - The Firantee | Nepali Song | Official Music Video 2025,done,2026-05-29 09:00:46.698706,2026-05-29 09:02:36.404148
71d54753ee5f4b79ab9b999f6f3d89ea,120.52,130.32,9.8,42,1,1,2026-05-29 09:02:36.398179,5f0a8b344e87489ca96671a3dd5d261f,https://youtu.be/-Rzp19Fpmuc?si=IgZa5B5wozjP-uWT,-Rzp19Fpmuc,Budho Bhaiyo - The Firantee | Nepali Song | Official Music Video 2025,done,2026-05-29 09:00:46.698706,2026-05-29 09:02:36.404148
ff8682f6eb4b4b1c82615981b3dabc92,130.32,135.52,5.2,43,1,1,2026-05-29 09:02:36.398179,5f0a8b344e87489ca96671a3dd5d261f,https://youtu.be/-Rzp19Fpmuc?si=IgZa5B5wozjP-uWT,-Rzp19Fpmuc,Budho Bhaiyo - The Firantee | Nepali Song | Official Music Video 2025,done,2026-05-29 09:00:46.698706,2026-05-29 09:02:36.404148
591b66c892504206a8cfde4eec7f7f82,141.08,145.72,4.64,46,1,1,2026-05-29 09:02:36.398179,5f0a8b344e87489ca96671a3dd5d261f,https://youtu.be/-Rzp19Fpmuc?si=IgZa5B5wozjP-uWT,-Rzp19Fpmuc,Budho Bhaiyo - The Firantee | Nepali Song | Official Music Video 2025,done,2026-05-29 09:00:46.698706,2026-05-29 09:02:36.404148
200e971be55648989fec342071168a78,145.72,150.64,4.92,47,1,1,2026-05-29 09:02:36.398179,5f0a8b344e87489ca96671a3dd5d261f,https://youtu.be/-Rzp19Fpmuc?si=IgZa5B5wozjP-uWT,-Rzp19Fpmuc,Budho Bhaiyo - The Firantee | Nepali Song | Official Music Video 2025,done,2026-05-29 09:00:46.698706,2026-05-29 09:02:36.404148
5373d883a6e441e0bc000982352e0460,158.92,165.04,6.12,52,1,1,2026-05-29 09:02:36.398179,5f0a8b344e87489ca96671a3dd5d261f,https://youtu.be/-Rzp19Fpmuc?si=IgZa5B5wozjP-uWT,-Rzp19Fpmuc,Budho Bhaiyo - The Firantee | Nepali Song | Official Music Video 2025,done,2026-05-29 09:00:46.698706,2026-05-29 09:02:36.404148
3c362a54dfab4ced9a31f3c13c679920,165.04,175.04,10.0,53,1,1,2026-05-29 09:02:36.398179,5f0a8b344e87489ca96671a3dd5d261f,https://youtu.be/-Rzp19Fpmuc?si=IgZa5B5wozjP-uWT,-Rzp19Fpmuc,Budho Bhaiyo - The Firantee | Nepali Song | Official Music Video 2025,done,2026-05-29 09:00:46.698706,2026-05-29 09:02:36.404148
37befab587b1452d9588a73dfd9c72c0,185.2,193.32,8.12,58,1,1,2026-05-29 09:02:36.398179,5f0a8b344e87489ca96671a3dd5d261f,https://youtu.be/-Rzp19Fpmuc?si=IgZa5B5wozjP-uWT,-Rzp19Fpmuc,Budho Bhaiyo - The Firantee | Nepali Song | Official Music Video 2025,done,2026-05-29 09:00:46.698706,2026-05-29 09:02:36.404148
6c6e1e6a19524e30a673663f3f967036,196.04,202.68,6.64,60,1,1,2026-05-29 09:02:36.398179,5f0a8b344e87489ca96671a3dd5d261f,https://youtu.be/-Rzp19Fpmuc?si=IgZa5B5wozjP-uWT,-Rzp19Fpmuc,Budho Bhaiyo - The Firantee | Nepali Song | Official Music Video 2025,done,2026-05-29 09:00:46.698706,2026-05-29 09:02:36.404148
227ee3b49f5d4bd18ff7cd6928da68ed,204.28,211.24,6.96,62,1,1,2026-05-29 09:02:36.398179,5f0a8b344e87489ca96671a3dd5d261f,https://youtu.be/-Rzp19Fpmuc?si=IgZa5B5wozjP-uWT,-Rzp19Fpmuc,Budho Bhaiyo - The Firantee | Nepali Song | Official Music Video 2025,done,2026-05-29 09:00:46.698706,2026-05-29 09:02:36.404148
b907664ec5974e5b9dcfde03aade89b7,215.12,223.84,8.72,65,1,1,2026-05-29 09:02:36.398179,5f0a8b344e87489ca96671a3dd5d261f,https://youtu.be/-Rzp19Fpmuc?si=IgZa5B5wozjP-uWT,-Rzp19Fpmuc,Budho Bhaiyo - The Firantee | Nepali Song | Official Music Video 2025,done,2026-05-29 09:00:46.698706,2026-05-29 09:02:36.404148
3c42e4139360451c839ad38b054e312d,223.84,229.16,5.32,66,1,1,2026-05-29 09:02:36.398179,5f0a8b344e87489ca96671a3dd5d261f,https://youtu.be/-Rzp19Fpmuc?si=IgZa5B5wozjP-uWT,-Rzp19Fpmuc,Budho Bhaiyo - The Firantee | Nepali Song | Official Music Video 2025,done,2026-05-29 09:00:46.698706,2026-05-29 09:02:36.404148
e9cc27b1be174ddc8a036686894f6655,237.16,241.44,4.28,71,1,1,2026-05-29 09:02:36.398179,5f0a8b344e87489ca96671a3dd5d261f,https://youtu.be/-Rzp19Fpmuc?si=IgZa5B5wozjP-uWT,-Rzp19Fpmuc,Budho Bhaiyo - The Firantee | Nepali Song | Official Music Video 2025,done,2026-05-29 09:00:46.698706,2026-05-29 09:02:36.404148
3308dde75975499e954a6cc6e0088539,241.44,251.44,10.0,72,1,1,2026-05-29 09:02:36.398179,5f0a8b344e87489ca96671a3dd5d261f,https://youtu.be/-Rzp19Fpmuc?si=IgZa5B5wozjP-uWT,-Rzp19Fpmuc,Budho Bhaiyo - The Firantee | Nepali Song | Official Music Video 2025,done,2026-05-29 09:00:46.698706,2026-05-29 09:02:36.404148
0499682050fe4052a3a351f276edd70f,1.8,8.4,6.6,1,0,1,2026-05-29 11:15:58.389354,972510370291406a92423279c14109e0,https://youtu.be/k7gaU4x799o?si=a07ofZ8WHVlvYqXJ,k7gaU4x799o,Chalekai Rit - Khuman Adhikari & Devi Gharti | Nepali Song,done,2026-05-29 11:15:06.057098,2026-05-29 11:15:58.399858
1a46328940524e188c8375d0092217fe,11.2,16.0,4.8,4,0,1,2026-05-29 11:15:58.389354,972510370291406a92423279c14109e0,https://youtu.be/k7gaU4x799o?si=a07ofZ8WHVlvYqXJ,k7gaU4x799o,Chalekai Rit - Khuman Adhikari & Devi Gharti | Nepali Song,done,2026-05-29 11:15:06.057098,2026-05-29 11:15:58.399858
c384a930f1ec4e7ab1e9dc8cbbf2c5b2,18.467,23.4,4.933,6,0,1,2026-05-29 11:15:58.389354,972510370291406a92423279c14109e0,https://youtu.be/k7gaU4x799o?si=a07ofZ8WHVlvYqXJ,k7gaU4x799o,Chalekai Rit - Khuman Adhikari & Devi Gharti | Nepali Song,done,2026-05-29 11:15:06.057098,2026-05-29 11:15:58.399858
570d346dc9d34487b46323c9ee24abe9,38.4,43.333,4.933,15,0,1,2026-05-29 11:15:58.389354,972510370291406a92423279c14109e0,https://youtu.be/k7gaU4x799o?si=a07ofZ8WHVlvYqXJ,k7gaU4x799o,Chalekai Rit - Khuman Adhikari & Devi Gharti | Nepali Song,done,2026-05-29 11:15:06.057098,2026-05-29 11:15:58.399858
695f386239d6436c9cd6cbb5e96ecdac,45.733,54.667,8.933,17,0,1,2026-05-29 11:15:58.389354,972510370291406a92423279c14109e0,https://youtu.be/k7gaU4x799o?si=a07ofZ8WHVlvYqXJ,k7gaU4x799o,Chalekai Rit - Khuman Adhikari & Devi Gharti | Nepali Song,done,2026-05-29 11:15:06.057098,2026-05-29 11:15:58.399858
be9d16ad47714814b91c5a2bfe166b4b,54.667,57.933,3.267,18,0,1,2026-05-29 11:15:58.389354,972510370291406a92423279c14109e0,https://youtu.be/k7gaU4x799o?si=a07ofZ8WHVlvYqXJ,k7gaU4x799o,Chalekai Rit - Khuman Adhikari & Devi Gharti | Nepali Song,done,2026-05-29 11:15:06.057098,2026-05-29 11:15:58.399858
60919e7d08054baaa037d9d3d7ebbc74,57.933,60.933,3.0,19,0,1,2026-05-29 11:15:58.389354,972510370291406a92423279c14109e0,https://youtu.be/k7gaU4x799o?si=a07ofZ8WHVlvYqXJ,k7gaU4x799o,Chalekai Rit - Khuman Adhikari & Devi Gharti | Nepali Song,done,2026-05-29 11:15:06.057098,2026-05-29 11:15:58.399858
b2b301d6be984d10a10fd6741016e899,87.2,92.067,4.867,35,0,1,2026-05-29 11:15:58.389354,972510370291406a92423279c14109e0,https://youtu.be/k7gaU4x799o?si=a07ofZ8WHVlvYqXJ,k7gaU4x799o,Chalekai Rit - Khuman Adhikari & Devi Gharti | Nepali Song,done,2026-05-29 11:15:06.057098,2026-05-29 11:15:58.399858
5231a02c60634012a7b4e694acef40ce,105.933,111.4,5.467,43,0,1,2026-05-29 11:15:58.389354,972510370291406a92423279c14109e0,https://youtu.be/k7gaU4x799o?si=a07ofZ8WHVlvYqXJ,k7gaU4x799o,Chalekai Rit - Khuman Adhikari & Devi Gharti | Nepali Song,done,2026-05-29 11:15:06.057098,2026-05-29 11:15:58.399858
519ce28c49a848c9854fd7959dbbc989,114.8,118.133,3.333,46,0,1,2026-05-29 11:15:58.389354,972510370291406a92423279c14109e0,https://youtu.be/k7gaU4x799o?si=a07ofZ8WHVlvYqXJ,k7gaU4x799o,Chalekai Rit - Khuman Adhikari & Devi Gharti | Nepali Song,done,2026-05-29 11:15:06.057098,2026-05-29 11:15:58.399858
83538f4fd5874d64b184d1a7281d474e,123.0,127.867,4.867,50,0,1,2026-05-29 11:15:58.389354,972510370291406a92423279c14109e0,https://youtu.be/k7gaU4x799o?si=a07ofZ8WHVlvYqXJ,k7gaU4x799o,Chalekai Rit - Khuman Adhikari & Devi Gharti | Nepali Song,done,2026-05-29 11:15:06.057098,2026-05-29 11:15:58.399858
6a95ac410abc48ada5aef63a51e90bd1,133.0,136.333,3.333,54,0,1,2026-05-29 11:15:58.389354,972510370291406a92423279c14109e0,https://youtu.be/k7gaU4x799o?si=a07ofZ8WHVlvYqXJ,k7gaU4x799o,Chalekai Rit - Khuman Adhikari & Devi Gharti | Nepali Song,done,2026-05-29 11:15:06.057098,2026-05-29 11:15:58.399858
c77bcbce90f14558b3388c6599400256,138.0,141.333,3.333,56,0,1,2026-05-29 11:15:58.389354,972510370291406a92423279c14109e0,https://youtu.be/k7gaU4x799o?si=a07ofZ8WHVlvYqXJ,k7gaU4x799o,Chalekai Rit - Khuman Adhikari & Devi Gharti | Nepali Song,done,2026-05-29 11:15:06.057098,2026-05-29 11:15:58.399858
578bcceecc13418a9beb4e6e3022b82b,149.6,154.667,5.067,62,0,1,2026-05-29 11:15:58.389354,972510370291406a92423279c14109e0,https://youtu.be/k7gaU4x799o?si=a07ofZ8WHVlvYqXJ,k7gaU4x799o,Chalekai Rit - Khuman Adhikari & Devi Gharti | Nepali Song,done,2026-05-29 11:15:06.057098,2026-05-29 11:15:58.399858
93e7462b9523419aaee5982873389e99,155.8,159.667,3.867,64,0,1,2026-05-29 11:15:58.389354,972510370291406a92423279c14109e0,https://youtu.be/k7gaU4x799o?si=a07ofZ8WHVlvYqXJ,k7gaU4x799o,Chalekai Rit - Khuman Adhikari & Devi Gharti | Nepali Song,done,2026-05-29 11:15:06.057098,2026-05-29 11:15:58.399858
1d4c95a4d1454315b32dd3561270dc5a,165.933,170.133,4.2,69,0,1,2026-05-29 11:15:58.389354,972510370291406a92423279c14109e0,https://youtu.be/k7gaU4x799o?si=a07ofZ8WHVlvYqXJ,k7gaU4x799o,Chalekai Rit - Khuman Adhikari & Devi Gharti | Nepali Song,done,2026-05-29 11:15:06.057098,2026-05-29 11:15:58.399858
20a029acb0d7421f8128cde1ee57014a,182.733,185.933,3.2,78,0,1,2026-05-29 11:15:58.389354,972510370291406a92423279c14109e0,https://youtu.be/k7gaU4x799o?si=a07ofZ8WHVlvYqXJ,k7gaU4x799o,Chalekai Rit - Khuman Adhikari & Devi Gharti | Nepali Song,done,2026-05-29 11:15:06.057098,2026-05-29 11:15:58.399858
9660144f4d674c688d9b25f4b7f01a3a,196.6,199.933,3.333,85,0,1,2026-05-29 11:15:58.389354,972510370291406a92423279c14109e0,https://youtu.be/k7gaU4x799o?si=a07ofZ8WHVlvYqXJ,k7gaU4x799o,Chalekai Rit - Khuman Adhikari & Devi Gharti | Nepali Song,done,2026-05-29 11:15:06.057098,2026-05-29 11:15:58.399858
a4d1d235b23142f2a5cf90fe2d587038,201.533,206.267,4.733,87,0,1,2026-05-29 11:15:58.389354,972510370291406a92423279c14109e0,https://youtu.be/k7gaU4x799o?si=a07ofZ8WHVlvYqXJ,k7gaU4x799o,Chalekai Rit - Khuman Adhikari & Devi Gharti | Nepali Song,done,2026-05-29 11:15:06.057098,2026-05-29 11:15:58.399858
206c6f0a46b94e6d9ef2defb65c76d9e,207.4,210.867,3.467,89,0,1,2026-05-29 11:15:58.389354,972510370291406a92423279c14109e0,https://youtu.be/k7gaU4x799o?si=a07ofZ8WHVlvYqXJ,k7gaU4x799o,Chalekai Rit - Khuman Adhikari & Devi Gharti | Nepali Song,done,2026-05-29 11:15:06.057098,2026-05-29 11:15:58.399858
6f0b381436204a2e8ea9f99eac0f39a3,212.333,217.2,4.867,91,0,1,2026-05-29 11:15:58.389354,972510370291406a92423279c14109e0,https://youtu.be/k7gaU4x799o?si=a07ofZ8WHVlvYqXJ,k7gaU4x799o,Chalekai Rit - Khuman Adhikari & Devi Gharti | Nepali Song,done,2026-05-29 11:15:06.057098,2026-05-29 11:15:58.399858
40d341360e744557aae88bd73302b6bd,218.333,221.333,3.0,93,0,1,2026-05-29 11:15:58.389354,972510370291406a92423279c14109e0,https://youtu.be/k7gaU4x799o?si=a07ofZ8WHVlvYqXJ,k7gaU4x799o,Chalekai Rit - Khuman Adhikari & Devi Gharti | Nepali Song,done,2026-05-29 11:15:06.057098,2026-05-29 11:15:58.399858
706b2a75bc3a457c92791031db243a60,222.867,232.867,10.0,95,0,1,2026-05-29 11:15:58.389354,972510370291406a92423279c14109e0,https://youtu.be/k7gaU4x799o?si=a07ofZ8WHVlvYqXJ,k7gaU4x799o,Chalekai Rit - Khuman Adhikari & Devi Gharti | Nepali Song,done,2026-05-29 11:15:06.057098,2026-05-29 11:15:58.399858
67f4e613ff8e436cb9ad5519e3c42640,238.733,242.667,3.933,99,0,1,2026-05-29 11:15:58.389354,972510370291406a92423279c14109e0,https://youtu.be/k7gaU4x799o?si=a07ofZ8WHVlvYqXJ,k7gaU4x799o,Chalekai Rit - Khuman Adhikari & Devi Gharti | Nepali Song,done,2026-05-29 11:15:06.057098,2026-05-29 11:15:58.399858
55b7d28c119d4a4fb8f2d0a6fca021ab,244.4,247.8,3.4,101,0,1,2026-05-29 11:15:58.389354,972510370291406a92423279c14109e0,https://youtu.be/k7gaU4x799o?si=a07ofZ8WHVlvYqXJ,k7gaU4x799o,Chalekai Rit - Khuman Adhikari & Devi Gharti | Nepali Song,done,2026-05-29 11:15:06.057098,2026-05-29 11:15:58.399858
d8d9f51c5c3946ad801aa3d46700e777,262.667,266.0,3.333,111,0,1,2026-05-29 11:15:58.389354,972510370291406a92423279c14109e0,https://youtu.be/k7gaU4x799o?si=a07ofZ8WHVlvYqXJ,k7gaU4x799o,Chalekai Rit - Khuman Adhikari & Devi Gharti | Nepali Song,done,2026-05-29 11:15:06.057098,2026-05-29 11:15:58.399858
0a7a1ea29e6e4d9390ddf1f0c66b6ef6,271.0,274.333,3.333,115,0,1,2026-05-29 11:15:58.389354,972510370291406a92423279c14109e0,https://youtu.be/k7gaU4x799o?si=a07ofZ8WHVlvYqXJ,k7gaU4x799o,Chalekai Rit - Khuman Adhikari & Devi Gharti | Nepali Song,done,2026-05-29 11:15:06.057098,2026-05-29 11:15:58.399858
855e370adadb468b85a7b58b833349b7,277.667,282.667,5.0,118,0,1,2026-05-29 11:15:58.389872,972510370291406a92423279c14109e0,https://youtu.be/k7gaU4x799o?si=a07ofZ8WHVlvYqXJ,k7gaU4x799o,Chalekai Rit - Khuman Adhikari & Devi Gharti | Nepali Song,done,2026-05-29 11:15:06.057098,2026-05-29 11:15:58.399858
bb70c11ed61d47368c6847690cf6c928,288.467,293.333,4.867,122,0,1,2026-05-29 11:15:58.389872,972510370291406a92423279c14109e0,https://youtu.be/k7gaU4x799o?si=a07ofZ8WHVlvYqXJ,k7gaU4x799o,Chalekai Rit - Khuman Adhikari & Devi Gharti | Nepali Song,done,2026-05-29 11:15:06.057098,2026-05-29 11:15:58.399858
2a0be8a13dc1459b8dc6c50106093063,312.333,315.6,3.267,132,0,1,2026-05-29 11:15:58.389872,972510370291406a92423279c14109e0,https://youtu.be/k7gaU4x799o?si=a07ofZ8WHVlvYqXJ,k7gaU4x799o,Chalekai Rit - Khuman Adhikari & Devi Gharti | Nepali Song,done,2026-05-29 11:15:06.057098,2026-05-29 11:15:58.399858
3c599cdecf2f4f5db5cceb964993d27b,326.333,332.8,6.467,140,0,1,2026-05-29 11:15:58.389872,972510370291406a92423279c14109e0,https://youtu.be/k7gaU4x799o?si=a07ofZ8WHVlvYqXJ,k7gaU4x799o,Chalekai Rit - Khuman Adhikari & Devi Gharti | Nepali Song,done,2026-05-29 11:15:06.057098,2026-05-29 11:15:58.399858
a218845a7d8349a2bab45046ac97ddd9,335.533,339.333,3.8,143,0,1,2026-05-29 11:15:58.389872,972510370291406a92423279c14109e0,https://youtu.be/k7gaU4x799o?si=a07ofZ8WHVlvYqXJ,k7gaU4x799o,Chalekai Rit - Khuman Adhikari & Devi Gharti | Nepali Song,done,2026-05-29 11:15:06.057098,2026-05-29 11:15:58.399858
1352f2ef90ff4c92a93738dc228ef3a6,362.333,365.733,3.4,155,0,1,2026-05-29 11:15:58.389872,972510370291406a92423279c14109e0,https://youtu.be/k7gaU4x799o?si=a07ofZ8WHVlvYqXJ,k7gaU4x799o,Chalekai Rit - Khuman Adhikari & Devi Gharti | Nepali Song,done,2026-05-29 11:15:06.057098,2026-05-29 11:15:58.399858
7ee423f706c642878bd67cd50ecf6b63,365.733,369.067,3.333,156,0,1,2026-05-29 11:15:58.389872,972510370291406a92423279c14109e0,https://youtu.be/k7gaU4x799o?si=a07ofZ8WHVlvYqXJ,k7gaU4x799o,Chalekai Rit - Khuman Adhikari & Devi Gharti | Nepali Song,done,2026-05-29 11:15:06.057098,2026-05-29 11:15:58.399858
ae3b5b9c0d664bae87af753e3e6666d8,369.067,372.333,3.267,157,0,1,2026-05-29 11:15:58.389872,972510370291406a92423279c14109e0,https://youtu.be/k7gaU4x799o?si=a07ofZ8WHVlvYqXJ,k7gaU4x799o,Chalekai Rit - Khuman Adhikari & Devi Gharti | Nepali Song,done,2026-05-29 11:15:06.057098,2026-05-29 11:15:58.399858
234fbd1dc9374e75aac3496e0f1e8eb6,372.333,376.467,4.133,158,0,1,2026-05-29 11:15:58.389872,972510370291406a92423279c14109e0,https://youtu.be/k7gaU4x799o?si=a07ofZ8WHVlvYqXJ,k7gaU4x799o,Chalekai Rit - Khuman Adhikari & Devi Gharti | Nepali Song,done,2026-05-29 11:15:06.057098,2026-05-29 11:15:58.399858
dc3207386d2f4aebad91507c57fea9d8,376.467,380.733,4.267,159,0,1,2026-05-29 11:15:58.389872,972510370291406a92423279c14109e0,https://youtu.be/k7gaU4x799o?si=a07ofZ8WHVlvYqXJ,k7gaU4x799o,Chalekai Rit - Khuman Adhikari & Devi Gharti | Nepali Song,done,2026-05-29 11:15:06.057098,2026-05-29 11:15:58.399858
b19b146d319e4137a0fba50c9938b8a3,384.0,387.333,3.333,162,0,1,2026-05-29 11:15:58.389872,972510370291406a92423279c14109e0,https://youtu.be/k7gaU4x799o?si=a07ofZ8WHVlvYqXJ,k7gaU4x799o,Chalekai Rit - Khuman Adhikari & Devi Gharti | Nepali Song,done,2026-05-29 11:15:06.057098,2026-05-29 11:15:58.399858
85e2952a2aff48f4935369b2c948fc45,405.667,409.0,3.333,174,0,1,2026-05-29 11:15:58.389872,972510370291406a92423279c14109e0,https://youtu.be/k7gaU4x799o?si=a07ofZ8WHVlvYqXJ,k7gaU4x799o,Chalekai Rit - Khuman Adhikari & Devi Gharti | Nepali Song,done,2026-05-29 11:15:06.057098,2026-05-29 11:15:58.399858
0651d57d6e914c60a92be77f85dd2834,439.8,443.133,3.333,192,0,1,2026-05-29 11:15:58.389872,972510370291406a92423279c14109e0,https://youtu.be/k7gaU4x799o?si=a07ofZ8WHVlvYqXJ,k7gaU4x799o,Chalekai Rit - Khuman Adhikari & Devi Gharti | Nepali Song,done,2026-05-29 11:15:06.057098,2026-05-29 11:15:58.399858
6aa9fb058af7412087d47a0a7c11019a,456.0,459.333,3.333,200,0,1,2026-05-29 11:15:58.389872,972510370291406a92423279c14109e0,https://youtu.be/k7gaU4x799o?si=a07ofZ8WHVlvYqXJ,k7gaU4x799o,Chalekai Rit - Khuman Adhikari & Devi Gharti | Nepali Song,done,2026-05-29 11:15:06.057098,2026-05-29 11:15:58.399858
5c9a6d41da6446c788975c02448b7286,480.533,489.8,9.267,215,0,1,2026-05-29 11:15:58.389872,972510370291406a92423279c14109e0,https://youtu.be/k7gaU4x799o?si=a07ofZ8WHVlvYqXJ,k7gaU4x799o,Chalekai Rit - Khuman Adhikari & Devi Gharti | Nepali Song,done,2026-05-29 11:15:06.057098,2026-05-29 11:15:58.399858
1890fbdbff8b41f7b46998d0da2b3c29,0.0,3.042,3.042,0,1,1,2026-05-29 10:10:06.718441,1d01140843214331abf02b8313e7c460,https://youtu.be/1Iyc2wNHpLs?si=WUCsWJvYwhYZXUnQ,1Iyc2wNHpLs,"Chari Ko Ghar Gudaima Bhaye (HD) - Nepali Movie HAMI TEEN BHAI Song || Rajesh Hamal, Rekha Thapa",done,2026-05-29 10:03:17.472258,2026-05-29 10:10:06.725432
7746a73f93d341189fb7c364afb29f6e,5.458,10.125,4.667,2,1,1,2026-05-29 10:10:06.718441,1d01140843214331abf02b8313e7c460,https://youtu.be/1Iyc2wNHpLs?si=WUCsWJvYwhYZXUnQ,1Iyc2wNHpLs,"Chari Ko Ghar Gudaima Bhaye (HD) - Nepali Movie HAMI TEEN BHAI Song || Rajesh Hamal, Rekha Thapa",done,2026-05-29 10:03:17.472258,2026-05-29 10:10:06.725432
bbe647f3bbf6428dbe88a9246c0c567c,10.125,17.125,7.0,3,1,1,2026-05-29 10:10:06.718441,1d01140843214331abf02b8313e7c460,https://youtu.be/1Iyc2wNHpLs?si=WUCsWJvYwhYZXUnQ,1Iyc2wNHpLs,"Chari Ko Ghar Gudaima Bhaye (HD) - Nepali Movie HAMI TEEN BHAI Song || Rajesh Hamal, Rekha Thapa",done,2026-05-29 10:03:17.472258,2026-05-29 10:10:06.725432
5cc92f952b93479ab45be57e24d73336,17.125,23.167,6.042,4,1,1,2026-05-29 10:10:06.718441,1d01140843214331abf02b8313e7c460,https://youtu.be/1Iyc2wNHpLs?si=WUCsWJvYwhYZXUnQ,1Iyc2wNHpLs,"Chari Ko Ghar Gudaima Bhaye (HD) - Nepali Movie HAMI TEEN BHAI Song || Rajesh Hamal, Rekha Thapa",done,2026-05-29 10:03:17.472258,2026-05-29 10:10:06.725432
2cf57206e2744672bd06eb9b7a2a8855,28.875,32.333,3.458,9,1,1,2026-05-29 10:10:06.718441,1d01140843214331abf02b8313e7c460,https://youtu.be/1Iyc2wNHpLs?si=WUCsWJvYwhYZXUnQ,1Iyc2wNHpLs,"Chari Ko Ghar Gudaima Bhaye (HD) - Nepali Movie HAMI TEEN BHAI Song || Rajesh Hamal, Rekha Thapa",done,2026-05-29 10:03:17.472258,2026-05-29 10:10:06.725432
ed1d43df1cec4503940a8e93ad914e28,32.333,35.542,3.208,10,1,1,2026-05-29 10:10:06.718441,1d01140843214331abf02b8313e7c460,https://youtu.be/1Iyc2wNHpLs?si=WUCsWJvYwhYZXUnQ,1Iyc2wNHpLs,"Chari Ko Ghar Gudaima Bhaye (HD) - Nepali Movie HAMI TEEN BHAI Song || Rajesh Hamal, Rekha Thapa",done,2026-05-29 10:03:17.472258,2026-05-29 10:10:06.725432
84d19c64cf774067b93d93a0e435bdb2,42.292,46.292,4.0,14,1,1,2026-05-29 10:10:06.718441,1d01140843214331abf02b8313e7c460,https://youtu.be/1Iyc2wNHpLs?si=WUCsWJvYwhYZXUnQ,1Iyc2wNHpLs,"Chari Ko Ghar Gudaima Bhaye (HD) - Nepali Movie HAMI TEEN BHAI Song || Rajesh Hamal, Rekha Thapa",done,2026-05-29 10:03:17.472258,2026-05-29 10:10:06.725432
5420ba30841c4daa964a8ef21e6f49b4,52.125,55.542,3.417,18,1,1,2026-05-29 10:10:06.718973,1d01140843214331abf02b8313e7c460,https://youtu.be/1Iyc2wNHpLs?si=WUCsWJvYwhYZXUnQ,1Iyc2wNHpLs,"Chari Ko Ghar Gudaima Bhaye (HD) - Nepali Movie HAMI TEEN BHAI Song || Rajesh Hamal, Rekha Thapa",done,2026-05-29 10:03:17.472258,2026-05-29 10:10:06.725432
e3c8f15192e642f9b451ea9cd34704bd,57.208,64.958,7.75,20,1,1,2026-05-29 10:10:06.718973,1d01140843214331abf02b8313e7c460,https://youtu.be/1Iyc2wNHpLs?si=WUCsWJvYwhYZXUnQ,1Iyc2wNHpLs,"Chari Ko Ghar Gudaima Bhaye (HD) - Nepali Movie HAMI TEEN BHAI Song || Rajesh Hamal, Rekha Thapa",done,2026-05-29 10:03:17.472258,2026-05-29 10:10:06.725432
d7fe06c33f1943318390bd5e6ba61f29,70.542,74.167,3.625,24,1,1,2026-05-29 10:10:06.718973,1d01140843214331abf02b8313e7c460,https://youtu.be/1Iyc2wNHpLs?si=WUCsWJvYwhYZXUnQ,1Iyc2wNHpLs,"Chari Ko Ghar Gudaima Bhaye (HD) - Nepali Movie HAMI TEEN BHAI Song || Rajesh Hamal, Rekha Thapa",done,2026-05-29 10:03:17.472258,2026-05-29 10:10:06.725432
dd03c4c96ac44004adeaf17a89cf262a,76.292,80.0,3.708,26,1,1,2026-05-29 10:10:06.718973,1d01140843214331abf02b8313e7c460,https://youtu.be/1Iyc2wNHpLs?si=WUCsWJvYwhYZXUnQ,1Iyc2wNHpLs,"Chari Ko Ghar Gudaima Bhaye (HD) - Nepali Movie HAMI TEEN BHAI Song || Rajesh Hamal, Rekha Thapa",done,2026-05-29 10:03:17.472258,2026-05-29 10:10:06.725432
ed2f8be545064bedbbacdb2402c8403f,81.75,91.75,10.0,28,1,1,2026-05-29 10:10:06.718973,1d01140843214331abf02b8313e7c460,https://youtu.be/1Iyc2wNHpLs?si=WUCsWJvYwhYZXUnQ,1Iyc2wNHpLs,"Chari Ko Ghar Gudaima Bhaye (HD) - Nepali Movie HAMI TEEN BHAI Song || Rajesh Hamal, Rekha Thapa",done,2026-05-29 10:03:17.472258,2026-05-29 10:10:06.725432
46005780cccb45d9a082b9509533a6f1,100.458,108.833,8.375,31,1,1,2026-05-29 10:10:06.718973,1d01140843214331abf02b8313e7c460,https://youtu.be/1Iyc2wNHpLs?si=WUCsWJvYwhYZXUnQ,1Iyc2wNHpLs,"Chari Ko Ghar Gudaima Bhaye (HD) - Nepali Movie HAMI TEEN BHAI Song || Rajesh Hamal, Rekha Thapa",done,2026-05-29 10:03:17.472258,2026-05-29 10:10:06.725432
cf847c9d6c514dd7b898411e353cdfbd,112.833,116.208,3.375,35,1,1,2026-05-29 10:10:06.718973,1d01140843214331abf02b8313e7c460,https://youtu.be/1Iyc2wNHpLs?si=WUCsWJvYwhYZXUnQ,1Iyc2wNHpLs,"Chari Ko Ghar Gudaima Bhaye (HD) - Nepali Movie HAMI TEEN BHAI Song || Rajesh Hamal, Rekha Thapa",done,2026-05-29 10:03:17.472258,2026-05-29 10:10:06.725432
5785f89a621f42f6a60dde08d72249b7,126.792,131.333,4.542,42,1,1,2026-05-29 10:10:06.718973,1d01140843214331abf02b8313e7c460,https://youtu.be/1Iyc2wNHpLs?si=WUCsWJvYwhYZXUnQ,1Iyc2wNHpLs,"Chari Ko Ghar Gudaima Bhaye (HD) - Nepali Movie HAMI TEEN BHAI Song || Rajesh Hamal, Rekha Thapa",done,2026-05-29 10:03:17.472258,2026-05-29 10:10:06.725432
eb9950b4dfb945cc89e3fca37df9a2b4,140.875,144.292,3.417,48,1,1,2026-05-29 10:10:06.718973,1d01140843214331abf02b8313e7c460,https://youtu.be/1Iyc2wNHpLs?si=WUCsWJvYwhYZXUnQ,1Iyc2wNHpLs,"Chari Ko Ghar Gudaima Bhaye (HD) - Nepali Movie HAMI TEEN BHAI Song || Rajesh Hamal, Rekha Thapa",done,2026-05-29 10:03:17.472258,2026-05-29 10:10:06.725432
3282d600253e40c9bc0f5db26dadcd23,144.292,154.292,10.0,49,1,1,2026-05-29 10:10:06.718973,1d01140843214331abf02b8313e7c460,https://youtu.be/1Iyc2wNHpLs?si=WUCsWJvYwhYZXUnQ,1Iyc2wNHpLs,"Chari Ko Ghar Gudaima Bhaye (HD) - Nepali Movie HAMI TEEN BHAI Song || Rajesh Hamal, Rekha Thapa",done,2026-05-29 10:03:17.472258,2026-05-29 10:10:06.725432
36df9df37b14407f91366c3944c584d2,154.708,158.875,4.167,50,1,1,2026-05-29 10:10:06.718973,1d01140843214331abf02b8313e7c460,https://youtu.be/1Iyc2wNHpLs?si=WUCsWJvYwhYZXUnQ,1Iyc2wNHpLs,"Chari Ko Ghar Gudaima Bhaye (HD) - Nepali Movie HAMI TEEN BHAI Song || Rajesh Hamal, Rekha Thapa",done,2026-05-29 10:03:17.472258,2026-05-29 10:10:06.725432
c30fedad8db3423eba3f5ba6b6f6c96a,158.875,167.333,8.458,51,1,1,2026-05-29 10:10:06.718973,1d01140843214331abf02b8313e7c460,https://youtu.be/1Iyc2wNHpLs?si=WUCsWJvYwhYZXUnQ,1Iyc2wNHpLs,"Chari Ko Ghar Gudaima Bhaye (HD) - Nepali Movie HAMI TEEN BHAI Song || Rajesh Hamal, Rekha Thapa",done,2026-05-29 10:03:17.472258,2026-05-29 10:10:06.725432
38ac54df03d5458a984ff1cfb5e7f3ac,168.75,173.083,4.333,53,1,1,2026-05-29 10:10:06.718973,1d01140843214331abf02b8313e7c460,https://youtu.be/1Iyc2wNHpLs?si=WUCsWJvYwhYZXUnQ,1Iyc2wNHpLs,"Chari Ko Ghar Gudaima Bhaye (HD) - Nepali Movie HAMI TEEN BHAI Song || Rajesh Hamal, Rekha Thapa",done,2026-05-29 10:03:17.472258,2026-05-29 10:10:06.725432
3b46e01ea39b4074a673bcb86322aded,173.083,177.708,4.625,54,1,1,2026-05-29 10:10:06.718973,1d01140843214331abf02b8313e7c460,https://youtu.be/1Iyc2wNHpLs?si=WUCsWJvYwhYZXUnQ,1Iyc2wNHpLs,"Chari Ko Ghar Gudaima Bhaye (HD) - Nepali Movie HAMI TEEN BHAI Song || Rajesh Hamal, Rekha Thapa",done,2026-05-29 10:03:17.472258,2026-05-29 10:10:06.725432
4c9598a1152f42c3a21addb15b1e95ef,177.708,182.5,4.792,55,1,1,2026-05-29 10:10:06.718973,1d01140843214331abf02b8313e7c460,https://youtu.be/1Iyc2wNHpLs?si=WUCsWJvYwhYZXUnQ,1Iyc2wNHpLs,"Chari Ko Ghar Gudaima Bhaye (HD) - Nepali Movie HAMI TEEN BHAI Song || Rajesh Hamal, Rekha Thapa",done,2026-05-29 10:03:17.472258,2026-05-29 10:10:06.725432
4222d0e67e8f46b08b8e5736283bb042,182.5,186.958,4.458,56,1,1,2026-05-29 10:10:06.718973,1d01140843214331abf02b8313e7c460,https://youtu.be/1Iyc2wNHpLs?si=WUCsWJvYwhYZXUnQ,1Iyc2wNHpLs,"Chari Ko Ghar Gudaima Bhaye (HD) - Nepali Movie HAMI TEEN BHAI Song || Rajesh Hamal, Rekha Thapa",done,2026-05-29 10:03:17.472258,2026-05-29 10:10:06.725432
595c716198d94cd084f263940680d18f,191.417,196.25,4.833,59,1,1,2026-05-29 10:10:06.718973,1d01140843214331abf02b8313e7c460,https://youtu.be/1Iyc2wNHpLs?si=WUCsWJvYwhYZXUnQ,1Iyc2wNHpLs,"Chari Ko Ghar Gudaima Bhaye (HD) - Nepali Movie HAMI TEEN BHAI Song || Rajesh Hamal, Rekha Thapa",done,2026-05-29 10:03:17.472258,2026-05-29 10:10:06.725432
0dcfbc36da1443dfa8d4bc93940753dc,196.25,200.958,4.708,60,1,1,2026-05-29 10:10:06.718973,1d01140843214331abf02b8313e7c460,https://youtu.be/1Iyc2wNHpLs?si=WUCsWJvYwhYZXUnQ,1Iyc2wNHpLs,"Chari Ko Ghar Gudaima Bhaye (HD) - Nepali Movie HAMI TEEN BHAI Song || Rajesh Hamal, Rekha Thapa",done,2026-05-29 10:03:17.472258,2026-05-29 10:10:06.725432
18d99907de7f4f15adb70c16a10b920c,202.542,206.917,4.375,62,1,1,2026-05-29 10:10:06.718973,1d01140843214331abf02b8313e7c460,https://youtu.be/1Iyc2wNHpLs?si=WUCsWJvYwhYZXUnQ,1Iyc2wNHpLs,"Chari Ko Ghar Gudaima Bhaye (HD) - Nepali Movie HAMI TEEN BHAI Song || Rajesh Hamal, Rekha Thapa",done,2026-05-29 10:03:17.472258,2026-05-29 10:10:06.725432
2ff9038a7a7c4b0b83a15242f2482c9d,206.917,212.917,6.0,63,1,1,2026-05-29 10:10:06.718973,1d01140843214331abf02b8313e7c460,https://youtu.be/1Iyc2wNHpLs?si=WUCsWJvYwhYZXUnQ,1Iyc2wNHpLs,"Chari Ko Ghar Gudaima Bhaye (HD) - Nepali Movie HAMI TEEN BHAI Song || Rajesh Hamal, Rekha Thapa",done,2026-05-29 10:03:17.472258,2026-05-29 10:10:06.725432
b38ea8f2029645949f0d2bcfb6fdb340,212.917,221.167,8.25,64,1,1,2026-05-29 10:10:06.718973,1d01140843214331abf02b8313e7c460,https://youtu.be/1Iyc2wNHpLs?si=WUCsWJvYwhYZXUnQ,1Iyc2wNHpLs,"Chari Ko Ghar Gudaima Bhaye (HD) - Nepali Movie HAMI TEEN BHAI Song || Rajesh Hamal, Rekha Thapa",done,2026-05-29 10:03:17.472258,2026-05-29 10:10:06.725432
ee62955e3e974051b645c2d96ea4153c,222.333,225.708,3.375,66,1,1,2026-05-29 10:10:06.718973,1d01140843214331abf02b8313e7c460,https://youtu.be/1Iyc2wNHpLs?si=WUCsWJvYwhYZXUnQ,1Iyc2wNHpLs,"Chari Ko Ghar Gudaima Bhaye (HD) - Nepali Movie HAMI TEEN BHAI Song || Rajesh Hamal, Rekha Thapa",done,2026-05-29 10:03:17.472258,2026-05-29 10:10:06.725432
84da9642f7f548a6b6f71a8256518ca1,226.958,230.292,3.333,68,1,1,2026-05-29 10:10:06.718973,1d01140843214331abf02b8313e7c460,https://youtu.be/1Iyc2wNHpLs?si=WUCsWJvYwhYZXUnQ,1Iyc2wNHpLs,"Chari Ko Ghar Gudaima Bhaye (HD) - Nepali Movie HAMI TEEN BHAI Song || Rajesh Hamal, Rekha Thapa",done,2026-05-29 10:03:17.472258,2026-05-29 10:10:06.725432
d2bf4ea52f354375876ea605180a7705,236.25,245.625,9.375,72,1,1,2026-05-29 10:10:06.718973,1d01140843214331abf02b8313e7c460,https://youtu.be/1Iyc2wNHpLs?si=WUCsWJvYwhYZXUnQ,1Iyc2wNHpLs,"Chari Ko Ghar Gudaima Bhaye (HD) - Nepali Movie HAMI TEEN BHAI Song || Rajesh Hamal, Rekha Thapa",done,2026-05-29 10:03:17.472258,2026-05-29 10:10:06.725432
0ec5a71fd38b4f9c940dc519bd49c24c,250.0,254.958,4.958,76,1,1,2026-05-29 10:10:06.718973,1d01140843214331abf02b8313e7c460,https://youtu.be/1Iyc2wNHpLs?si=WUCsWJvYwhYZXUnQ,1Iyc2wNHpLs,"Chari Ko Ghar Gudaima Bhaye (HD) - Nepali Movie HAMI TEEN BHAI Song || Rajesh Hamal, Rekha Thapa",done,2026-05-29 10:03:17.472258,2026-05-29 10:10:06.725432
3f2b3043e4c74be090ea2853b7c4dd2a,254.958,259.208,4.25,77,1,1,2026-05-29 10:10:06.718973,1d01140843214331abf02b8313e7c460,https://youtu.be/1Iyc2wNHpLs?si=WUCsWJvYwhYZXUnQ,1Iyc2wNHpLs,"Chari Ko Ghar Gudaima Bhaye (HD) - Nepali Movie HAMI TEEN BHAI Song || Rajesh Hamal, Rekha Thapa",done,2026-05-29 10:03:17.472258,2026-05-29 10:10:06.725432
fcf415bb21d04ed6bcae80e241044aa5,259.208,268.583,9.375,78,1,1,2026-05-29 10:10:06.718973,1d01140843214331abf02b8313e7c460,https://youtu.be/1Iyc2wNHpLs?si=WUCsWJvYwhYZXUnQ,1Iyc2wNHpLs,"Chari Ko Ghar Gudaima Bhaye (HD) - Nepali Movie HAMI TEEN BHAI Song || Rajesh Hamal, Rekha Thapa",done,2026-05-29 10:03:17.472258,2026-05-29 10:10:06.725432
4dce612811ce44ba9028c323dc875b2e,268.583,273.25,4.667,79,1,1,2026-05-29 10:10:06.718973,1d01140843214331abf02b8313e7c460,https://youtu.be/1Iyc2wNHpLs?si=WUCsWJvYwhYZXUnQ,1Iyc2wNHpLs,"Chari Ko Ghar Gudaima Bhaye (HD) - Nepali Movie HAMI TEEN BHAI Song || Rajesh Hamal, Rekha Thapa",done,2026-05-29 10:03:17.472258,2026-05-29 10:10:06.725432
9c8247cc8ab642319868645fae8d6205,273.25,277.875,4.625,80,1,1,2026-05-29 10:10:06.718973,1d01140843214331abf02b8313e7c460,https://youtu.be/1Iyc2wNHpLs?si=WUCsWJvYwhYZXUnQ,1Iyc2wNHpLs,"Chari Ko Ghar Gudaima Bhaye (HD) - Nepali Movie HAMI TEEN BHAI Song || Rajesh Hamal, Rekha Thapa",done,2026-05-29 10:03:17.472258,2026-05-29 10:10:06.725432
49cb7c940d5a4789979e857b299169f6,282.833,291.0,8.167,83,1,1,2026-05-29 10:10:06.718973,1d01140843214331abf02b8313e7c460,https://youtu.be/1Iyc2wNHpLs?si=WUCsWJvYwhYZXUnQ,1Iyc2wNHpLs,"Chari Ko Ghar Gudaima Bhaye (HD) - Nepali Movie HAMI TEEN BHAI Song || Rajesh Hamal, Rekha Thapa",done,2026-05-29 10:03:17.472258,2026-05-29 10:10:06.725432
22159e68294a44a3ac99dce605dbd2c9,293.375,302.542,9.167,85,1,1,2026-05-29 10:10:06.718973,1d01140843214331abf02b8313e7c460,https://youtu.be/1Iyc2wNHpLs?si=WUCsWJvYwhYZXUnQ,1Iyc2wNHpLs,"Chari Ko Ghar Gudaima Bhaye (HD) - Nepali Movie HAMI TEEN BHAI Song || Rajesh Hamal, Rekha Thapa",done,2026-05-29 10:03:17.472258,2026-05-29 10:10:06.725432
fdf6dd9d7af347299c80d7d93ea1a682,303.375,309.042,5.667,87,1,1,2026-05-29 10:10:06.718973,1d01140843214331abf02b8313e7c460,https://youtu.be/1Iyc2wNHpLs?si=WUCsWJvYwhYZXUnQ,1Iyc2wNHpLs,"Chari Ko Ghar Gudaima Bhaye (HD) - Nepali Movie HAMI TEEN BHAI Song || Rajesh Hamal, Rekha Thapa",done,2026-05-29 10:03:17.472258,2026-05-29 10:10:06.725432
330444f2721b4380ae042de82c1a9b0d,309.042,312.792,3.75,88,1,1,2026-05-29 10:10:06.718973,1d01140843214331abf02b8313e7c460,https://youtu.be/1Iyc2wNHpLs?si=WUCsWJvYwhYZXUnQ,1Iyc2wNHpLs,"Chari Ko Ghar Gudaima Bhaye (HD) - Nepali Movie HAMI TEEN BHAI Song || Rajesh Hamal, Rekha Thapa",done,2026-05-29 10:03:17.472258,2026-05-29 10:10:06.725432
ef82a4959cfe4b5b9cf5aa422fabd03e,312.792,316.625,3.833,89,1,1,2026-05-29 10:10:06.719491,1d01140843214331abf02b8313e7c460,https://youtu.be/1Iyc2wNHpLs?si=WUCsWJvYwhYZXUnQ,1Iyc2wNHpLs,"Chari Ko Ghar Gudaima Bhaye (HD) - Nepali Movie HAMI TEEN BHAI Song || Rajesh Hamal, Rekha Thapa",done,2026-05-29 10:03:17.472258,2026-05-29 10:10:06.725432
f0f29be4ea024439ad2737a71925f9e1,318.5,322.833,4.333,91,1,1,2026-05-29 10:10:06.719491,1d01140843214331abf02b8313e7c460,https://youtu.be/1Iyc2wNHpLs?si=WUCsWJvYwhYZXUnQ,1Iyc2wNHpLs,"Chari Ko Ghar Gudaima Bhaye (HD) - Nepali Movie HAMI TEEN BHAI Song || Rajesh Hamal, Rekha Thapa",done,2026-05-29 10:03:17.472258,2026-05-29 10:10:06.725432
95d8ee0bd88f455f97ad1ad155166489,322.833,332.833,10.0,92,1,1,2026-05-29 10:10:06.719491,1d01140843214331abf02b8313e7c460,https://youtu.be/1Iyc2wNHpLs?si=WUCsWJvYwhYZXUnQ,1Iyc2wNHpLs,"Chari Ko Ghar Gudaima Bhaye (HD) - Nepali Movie HAMI TEEN BHAI Song || Rajesh Hamal, Rekha Thapa",done,2026-05-29 10:03:17.472258,2026-05-29 10:10:06.725432
765f2d88e6624f73a8006cdeec465cc2,335.333,345.333,10.0,94,1,1,2026-05-29 10:10:06.719491,1d01140843214331abf02b8313e7c460,https://youtu.be/1Iyc2wNHpLs?si=WUCsWJvYwhYZXUnQ,1Iyc2wNHpLs,"Chari Ko Ghar Gudaima Bhaye (HD) - Nepali Movie HAMI TEEN BHAI Song || Rajesh Hamal, Rekha Thapa",done,2026-05-29 10:03:17.472258,2026-05-29 10:10:06.725432
113dfa42cef448aca181bc71c1955af3,345.875,355.042,9.167,95,1,1,2026-05-29 10:10:06.719491,1d01140843214331abf02b8313e7c460,https://youtu.be/1Iyc2wNHpLs?si=WUCsWJvYwhYZXUnQ,1Iyc2wNHpLs,"Chari Ko Ghar Gudaima Bhaye (HD) - Nepali Movie HAMI TEEN BHAI Song || Rajesh Hamal, Rekha Thapa",done,2026-05-29 10:03:17.472258,2026-05-29 10:10:06.725432
d168ac7f96884d3cb0c7a609bc0882a8,355.042,363.292,8.25,96,1,1,2026-05-29 10:10:06.719491,1d01140843214331abf02b8313e7c460,https://youtu.be/1Iyc2wNHpLs?si=WUCsWJvYwhYZXUnQ,1Iyc2wNHpLs,"Chari Ko Ghar Gudaima Bhaye (HD) - Nepali Movie HAMI TEEN BHAI Song || Rajesh Hamal, Rekha Thapa",done,2026-05-29 10:03:17.472258,2026-05-29 10:10:06.725432
6a33059ecaed45d59594a7aa3ee75f96,0.0,9.667,9.667,0,0,1,2026-05-29 10:39:55.280723,d8be0895616449f7b9b7b4bb03bd2bc6,https://youtu.be/dSjP6RvrgBQ?si=OCjY-C78nIkmtRa_,dSjP6RvrgBQ,Chham Chham - Mingma Sherpa | Nepali Superhit Song,done,2026-05-29 10:38:43.777375,2026-05-29 10:39:55.288280
03ada8f705754d8ab960f6e514946f3e,21.333,24.533,3.2,7,0,1,2026-05-29 10:39:55.280723,d8be0895616449f7b9b7b4bb03bd2bc6,https://youtu.be/dSjP6RvrgBQ?si=OCjY-C78nIkmtRa_,dSjP6RvrgBQ,Chham Chham - Mingma Sherpa | Nepali Superhit Song,done,2026-05-29 10:38:43.777375,2026-05-29 10:39:55.288280
383aa2bdaa4d4de1bb02c79440fd14f7,24.533,27.533,3.0,8,0,1,2026-05-29 10:39:55.280723,d8be0895616449f7b9b7b4bb03bd2bc6,https://youtu.be/dSjP6RvrgBQ?si=OCjY-C78nIkmtRa_,dSjP6RvrgBQ,Chham Chham - Mingma Sherpa | Nepali Superhit Song,done,2026-05-29 10:38:43.777375,2026-05-29 10:39:55.288280
24f2209b68c54e4bbdd51d0a5def8ae1,30.8,34.533,3.733,11,0,1,2026-05-29 10:39:55.280723,d8be0895616449f7b9b7b4bb03bd2bc6,https://youtu.be/dSjP6RvrgBQ?si=OCjY-C78nIkmtRa_,dSjP6RvrgBQ,Chham Chham - Mingma Sherpa | Nepali Superhit Song,done,2026-05-29 10:38:43.777375,2026-05-29 10:39:55.288280
f9fb8f68bb5d4522ad062801c6dc6662,36.133,42.0,5.867,13,0,1,2026-05-29 10:39:55.280723,d8be0895616449f7b9b7b4bb03bd2bc6,https://youtu.be/dSjP6RvrgBQ?si=OCjY-C78nIkmtRa_,dSjP6RvrgBQ,Chham Chham - Mingma Sherpa | Nepali Superhit Song,done,2026-05-29 10:38:43.777375,2026-05-29 10:39:55.288280
f9eefde683624b498945333943ca4c33,43.133,48.6,5.467,15,0,1,2026-05-29 10:39:55.280723,d8be0895616449f7b9b7b4bb03bd2bc6,https://youtu.be/dSjP6RvrgBQ?si=OCjY-C78nIkmtRa_,dSjP6RvrgBQ,Chham Chham - Mingma Sherpa | Nepali Superhit Song,done,2026-05-29 10:38:43.777375,2026-05-29 10:39:55.288280
657655ab3d224a24a2bb99cb7ffcee96,50.8,54.4,3.6,18,0,1,2026-05-29 10:39:55.280723,d8be0895616449f7b9b7b4bb03bd2bc6,https://youtu.be/dSjP6RvrgBQ?si=OCjY-C78nIkmtRa_,dSjP6RvrgBQ,Chham Chham - Mingma Sherpa | Nepali Superhit Song,done,2026-05-29 10:38:43.777375,2026-05-29 10:39:55.288280
b4c5fa63cc924248bb0bd872f0c324c8,54.4,57.6,3.2,19,0,1,2026-05-29 10:39:55.280723,d8be0895616449f7b9b7b4bb03bd2bc6,https://youtu.be/dSjP6RvrgBQ?si=OCjY-C78nIkmtRa_,dSjP6RvrgBQ,Chham Chham - Mingma Sherpa | Nepali Superhit Song,done,2026-05-29 10:38:43.777375,2026-05-29 10:39:55.288280
0c125a76374d4ff5b1f8996ccb5eb24a,58.733,64.333,5.6,21,0,1,2026-05-29 10:39:55.280723,d8be0895616449f7b9b7b4bb03bd2bc6,https://youtu.be/dSjP6RvrgBQ?si=OCjY-C78nIkmtRa_,dSjP6RvrgBQ,Chham Chham - Mingma Sherpa | Nepali Superhit Song,done,2026-05-29 10:38:43.777375,2026-05-29 10:39:55.288280
ab0de9237df046ab9718e6eea465f0c2,74.133,78.6,4.467,27,0,1,2026-05-29 10:39:55.280723,d8be0895616449f7b9b7b4bb03bd2bc6,https://youtu.be/dSjP6RvrgBQ?si=OCjY-C78nIkmtRa_,dSjP6RvrgBQ,Chham Chham - Mingma Sherpa | Nepali Superhit Song,done,2026-05-29 10:38:43.777375,2026-05-29 10:39:55.288280
13227ed240064ea8886bc70b42e9bde6,86.6,89.8,3.2,34,0,1,2026-05-29 10:39:55.280723,d8be0895616449f7b9b7b4bb03bd2bc6,https://youtu.be/dSjP6RvrgBQ?si=OCjY-C78nIkmtRa_,dSjP6RvrgBQ,Chham Chham - Mingma Sherpa | Nepali Superhit Song,done,2026-05-29 10:38:43.777375,2026-05-29 10:39:55.288280
47b177526cc142688c88c0b0175a908f,94.933,98.0,3.067,38,0,1,2026-05-29 10:39:55.280723,d8be0895616449f7b9b7b4bb03bd2bc6,https://youtu.be/dSjP6RvrgBQ?si=OCjY-C78nIkmtRa_,dSjP6RvrgBQ,Chham Chham - Mingma Sherpa | Nepali Superhit Song,done,2026-05-29 10:38:43.777375,2026-05-29 10:39:55.288280
baeb8d64446f4124b9903af85f11938b,136.267,140.8,4.533,64,0,1,2026-05-29 10:39:55.280723,d8be0895616449f7b9b7b4bb03bd2bc6,https://youtu.be/dSjP6RvrgBQ?si=OCjY-C78nIkmtRa_,dSjP6RvrgBQ,Chham Chham - Mingma Sherpa | Nepali Superhit Song,done,2026-05-29 10:38:43.777375,2026-05-29 10:39:55.288280
b60a55917d96444b86a42b773b54b191,143.333,147.133,3.8,67,0,1,2026-05-29 10:39:55.280723,d8be0895616449f7b9b7b4bb03bd2bc6,https://youtu.be/dSjP6RvrgBQ?si=OCjY-C78nIkmtRa_,dSjP6RvrgBQ,Chham Chham - Mingma Sherpa | Nepali Superhit Song,done,2026-05-29 10:38:43.777375,2026-05-29 10:39:55.288280
b21907b16cf34f80a942aa826a9bb0e5,148.4,151.733,3.333,69,0,1,2026-05-29 10:39:55.280723,d8be0895616449f7b9b7b4bb03bd2bc6,https://youtu.be/dSjP6RvrgBQ?si=OCjY-C78nIkmtRa_,dSjP6RvrgBQ,Chham Chham - Mingma Sherpa | Nepali Superhit Song,done,2026-05-29 10:38:43.777375,2026-05-29 10:39:55.288280
cfdfe51113c940eea23b010fa5fbb6ab,181.733,186.933,5.2,90,0,1,2026-05-29 10:39:55.280723,d8be0895616449f7b9b7b4bb03bd2bc6,https://youtu.be/dSjP6RvrgBQ?si=OCjY-C78nIkmtRa_,dSjP6RvrgBQ,Chham Chham - Mingma Sherpa | Nepali Superhit Song,done,2026-05-29 10:38:43.777375,2026-05-29 10:39:55.288280
f1107ae5e1004e6ab8af12ad2936c0b9,186.933,190.0,3.067,91,0,1,2026-05-29 10:39:55.280723,d8be0895616449f7b9b7b4bb03bd2bc6,https://youtu.be/dSjP6RvrgBQ?si=OCjY-C78nIkmtRa_,dSjP6RvrgBQ,Chham Chham - Mingma Sherpa | Nepali Superhit Song,done,2026-05-29 10:38:43.777375,2026-05-29 10:39:55.288280
5838f1a8c6e74e8395bad72cb830a72c,190.0,194.2,4.2,92,0,1,2026-05-29 10:39:55.280723,d8be0895616449f7b9b7b4bb03bd2bc6,https://youtu.be/dSjP6RvrgBQ?si=OCjY-C78nIkmtRa_,dSjP6RvrgBQ,Chham Chham - Mingma Sherpa | Nepali Superhit Song,done,2026-05-29 10:38:43.777375,2026-05-29 10:39:55.288280
ffcaf99790f64b98a9a6453953f5859d,195.333,204.333,9.0,94,0,1,2026-05-29 10:39:55.280723,d8be0895616449f7b9b7b4bb03bd2bc6,https://youtu.be/dSjP6RvrgBQ?si=OCjY-C78nIkmtRa_,dSjP6RvrgBQ,Chham Chham - Mingma Sherpa | Nepali Superhit Song,done,2026-05-29 10:38:43.777375,2026-05-29 10:39:55.288280
a2af0b5168ac4ae18ae5d0fed06572cd,207.0,210.4,3.4,97,0,1,2026-05-29 10:39:55.280723,d8be0895616449f7b9b7b4bb03bd2bc6,https://youtu.be/dSjP6RvrgBQ?si=OCjY-C78nIkmtRa_,dSjP6RvrgBQ,Chham Chham - Mingma Sherpa | Nepali Superhit Song,done,2026-05-29 10:38:43.777375,2026-05-29 10:39:55.288280
eceaecc8a50744c4bce248bb259391b8,220.533,224.333,3.8,105,0,1,2026-05-29 10:39:55.280723,d8be0895616449f7b9b7b4bb03bd2bc6,https://youtu.be/dSjP6RvrgBQ?si=OCjY-C78nIkmtRa_,dSjP6RvrgBQ,Chham Chham - Mingma Sherpa | Nepali Superhit Song,done,2026-05-29 10:38:43.777375,2026-05-29 10:39:55.288280
1af2a296edcc48e98c880b841965846d,6.667,10.467,3.8,4,0,1,2026-06-02 10:12:56.927790,37fefd9ae14c4cf2a8da0561b3ae260c,https://youtu.be/yxLy-mq25YU?si=wlCF47rERbE5T09Y,yxLy-mq25YU,"Chhati Ma Haat Rakhera - Shiva Pariyar | Usha, Raj Ballav & Richa | Nepali Song",done,2026-06-02 10:12:39.162487,2026-06-02 10:12:56.936211
0f431335fd824e6e889822aac9f96e1e,14.4,18.0,3.6,7,0,1,2026-06-02 10:12:56.928324,37fefd9ae14c4cf2a8da0561b3ae260c,https://youtu.be/yxLy-mq25YU?si=wlCF47rERbE5T09Y,yxLy-mq25YU,"Chhati Ma Haat Rakhera - Shiva Pariyar | Usha, Raj Ballav & Richa | Nepali Song",done,2026-06-02 10:12:39.162487,2026-06-02 10:12:56.936211
befea030da24415db953d61d6a1e3440,18.0,21.333,3.333,8,0,1,2026-06-02 10:12:56.928324,37fefd9ae14c4cf2a8da0561b3ae260c,https://youtu.be/yxLy-mq25YU?si=wlCF47rERbE5T09Y,yxLy-mq25YU,"Chhati Ma Haat Rakhera - Shiva Pariyar | Usha, Raj Ballav & Richa | Nepali Song",done,2026-06-02 10:12:39.162487,2026-06-02 10:12:56.936211
01dc731ea54b4b788adc64e3534661d1,21.333,25.867,4.533,9,0,1,2026-06-02 10:12:56.928324,37fefd9ae14c4cf2a8da0561b3ae260c,https://youtu.be/yxLy-mq25YU?si=wlCF47rERbE5T09Y,yxLy-mq25YU,"Chhati Ma Haat Rakhera - Shiva Pariyar | Usha, Raj Ballav & Richa | Nepali Song",done,2026-06-02 10:12:39.162487,2026-06-02 10:12:56.936211
a5fc792cf2114ddbaadc0d369283afb2,25.867,29.733,3.867,10,0,1,2026-06-02 10:12:56.928324,37fefd9ae14c4cf2a8da0561b3ae260c,https://youtu.be/yxLy-mq25YU?si=wlCF47rERbE5T09Y,yxLy-mq25YU,"Chhati Ma Haat Rakhera - Shiva Pariyar | Usha, Raj Ballav & Richa | Nepali Song",done,2026-06-02 10:12:39.162487,2026-06-02 10:12:56.936211
fb3cd1f2a7114250aa6109d81f59f919,29.733,35.733,6.0,11,0,1,2026-06-02 10:12:56.928324,37fefd9ae14c4cf2a8da0561b3ae260c,https://youtu.be/yxLy-mq25YU?si=wlCF47rERbE5T09Y,yxLy-mq25YU,"Chhati Ma Haat Rakhera - Shiva Pariyar | Usha, Raj Ballav & Richa | Nepali Song",done,2026-06-02 10:12:39.162487,2026-06-02 10:12:56.936211
602eba62df694393ae3e6cded145f05e,35.733,40.467,4.733,12,0,1,2026-06-02 10:12:56.928324,37fefd9ae14c4cf2a8da0561b3ae260c,https://youtu.be/yxLy-mq25YU?si=wlCF47rERbE5T09Y,yxLy-mq25YU,"Chhati Ma Haat Rakhera - Shiva Pariyar | Usha, Raj Ballav & Richa | Nepali Song",done,2026-06-02 10:12:39.162487,2026-06-02 10:12:56.936211
17c6d84f29854c179b695510032adc64,45.4,49.333,3.933,16,0,1,2026-06-02 10:12:56.928324,37fefd9ae14c4cf2a8da0561b3ae260c,https://youtu.be/yxLy-mq25YU?si=wlCF47rERbE5T09Y,yxLy-mq25YU,"Chhati Ma Haat Rakhera - Shiva Pariyar | Usha, Raj Ballav & Richa | Nepali Song",done,2026-06-02 10:12:39.162487,2026-06-02 10:12:56.936211
dba01c8dc72b429ab3b95033ed669018,49.333,53.133,3.8,17,0,1,2026-06-02 10:12:56.928324,37fefd9ae14c4cf2a8da0561b3ae260c,https://youtu.be/yxLy-mq25YU?si=wlCF47rERbE5T09Y,yxLy-mq25YU,"Chhati Ma Haat Rakhera - Shiva Pariyar | Usha, Raj Ballav & Richa | Nepali Song",done,2026-06-02 10:12:39.162487,2026-06-02 10:12:56.936211
49ddb52afcc84c8497dc431502075e4a,53.133,57.133,4.0,18,0,1,2026-06-02 10:12:56.928324,37fefd9ae14c4cf2a8da0561b3ae260c,https://youtu.be/yxLy-mq25YU?si=wlCF47rERbE5T09Y,yxLy-mq25YU,"Chhati Ma Haat Rakhera - Shiva Pariyar | Usha, Raj Ballav & Richa | Nepali Song",done,2026-06-02 10:12:39.162487,2026-06-02 10:12:56.936211
5df196fc09d04092b43ae655985108ff,57.133,63.0,5.867,19,0,1,2026-06-02 10:12:56.928324,37fefd9ae14c4cf2a8da0561b3ae260c,https://youtu.be/yxLy-mq25YU?si=wlCF47rERbE5T09Y,yxLy-mq25YU,"Chhati Ma Haat Rakhera - Shiva Pariyar | Usha, Raj Ballav & Richa | Nepali Song",done,2026-06-02 10:12:39.162487,2026-06-02 10:12:56.936211
3cf77cf42cdd4cee83c079a65618c08b,63.0,68.8,5.8,20,0,1,2026-06-02 10:12:56.928324,37fefd9ae14c4cf2a8da0561b3ae260c,https://youtu.be/yxLy-mq25YU?si=wlCF47rERbE5T09Y,yxLy-mq25YU,"Chhati Ma Haat Rakhera - Shiva Pariyar | Usha, Raj Ballav & Richa | Nepali Song",done,2026-06-02 10:12:39.162487,2026-06-02 10:12:56.936211
5fd238736fa24c4bb55705d25cf448ee,86.333,89.533,3.2,29,0,1,2026-06-02 10:12:56.928324,37fefd9ae14c4cf2a8da0561b3ae260c,https://youtu.be/yxLy-mq25YU?si=wlCF47rERbE5T09Y,yxLy-mq25YU,"Chhati Ma Haat Rakhera - Shiva Pariyar | Usha, Raj Ballav & Richa | Nepali Song",done,2026-06-02 10:12:39.162487,2026-06-02 10:12:56.936211
c745968980964b1eb035f486dc4a1742,92.0,102.0,10.0,31,0,1,2026-06-02 10:12:56.928324,37fefd9ae14c4cf2a8da0561b3ae260c,https://youtu.be/yxLy-mq25YU?si=wlCF47rERbE5T09Y,yxLy-mq25YU,"Chhati Ma Haat Rakhera - Shiva Pariyar | Usha, Raj Ballav & Richa | Nepali Song",done,2026-06-02 10:12:39.162487,2026-06-02 10:12:56.936211
c3d96233efe9431a84dd333c47c83abb,106.6,110.2,3.6,32,0,1,2026-06-02 10:12:56.928324,37fefd9ae14c4cf2a8da0561b3ae260c,https://youtu.be/yxLy-mq25YU?si=wlCF47rERbE5T09Y,yxLy-mq25YU,"Chhati Ma Haat Rakhera - Shiva Pariyar | Usha, Raj Ballav & Richa | Nepali Song",done,2026-06-02 10:12:39.162487,2026-06-02 10:12:56.936211
e7b2f2a33cc941fc98f6d4ac8870cfc9,111.6,114.933,3.333,34,0,1,2026-06-02 10:12:56.928324,37fefd9ae14c4cf2a8da0561b3ae260c,https://youtu.be/yxLy-mq25YU?si=wlCF47rERbE5T09Y,yxLy-mq25YU,"Chhati Ma Haat Rakhera - Shiva Pariyar | Usha, Raj Ballav & Richa | Nepali Song",done,2026-06-02 10:12:39.162487,2026-06-02 10:12:56.936211
79c809e573974a9385deaa6a83d0ad49,114.933,119.333,4.4,35,0,1,2026-06-02 10:12:56.928324,37fefd9ae14c4cf2a8da0561b3ae260c,https://youtu.be/yxLy-mq25YU?si=wlCF47rERbE5T09Y,yxLy-mq25YU,"Chhati Ma Haat Rakhera - Shiva Pariyar | Usha, Raj Ballav & Richa | Nepali Song",done,2026-06-02 10:12:39.162487,2026-06-02 10:12:56.936211
5dce5d7e4d29464e8ce3dd1fbf8d9744,119.333,123.267,3.933,36,0,1,2026-06-02 10:12:56.928324,37fefd9ae14c4cf2a8da0561b3ae260c,https://youtu.be/yxLy-mq25YU?si=wlCF47rERbE5T09Y,yxLy-mq25YU,"Chhati Ma Haat Rakhera - Shiva Pariyar | Usha, Raj Ballav & Richa | Nepali Song",done,2026-06-02 10:12:39.162487,2026-06-02 10:12:56.936211
e785a10f5aa8416e9b9ddf45a3864d02,127.133,130.467,3.333,39,0,1,2026-06-02 10:12:56.928324,37fefd9ae14c4cf2a8da0561b3ae260c,https://youtu.be/yxLy-mq25YU?si=wlCF47rERbE5T09Y,yxLy-mq25YU,"Chhati Ma Haat Rakhera - Shiva Pariyar | Usha, Raj Ballav & Richa | Nepali Song",done,2026-06-02 10:12:39.162487,2026-06-02 10:12:56.936211
d0909da4759049ac9b96c15d27460de1,130.467,134.933,4.467,40,0,1,2026-06-02 10:12:56.928324,37fefd9ae14c4cf2a8da0561b3ae260c,https://youtu.be/yxLy-mq25YU?si=wlCF47rERbE5T09Y,yxLy-mq25YU,"Chhati Ma Haat Rakhera - Shiva Pariyar | Usha, Raj Ballav & Richa | Nepali Song",done,2026-06-02 10:12:39.162487,2026-06-02 10:12:56.936211
a7ee2f31687645deb6a5f1f0b1089ef9,134.933,138.533,3.6,41,0,1,2026-06-02 10:12:56.928324,37fefd9ae14c4cf2a8da0561b3ae260c,https://youtu.be/yxLy-mq25YU?si=wlCF47rERbE5T09Y,yxLy-mq25YU,"Chhati Ma Haat Rakhera - Shiva Pariyar | Usha, Raj Ballav & Richa | Nepali Song",done,2026-06-02 10:12:39.162487,2026-06-02 10:12:56.936211
4850c22ece3d4b7784ee16162053a938,138.533,142.4,3.867,42,0,1,2026-06-02 10:12:56.928324,37fefd9ae14c4cf2a8da0561b3ae260c,https://youtu.be/yxLy-mq25YU?si=wlCF47rERbE5T09Y,yxLy-mq25YU,"Chhati Ma Haat Rakhera - Shiva Pariyar | Usha, Raj Ballav & Richa | Nepali Song",done,2026-06-02 10:12:39.162487,2026-06-02 10:12:56.936211
a395c5231e45440abcd6dcc0b38b0e35,142.4,146.067,3.667,43,0,1,2026-06-02 10:12:56.928324,37fefd9ae14c4cf2a8da0561b3ae260c,https://youtu.be/yxLy-mq25YU?si=wlCF47rERbE5T09Y,yxLy-mq25YU,"Chhati Ma Haat Rakhera - Shiva Pariyar | Usha, Raj Ballav & Richa | Nepali Song",done,2026-06-02 10:12:39.162487,2026-06-02 10:12:56.936211
69882d8901554c07bf099b22d7b0bcc3,146.067,150.467,4.4,44,0,1,2026-06-02 10:12:56.928324,37fefd9ae14c4cf2a8da0561b3ae260c,https://youtu.be/yxLy-mq25YU?si=wlCF47rERbE5T09Y,yxLy-mq25YU,"Chhati Ma Haat Rakhera - Shiva Pariyar | Usha, Raj Ballav & Richa | Nepali Song",done,2026-06-02 10:12:39.162487,2026-06-02 10:12:56.936211
0a78a2d4aa4749c7b3b24a82ce52ecfe,154.333,160.133,5.8,47,0,1,2026-06-02 10:12:56.928324,37fefd9ae14c4cf2a8da0561b3ae260c,https://youtu.be/yxLy-mq25YU?si=wlCF47rERbE5T09Y,yxLy-mq25YU,"Chhati Ma Haat Rakhera - Shiva Pariyar | Usha, Raj Ballav & Richa | Nepali Song",done,2026-06-02 10:12:39.162487,2026-06-02 10:12:56.936211
b1214638a4e549a6a0edd91588f10e9b,162.133,169.933,7.8,49,0,1,2026-06-02 10:12:56.928324,37fefd9ae14c4cf2a8da0561b3ae260c,https://youtu.be/yxLy-mq25YU?si=wlCF47rERbE5T09Y,yxLy-mq25YU,"Chhati Ma Haat Rakhera - Shiva Pariyar | Usha, Raj Ballav & Richa | Nepali Song",done,2026-06-02 10:12:39.162487,2026-06-02 10:12:56.936211
b307332c44804f21baf4779deed823b4,169.933,173.8,3.867,50,0,1,2026-06-02 10:12:56.928324,37fefd9ae14c4cf2a8da0561b3ae260c,https://youtu.be/yxLy-mq25YU?si=wlCF47rERbE5T09Y,yxLy-mq25YU,"Chhati Ma Haat Rakhera - Shiva Pariyar | Usha, Raj Ballav & Richa | Nepali Song",done,2026-06-02 10:12:39.162487,2026-06-02 10:12:56.936211
a24613d49f66493b9614e68f2c107289,173.8,177.733,3.933,51,0,1,2026-06-02 10:12:56.928324,37fefd9ae14c4cf2a8da0561b3ae260c,https://youtu.be/yxLy-mq25YU?si=wlCF47rERbE5T09Y,yxLy-mq25YU,"Chhati Ma Haat Rakhera - Shiva Pariyar | Usha, Raj Ballav & Richa | Nepali Song",done,2026-06-02 10:12:39.162487,2026-06-02 10:12:56.936211
e6d040574e154c59a6665db66907a6e4,190.8,195.6,4.8,58,0,1,2026-06-02 10:12:56.928324,37fefd9ae14c4cf2a8da0561b3ae260c,https://youtu.be/yxLy-mq25YU?si=wlCF47rERbE5T09Y,yxLy-mq25YU,"Chhati Ma Haat Rakhera - Shiva Pariyar | Usha, Raj Ballav & Richa | Nepali Song",done,2026-06-02 10:12:39.162487,2026-06-02 10:12:56.936211
a5bccd60475b4db490c65961ed403257,195.6,202.667,7.067,59,0,1,2026-06-02 10:12:56.928324,37fefd9ae14c4cf2a8da0561b3ae260c,https://youtu.be/yxLy-mq25YU?si=wlCF47rERbE5T09Y,yxLy-mq25YU,"Chhati Ma Haat Rakhera - Shiva Pariyar | Usha, Raj Ballav & Richa | Nepali Song",done,2026-06-02 10:12:39.162487,2026-06-02 10:12:56.936211
29aafdb1ddc74651830957c170d0dede,205.0,208.533,3.533,61,0,1,2026-06-02 10:12:56.928324,37fefd9ae14c4cf2a8da0561b3ae260c,https://youtu.be/yxLy-mq25YU?si=wlCF47rERbE5T09Y,yxLy-mq25YU,"Chhati Ma Haat Rakhera - Shiva Pariyar | Usha, Raj Ballav & Richa | Nepali Song",done,2026-06-02 10:12:39.162487,2026-06-02 10:12:56.936211
60b12212fbb645d29f5801ed60a454f0,208.533,212.533,4.0,62,0,1,2026-06-02 10:12:56.928324,37fefd9ae14c4cf2a8da0561b3ae260c,https://youtu.be/yxLy-mq25YU?si=wlCF47rERbE5T09Y,yxLy-mq25YU,"Chhati Ma Haat Rakhera - Shiva Pariyar | Usha, Raj Ballav & Richa | Nepali Song",done,2026-06-02 10:12:39.162487,2026-06-02 10:12:56.936211
ae0cba145cbc44d29b5f4ae3f630b11f,212.533,216.333,3.8,63,0,1,2026-06-02 10:12:56.928846,37fefd9ae14c4cf2a8da0561b3ae260c,https://youtu.be/yxLy-mq25YU?si=wlCF47rERbE5T09Y,yxLy-mq25YU,"Chhati Ma Haat Rakhera - Shiva Pariyar | Usha, Raj Ballav & Richa | Nepali Song",done,2026-06-02 10:12:39.162487,2026-06-02 10:12:56.936211
94acf92adcc5496aaeacc19bec930b8d,216.333,224.4,8.067,64,0,1,2026-06-02 10:12:56.928846,37fefd9ae14c4cf2a8da0561b3ae260c,https://youtu.be/yxLy-mq25YU?si=wlCF47rERbE5T09Y,yxLy-mq25YU,"Chhati Ma Haat Rakhera - Shiva Pariyar | Usha, Raj Ballav & Richa | Nepali Song",done,2026-06-02 10:12:39.162487,2026-06-02 10:12:56.936211
3fa3189d96074f718f6028030e332877,224.4,227.733,3.333,65,0,1,2026-06-02 10:12:56.928846,37fefd9ae14c4cf2a8da0561b3ae260c,https://youtu.be/yxLy-mq25YU?si=wlCF47rERbE5T09Y,yxLy-mq25YU,"Chhati Ma Haat Rakhera - Shiva Pariyar | Usha, Raj Ballav & Richa | Nepali Song",done,2026-06-02 10:12:39.162487,2026-06-02 10:12:56.936211
82db22da5c2644c48b32e7fc062bb811,227.733,237.733,10.0,66,0,1,2026-06-02 10:12:56.928846,37fefd9ae14c4cf2a8da0561b3ae260c,https://youtu.be/yxLy-mq25YU?si=wlCF47rERbE5T09Y,yxLy-mq25YU,"Chhati Ma Haat Rakhera - Shiva Pariyar | Usha, Raj Ballav & Richa | Nepali Song",done,2026-06-02 10:12:39.162487,2026-06-02 10:12:56.936211
286fb1833fdc4b03b8aa1f17aaf4d021,263.267,271.067,7.8,67,0,1,2026-06-02 10:12:56.928846,37fefd9ae14c4cf2a8da0561b3ae260c,https://youtu.be/yxLy-mq25YU?si=wlCF47rERbE5T09Y,yxLy-mq25YU,"Chhati Ma Haat Rakhera - Shiva Pariyar | Usha, Raj Ballav & Richa | Nepali Song",done,2026-06-02 10:12:39.162487,2026-06-02 10:12:56.936211
23d25c5be03e4a63b764a717b83ceacf,271.067,274.733,3.667,68,0,1,2026-06-02 10:12:56.928846,37fefd9ae14c4cf2a8da0561b3ae260c,https://youtu.be/yxLy-mq25YU?si=wlCF47rERbE5T09Y,yxLy-mq25YU,"Chhati Ma Haat Rakhera - Shiva Pariyar | Usha, Raj Ballav & Richa | Nepali Song",done,2026-06-02 10:12:39.162487,2026-06-02 10:12:56.936211
c8a54dde602940fc9295baaa7a0ef6be,274.733,282.533,7.8,69,0,1,2026-06-02 10:12:56.928846,37fefd9ae14c4cf2a8da0561b3ae260c,https://youtu.be/yxLy-mq25YU?si=wlCF47rERbE5T09Y,yxLy-mq25YU,"Chhati Ma Haat Rakhera - Shiva Pariyar | Usha, Raj Ballav & Richa | Nepali Song",done,2026-06-02 10:12:39.162487,2026-06-02 10:12:56.936211
64bacdf505e24a7ab52c79abaf28bebd,282.533,290.4,7.867,70,0,1,2026-06-02 10:12:56.928846,37fefd9ae14c4cf2a8da0561b3ae260c,https://youtu.be/yxLy-mq25YU?si=wlCF47rERbE5T09Y,yxLy-mq25YU,"Chhati Ma Haat Rakhera - Shiva Pariyar | Usha, Raj Ballav & Richa | Nepali Song",done,2026-06-02 10:12:39.162487,2026-06-02 10:12:56.936211
d03dab726b214277a51a33419c0be4a8,290.4,294.467,4.067,71,0,1,2026-06-02 10:12:56.928846,37fefd9ae14c4cf2a8da0561b3ae260c,https://youtu.be/yxLy-mq25YU?si=wlCF47rERbE5T09Y,yxLy-mq25YU,"Chhati Ma Haat Rakhera - Shiva Pariyar | Usha, Raj Ballav & Richa | Nepali Song",done,2026-06-02 10:12:39.162487,2026-06-02 10:12:56.936211
28163f6417534173bcec5fee64c7532c,296.333,300.2,3.867,73,0,1,2026-06-02 10:12:56.928846,37fefd9ae14c4cf2a8da0561b3ae260c,https://youtu.be/yxLy-mq25YU?si=wlCF47rERbE5T09Y,yxLy-mq25YU,"Chhati Ma Haat Rakhera - Shiva Pariyar | Usha, Raj Ballav & Richa | Nepali Song",done,2026-06-02 10:12:39.162487,2026-06-02 10:12:56.936211
cc22079f44e54742a8462b28768753aa,300.2,303.6,3.4,74,0,1,2026-06-02 10:12:56.928846,37fefd9ae14c4cf2a8da0561b3ae260c,https://youtu.be/yxLy-mq25YU?si=wlCF47rERbE5T09Y,yxLy-mq25YU,"Chhati Ma Haat Rakhera - Shiva Pariyar | Usha, Raj Ballav & Richa | Nepali Song",done,2026-06-02 10:12:39.162487,2026-06-02 10:12:56.936211
45ba45aa026b4a45b1b889185cdc7193,303.6,309.933,6.333,75,0,1,2026-06-02 10:12:56.928846,37fefd9ae14c4cf2a8da0561b3ae260c,https://youtu.be/yxLy-mq25YU?si=wlCF47rERbE5T09Y,yxLy-mq25YU,"Chhati Ma Haat Rakhera - Shiva Pariyar | Usha, Raj Ballav & Richa | Nepali Song",done,2026-06-02 10:12:39.162487,2026-06-02 10:12:56.936211
032bfc5c5a054e04825c6087f09272bd,309.933,315.8,5.867,76,0,1,2026-06-02 10:12:56.928846,37fefd9ae14c4cf2a8da0561b3ae260c,https://youtu.be/yxLy-mq25YU?si=wlCF47rERbE5T09Y,yxLy-mq25YU,"Chhati Ma Haat Rakhera - Shiva Pariyar | Usha, Raj Ballav & Richa | Nepali Song",done,2026-06-02 10:12:39.162487,2026-06-02 10:12:56.936211
a32057108f194e769bccc833db45df59,318.0,326.933,8.933,78,0,1,2026-06-02 10:12:56.928846,37fefd9ae14c4cf2a8da0561b3ae260c,https://youtu.be/yxLy-mq25YU?si=wlCF47rERbE5T09Y,yxLy-mq25YU,"Chhati Ma Haat Rakhera - Shiva Pariyar | Usha, Raj Ballav & Richa | Nepali Song",done,2026-06-02 10:12:39.162487,2026-06-02 10:12:56.936211
09c631a1d42744008d790a6d4642b746,22.2,27.067,4.867,14,0,1,2026-06-02 10:17:09.127061,fd9200b3b3424dc0ac82c3b467689bd0,https://youtu.be/i35z_rwGjv8?si=otR4VxR2mpdwN8jZ,i35z_rwGjv8,Choli Dhakale - Khuman Adhikari & Devi Gharti | Saujanya Subba & Shankar BC | New Lok Dohori Song,done,2026-06-02 10:16:37.356737,2026-06-02 10:17:09.144014
ba945590461b4b68ae6e7189b268adc6,35.067,39.333,4.267,19,0,1,2026-06-02 10:17:09.127061,fd9200b3b3424dc0ac82c3b467689bd0,https://youtu.be/i35z_rwGjv8?si=otR4VxR2mpdwN8jZ,i35z_rwGjv8,Choli Dhakale - Khuman Adhikari & Devi Gharti | Saujanya Subba & Shankar BC | New Lok Dohori Song,done,2026-06-02 10:16:37.356737,2026-06-02 10:17:09.144014
761124cc955341b0a95127a2c22a493e,46.933,51.933,5.0,24,0,1,2026-06-02 10:17:09.127061,fd9200b3b3424dc0ac82c3b467689bd0,https://youtu.be/i35z_rwGjv8?si=otR4VxR2mpdwN8jZ,i35z_rwGjv8,Choli Dhakale - Khuman Adhikari & Devi Gharti | Saujanya Subba & Shankar BC | New Lok Dohori Song,done,2026-06-02 10:16:37.356737,2026-06-02 10:17:09.144014
4fbe2bca230e441d946153bd2c5c7cb3,59.0,63.133,4.133,29,0,1,2026-06-02 10:17:09.127061,fd9200b3b3424dc0ac82c3b467689bd0,https://youtu.be/i35z_rwGjv8?si=otR4VxR2mpdwN8jZ,i35z_rwGjv8,Choli Dhakale - Khuman Adhikari & Devi Gharti | Saujanya Subba & Shankar BC | New Lok Dohori Song,done,2026-06-02 10:16:37.356737,2026-06-02 10:17:09.144014
55d2e7aafb3f4b38b705199df2347086,66.067,70.333,4.267,32,0,1,2026-06-02 10:17:09.127061,fd9200b3b3424dc0ac82c3b467689bd0,https://youtu.be/i35z_rwGjv8?si=otR4VxR2mpdwN8jZ,i35z_rwGjv8,Choli Dhakale - Khuman Adhikari & Devi Gharti | Saujanya Subba & Shankar BC | New Lok Dohori Song,done,2026-06-02 10:16:37.356737,2026-06-02 10:17:09.144014
f9eeb4de3a5740ab8a24708d78d5c5ad,74.333,77.467,3.133,36,0,1,2026-06-02 10:17:09.127061,fd9200b3b3424dc0ac82c3b467689bd0,https://youtu.be/i35z_rwGjv8?si=otR4VxR2mpdwN8jZ,i35z_rwGjv8,Choli Dhakale - Khuman Adhikari & Devi Gharti | Saujanya Subba & Shankar BC | New Lok Dohori Song,done,2026-06-02 10:16:37.356737,2026-06-02 10:17:09.144014
2d6670ffd3ee4f018842eaf71feb4334,77.467,81.6,4.133,37,0,1,2026-06-02 10:17:09.127061,fd9200b3b3424dc0ac82c3b467689bd0,https://youtu.be/i35z_rwGjv8?si=otR4VxR2mpdwN8jZ,i35z_rwGjv8,Choli Dhakale - Khuman Adhikari & Devi Gharti | Saujanya Subba & Shankar BC | New Lok Dohori Song,done,2026-06-02 10:16:37.356737,2026-06-02 10:17:09.144014
5ae806805bc34a57b7d269f515a130a0,84.4,90.067,5.667,40,0,1,2026-06-02 10:17:09.127061,fd9200b3b3424dc0ac82c3b467689bd0,https://youtu.be/i35z_rwGjv8?si=otR4VxR2mpdwN8jZ,i35z_rwGjv8,Choli Dhakale - Khuman Adhikari & Devi Gharti | Saujanya Subba & Shankar BC | New Lok Dohori Song,done,2026-06-02 10:16:37.356737,2026-06-02 10:17:09.144014
c3c55fc90c4147a4b6557ae3e53f43eb,94.333,98.533,4.2,43,0,1,2026-06-02 10:17:09.127061,fd9200b3b3424dc0ac82c3b467689bd0,https://youtu.be/i35z_rwGjv8?si=otR4VxR2mpdwN8jZ,i35z_rwGjv8,Choli Dhakale - Khuman Adhikari & Devi Gharti | Saujanya Subba & Shankar BC | New Lok Dohori Song,done,2026-06-02 10:16:37.356737,2026-06-02 10:17:09.144014
24019303543c4cd8aa17950f2cfa0da0,104.933,108.4,3.467,48,0,1,2026-06-02 10:17:09.127061,fd9200b3b3424dc0ac82c3b467689bd0,https://youtu.be/i35z_rwGjv8?si=otR4VxR2mpdwN8jZ,i35z_rwGjv8,Choli Dhakale - Khuman Adhikari & Devi Gharti | Saujanya Subba & Shankar BC | New Lok Dohori Song,done,2026-06-02 10:16:37.356737,2026-06-02 10:17:09.144014
7816ebd6835b4d57aafbe42a9551595f,109.8,114.067,4.267,50,0,1,2026-06-02 10:17:09.127061,fd9200b3b3424dc0ac82c3b467689bd0,https://youtu.be/i35z_rwGjv8?si=otR4VxR2mpdwN8jZ,i35z_rwGjv8,Choli Dhakale - Khuman Adhikari & Devi Gharti | Saujanya Subba & Shankar BC | New Lok Dohori Song,done,2026-06-02 10:16:37.356737,2026-06-02 10:17:09.144014
56824d360bd140a39cc47cff0ea16ecb,126.8,130.933,4.133,58,0,1,2026-06-02 10:17:09.127061,fd9200b3b3424dc0ac82c3b467689bd0,https://youtu.be/i35z_rwGjv8?si=otR4VxR2mpdwN8jZ,i35z_rwGjv8,Choli Dhakale - Khuman Adhikari & Devi Gharti | Saujanya Subba & Shankar BC | New Lok Dohori Song,done,2026-06-02 10:16:37.356737,2026-06-02 10:17:09.144014
690b05ffbc1245bea53cb820bc4e7e69,130.933,136.533,5.6,59,0,1,2026-06-02 10:17:09.127061,fd9200b3b3424dc0ac82c3b467689bd0,https://youtu.be/i35z_rwGjv8?si=otR4VxR2mpdwN8jZ,i35z_rwGjv8,Choli Dhakale - Khuman Adhikari & Devi Gharti | Saujanya Subba & Shankar BC | New Lok Dohori Song,done,2026-06-02 10:16:37.356737,2026-06-02 10:17:09.144014
15bf66096a1f43c88db563be046f02b1,139.467,147.333,7.867,62,0,1,2026-06-02 10:17:09.127061,fd9200b3b3424dc0ac82c3b467689bd0,https://youtu.be/i35z_rwGjv8?si=otR4VxR2mpdwN8jZ,i35z_rwGjv8,Choli Dhakale - Khuman Adhikari & Devi Gharti | Saujanya Subba & Shankar BC | New Lok Dohori Song,done,2026-06-02 10:16:37.356737,2026-06-02 10:17:09.144014
bfd2cf41dc774713bbab07ca37efb83a,147.333,151.533,4.2,63,0,1,2026-06-02 10:17:09.127061,fd9200b3b3424dc0ac82c3b467689bd0,https://youtu.be/i35z_rwGjv8?si=otR4VxR2mpdwN8jZ,i35z_rwGjv8,Choli Dhakale - Khuman Adhikari & Devi Gharti | Saujanya Subba & Shankar BC | New Lok Dohori Song,done,2026-06-02 10:16:37.356737,2026-06-02 10:17:09.144014
7643e72f11cc4612b692b5e7b1d53cd6,151.533,154.867,3.333,64,0,1,2026-06-02 10:17:09.127061,fd9200b3b3424dc0ac82c3b467689bd0,https://youtu.be/i35z_rwGjv8?si=otR4VxR2mpdwN8jZ,i35z_rwGjv8,Choli Dhakale - Khuman Adhikari & Devi Gharti | Saujanya Subba & Shankar BC | New Lok Dohori Song,done,2026-06-02 10:16:37.356737,2026-06-02 10:17:09.144014
fa21d27d2c544cc3aa1319261115c224,161.2,171.2,10.0,68,0,1,2026-06-02 10:17:09.127061,fd9200b3b3424dc0ac82c3b467689bd0,https://youtu.be/i35z_rwGjv8?si=otR4VxR2mpdwN8jZ,i35z_rwGjv8,Choli Dhakale - Khuman Adhikari & Devi Gharti | Saujanya Subba & Shankar BC | New Lok Dohori Song,done,2026-06-02 10:16:37.356737,2026-06-02 10:17:09.144014
412f760f9c0749b5a1b3b6d293b7f9c3,180.333,184.6,4.267,69,0,1,2026-06-02 10:17:09.127061,fd9200b3b3424dc0ac82c3b467689bd0,https://youtu.be/i35z_rwGjv8?si=otR4VxR2mpdwN8jZ,i35z_rwGjv8,Choli Dhakale - Khuman Adhikari & Devi Gharti | Saujanya Subba & Shankar BC | New Lok Dohori Song,done,2026-06-02 10:16:37.356737,2026-06-02 10:17:09.144014
be58e918e42f48dba9aec6cd723e461e,187.133,191.667,4.533,72,0,1,2026-06-02 10:17:09.127061,fd9200b3b3424dc0ac82c3b467689bd0,https://youtu.be/i35z_rwGjv8?si=otR4VxR2mpdwN8jZ,i35z_rwGjv8,Choli Dhakale - Khuman Adhikari & Devi Gharti | Saujanya Subba & Shankar BC | New Lok Dohori Song,done,2026-06-02 10:16:37.356737,2026-06-02 10:17:09.144014
01eae4c32133488f9eedbc87e92e3bf4,194.533,200.2,5.667,74,0,1,2026-06-02 10:17:09.127061,fd9200b3b3424dc0ac82c3b467689bd0,https://youtu.be/i35z_rwGjv8?si=otR4VxR2mpdwN8jZ,i35z_rwGjv8,Choli Dhakale - Khuman Adhikari & Devi Gharti | Saujanya Subba & Shankar BC | New Lok Dohori Song,done,2026-06-02 10:16:37.356737,2026-06-02 10:17:09.144014
f64a0e1d7f464384abb3ec37bf562095,210.0,217.133,7.133,80,0,1,2026-06-02 10:17:09.127061,fd9200b3b3424dc0ac82c3b467689bd0,https://youtu.be/i35z_rwGjv8?si=otR4VxR2mpdwN8jZ,i35z_rwGjv8,Choli Dhakale - Khuman Adhikari & Devi Gharti | Saujanya Subba & Shankar BC | New Lok Dohori Song,done,2026-06-02 10:16:37.356737,2026-06-02 10:17:09.144014
2cb3ffede5624e59b2fda68b7289f9f5,221.333,225.467,4.133,83,0,1,2026-06-02 10:17:09.127061,fd9200b3b3424dc0ac82c3b467689bd0,https://youtu.be/i35z_rwGjv8?si=otR4VxR2mpdwN8jZ,i35z_rwGjv8,Choli Dhakale - Khuman Adhikari & Devi Gharti | Saujanya Subba & Shankar BC | New Lok Dohori Song,done,2026-06-02 10:16:37.356737,2026-06-02 10:17:09.144014
47720b8d161543b8990d3dacec3047a6,225.467,235.467,10.0,84,0,1,2026-06-02 10:17:09.127061,fd9200b3b3424dc0ac82c3b467689bd0,https://youtu.be/i35z_rwGjv8?si=otR4VxR2mpdwN8jZ,i35z_rwGjv8,Choli Dhakale - Khuman Adhikari & Devi Gharti | Saujanya Subba & Shankar BC | New Lok Dohori Song,done,2026-06-02 10:16:37.356737,2026-06-02 10:17:09.144014
eb2ea62af5004a2e941c413fe60b0a18,238.267,245.6,7.333,86,0,1,2026-06-02 10:17:09.127061,fd9200b3b3424dc0ac82c3b467689bd0,https://youtu.be/i35z_rwGjv8?si=otR4VxR2mpdwN8jZ,i35z_rwGjv8,Choli Dhakale - Khuman Adhikari & Devi Gharti | Saujanya Subba & Shankar BC | New Lok Dohori Song,done,2026-06-02 10:16:37.356737,2026-06-02 10:17:09.144014
7762cbd24b4d4297933473b9e5ce6fe6,249.133,256.6,7.467,89,0,1,2026-06-02 10:17:09.127061,fd9200b3b3424dc0ac82c3b467689bd0,https://youtu.be/i35z_rwGjv8?si=otR4VxR2mpdwN8jZ,i35z_rwGjv8,Choli Dhakale - Khuman Adhikari & Devi Gharti | Saujanya Subba & Shankar BC | New Lok Dohori Song,done,2026-06-02 10:16:37.356737,2026-06-02 10:17:09.144014
72edb32dde5b441d9d4762fc0eccdc7a,256.6,264.4,7.8,90,0,1,2026-06-02 10:17:09.127601,fd9200b3b3424dc0ac82c3b467689bd0,https://youtu.be/i35z_rwGjv8?si=otR4VxR2mpdwN8jZ,i35z_rwGjv8,Choli Dhakale - Khuman Adhikari & Devi Gharti | Saujanya Subba & Shankar BC | New Lok Dohori Song,done,2026-06-02 10:16:37.356737,2026-06-02 10:17:09.144014
6d6838f1e88a48b7b3dc647f6b5e44c3,13.625,18.208,4.583,6,1,1,2026-05-29 06:57:49.097436,cb6b6e644578411aa9d553d2f3a8f28d,https://youtu.be/EApB0e646Nk?si=mPyPNZHTRZxuc6ox,EApB0e646Nk,"DOKO BUNNE (Official Song) | KUMARI Movie | Keher Limbu | Abishek Khadka, Aakriti Rajbhandari",done,2026-05-29 06:55:58.881431,2026-05-29 06:57:49.107040
cd92688140e64c16bcbaf19687a39fd6,18.208,27.208,9.0,7,1,1,2026-05-29 06:57:49.097436,cb6b6e644578411aa9d553d2f3a8f28d,https://youtu.be/EApB0e646Nk?si=mPyPNZHTRZxuc6ox,EApB0e646Nk,"DOKO BUNNE (Official Song) | KUMARI Movie | Keher Limbu | Abishek Khadka, Aakriti Rajbhandari",done,2026-05-29 06:55:58.881431,2026-05-29 06:57:49.107040
3ae87fdd9c374006be63a9f804cc25be,27.208,34.958,7.75,8,1,1,2026-05-29 06:57:49.097436,cb6b6e644578411aa9d553d2f3a8f28d,https://youtu.be/EApB0e646Nk?si=mPyPNZHTRZxuc6ox,EApB0e646Nk,"DOKO BUNNE (Official Song) | KUMARI Movie | Keher Limbu | Abishek Khadka, Aakriti Rajbhandari",done,2026-05-29 06:55:58.881431,2026-05-29 06:57:49.107040
7fd5758d810343639450e8575645d602,36.5,41.833,5.333,10,1,1,2026-05-29 06:57:49.097436,cb6b6e644578411aa9d553d2f3a8f28d,https://youtu.be/EApB0e646Nk?si=mPyPNZHTRZxuc6ox,EApB0e646Nk,"DOKO BUNNE (Official Song) | KUMARI Movie | Keher Limbu | Abishek Khadka, Aakriti Rajbhandari",done,2026-05-29 06:55:58.881431,2026-05-29 06:57:49.107040
360af211c4e4475dab2d4eab0f45882d,44.708,49.667,4.958,12,1,1,2026-05-29 06:57:49.097436,cb6b6e644578411aa9d553d2f3a8f28d,https://youtu.be/EApB0e646Nk?si=mPyPNZHTRZxuc6ox,EApB0e646Nk,"DOKO BUNNE (Official Song) | KUMARI Movie | Keher Limbu | Abishek Khadka, Aakriti Rajbhandari",done,2026-05-29 06:55:58.881431,2026-05-29 06:57:49.107040
7e4aa9475b8a453387df5d566a053580,49.667,54.25,4.583,13,1,1,2026-05-29 06:57:49.097436,cb6b6e644578411aa9d553d2f3a8f28d,https://youtu.be/EApB0e646Nk?si=mPyPNZHTRZxuc6ox,EApB0e646Nk,"DOKO BUNNE (Official Song) | KUMARI Movie | Keher Limbu | Abishek Khadka, Aakriti Rajbhandari",done,2026-05-29 06:55:58.881431,2026-05-29 06:57:49.107040
9affce3c3b744af5a71788131ab709c7,54.25,58.875,4.625,14,1,1,2026-05-29 06:57:49.097964,cb6b6e644578411aa9d553d2f3a8f28d,https://youtu.be/EApB0e646Nk?si=mPyPNZHTRZxuc6ox,EApB0e646Nk,"DOKO BUNNE (Official Song) | KUMARI Movie | Keher Limbu | Abishek Khadka, Aakriti Rajbhandari",done,2026-05-29 06:55:58.881431,2026-05-29 06:57:49.107040
7ccc0ff37a5a4916969d136ad03b9c53,58.875,62.042,3.167,15,1,1,2026-05-29 06:57:49.097964,cb6b6e644578411aa9d553d2f3a8f28d,https://youtu.be/EApB0e646Nk?si=mPyPNZHTRZxuc6ox,EApB0e646Nk,"DOKO BUNNE (Official Song) | KUMARI Movie | Keher Limbu | Abishek Khadka, Aakriti Rajbhandari",done,2026-05-29 06:55:58.881431,2026-05-29 06:57:49.107040
75a55a4f472f42138f3a6bc8d0e3b484,63.208,66.833,3.625,17,1,1,2026-05-29 06:57:49.097964,cb6b6e644578411aa9d553d2f3a8f28d,https://youtu.be/EApB0e646Nk?si=mPyPNZHTRZxuc6ox,EApB0e646Nk,"DOKO BUNNE (Official Song) | KUMARI Movie | Keher Limbu | Abishek Khadka, Aakriti Rajbhandari",done,2026-05-29 06:55:58.881431,2026-05-29 06:57:49.107040
775bf2de9d1a4f7b832fb44dea073ecc,73.5,79.208,5.708,22,1,1,2026-05-29 06:57:49.097964,cb6b6e644578411aa9d553d2f3a8f28d,https://youtu.be/EApB0e646Nk?si=mPyPNZHTRZxuc6ox,EApB0e646Nk,"DOKO BUNNE (Official Song) | KUMARI Movie | Keher Limbu | Abishek Khadka, Aakriti Rajbhandari",done,2026-05-29 06:55:58.881431,2026-05-29 06:57:49.107040
7c558dda544844b1b32fab351fe71bc1,81.583,84.958,3.375,24,1,1,2026-05-29 06:57:49.097964,cb6b6e644578411aa9d553d2f3a8f28d,https://youtu.be/EApB0e646Nk?si=mPyPNZHTRZxuc6ox,EApB0e646Nk,"DOKO BUNNE (Official Song) | KUMARI Movie | Keher Limbu | Abishek Khadka, Aakriti Rajbhandari",done,2026-05-29 06:55:58.881431,2026-05-29 06:57:49.107040
ea7a78f7a4cd42b6a461d334b367dcc2,86.083,89.5,3.417,26,1,1,2026-05-29 06:57:49.097964,cb6b6e644578411aa9d553d2f3a8f28d,https://youtu.be/EApB0e646Nk?si=mPyPNZHTRZxuc6ox,EApB0e646Nk,"DOKO BUNNE (Official Song) | KUMARI Movie | Keher Limbu | Abishek Khadka, Aakriti Rajbhandari",done,2026-05-29 06:55:58.881431,2026-05-29 06:57:49.107040
6f3411d4a9a84d88a1c7cfb1f704573e,91.75,96.25,4.5,28,1,1,2026-05-29 06:57:49.097964,cb6b6e644578411aa9d553d2f3a8f28d,https://youtu.be/EApB0e646Nk?si=mPyPNZHTRZxuc6ox,EApB0e646Nk,"DOKO BUNNE (Official Song) | KUMARI Movie | Keher Limbu | Abishek Khadka, Aakriti Rajbhandari",done,2026-05-29 06:55:58.881431,2026-05-29 06:57:49.107040
56904a0395f74b68b85663e5cc18a670,96.25,104.042,7.792,29,1,1,2026-05-29 06:57:49.097964,cb6b6e644578411aa9d553d2f3a8f28d,https://youtu.be/EApB0e646Nk?si=mPyPNZHTRZxuc6ox,EApB0e646Nk,"DOKO BUNNE (Official Song) | KUMARI Movie | Keher Limbu | Abishek Khadka, Aakriti Rajbhandari",done,2026-05-29 06:55:58.881431,2026-05-29 06:57:49.107040
1b2650781b67418ea88209a8f3d19914,104.042,110.542,6.5,30,1,1,2026-05-29 06:57:49.097964,cb6b6e644578411aa9d553d2f3a8f28d,https://youtu.be/EApB0e646Nk?si=mPyPNZHTRZxuc6ox,EApB0e646Nk,"DOKO BUNNE (Official Song) | KUMARI Movie | Keher Limbu | Abishek Khadka, Aakriti Rajbhandari",done,2026-05-29 06:55:58.881431,2026-05-29 06:57:49.107040
f0efc97fa00e47f2879a12fa543e1018,110.542,115.875,5.333,31,1,1,2026-05-29 06:57:49.097964,cb6b6e644578411aa9d553d2f3a8f28d,https://youtu.be/EApB0e646Nk?si=mPyPNZHTRZxuc6ox,EApB0e646Nk,"DOKO BUNNE (Official Song) | KUMARI Movie | Keher Limbu | Abishek Khadka, Aakriti Rajbhandari",done,2026-05-29 06:55:58.881431,2026-05-29 06:57:49.107040
2420d99033134908a6b4087a39caa9c5,118.167,122.375,4.208,33,1,1,2026-05-29 06:57:49.097964,cb6b6e644578411aa9d553d2f3a8f28d,https://youtu.be/EApB0e646Nk?si=mPyPNZHTRZxuc6ox,EApB0e646Nk,"DOKO BUNNE (Official Song) | KUMARI Movie | Keher Limbu | Abishek Khadka, Aakriti Rajbhandari",done,2026-05-29 06:55:58.881431,2026-05-29 06:57:49.107040
9898a046eae84b9785bbb8a81c691001,122.375,127.917,5.542,34,1,1,2026-05-29 06:57:49.097964,cb6b6e644578411aa9d553d2f3a8f28d,https://youtu.be/EApB0e646Nk?si=mPyPNZHTRZxuc6ox,EApB0e646Nk,"DOKO BUNNE (Official Song) | KUMARI Movie | Keher Limbu | Abishek Khadka, Aakriti Rajbhandari",done,2026-05-29 06:55:58.881431,2026-05-29 06:57:49.107040
7270de7d8a6b4aa0a8b698c8c0359f9c,127.917,135.75,7.833,35,1,1,2026-05-29 06:57:49.097964,cb6b6e644578411aa9d553d2f3a8f28d,https://youtu.be/EApB0e646Nk?si=mPyPNZHTRZxuc6ox,EApB0e646Nk,"DOKO BUNNE (Official Song) | KUMARI Movie | Keher Limbu | Abishek Khadka, Aakriti Rajbhandari",done,2026-05-29 06:55:58.881431,2026-05-29 06:57:49.107040
09fef4f728384fd2928201d5635262d2,135.75,140.333,4.583,36,1,1,2026-05-29 06:57:49.097964,cb6b6e644578411aa9d553d2f3a8f28d,https://youtu.be/EApB0e646Nk?si=mPyPNZHTRZxuc6ox,EApB0e646Nk,"DOKO BUNNE (Official Song) | KUMARI Movie | Keher Limbu | Abishek Khadka, Aakriti Rajbhandari",done,2026-05-29 06:55:58.881431,2026-05-29 06:57:49.107040
50416185ba204a3b9497f0c9da69a516,140.333,144.917,4.583,37,1,1,2026-05-29 06:57:49.097964,cb6b6e644578411aa9d553d2f3a8f28d,https://youtu.be/EApB0e646Nk?si=mPyPNZHTRZxuc6ox,EApB0e646Nk,"DOKO BUNNE (Official Song) | KUMARI Movie | Keher Limbu | Abishek Khadka, Aakriti Rajbhandari",done,2026-05-29 06:55:58.881431,2026-05-29 06:57:49.107040
e3165dc144874c3a9566bc4c47ad4077,144.917,149.458,4.542,38,1,1,2026-05-29 06:57:49.097964,cb6b6e644578411aa9d553d2f3a8f28d,https://youtu.be/EApB0e646Nk?si=mPyPNZHTRZxuc6ox,EApB0e646Nk,"DOKO BUNNE (Official Song) | KUMARI Movie | Keher Limbu | Abishek Khadka, Aakriti Rajbhandari",done,2026-05-29 06:55:58.881431,2026-05-29 06:57:49.107040
5fac3a1850b54668b07f31e9a9cd66f7,149.458,153.708,4.25,39,1,1,2026-05-29 06:57:49.097964,cb6b6e644578411aa9d553d2f3a8f28d,https://youtu.be/EApB0e646Nk?si=mPyPNZHTRZxuc6ox,EApB0e646Nk,"DOKO BUNNE (Official Song) | KUMARI Movie | Keher Limbu | Abishek Khadka, Aakriti Rajbhandari",done,2026-05-29 06:55:58.881431,2026-05-29 06:57:49.107040
a49aab54d0324fe8bf490ef555b21817,153.708,157.917,4.208,40,1,1,2026-05-29 06:57:49.097964,cb6b6e644578411aa9d553d2f3a8f28d,https://youtu.be/EApB0e646Nk?si=mPyPNZHTRZxuc6ox,EApB0e646Nk,"DOKO BUNNE (Official Song) | KUMARI Movie | Keher Limbu | Abishek Khadka, Aakriti Rajbhandari",done,2026-05-29 06:55:58.881431,2026-05-29 06:57:49.107040
05da6afcde424c428cfa048f807743e5,159.875,168.833,8.958,43,1,1,2026-05-29 06:57:49.097964,cb6b6e644578411aa9d553d2f3a8f28d,https://youtu.be/EApB0e646Nk?si=mPyPNZHTRZxuc6ox,EApB0e646Nk,"DOKO BUNNE (Official Song) | KUMARI Movie | Keher Limbu | Abishek Khadka, Aakriti Rajbhandari",done,2026-05-29 06:55:58.881431,2026-05-29 06:57:49.107040
d0988432c9be4e049d89ee145980d7a1,168.833,173.208,4.375,44,1,1,2026-05-29 06:57:49.097964,cb6b6e644578411aa9d553d2f3a8f28d,https://youtu.be/EApB0e646Nk?si=mPyPNZHTRZxuc6ox,EApB0e646Nk,"DOKO BUNNE (Official Song) | KUMARI Movie | Keher Limbu | Abishek Khadka, Aakriti Rajbhandari",done,2026-05-29 06:55:58.881431,2026-05-29 06:57:49.107040
f51b97f0e45643c597fa40f56a761ec8,173.208,179.625,6.417,45,1,1,2026-05-29 06:57:49.097964,cb6b6e644578411aa9d553d2f3a8f28d,https://youtu.be/EApB0e646Nk?si=mPyPNZHTRZxuc6ox,EApB0e646Nk,"DOKO BUNNE (Official Song) | KUMARI Movie | Keher Limbu | Abishek Khadka, Aakriti Rajbhandari",done,2026-05-29 06:55:58.881431,2026-05-29 06:57:49.107040
bab22bd665be4533a18922c61c24f99f,179.625,184.167,4.542,46,1,1,2026-05-29 06:57:49.097964,cb6b6e644578411aa9d553d2f3a8f28d,https://youtu.be/EApB0e646Nk?si=mPyPNZHTRZxuc6ox,EApB0e646Nk,"DOKO BUNNE (Official Song) | KUMARI Movie | Keher Limbu | Abishek Khadka, Aakriti Rajbhandari",done,2026-05-29 06:55:58.881431,2026-05-29 06:57:49.107040
75222c191bab4aa78edf792b23d52bb4,184.167,187.833,3.667,47,1,1,2026-05-29 06:57:49.097964,cb6b6e644578411aa9d553d2f3a8f28d,https://youtu.be/EApB0e646Nk?si=mPyPNZHTRZxuc6ox,EApB0e646Nk,"DOKO BUNNE (Official Song) | KUMARI Movie | Keher Limbu | Abishek Khadka, Aakriti Rajbhandari",done,2026-05-29 06:55:58.881431,2026-05-29 06:57:49.107040
d00ec9cdc96f4772a6f412f6db686584,187.833,197.833,10.0,48,1,1,2026-05-29 06:57:49.097964,cb6b6e644578411aa9d553d2f3a8f28d,https://youtu.be/EApB0e646Nk?si=mPyPNZHTRZxuc6ox,EApB0e646Nk,"DOKO BUNNE (Official Song) | KUMARI Movie | Keher Limbu | Abishek Khadka, Aakriti Rajbhandari",done,2026-05-29 06:55:58.881431,2026-05-29 06:57:49.107040
ee3aa369275e4e7e90686ecedb663be5,198.333,204.083,5.75,49,1,1,2026-05-29 06:57:49.097964,cb6b6e644578411aa9d553d2f3a8f28d,https://youtu.be/EApB0e646Nk?si=mPyPNZHTRZxuc6ox,EApB0e646Nk,"DOKO BUNNE (Official Song) | KUMARI Movie | Keher Limbu | Abishek Khadka, Aakriti Rajbhandari",done,2026-05-29 06:55:58.881431,2026-05-29 06:57:49.107040
b2306449c7ed4b5fb90216112ddd4170,204.083,209.458,5.375,50,1,1,2026-05-29 06:57:49.097964,cb6b6e644578411aa9d553d2f3a8f28d,https://youtu.be/EApB0e646Nk?si=mPyPNZHTRZxuc6ox,EApB0e646Nk,"DOKO BUNNE (Official Song) | KUMARI Movie | Keher Limbu | Abishek Khadka, Aakriti Rajbhandari",done,2026-05-29 06:55:58.881431,2026-05-29 06:57:49.107040
f7e528dd8991497b8bbdb438cc4a3b73,211.875,216.0,4.125,52,1,1,2026-05-29 06:57:49.097964,cb6b6e644578411aa9d553d2f3a8f28d,https://youtu.be/EApB0e646Nk?si=mPyPNZHTRZxuc6ox,EApB0e646Nk,"DOKO BUNNE (Official Song) | KUMARI Movie | Keher Limbu | Abishek Khadka, Aakriti Rajbhandari",done,2026-05-29 06:55:58.881431,2026-05-29 06:57:49.107040
b460187e854a4b0692dc95b3a918eb84,216.0,219.0,3.0,53,1,1,2026-05-29 06:57:49.097964,cb6b6e644578411aa9d553d2f3a8f28d,https://youtu.be/EApB0e646Nk?si=mPyPNZHTRZxuc6ox,EApB0e646Nk,"DOKO BUNNE (Official Song) | KUMARI Movie | Keher Limbu | Abishek Khadka, Aakriti Rajbhandari",done,2026-05-29 06:55:58.881431,2026-05-29 06:57:49.107040
114dc9450c7d4a1ab64511efa4b029dd,219.0,224.625,5.625,54,1,1,2026-05-29 06:57:49.097964,cb6b6e644578411aa9d553d2f3a8f28d,https://youtu.be/EApB0e646Nk?si=mPyPNZHTRZxuc6ox,EApB0e646Nk,"DOKO BUNNE (Official Song) | KUMARI Movie | Keher Limbu | Abishek Khadka, Aakriti Rajbhandari",done,2026-05-29 06:55:58.881431,2026-05-29 06:57:49.107040
c35ae6a5b49448638264329de8cc9f89,224.625,230.125,5.5,55,1,1,2026-05-29 06:57:49.097964,cb6b6e644578411aa9d553d2f3a8f28d,https://youtu.be/EApB0e646Nk?si=mPyPNZHTRZxuc6ox,EApB0e646Nk,"DOKO BUNNE (Official Song) | KUMARI Movie | Keher Limbu | Abishek Khadka, Aakriti Rajbhandari",done,2026-05-29 06:55:58.881431,2026-05-29 06:57:49.107040
f997b5615d524cc181727c3c2a7dbc62,230.125,236.625,6.5,56,1,1,2026-05-29 06:57:49.097964,cb6b6e644578411aa9d553d2f3a8f28d,https://youtu.be/EApB0e646Nk?si=mPyPNZHTRZxuc6ox,EApB0e646Nk,"DOKO BUNNE (Official Song) | KUMARI Movie | Keher Limbu | Abishek Khadka, Aakriti Rajbhandari",done,2026-05-29 06:55:58.881431,2026-05-29 06:57:49.107040
461173a00c2f49209968f9f9f11e5e4d,236.625,243.417,6.792,57,1,1,2026-05-29 06:57:49.097964,cb6b6e644578411aa9d553d2f3a8f28d,https://youtu.be/EApB0e646Nk?si=mPyPNZHTRZxuc6ox,EApB0e646Nk,"DOKO BUNNE (Official Song) | KUMARI Movie | Keher Limbu | Abishek Khadka, Aakriti Rajbhandari",done,2026-05-29 06:55:58.881431,2026-05-29 06:57:49.107040
2d24fc7191474265a0747268a7f7c03d,0.0,10.0,10.0,0,0,1,2026-05-29 10:25:15.778581,6d3367470299423f917eff8d46cdd367,https://youtu.be/QYNV3MIgrvs?si=wyzQqx-Qat8DLD4I,QYNV3MIgrvs,"Dhankutako - Bhanu Oli, Juna Prasai & Tundhi Raj Adhikari | Nepali Song",done,2026-05-29 10:24:46.093409,2026-05-29 10:25:15.786774
9c0a2b22b97c4696a46d80ac931605fc,12.2,16.733,4.533,1,0,1,2026-05-29 10:25:15.778581,6d3367470299423f917eff8d46cdd367,https://youtu.be/QYNV3MIgrvs?si=wyzQqx-Qat8DLD4I,QYNV3MIgrvs,"Dhankutako - Bhanu Oli, Juna Prasai & Tundhi Raj Adhikari | Nepali Song",done,2026-05-29 10:24:46.093409,2026-05-29 10:25:15.786774
dc00f197315740b2bf09ede2e8b64435,19.6,22.6,3.0,3,0,1,2026-05-29 10:25:15.778581,6d3367470299423f917eff8d46cdd367,https://youtu.be/QYNV3MIgrvs?si=wyzQqx-Qat8DLD4I,QYNV3MIgrvs,"Dhankutako - Bhanu Oli, Juna Prasai & Tundhi Raj Adhikari | Nepali Song",done,2026-05-29 10:24:46.093409,2026-05-29 10:25:15.786774
494842e45aeb4519a5589e0134a44b8f,22.6,25.667,3.067,4,0,1,2026-05-29 10:25:15.778581,6d3367470299423f917eff8d46cdd367,https://youtu.be/QYNV3MIgrvs?si=wyzQqx-Qat8DLD4I,QYNV3MIgrvs,"Dhankutako - Bhanu Oli, Juna Prasai & Tundhi Raj Adhikari | Nepali Song",done,2026-05-29 10:24:46.093409,2026-05-29 10:25:15.786774
fd4765ec40644b59b2d3d17617986e44,25.667,28.667,3.0,5,0,1,2026-05-29 10:25:15.778581,6d3367470299423f917eff8d46cdd367,https://youtu.be/QYNV3MIgrvs?si=wyzQqx-Qat8DLD4I,QYNV3MIgrvs,"Dhankutako - Bhanu Oli, Juna Prasai & Tundhi Raj Adhikari | Nepali Song",done,2026-05-29 10:24:46.093409,2026-05-29 10:25:15.786774
c5040ddfe1564f91a1c3dbeb5a24abdd,28.667,32.8,4.133,6,0,1,2026-05-29 10:25:15.778581,6d3367470299423f917eff8d46cdd367,https://youtu.be/QYNV3MIgrvs?si=wyzQqx-Qat8DLD4I,QYNV3MIgrvs,"Dhankutako - Bhanu Oli, Juna Prasai & Tundhi Raj Adhikari | Nepali Song",done,2026-05-29 10:24:46.093409,2026-05-29 10:25:15.786774
5bc5f7d6f59447759f0d41cee616781f,32.8,39.333,6.533,7,0,1,2026-05-29 10:25:15.778581,6d3367470299423f917eff8d46cdd367,https://youtu.be/QYNV3MIgrvs?si=wyzQqx-Qat8DLD4I,QYNV3MIgrvs,"Dhankutako - Bhanu Oli, Juna Prasai & Tundhi Raj Adhikari | Nepali Song",done,2026-05-29 10:24:46.093409,2026-05-29 10:25:15.786774
5b185de209664c4d9461b558b225fcb2,52.733,56.0,3.267,16,0,1,2026-05-29 10:25:15.778581,6d3367470299423f917eff8d46cdd367,https://youtu.be/QYNV3MIgrvs?si=wyzQqx-Qat8DLD4I,QYNV3MIgrvs,"Dhankutako - Bhanu Oli, Juna Prasai & Tundhi Raj Adhikari | Nepali Song",done,2026-05-29 10:24:46.093409,2026-05-29 10:25:15.786774
acda6cef51564d5480fa2fb916e49966,58.8,62.0,3.2,19,0,1,2026-05-29 10:25:15.778581,6d3367470299423f917eff8d46cdd367,https://youtu.be/QYNV3MIgrvs?si=wyzQqx-Qat8DLD4I,QYNV3MIgrvs,"Dhankutako - Bhanu Oli, Juna Prasai & Tundhi Raj Adhikari | Nepali Song",done,2026-05-29 10:24:46.093409,2026-05-29 10:25:15.786774
7068a952462740fb8e2e5fe52a502799,63.133,67.2,4.067,21,0,1,2026-05-29 10:25:15.778581,6d3367470299423f917eff8d46cdd367,https://youtu.be/QYNV3MIgrvs?si=wyzQqx-Qat8DLD4I,QYNV3MIgrvs,"Dhankutako - Bhanu Oli, Juna Prasai & Tundhi Raj Adhikari | Nepali Song",done,2026-05-29 10:24:46.093409,2026-05-29 10:25:15.786774
2d889ae966e848dab4a0899d4981f479,67.2,71.067,3.867,22,0,1,2026-05-29 10:25:15.778581,6d3367470299423f917eff8d46cdd367,https://youtu.be/QYNV3MIgrvs?si=wyzQqx-Qat8DLD4I,QYNV3MIgrvs,"Dhankutako - Bhanu Oli, Juna Prasai & Tundhi Raj Adhikari | Nepali Song",done,2026-05-29 10:24:46.093409,2026-05-29 10:25:15.786774
f7c0387a0c5e4180b69d61fe6d386dec,75.6,78.933,3.333,25,0,1,2026-05-29 10:25:15.778581,6d3367470299423f917eff8d46cdd367,https://youtu.be/QYNV3MIgrvs?si=wyzQqx-Qat8DLD4I,QYNV3MIgrvs,"Dhankutako - Bhanu Oli, Juna Prasai & Tundhi Raj Adhikari | Nepali Song",done,2026-05-29 10:24:46.093409,2026-05-29 10:25:15.786774
ca92458b21f443bfbaf211825b8de464,80.6,84.067,3.467,27,0,1,2026-05-29 10:25:15.778581,6d3367470299423f917eff8d46cdd367,https://youtu.be/QYNV3MIgrvs?si=wyzQqx-Qat8DLD4I,QYNV3MIgrvs,"Dhankutako - Bhanu Oli, Juna Prasai & Tundhi Raj Adhikari | Nepali Song",done,2026-05-29 10:24:46.093409,2026-05-29 10:25:15.786774
46a624a61acc4072b71297971cf1d0fc,84.067,87.333,3.267,28,0,1,2026-05-29 10:25:15.778581,6d3367470299423f917eff8d46cdd367,https://youtu.be/QYNV3MIgrvs?si=wyzQqx-Qat8DLD4I,QYNV3MIgrvs,"Dhankutako - Bhanu Oli, Juna Prasai & Tundhi Raj Adhikari | Nepali Song",done,2026-05-29 10:24:46.093409,2026-05-29 10:25:15.786774
6668acb150a146aea39df036e47c8879,88.533,92.133,3.6,30,0,1,2026-05-29 10:25:15.778581,6d3367470299423f917eff8d46cdd367,https://youtu.be/QYNV3MIgrvs?si=wyzQqx-Qat8DLD4I,QYNV3MIgrvs,"Dhankutako - Bhanu Oli, Juna Prasai & Tundhi Raj Adhikari | Nepali Song",done,2026-05-29 10:24:46.093409,2026-05-29 10:25:15.786774
0ece8aa50e6247afb210d0ab9365f72c,92.133,95.267,3.133,31,0,1,2026-05-29 10:25:15.778581,6d3367470299423f917eff8d46cdd367,https://youtu.be/QYNV3MIgrvs?si=wyzQqx-Qat8DLD4I,QYNV3MIgrvs,"Dhankutako - Bhanu Oli, Juna Prasai & Tundhi Raj Adhikari | Nepali Song",done,2026-05-29 10:24:46.093409,2026-05-29 10:25:15.786774
99138030e30b457db363a264e8f3cfd0,95.267,101.133,5.867,32,0,1,2026-05-29 10:25:15.778581,6d3367470299423f917eff8d46cdd367,https://youtu.be/QYNV3MIgrvs?si=wyzQqx-Qat8DLD4I,QYNV3MIgrvs,"Dhankutako - Bhanu Oli, Juna Prasai & Tundhi Raj Adhikari | Nepali Song",done,2026-05-29 10:24:46.093409,2026-05-29 10:25:15.786774
d6e84532f68349f0b7750e4eef48bf98,102.933,106.0,3.067,34,0,1,2026-05-29 10:25:15.778581,6d3367470299423f917eff8d46cdd367,https://youtu.be/QYNV3MIgrvs?si=wyzQqx-Qat8DLD4I,QYNV3MIgrvs,"Dhankutako - Bhanu Oli, Juna Prasai & Tundhi Raj Adhikari | Nepali Song",done,2026-05-29 10:24:46.093409,2026-05-29 10:25:15.786774
bf80d6c6ad2148f3a6481ea93cb7ae2c,109.8,117.667,7.867,37,0,1,2026-05-29 10:25:15.778581,6d3367470299423f917eff8d46cdd367,https://youtu.be/QYNV3MIgrvs?si=wyzQqx-Qat8DLD4I,QYNV3MIgrvs,"Dhankutako - Bhanu Oli, Juna Prasai & Tundhi Raj Adhikari | Nepali Song",done,2026-05-29 10:24:46.093409,2026-05-29 10:25:15.786774
f14783d791444eb6934b24e1fc9ee9c0,130.133,133.333,3.2,46,0,1,2026-05-29 10:25:15.778581,6d3367470299423f917eff8d46cdd367,https://youtu.be/QYNV3MIgrvs?si=wyzQqx-Qat8DLD4I,QYNV3MIgrvs,"Dhankutako - Bhanu Oli, Juna Prasai & Tundhi Raj Adhikari | Nepali Song",done,2026-05-29 10:24:46.093409,2026-05-29 10:25:15.786774
bcbd5613e8ce4d3d9d27118c8ef9610a,134.8,140.4,5.6,48,0,1,2026-05-29 10:25:15.778581,6d3367470299423f917eff8d46cdd367,https://youtu.be/QYNV3MIgrvs?si=wyzQqx-Qat8DLD4I,QYNV3MIgrvs,"Dhankutako - Bhanu Oli, Juna Prasai & Tundhi Raj Adhikari | Nepali Song",done,2026-05-29 10:24:46.093409,2026-05-29 10:25:15.786774
28dd0b51737e480fb20f90a8ef093d91,140.4,143.467,3.067,49,0,1,2026-05-29 10:25:15.778581,6d3367470299423f917eff8d46cdd367,https://youtu.be/QYNV3MIgrvs?si=wyzQqx-Qat8DLD4I,QYNV3MIgrvs,"Dhankutako - Bhanu Oli, Juna Prasai & Tundhi Raj Adhikari | Nepali Song",done,2026-05-29 10:24:46.093409,2026-05-29 10:25:15.786774
69d3025173df4d0eb0e7b375ec4c3a64,154.333,160.8,6.467,57,0,1,2026-05-29 10:25:15.778581,6d3367470299423f917eff8d46cdd367,https://youtu.be/QYNV3MIgrvs?si=wyzQqx-Qat8DLD4I,QYNV3MIgrvs,"Dhankutako - Bhanu Oli, Juna Prasai & Tundhi Raj Adhikari | Nepali Song",done,2026-05-29 10:24:46.093409,2026-05-29 10:25:15.786774
946113cf13f94715b894b51d10445a8d,162.133,166.667,4.533,59,0,1,2026-05-29 10:25:15.778581,6d3367470299423f917eff8d46cdd367,https://youtu.be/QYNV3MIgrvs?si=wyzQqx-Qat8DLD4I,QYNV3MIgrvs,"Dhankutako - Bhanu Oli, Juna Prasai & Tundhi Raj Adhikari | Nepali Song",done,2026-05-29 10:24:46.093409,2026-05-29 10:25:15.786774
aa2ea4ad0961468ba36ee2ca32330713,178.733,187.8,9.067,68,0,1,2026-05-29 10:25:15.778581,6d3367470299423f917eff8d46cdd367,https://youtu.be/QYNV3MIgrvs?si=wyzQqx-Qat8DLD4I,QYNV3MIgrvs,"Dhankutako - Bhanu Oli, Juna Prasai & Tundhi Raj Adhikari | Nepali Song",done,2026-05-29 10:24:46.093409,2026-05-29 10:25:15.786774
14175884af704ace9fe5a93fea9f85b7,187.8,192.2,4.4,69,0,1,2026-05-29 10:25:15.778581,6d3367470299423f917eff8d46cdd367,https://youtu.be/QYNV3MIgrvs?si=wyzQqx-Qat8DLD4I,QYNV3MIgrvs,"Dhankutako - Bhanu Oli, Juna Prasai & Tundhi Raj Adhikari | Nepali Song",done,2026-05-29 10:24:46.093409,2026-05-29 10:25:15.786774
ad9682f6acbc420c9d6b3232cdfb77c5,192.2,195.8,3.6,70,0,1,2026-05-29 10:25:15.778581,6d3367470299423f917eff8d46cdd367,https://youtu.be/QYNV3MIgrvs?si=wyzQqx-Qat8DLD4I,QYNV3MIgrvs,"Dhankutako - Bhanu Oli, Juna Prasai & Tundhi Raj Adhikari | Nepali Song",done,2026-05-29 10:24:46.093409,2026-05-29 10:25:15.786774
06d73fb49e804c7fa5dc64e301d711cd,196.933,199.933,3.0,72,0,1,2026-05-29 10:25:15.779116,6d3367470299423f917eff8d46cdd367,https://youtu.be/QYNV3MIgrvs?si=wyzQqx-Qat8DLD4I,QYNV3MIgrvs,"Dhankutako - Bhanu Oli, Juna Prasai & Tundhi Raj Adhikari | Nepali Song",done,2026-05-29 10:24:46.093409,2026-05-29 10:25:15.786774
55ef75cb871542cbaf415e3a2917586e,205.6,208.6,3.0,77,0,1,2026-05-29 10:25:15.779116,6d3367470299423f917eff8d46cdd367,https://youtu.be/QYNV3MIgrvs?si=wyzQqx-Qat8DLD4I,QYNV3MIgrvs,"Dhankutako - Bhanu Oli, Juna Prasai & Tundhi Raj Adhikari | Nepali Song",done,2026-05-29 10:24:46.093409,2026-05-29 10:25:15.786774
5a311bb4260a40fcb325300f1ea5533f,213.133,216.667,3.533,80,0,1,2026-05-29 10:25:15.779116,6d3367470299423f917eff8d46cdd367,https://youtu.be/QYNV3MIgrvs?si=wyzQqx-Qat8DLD4I,QYNV3MIgrvs,"Dhankutako - Bhanu Oli, Juna Prasai & Tundhi Raj Adhikari | Nepali Song",done,2026-05-29 10:24:46.093409,2026-05-29 10:25:15.786774
fd3ef97be84e41cbb4db52b1e17baa8c,218.133,221.2,3.067,82,0,1,2026-05-29 10:25:15.779116,6d3367470299423f917eff8d46cdd367,https://youtu.be/QYNV3MIgrvs?si=wyzQqx-Qat8DLD4I,QYNV3MIgrvs,"Dhankutako - Bhanu Oli, Juna Prasai & Tundhi Raj Adhikari | Nepali Song",done,2026-05-29 10:24:46.093409,2026-05-29 10:25:15.786774
6dd8208e657143fa910e6b6c9ed59d91,225.733,230.2,4.467,85,0,1,2026-05-29 10:25:15.779116,6d3367470299423f917eff8d46cdd367,https://youtu.be/QYNV3MIgrvs?si=wyzQqx-Qat8DLD4I,QYNV3MIgrvs,"Dhankutako - Bhanu Oli, Juna Prasai & Tundhi Raj Adhikari | Nepali Song",done,2026-05-29 10:24:46.093409,2026-05-29 10:25:15.786774
07a3d333fcc64d10ad5cc89c626634a0,230.2,234.8,4.6,86,0,1,2026-05-29 10:25:15.779116,6d3367470299423f917eff8d46cdd367,https://youtu.be/QYNV3MIgrvs?si=wyzQqx-Qat8DLD4I,QYNV3MIgrvs,"Dhankutako - Bhanu Oli, Juna Prasai & Tundhi Raj Adhikari | Nepali Song",done,2026-05-29 10:24:46.093409,2026-05-29 10:25:15.786774
94e38ef8642643d7afd627ad7114a827,234.8,239.4,4.6,87,0,1,2026-05-29 10:25:15.779116,6d3367470299423f917eff8d46cdd367,https://youtu.be/QYNV3MIgrvs?si=wyzQqx-Qat8DLD4I,QYNV3MIgrvs,"Dhankutako - Bhanu Oli, Juna Prasai & Tundhi Raj Adhikari | Nepali Song",done,2026-05-29 10:24:46.093409,2026-05-29 10:25:15.786774
6a5fe3308214483d9f9387e66fdd435d,251.133,256.067,4.933,94,0,1,2026-05-29 10:25:15.779116,6d3367470299423f917eff8d46cdd367,https://youtu.be/QYNV3MIgrvs?si=wyzQqx-Qat8DLD4I,QYNV3MIgrvs,"Dhankutako - Bhanu Oli, Juna Prasai & Tundhi Raj Adhikari | Nepali Song",done,2026-05-29 10:24:46.093409,2026-05-29 10:25:15.786774
a381074d5c3142768dccdf52fb298d8f,263.6,266.6,3.0,100,0,1,2026-05-29 10:25:15.779116,6d3367470299423f917eff8d46cdd367,https://youtu.be/QYNV3MIgrvs?si=wyzQqx-Qat8DLD4I,QYNV3MIgrvs,"Dhankutako - Bhanu Oli, Juna Prasai & Tundhi Raj Adhikari | Nepali Song",done,2026-05-29 10:24:46.093409,2026-05-29 10:25:15.786774
8a1aeb8a8d5b4d8987a1a247de8070c9,268.2,272.8,4.6,102,0,1,2026-05-29 10:25:15.779116,6d3367470299423f917eff8d46cdd367,https://youtu.be/QYNV3MIgrvs?si=wyzQqx-Qat8DLD4I,QYNV3MIgrvs,"Dhankutako - Bhanu Oli, Juna Prasai & Tundhi Raj Adhikari | Nepali Song",done,2026-05-29 10:24:46.093409,2026-05-29 10:25:15.786774
a7ac3fa3c9554c8692c5b30c5b764ee0,272.8,275.8,3.0,103,0,1,2026-05-29 10:25:15.779116,6d3367470299423f917eff8d46cdd367,https://youtu.be/QYNV3MIgrvs?si=wyzQqx-Qat8DLD4I,QYNV3MIgrvs,"Dhankutako - Bhanu Oli, Juna Prasai & Tundhi Raj Adhikari | Nepali Song",done,2026-05-29 10:24:46.093409,2026-05-29 10:25:15.786774
1128629076584e55a9a92d073ce119ed,307.667,313.533,5.867,121,0,1,2026-05-29 10:25:15.779116,6d3367470299423f917eff8d46cdd367,https://youtu.be/QYNV3MIgrvs?si=wyzQqx-Qat8DLD4I,QYNV3MIgrvs,"Dhankutako - Bhanu Oli, Juna Prasai & Tundhi Raj Adhikari | Nepali Song",done,2026-05-29 10:24:46.093409,2026-05-29 10:25:15.786774
8fc3fdf32e874fc6b214475f972aa18e,313.533,317.267,3.733,122,0,1,2026-05-29 10:25:15.779116,6d3367470299423f917eff8d46cdd367,https://youtu.be/QYNV3MIgrvs?si=wyzQqx-Qat8DLD4I,QYNV3MIgrvs,"Dhankutako - Bhanu Oli, Juna Prasai & Tundhi Raj Adhikari | Nepali Song",done,2026-05-29 10:24:46.093409,2026-05-29 10:25:15.786774
de35f4afefb44fd787444fc92b646cdb,330.733,333.933,3.2,130,0,1,2026-05-29 10:25:15.779116,6d3367470299423f917eff8d46cdd367,https://youtu.be/QYNV3MIgrvs?si=wyzQqx-Qat8DLD4I,QYNV3MIgrvs,"Dhankutako - Bhanu Oli, Juna Prasai & Tundhi Raj Adhikari | Nepali Song",done,2026-05-29 10:24:46.093409,2026-05-29 10:25:15.786774
5ce3b15946924c8fb78380847ad34489,333.933,337.933,4.0,131,0,1,2026-05-29 10:25:15.779116,6d3367470299423f917eff8d46cdd367,https://youtu.be/QYNV3MIgrvs?si=wyzQqx-Qat8DLD4I,QYNV3MIgrvs,"Dhankutako - Bhanu Oli, Juna Prasai & Tundhi Raj Adhikari | Nepali Song",done,2026-05-29 10:24:46.093409,2026-05-29 10:25:15.786774
c283946034f84b8186a6433bfc9352c0,337.933,341.0,3.067,132,0,1,2026-05-29 10:25:15.779116,6d3367470299423f917eff8d46cdd367,https://youtu.be/QYNV3MIgrvs?si=wyzQqx-Qat8DLD4I,QYNV3MIgrvs,"Dhankutako - Bhanu Oli, Juna Prasai & Tundhi Raj Adhikari | Nepali Song",done,2026-05-29 10:24:46.093409,2026-05-29 10:25:15.786774
7af69f7f4be0465fb9c6170f07717c30,342.533,345.533,3.0,134,0,1,2026-05-29 10:25:15.779116,6d3367470299423f917eff8d46cdd367,https://youtu.be/QYNV3MIgrvs?si=wyzQqx-Qat8DLD4I,QYNV3MIgrvs,"Dhankutako - Bhanu Oli, Juna Prasai & Tundhi Raj Adhikari | Nepali Song",done,2026-05-29 10:24:46.093409,2026-05-29 10:25:15.786774
788bfab81f5f4bc7bb3fc381d0047ea4,368.2,371.867,3.667,149,0,1,2026-05-29 10:25:15.779116,6d3367470299423f917eff8d46cdd367,https://youtu.be/QYNV3MIgrvs?si=wyzQqx-Qat8DLD4I,QYNV3MIgrvs,"Dhankutako - Bhanu Oli, Juna Prasai & Tundhi Raj Adhikari | Nepali Song",done,2026-05-29 10:24:46.093409,2026-05-29 10:25:15.786774
e0e751a1f3fe48b18dc2b949a0fb4c76,373.067,377.4,4.333,151,0,1,2026-05-29 10:25:15.779116,6d3367470299423f917eff8d46cdd367,https://youtu.be/QYNV3MIgrvs?si=wyzQqx-Qat8DLD4I,QYNV3MIgrvs,"Dhankutako - Bhanu Oli, Juna Prasai & Tundhi Raj Adhikari | Nepali Song",done,2026-05-29 10:24:46.093409,2026-05-29 10:25:15.786774
882acb52a6f44ebb98268e0528ef0232,377.4,380.4,3.0,152,0,1,2026-05-29 10:25:15.779116,6d3367470299423f917eff8d46cdd367,https://youtu.be/QYNV3MIgrvs?si=wyzQqx-Qat8DLD4I,QYNV3MIgrvs,"Dhankutako - Bhanu Oli, Juna Prasai & Tundhi Raj Adhikari | Nepali Song",done,2026-05-29 10:24:46.093409,2026-05-29 10:25:15.786774
1d6fbbdfc8bb43389a4c5816bdeacb11,384.933,388.0,3.067,155,0,1,2026-05-29 10:25:15.779116,6d3367470299423f917eff8d46cdd367,https://youtu.be/QYNV3MIgrvs?si=wyzQqx-Qat8DLD4I,QYNV3MIgrvs,"Dhankutako - Bhanu Oli, Juna Prasai & Tundhi Raj Adhikari | Nepali Song",done,2026-05-29 10:24:46.093409,2026-05-29 10:25:15.786774
a18eae1a3e474145b8276da24d9a9b22,388.0,391.0,3.0,156,0,1,2026-05-29 10:25:15.779116,6d3367470299423f917eff8d46cdd367,https://youtu.be/QYNV3MIgrvs?si=wyzQqx-Qat8DLD4I,QYNV3MIgrvs,"Dhankutako - Bhanu Oli, Juna Prasai & Tundhi Raj Adhikari | Nepali Song",done,2026-05-29 10:24:46.093409,2026-05-29 10:25:15.786774
3686ab609a0d49cebf1b03c7646c100c,391.0,394.133,3.133,157,0,1,2026-05-29 10:25:15.779116,6d3367470299423f917eff8d46cdd367,https://youtu.be/QYNV3MIgrvs?si=wyzQqx-Qat8DLD4I,QYNV3MIgrvs,"Dhankutako - Bhanu Oli, Juna Prasai & Tundhi Raj Adhikari | Nepali Song",done,2026-05-29 10:24:46.093409,2026-05-29 10:25:15.786774
dded793e9f20485fb5a0212e0803088b,397.067,401.4,4.333,159,0,1,2026-05-29 10:25:15.779116,6d3367470299423f917eff8d46cdd367,https://youtu.be/QYNV3MIgrvs?si=wyzQqx-Qat8DLD4I,QYNV3MIgrvs,"Dhankutako - Bhanu Oli, Juna Prasai & Tundhi Raj Adhikari | Nepali Song",done,2026-05-29 10:24:46.093409,2026-05-29 10:25:15.786774
b9e12176bc2849a8850606cf0de5a923,418.333,421.333,3.0,171,0,1,2026-05-29 10:25:15.779116,6d3367470299423f917eff8d46cdd367,https://youtu.be/QYNV3MIgrvs?si=wyzQqx-Qat8DLD4I,QYNV3MIgrvs,"Dhankutako - Bhanu Oli, Juna Prasai & Tundhi Raj Adhikari | Nepali Song",done,2026-05-29 10:24:46.093409,2026-05-29 10:25:15.786774
7cd68bfe70ad4069a6e599074ca1c5cf,421.333,431.333,10.0,172,0,1,2026-05-29 10:25:15.779116,6d3367470299423f917eff8d46cdd367,https://youtu.be/QYNV3MIgrvs?si=wyzQqx-Qat8DLD4I,QYNV3MIgrvs,"Dhankutako - Bhanu Oli, Juna Prasai & Tundhi Raj Adhikari | Nepali Song",done,2026-05-29 10:24:46.093409,2026-05-29 10:25:15.786774
772a3edfb6f649f0b09a48e7438ef037,6.333,14.2,7.867,3,0,1,2026-05-29 11:11:34.681840,f26d542fa5f047e7a0b5029def8e26e0,https://youtu.be/xQIPSRewSLM?si=1v5zrk_6KvZiTBz-,xQIPSRewSLM,Dherai Choti Mare Ma Ta - Shiva Pariyar | Nepali Superhit Adhunik Song,done,2026-05-29 11:10:19.952743,2026-05-29 11:11:34.688925
f3174aef726e4d2ea5f31a6ff86b69bd,21.4,27.133,5.733,8,0,1,2026-05-29 11:11:34.681840,f26d542fa5f047e7a0b5029def8e26e0,https://youtu.be/xQIPSRewSLM?si=1v5zrk_6KvZiTBz-,xQIPSRewSLM,Dherai Choti Mare Ma Ta - Shiva Pariyar | Nepali Superhit Adhunik Song,done,2026-05-29 11:10:19.952743,2026-05-29 11:11:34.688925
d04d5cb3369d4279ac6e58fe5b258f00,30.6,40.6,10.0,11,0,1,2026-05-29 11:11:34.681840,f26d542fa5f047e7a0b5029def8e26e0,https://youtu.be/xQIPSRewSLM?si=1v5zrk_6KvZiTBz-,xQIPSRewSLM,Dherai Choti Mare Ma Ta - Shiva Pariyar | Nepali Superhit Adhunik Song,done,2026-05-29 11:10:19.952743,2026-05-29 11:11:34.688925
ff1f775e20834c76abe6a7bdb1343cc4,49.6,53.133,3.533,14,0,1,2026-05-29 11:11:34.681840,f26d542fa5f047e7a0b5029def8e26e0,https://youtu.be/xQIPSRewSLM?si=1v5zrk_6KvZiTBz-,xQIPSRewSLM,Dherai Choti Mare Ma Ta - Shiva Pariyar | Nepali Superhit Adhunik Song,done,2026-05-29 11:10:19.952743,2026-05-29 11:11:34.688925
54375a98cebb4c42b5249a9c8f0f5b2b,63.733,67.2,3.467,22,0,1,2026-05-29 11:11:34.681840,f26d542fa5f047e7a0b5029def8e26e0,https://youtu.be/xQIPSRewSLM?si=1v5zrk_6KvZiTBz-,xQIPSRewSLM,Dherai Choti Mare Ma Ta - Shiva Pariyar | Nepali Superhit Adhunik Song,done,2026-05-29 11:10:19.952743,2026-05-29 11:11:34.688925
f3b63387d93f40268ecc8db5370d22c4,67.2,74.4,7.2,23,0,1,2026-05-29 11:11:34.681840,f26d542fa5f047e7a0b5029def8e26e0,https://youtu.be/xQIPSRewSLM?si=1v5zrk_6KvZiTBz-,xQIPSRewSLM,Dherai Choti Mare Ma Ta - Shiva Pariyar | Nepali Superhit Adhunik Song,done,2026-05-29 11:10:19.952743,2026-05-29 11:11:34.688925
e11c9ac3e86e40c1b80b00e8002fe70e,82.333,88.4,6.067,30,0,1,2026-05-29 11:11:34.681840,f26d542fa5f047e7a0b5029def8e26e0,https://youtu.be/xQIPSRewSLM?si=1v5zrk_6KvZiTBz-,xQIPSRewSLM,Dherai Choti Mare Ma Ta - Shiva Pariyar | Nepali Superhit Adhunik Song,done,2026-05-29 11:10:19.952743,2026-05-29 11:11:34.688925
7ef99264195d4f16ab0e1c474d2c689d,88.4,91.6,3.2,31,0,1,2026-05-29 11:11:34.681840,f26d542fa5f047e7a0b5029def8e26e0,https://youtu.be/xQIPSRewSLM?si=1v5zrk_6KvZiTBz-,xQIPSRewSLM,Dherai Choti Mare Ma Ta - Shiva Pariyar | Nepali Superhit Adhunik Song,done,2026-05-29 11:10:19.952743,2026-05-29 11:11:34.688925
fe90f9dc109d4fa499b2bbe7b7ad0117,91.6,95.4,3.8,32,0,1,2026-05-29 11:11:34.681840,f26d542fa5f047e7a0b5029def8e26e0,https://youtu.be/xQIPSRewSLM?si=1v5zrk_6KvZiTBz-,xQIPSRewSLM,Dherai Choti Mare Ma Ta - Shiva Pariyar | Nepali Superhit Adhunik Song,done,2026-05-29 11:10:19.952743,2026-05-29 11:11:34.688925
f7271291a5f3413e85f6274daf2fd0cd,95.4,99.0,3.6,33,0,1,2026-05-29 11:11:34.681840,f26d542fa5f047e7a0b5029def8e26e0,https://youtu.be/xQIPSRewSLM?si=1v5zrk_6KvZiTBz-,xQIPSRewSLM,Dherai Choti Mare Ma Ta - Shiva Pariyar | Nepali Superhit Adhunik Song,done,2026-05-29 11:10:19.952743,2026-05-29 11:11:34.688925
585a95d36e384f68a4814b56f898f17d,111.8,119.333,7.533,41,0,1,2026-05-29 11:11:34.681840,f26d542fa5f047e7a0b5029def8e26e0,https://youtu.be/xQIPSRewSLM?si=1v5zrk_6KvZiTBz-,xQIPSRewSLM,Dherai Choti Mare Ma Ta - Shiva Pariyar | Nepali Superhit Adhunik Song,done,2026-05-29 11:10:19.952743,2026-05-29 11:11:34.688925
e14f7c7a9bb84649a239d61fbdec5944,127.2,131.333,4.133,47,0,1,2026-05-29 11:11:34.681840,f26d542fa5f047e7a0b5029def8e26e0,https://youtu.be/xQIPSRewSLM?si=1v5zrk_6KvZiTBz-,xQIPSRewSLM,Dherai Choti Mare Ma Ta - Shiva Pariyar | Nepali Superhit Adhunik Song,done,2026-05-29 11:10:19.952743,2026-05-29 11:11:34.688925
9dc106ef87ec4f9fb1603389a4261c1c,131.333,136.133,4.8,48,0,1,2026-05-29 11:11:34.681840,f26d542fa5f047e7a0b5029def8e26e0,https://youtu.be/xQIPSRewSLM?si=1v5zrk_6KvZiTBz-,xQIPSRewSLM,Dherai Choti Mare Ma Ta - Shiva Pariyar | Nepali Superhit Adhunik Song,done,2026-05-29 11:10:19.952743,2026-05-29 11:11:34.688925
bb6abcd2c9014baa90aaa5e92cbd7625,136.133,146.133,10.0,49,0,1,2026-05-29 11:11:34.682368,f26d542fa5f047e7a0b5029def8e26e0,https://youtu.be/xQIPSRewSLM?si=1v5zrk_6KvZiTBz-,xQIPSRewSLM,Dherai Choti Mare Ma Ta - Shiva Pariyar | Nepali Superhit Adhunik Song,done,2026-05-29 11:10:19.952743,2026-05-29 11:11:34.688925
18ebf54fbd944f559070420aee23d952,155.733,159.0,3.267,52,0,1,2026-05-29 11:11:34.682368,f26d542fa5f047e7a0b5029def8e26e0,https://youtu.be/xQIPSRewSLM?si=1v5zrk_6KvZiTBz-,xQIPSRewSLM,Dherai Choti Mare Ma Ta - Shiva Pariyar | Nepali Superhit Adhunik Song,done,2026-05-29 11:10:19.952743,2026-05-29 11:11:34.688925
97e7dd32df744bb99de799d4aac3b678,165.733,169.6,3.867,57,0,1,2026-05-29 11:11:34.682368,f26d542fa5f047e7a0b5029def8e26e0,https://youtu.be/xQIPSRewSLM?si=1v5zrk_6KvZiTBz-,xQIPSRewSLM,Dherai Choti Mare Ma Ta - Shiva Pariyar | Nepali Superhit Adhunik Song,done,2026-05-29 11:10:19.952743,2026-05-29 11:11:34.688925
6e6d89619eae4b91ac29dbeedcdc2a04,175.733,183.733,8.0,61,0,1,2026-05-29 11:11:34.682368,f26d542fa5f047e7a0b5029def8e26e0,https://youtu.be/xQIPSRewSLM?si=1v5zrk_6KvZiTBz-,xQIPSRewSLM,Dherai Choti Mare Ma Ta - Shiva Pariyar | Nepali Superhit Adhunik Song,done,2026-05-29 11:10:19.952743,2026-05-29 11:11:34.688925
8488b3495bc84eebb7e2ff41cd3def07,194.333,197.733,3.4,67,0,1,2026-05-29 11:11:34.682368,f26d542fa5f047e7a0b5029def8e26e0,https://youtu.be/xQIPSRewSLM?si=1v5zrk_6KvZiTBz-,xQIPSRewSLM,Dherai Choti Mare Ma Ta - Shiva Pariyar | Nepali Superhit Adhunik Song,done,2026-05-29 11:10:19.952743,2026-05-29 11:11:34.688925
a368cc6f1d4c4d269d74dfc464f7b950,197.733,204.8,7.067,68,0,1,2026-05-29 11:11:34.682368,f26d542fa5f047e7a0b5029def8e26e0,https://youtu.be/xQIPSRewSLM?si=1v5zrk_6KvZiTBz-,xQIPSRewSLM,Dherai Choti Mare Ma Ta - Shiva Pariyar | Nepali Superhit Adhunik Song,done,2026-05-29 11:10:19.952743,2026-05-29 11:11:34.688925
cf1ab1b6df824c7185eafe304339bc21,204.8,214.8,10.0,69,0,1,2026-05-29 11:11:34.682368,f26d542fa5f047e7a0b5029def8e26e0,https://youtu.be/xQIPSRewSLM?si=1v5zrk_6KvZiTBz-,xQIPSRewSLM,Dherai Choti Mare Ma Ta - Shiva Pariyar | Nepali Superhit Adhunik Song,done,2026-05-29 11:10:19.952743,2026-05-29 11:11:34.688925
a0245d38ce0d4806ac9e76a491b0b79c,226.067,232.267,6.2,70,0,1,2026-05-29 11:11:34.682368,f26d542fa5f047e7a0b5029def8e26e0,https://youtu.be/xQIPSRewSLM?si=1v5zrk_6KvZiTBz-,xQIPSRewSLM,Dherai Choti Mare Ma Ta - Shiva Pariyar | Nepali Superhit Adhunik Song,done,2026-05-29 11:10:19.952743,2026-05-29 11:11:34.688925
e42b85a7d16949bbbe081e1aa873a86a,248.333,252.533,4.2,79,0,1,2026-05-29 11:11:34.682368,f26d542fa5f047e7a0b5029def8e26e0,https://youtu.be/xQIPSRewSLM?si=1v5zrk_6KvZiTBz-,xQIPSRewSLM,Dherai Choti Mare Ma Ta - Shiva Pariyar | Nepali Superhit Adhunik Song,done,2026-05-29 11:10:19.952743,2026-05-29 11:11:34.688925
fef597d21f4d4f4f9e9c072f772cd243,253.6,257.2,3.6,81,0,1,2026-05-29 11:11:34.682368,f26d542fa5f047e7a0b5029def8e26e0,https://youtu.be/xQIPSRewSLM?si=1v5zrk_6KvZiTBz-,xQIPSRewSLM,Dherai Choti Mare Ma Ta - Shiva Pariyar | Nepali Superhit Adhunik Song,done,2026-05-29 11:10:19.952743,2026-05-29 11:11:34.688925
218087b42bc0444d89a7af159d7e4313,264.133,269.267,5.133,87,0,1,2026-05-29 11:11:34.682368,f26d542fa5f047e7a0b5029def8e26e0,https://youtu.be/xQIPSRewSLM?si=1v5zrk_6KvZiTBz-,xQIPSRewSLM,Dherai Choti Mare Ma Ta - Shiva Pariyar | Nepali Superhit Adhunik Song,done,2026-05-29 11:10:19.952743,2026-05-29 11:11:34.688925
e1c027f356a54d5faabf63acb78a9bf5,276.2,285.8,9.6,91,0,1,2026-05-29 11:11:34.682368,f26d542fa5f047e7a0b5029def8e26e0,https://youtu.be/xQIPSRewSLM?si=1v5zrk_6KvZiTBz-,xQIPSRewSLM,Dherai Choti Mare Ma Ta - Shiva Pariyar | Nepali Superhit Adhunik Song,done,2026-05-29 11:10:19.952743,2026-05-29 11:11:34.688925
ca26324bd4594f64983316b5f0d81e1b,303.533,313.533,10.0,102,0,1,2026-05-29 11:11:34.682368,f26d542fa5f047e7a0b5029def8e26e0,https://youtu.be/xQIPSRewSLM?si=1v5zrk_6KvZiTBz-,xQIPSRewSLM,Dherai Choti Mare Ma Ta - Shiva Pariyar | Nepali Superhit Adhunik Song,done,2026-05-29 11:10:19.952743,2026-05-29 11:11:34.688925
5d17fa2dfe444d41b063770edb32efa0,319.2,325.133,5.933,103,0,1,2026-05-29 11:11:34.682368,f26d542fa5f047e7a0b5029def8e26e0,https://youtu.be/xQIPSRewSLM?si=1v5zrk_6KvZiTBz-,xQIPSRewSLM,Dherai Choti Mare Ma Ta - Shiva Pariyar | Nepali Superhit Adhunik Song,done,2026-05-29 11:10:19.952743,2026-05-29 11:11:34.688925
acc19c0b110246a3a58f2fff53cf005e,3.28,6.4,3.12,2,0,1,2026-05-29 11:11:24.727370,e32643cc9bdb4008a6249d7b10de7472,https://youtu.be/4dQx_GK0voI?si=TrNbDlpJHWRovAUL,4dQx_GK0voI,Dherai Maya Dida Raichan - Swaroop Raj Acharya | Bhuwan KC & Priya Rijal | Nepali Adhunik Song,done,2026-05-29 11:11:01.559989,2026-05-29 11:11:24.734112
f6c7dafa99884617a6285381957f4d41,10.28,20.28,10.0,6,0,1,2026-05-29 11:11:24.727370,e32643cc9bdb4008a6249d7b10de7472,https://youtu.be/4dQx_GK0voI?si=TrNbDlpJHWRovAUL,4dQx_GK0voI,Dherai Maya Dida Raichan - Swaroop Raj Acharya | Bhuwan KC & Priya Rijal | Nepali Adhunik Song,done,2026-05-29 11:11:01.559989,2026-05-29 11:11:24.734112
c81bb250a132417fa09aaa7c03fb8f53,30.32,40.32,10.0,7,0,1,2026-05-29 11:11:24.727370,e32643cc9bdb4008a6249d7b10de7472,https://youtu.be/4dQx_GK0voI?si=TrNbDlpJHWRovAUL,4dQx_GK0voI,Dherai Maya Dida Raichan - Swaroop Raj Acharya | Bhuwan KC & Priya Rijal | Nepali Adhunik Song,done,2026-05-29 11:11:01.559989,2026-05-29 11:11:24.734112
97a11764bb86437a91ee70cd10406f7a,110.72,120.72,10.0,10,0,1,2026-05-29 11:11:24.727876,e32643cc9bdb4008a6249d7b10de7472,https://youtu.be/4dQx_GK0voI?si=TrNbDlpJHWRovAUL,4dQx_GK0voI,Dherai Maya Dida Raichan - Swaroop Raj Acharya | Bhuwan KC & Priya Rijal | Nepali Adhunik Song,done,2026-05-29 11:11:01.559989,2026-05-29 11:11:24.734112
029766719f124dd9899ea6e62a36cf27,168.96,172.12,3.16,12,0,1,2026-05-29 11:11:24.727876,e32643cc9bdb4008a6249d7b10de7472,https://youtu.be/4dQx_GK0voI?si=TrNbDlpJHWRovAUL,4dQx_GK0voI,Dherai Maya Dida Raichan - Swaroop Raj Acharya | Bhuwan KC & Priya Rijal | Nepali Adhunik Song,done,2026-05-29 11:11:01.559989,2026-05-29 11:11:24.734112
0717721627ae4262b185b0f5405428fd,174.52,177.72,3.2,14,0,1,2026-05-29 11:11:24.727876,e32643cc9bdb4008a6249d7b10de7472,https://youtu.be/4dQx_GK0voI?si=TrNbDlpJHWRovAUL,4dQx_GK0voI,Dherai Maya Dida Raichan - Swaroop Raj Acharya | Bhuwan KC & Priya Rijal | Nepali Adhunik Song,done,2026-05-29 11:11:01.559989,2026-05-29 11:11:24.734112
d77a5580e6474570a6dfb9979148e054,180.04,190.04,10.0,16,0,1,2026-05-29 11:11:24.727876,e32643cc9bdb4008a6249d7b10de7472,https://youtu.be/4dQx_GK0voI?si=TrNbDlpJHWRovAUL,4dQx_GK0voI,Dherai Maya Dida Raichan - Swaroop Raj Acharya | Bhuwan KC & Priya Rijal | Nepali Adhunik Song,done,2026-05-29 11:11:01.559989,2026-05-29 11:11:24.734112
146d0a6361e9476b843b782392a08a97,192.68,202.68,10.0,18,0,1,2026-05-29 11:11:24.727876,e32643cc9bdb4008a6249d7b10de7472,https://youtu.be/4dQx_GK0voI?si=TrNbDlpJHWRovAUL,4dQx_GK0voI,Dherai Maya Dida Raichan - Swaroop Raj Acharya | Bhuwan KC & Priya Rijal | Nepali Adhunik Song,done,2026-05-29 11:11:01.559989,2026-05-29 11:11:24.734112
1d7b147931f749b5be3409f4d162a601,236.64,246.64,10.0,20,0,1,2026-05-29 11:11:24.727876,e32643cc9bdb4008a6249d7b10de7472,https://youtu.be/4dQx_GK0voI?si=TrNbDlpJHWRovAUL,4dQx_GK0voI,Dherai Maya Dida Raichan - Swaroop Raj Acharya | Bhuwan KC & Priya Rijal | Nepali Adhunik Song,done,2026-05-29 11:11:01.559989,2026-05-29 11:11:24.734112
2fac5d8751fc43249eca03abb6e55890,254.88,259.76,4.88,24,0,1,2026-05-29 11:11:24.727876,e32643cc9bdb4008a6249d7b10de7472,https://youtu.be/4dQx_GK0voI?si=TrNbDlpJHWRovAUL,4dQx_GK0voI,Dherai Maya Dida Raichan - Swaroop Raj Acharya | Bhuwan KC & Priya Rijal | Nepali Adhunik Song,done,2026-05-29 11:11:01.559989,2026-05-29 11:11:24.734112
ba14c7c647124f50a8c42637a74bcc1a,260.64,270.64,10.0,26,0,1,2026-05-29 11:11:24.727876,e32643cc9bdb4008a6249d7b10de7472,https://youtu.be/4dQx_GK0voI?si=TrNbDlpJHWRovAUL,4dQx_GK0voI,Dherai Maya Dida Raichan - Swaroop Raj Acharya | Bhuwan KC & Priya Rijal | Nepali Adhunik Song,done,2026-05-29 11:11:01.559989,2026-05-29 11:11:24.734112
5913fc5c303d416aa01a92cb8759628f,3.8,9.867,6.067,2,0,1,2026-06-02 10:17:37.819794,31e074474974440c928060be1dd90844,https://youtu.be/1nBYUNPCCBw?si=E4uV2oi1mbC9F6q4,1nBYUNPCCBw,Dherai Maya Garchhu - Bishnu Majhi & Ramji Khand | Nepali Lok Dohori Song,done,2026-06-02 10:15:52.655287,2026-06-02 10:17:37.846082
5e9c7446526c4c409e3ab956e40ea279,12.133,22.133,10.0,4,0,1,2026-06-02 10:17:37.819794,31e074474974440c928060be1dd90844,https://youtu.be/1nBYUNPCCBw?si=E4uV2oi1mbC9F6q4,1nBYUNPCCBw,Dherai Maya Garchhu - Bishnu Majhi & Ramji Khand | Nepali Lok Dohori Song,done,2026-06-02 10:15:52.655287,2026-06-02 10:17:37.846082
fa3b5c6286cd4f5ba4547cab44b61d01,26.6,30.4,3.8,7,0,1,2026-06-02 10:17:37.819794,31e074474974440c928060be1dd90844,https://youtu.be/1nBYUNPCCBw?si=E4uV2oi1mbC9F6q4,1nBYUNPCCBw,Dherai Maya Garchhu - Bishnu Majhi & Ramji Khand | Nepali Lok Dohori Song,done,2026-06-02 10:15:52.655287,2026-06-02 10:17:37.846082
65bc15029c13464f917ae1cb8c8dc296,34.2,37.2,3.0,10,0,1,2026-06-02 10:17:37.819794,31e074474974440c928060be1dd90844,https://youtu.be/1nBYUNPCCBw?si=E4uV2oi1mbC9F6q4,1nBYUNPCCBw,Dherai Maya Garchhu - Bishnu Majhi & Ramji Khand | Nepali Lok Dohori Song,done,2026-06-02 10:15:52.655287,2026-06-02 10:17:37.846082
e9051f9d78c2423da8b17c2acf259fea,43.267,53.267,10.0,15,0,1,2026-06-02 10:17:37.819794,31e074474974440c928060be1dd90844,https://youtu.be/1nBYUNPCCBw?si=E4uV2oi1mbC9F6q4,1nBYUNPCCBw,Dherai Maya Garchhu - Bishnu Majhi & Ramji Khand | Nepali Lok Dohori Song,done,2026-06-02 10:15:52.655287,2026-06-02 10:17:37.846082
7681ea9d619942768a6e7b25aa27e995,58.467,61.533,3.067,17,0,1,2026-06-02 10:17:37.819794,31e074474974440c928060be1dd90844,https://youtu.be/1nBYUNPCCBw?si=E4uV2oi1mbC9F6q4,1nBYUNPCCBw,Dherai Maya Garchhu - Bishnu Majhi & Ramji Khand | Nepali Lok Dohori Song,done,2026-06-02 10:15:52.655287,2026-06-02 10:17:37.846082
3d99af24038f4d1cbaf199bab5bb4b54,63.733,73.733,10.0,19,0,1,2026-06-02 10:17:37.819794,31e074474974440c928060be1dd90844,https://youtu.be/1nBYUNPCCBw?si=E4uV2oi1mbC9F6q4,1nBYUNPCCBw,Dherai Maya Garchhu - Bishnu Majhi & Ramji Khand | Nepali Lok Dohori Song,done,2026-06-02 10:15:52.655287,2026-06-02 10:17:37.846082
b54f5ac56bee44c4881f4117b3079624,76.733,81.267,4.533,20,0,1,2026-06-02 10:17:37.819794,31e074474974440c928060be1dd90844,https://youtu.be/1nBYUNPCCBw?si=E4uV2oi1mbC9F6q4,1nBYUNPCCBw,Dherai Maya Garchhu - Bishnu Majhi & Ramji Khand | Nepali Lok Dohori Song,done,2026-06-02 10:15:52.655287,2026-06-02 10:17:37.846082
0a86760137e34dc48b236c7a8bedc80e,82.733,86.2,3.467,22,0,1,2026-06-02 10:17:37.819794,31e074474974440c928060be1dd90844,https://youtu.be/1nBYUNPCCBw?si=E4uV2oi1mbC9F6q4,1nBYUNPCCBw,Dherai Maya Garchhu - Bishnu Majhi & Ramji Khand | Nepali Lok Dohori Song,done,2026-06-02 10:15:52.655287,2026-06-02 10:17:37.846082
df46d6c317654e0581c65472c0cbf264,87.333,92.667,5.333,24,0,1,2026-06-02 10:17:37.819794,31e074474974440c928060be1dd90844,https://youtu.be/1nBYUNPCCBw?si=E4uV2oi1mbC9F6q4,1nBYUNPCCBw,Dherai Maya Garchhu - Bishnu Majhi & Ramji Khand | Nepali Lok Dohori Song,done,2026-06-02 10:15:52.655287,2026-06-02 10:17:37.846082
71e7285b478143b99a92328aeac3347a,92.667,96.4,3.733,25,0,1,2026-06-02 10:17:37.819794,31e074474974440c928060be1dd90844,https://youtu.be/1nBYUNPCCBw?si=E4uV2oi1mbC9F6q4,1nBYUNPCCBw,Dherai Maya Garchhu - Bishnu Majhi & Ramji Khand | Nepali Lok Dohori Song,done,2026-06-02 10:15:52.655287,2026-06-02 10:17:37.846082
6f4d029a0202451daa3861be22ae4d72,98.733,102.533,3.8,27,0,1,2026-06-02 10:17:37.819794,31e074474974440c928060be1dd90844,https://youtu.be/1nBYUNPCCBw?si=E4uV2oi1mbC9F6q4,1nBYUNPCCBw,Dherai Maya Garchhu - Bishnu Majhi & Ramji Khand | Nepali Lok Dohori Song,done,2026-06-02 10:15:52.655287,2026-06-02 10:17:37.846082
203143c558a540e0b77f593f0f9e980c,102.533,105.533,3.0,28,0,1,2026-06-02 10:17:37.819794,31e074474974440c928060be1dd90844,https://youtu.be/1nBYUNPCCBw?si=E4uV2oi1mbC9F6q4,1nBYUNPCCBw,Dherai Maya Garchhu - Bishnu Majhi & Ramji Khand | Nepali Lok Dohori Song,done,2026-06-02 10:15:52.655287,2026-06-02 10:17:37.846082
5b03344daf42426eabf81f2f3721d7a5,123.0,128.333,5.333,39,0,1,2026-06-02 10:17:37.819794,31e074474974440c928060be1dd90844,https://youtu.be/1nBYUNPCCBw?si=E4uV2oi1mbC9F6q4,1nBYUNPCCBw,Dherai Maya Garchhu - Bishnu Majhi & Ramji Khand | Nepali Lok Dohori Song,done,2026-06-02 10:15:52.655287,2026-06-02 10:17:37.846082
32a738135e92440589f471e7bd676114,128.333,132.867,4.533,40,0,1,2026-06-02 10:17:37.820343,31e074474974440c928060be1dd90844,https://youtu.be/1nBYUNPCCBw?si=E4uV2oi1mbC9F6q4,1nBYUNPCCBw,Dherai Maya Garchhu - Bishnu Majhi & Ramji Khand | Nepali Lok Dohori Song,done,2026-06-02 10:15:52.655287,2026-06-02 10:17:37.846082
1ded677f213d441eb2a291e4788e6509,135.2,138.933,3.733,42,0,1,2026-06-02 10:17:37.820343,31e074474974440c928060be1dd90844,https://youtu.be/1nBYUNPCCBw?si=E4uV2oi1mbC9F6q4,1nBYUNPCCBw,Dherai Maya Garchhu - Bishnu Majhi & Ramji Khand | Nepali Lok Dohori Song,done,2026-06-02 10:15:52.655287,2026-06-02 10:17:37.846082
ae171d10ca864ba284bdb52e2e6eb63c,142.0,145.133,3.133,45,0,1,2026-06-02 10:17:37.820343,31e074474974440c928060be1dd90844,https://youtu.be/1nBYUNPCCBw?si=E4uV2oi1mbC9F6q4,1nBYUNPCCBw,Dherai Maya Garchhu - Bishnu Majhi & Ramji Khand | Nepali Lok Dohori Song,done,2026-06-02 10:15:52.655287,2026-06-02 10:17:37.846082
62d24c5f0e1144538fbce59badc04de8,146.533,149.6,3.067,47,0,1,2026-06-02 10:17:37.820343,31e074474974440c928060be1dd90844,https://youtu.be/1nBYUNPCCBw?si=E4uV2oi1mbC9F6q4,1nBYUNPCCBw,Dherai Maya Garchhu - Bishnu Majhi & Ramji Khand | Nepali Lok Dohori Song,done,2026-06-02 10:15:52.655287,2026-06-02 10:17:37.846082
615bf2f6f91b478e912a6069f9cab53a,149.6,152.667,3.067,48,0,1,2026-06-02 10:17:37.820343,31e074474974440c928060be1dd90844,https://youtu.be/1nBYUNPCCBw?si=E4uV2oi1mbC9F6q4,1nBYUNPCCBw,Dherai Maya Garchhu - Bishnu Majhi & Ramji Khand | Nepali Lok Dohori Song,done,2026-06-02 10:15:52.655287,2026-06-02 10:17:37.846082
17944734f7224374929f2ebddbc29f3e,154.2,157.667,3.467,50,0,1,2026-06-02 10:17:37.820343,31e074474974440c928060be1dd90844,https://youtu.be/1nBYUNPCCBw?si=E4uV2oi1mbC9F6q4,1nBYUNPCCBw,Dherai Maya Garchhu - Bishnu Majhi & Ramji Khand | Nepali Lok Dohori Song,done,2026-06-02 10:15:52.655287,2026-06-02 10:17:37.846082
5518e067483443e8a968121f6b078c39,158.733,168.733,10.0,52,0,1,2026-06-02 10:17:37.820343,31e074474974440c928060be1dd90844,https://youtu.be/1nBYUNPCCBw?si=E4uV2oi1mbC9F6q4,1nBYUNPCCBw,Dherai Maya Garchhu - Bishnu Majhi & Ramji Khand | Nepali Lok Dohori Song,done,2026-06-02 10:15:52.655287,2026-06-02 10:17:37.846082
5bc4df79e116466d8bb91f786f3b7ca0,170.867,180.0,9.133,53,0,1,2026-06-02 10:17:37.820343,31e074474974440c928060be1dd90844,https://youtu.be/1nBYUNPCCBw?si=E4uV2oi1mbC9F6q4,1nBYUNPCCBw,Dherai Maya Garchhu - Bishnu Majhi & Ramji Khand | Nepali Lok Dohori Song,done,2026-06-02 10:15:52.655287,2026-06-02 10:17:37.846082
146a25c1527f457186d65afebbbaf260,182.8,185.8,3.0,55,0,1,2026-06-02 10:17:37.820343,31e074474974440c928060be1dd90844,https://youtu.be/1nBYUNPCCBw?si=E4uV2oi1mbC9F6q4,1nBYUNPCCBw,Dherai Maya Garchhu - Bishnu Majhi & Ramji Khand | Nepali Lok Dohori Song,done,2026-06-02 10:15:52.655287,2026-06-02 10:17:37.846082
c54b17d8c2234bcbb94f7f3424a3d70c,190.667,193.733,3.067,59,0,1,2026-06-02 10:17:37.820343,31e074474974440c928060be1dd90844,https://youtu.be/1nBYUNPCCBw?si=E4uV2oi1mbC9F6q4,1nBYUNPCCBw,Dherai Maya Garchhu - Bishnu Majhi & Ramji Khand | Nepali Lok Dohori Song,done,2026-06-02 10:15:52.655287,2026-06-02 10:17:37.846082
1eddaf2990c94a9587cfd77fc3568273,198.267,201.333,3.067,63,0,1,2026-06-02 10:17:37.820343,31e074474974440c928060be1dd90844,https://youtu.be/1nBYUNPCCBw?si=E4uV2oi1mbC9F6q4,1nBYUNPCCBw,Dherai Maya Garchhu - Bishnu Majhi & Ramji Khand | Nepali Lok Dohori Song,done,2026-06-02 10:15:52.655287,2026-06-02 10:17:37.846082
61c6219b2d6141d288405171548426ae,208.867,211.867,3.0,68,0,1,2026-06-02 10:17:37.820343,31e074474974440c928060be1dd90844,https://youtu.be/1nBYUNPCCBw?si=E4uV2oi1mbC9F6q4,1nBYUNPCCBw,Dherai Maya Garchhu - Bishnu Majhi & Ramji Khand | Nepali Lok Dohori Song,done,2026-06-02 10:15:52.655287,2026-06-02 10:17:37.846082
5e5e17305ac44c38b9aa8c9dd6d7dde8,213.067,217.333,4.267,70,0,1,2026-06-02 10:17:37.820343,31e074474974440c928060be1dd90844,https://youtu.be/1nBYUNPCCBw?si=E4uV2oi1mbC9F6q4,1nBYUNPCCBw,Dherai Maya Garchhu - Bishnu Majhi & Ramji Khand | Nepali Lok Dohori Song,done,2026-06-02 10:15:52.655287,2026-06-02 10:17:37.846082
5774249f7b1a47e2ac2d565944403cfa,219.467,227.133,7.667,72,0,1,2026-06-02 10:17:37.820343,31e074474974440c928060be1dd90844,https://youtu.be/1nBYUNPCCBw?si=E4uV2oi1mbC9F6q4,1nBYUNPCCBw,Dherai Maya Garchhu - Bishnu Majhi & Ramji Khand | Nepali Lok Dohori Song,done,2026-06-02 10:15:52.655287,2026-06-02 10:17:37.846082
0e52f82fb27c405aaaa3477f2657659d,231.6,240.733,9.133,76,0,1,2026-06-02 10:17:37.820343,31e074474974440c928060be1dd90844,https://youtu.be/1nBYUNPCCBw?si=E4uV2oi1mbC9F6q4,1nBYUNPCCBw,Dherai Maya Garchhu - Bishnu Majhi & Ramji Khand | Nepali Lok Dohori Song,done,2026-06-02 10:15:52.655287,2026-06-02 10:17:37.846082
525db0640c0b42e79e8acd4f91871f9d,242.267,251.333,9.067,78,0,1,2026-06-02 10:17:37.820343,31e074474974440c928060be1dd90844,https://youtu.be/1nBYUNPCCBw?si=E4uV2oi1mbC9F6q4,1nBYUNPCCBw,Dherai Maya Garchhu - Bishnu Majhi & Ramji Khand | Nepali Lok Dohori Song,done,2026-06-02 10:15:52.655287,2026-06-02 10:17:37.846082
68683bf965a64d829ff0724268068857,252.933,257.467,4.533,80,0,1,2026-06-02 10:17:37.820343,31e074474974440c928060be1dd90844,https://youtu.be/1nBYUNPCCBw?si=E4uV2oi1mbC9F6q4,1nBYUNPCCBw,Dherai Maya Garchhu - Bishnu Majhi & Ramji Khand | Nepali Lok Dohori Song,done,2026-06-02 10:15:52.655287,2026-06-02 10:17:37.846082
6467adda8b6a4002b20b43f40d68395c,257.467,260.533,3.067,81,0,1,2026-06-02 10:17:37.820343,31e074474974440c928060be1dd90844,https://youtu.be/1nBYUNPCCBw?si=E4uV2oi1mbC9F6q4,1nBYUNPCCBw,Dherai Maya Garchhu - Bishnu Majhi & Ramji Khand | Nepali Lok Dohori Song,done,2026-06-02 10:15:52.655287,2026-06-02 10:17:37.846082
6f82d6a6c03f4fffb044da58f2a8ed65,260.533,263.533,3.0,82,0,1,2026-06-02 10:17:37.820343,31e074474974440c928060be1dd90844,https://youtu.be/1nBYUNPCCBw?si=E4uV2oi1mbC9F6q4,1nBYUNPCCBw,Dherai Maya Garchhu - Bishnu Majhi & Ramji Khand | Nepali Lok Dohori Song,done,2026-06-02 10:15:52.655287,2026-06-02 10:17:37.846082
44bd0cd380f74235a94f7d3a41621040,263.533,266.533,3.0,83,0,1,2026-06-02 10:17:37.820343,31e074474974440c928060be1dd90844,https://youtu.be/1nBYUNPCCBw?si=E4uV2oi1mbC9F6q4,1nBYUNPCCBw,Dherai Maya Garchhu - Bishnu Majhi & Ramji Khand | Nepali Lok Dohori Song,done,2026-06-02 10:15:52.655287,2026-06-02 10:17:37.846082
a9916122666c49e4a0241e263133af1d,266.533,269.6,3.067,84,0,1,2026-06-02 10:17:37.820343,31e074474974440c928060be1dd90844,https://youtu.be/1nBYUNPCCBw?si=E4uV2oi1mbC9F6q4,1nBYUNPCCBw,Dherai Maya Garchhu - Bishnu Majhi & Ramji Khand | Nepali Lok Dohori Song,done,2026-06-02 10:15:52.655287,2026-06-02 10:17:37.846082
0e75a4cb83074726939341b81a9c90b6,269.6,272.667,3.067,85,0,1,2026-06-02 10:17:37.820343,31e074474974440c928060be1dd90844,https://youtu.be/1nBYUNPCCBw?si=E4uV2oi1mbC9F6q4,1nBYUNPCCBw,Dherai Maya Garchhu - Bishnu Majhi & Ramji Khand | Nepali Lok Dohori Song,done,2026-06-02 10:15:52.655287,2026-06-02 10:17:37.846082
8eba1ff4fab4452d8a81c998c3571020,277.2,287.2,10.0,88,0,1,2026-06-02 10:17:37.820343,31e074474974440c928060be1dd90844,https://youtu.be/1nBYUNPCCBw?si=E4uV2oi1mbC9F6q4,1nBYUNPCCBw,Dherai Maya Garchhu - Bishnu Majhi & Ramji Khand | Nepali Lok Dohori Song,done,2026-06-02 10:15:52.655287,2026-06-02 10:17:37.846082
3e94334d846341538ae47d77a1145fd3,290.867,293.933,3.067,91,0,1,2026-06-02 10:17:37.820890,31e074474974440c928060be1dd90844,https://youtu.be/1nBYUNPCCBw?si=E4uV2oi1mbC9F6q4,1nBYUNPCCBw,Dherai Maya Garchhu - Bishnu Majhi & Ramji Khand | Nepali Lok Dohori Song,done,2026-06-02 10:15:52.655287,2026-06-02 10:17:37.846082
7509b18fd6de41cd9481631f811c0f4f,298.533,301.533,3.0,95,0,1,2026-06-02 10:17:37.820890,31e074474974440c928060be1dd90844,https://youtu.be/1nBYUNPCCBw?si=E4uV2oi1mbC9F6q4,1nBYUNPCCBw,Dherai Maya Garchhu - Bishnu Majhi & Ramji Khand | Nepali Lok Dohori Song,done,2026-06-02 10:15:52.655287,2026-06-02 10:17:37.846082
4c6db82b9ca24c07a03f1a42b64bf6f6,301.533,306.0,4.467,96,0,1,2026-06-02 10:17:37.820890,31e074474974440c928060be1dd90844,https://youtu.be/1nBYUNPCCBw?si=E4uV2oi1mbC9F6q4,1nBYUNPCCBw,Dherai Maya Garchhu - Bishnu Majhi & Ramji Khand | Nepali Lok Dohori Song,done,2026-06-02 10:15:52.655287,2026-06-02 10:17:37.846082
501e192f529d457cbd0ef7d65afc5802,307.6,312.933,5.333,98,0,1,2026-06-02 10:17:37.820890,31e074474974440c928060be1dd90844,https://youtu.be/1nBYUNPCCBw?si=E4uV2oi1mbC9F6q4,1nBYUNPCCBw,Dherai Maya Garchhu - Bishnu Majhi & Ramji Khand | Nepali Lok Dohori Song,done,2026-06-02 10:15:52.655287,2026-06-02 10:17:37.846082
620055abde2d4926a3b85e68986d6860,312.933,316.733,3.8,99,0,1,2026-06-02 10:17:37.820890,31e074474974440c928060be1dd90844,https://youtu.be/1nBYUNPCCBw?si=E4uV2oi1mbC9F6q4,1nBYUNPCCBw,Dherai Maya Garchhu - Bishnu Majhi & Ramji Khand | Nepali Lok Dohori Song,done,2026-06-02 10:15:52.655287,2026-06-02 10:17:37.846082
1a15cb93c5c347ae9125a5169d8a041b,316.733,319.8,3.067,100,0,1,2026-06-02 10:17:37.820890,31e074474974440c928060be1dd90844,https://youtu.be/1nBYUNPCCBw?si=E4uV2oi1mbC9F6q4,1nBYUNPCCBw,Dherai Maya Garchhu - Bishnu Majhi & Ramji Khand | Nepali Lok Dohori Song,done,2026-06-02 10:15:52.655287,2026-06-02 10:17:37.846082
cf3e9a60277341a195a7c9ecbdad4f8d,324.2,331.933,7.733,103,0,1,2026-06-02 10:17:37.820890,31e074474974440c928060be1dd90844,https://youtu.be/1nBYUNPCCBw?si=E4uV2oi1mbC9F6q4,1nBYUNPCCBw,Dherai Maya Garchhu - Bishnu Majhi & Ramji Khand | Nepali Lok Dohori Song,done,2026-06-02 10:15:52.655287,2026-06-02 10:17:37.846082
be1f2cdec9b243cba9c257cd104be835,331.933,334.933,3.0,104,0,1,2026-06-02 10:17:37.821423,31e074474974440c928060be1dd90844,https://youtu.be/1nBYUNPCCBw?si=E4uV2oi1mbC9F6q4,1nBYUNPCCBw,Dherai Maya Garchhu - Bishnu Majhi & Ramji Khand | Nepali Lok Dohori Song,done,2026-06-02 10:15:52.655287,2026-06-02 10:17:37.846082
0e8910901aa44110b1bf0c6ee10c0ff1,336.467,346.467,10.0,106,0,1,2026-06-02 10:17:37.821423,31e074474974440c928060be1dd90844,https://youtu.be/1nBYUNPCCBw?si=E4uV2oi1mbC9F6q4,1nBYUNPCCBw,Dherai Maya Garchhu - Bishnu Majhi & Ramji Khand | Nepali Lok Dohori Song,done,2026-06-02 10:15:52.655287,2026-06-02 10:17:37.846082
7ea4237fbbaa4e1cbd20c0a42e864672,2.133,7.933,5.8,1,0,1,2026-05-29 10:43:21.074436,0cf80e9965c749b8838b270f22a86d81,https://youtu.be/KKc9TBzeCyo?si=VUI0IbN8SWMj3llN,KKc9TBzeCyo,Dilip Rayamajhi Nepali Teej Song | Unako Lagi Brat Baseko | Sunita Dulall & Khuman Adhikari,done,2026-05-29 10:42:45.764697,2026-05-29 10:43:21.100225
dec8fc81ef17487fb84d72bddc847e6d,31.8,36.533,4.733,16,0,1,2026-05-29 10:43:21.074436,0cf80e9965c749b8838b270f22a86d81,https://youtu.be/KKc9TBzeCyo?si=VUI0IbN8SWMj3llN,KKc9TBzeCyo,Dilip Rayamajhi Nepali Teej Song | Unako Lagi Brat Baseko | Sunita Dulall & Khuman Adhikari,done,2026-05-29 10:42:45.764697,2026-05-29 10:43:21.100225
0ce2b34d2100490db79815f19f198063,103.933,110.8,6.867,56,0,1,2026-05-29 10:43:21.074436,0cf80e9965c749b8838b270f22a86d81,https://youtu.be/KKc9TBzeCyo?si=VUI0IbN8SWMj3llN,KKc9TBzeCyo,Dilip Rayamajhi Nepali Teej Song | Unako Lagi Brat Baseko | Sunita Dulall & Khuman Adhikari,done,2026-05-29 10:42:45.764697,2026-05-29 10:43:21.100225
3b2695aedb2e40f98c71249cd7b267bb,120.667,125.6,4.933,62,0,1,2026-05-29 10:43:21.074436,0cf80e9965c749b8838b270f22a86d81,https://youtu.be/KKc9TBzeCyo?si=VUI0IbN8SWMj3llN,KKc9TBzeCyo,Dilip Rayamajhi Nepali Teej Song | Unako Lagi Brat Baseko | Sunita Dulall & Khuman Adhikari,done,2026-05-29 10:42:45.764697,2026-05-29 10:43:21.100225
727a6ba0824e4e37b6de7cc275873aeb,128.6,136.6,8.0,65,0,1,2026-05-29 10:43:21.074436,0cf80e9965c749b8838b270f22a86d81,https://youtu.be/KKc9TBzeCyo?si=VUI0IbN8SWMj3llN,KKc9TBzeCyo,Dilip Rayamajhi Nepali Teej Song | Unako Lagi Brat Baseko | Sunita Dulall & Khuman Adhikari,done,2026-05-29 10:42:45.764697,2026-05-29 10:43:21.100225
9e1eef1f0b90485290ca4bcb6ec563c8,150.4,153.933,3.533,74,0,1,2026-05-29 10:43:21.074436,0cf80e9965c749b8838b270f22a86d81,https://youtu.be/KKc9TBzeCyo?si=VUI0IbN8SWMj3llN,KKc9TBzeCyo,Dilip Rayamajhi Nepali Teej Song | Unako Lagi Brat Baseko | Sunita Dulall & Khuman Adhikari,done,2026-05-29 10:42:45.764697,2026-05-29 10:43:21.100225
e288408883734a4fa4369135a7bf6e08,156.333,161.333,5.0,76,0,1,2026-05-29 10:43:21.074436,0cf80e9965c749b8838b270f22a86d81,https://youtu.be/KKc9TBzeCyo?si=VUI0IbN8SWMj3llN,KKc9TBzeCyo,Dilip Rayamajhi Nepali Teej Song | Unako Lagi Brat Baseko | Sunita Dulall & Khuman Adhikari,done,2026-05-29 10:42:45.764697,2026-05-29 10:43:21.100225
b1f39eed7a8d4f8bbdaf303d28b08931,161.333,165.667,4.333,77,0,1,2026-05-29 10:43:21.074436,0cf80e9965c749b8838b270f22a86d81,https://youtu.be/KKc9TBzeCyo?si=VUI0IbN8SWMj3llN,KKc9TBzeCyo,Dilip Rayamajhi Nepali Teej Song | Unako Lagi Brat Baseko | Sunita Dulall & Khuman Adhikari,done,2026-05-29 10:42:45.764697,2026-05-29 10:43:21.100225
998d8fb69d884571a213db80243e273a,170.867,174.2,3.333,81,0,1,2026-05-29 10:43:21.074436,0cf80e9965c749b8838b270f22a86d81,https://youtu.be/KKc9TBzeCyo?si=VUI0IbN8SWMj3llN,KKc9TBzeCyo,Dilip Rayamajhi Nepali Teej Song | Unako Lagi Brat Baseko | Sunita Dulall & Khuman Adhikari,done,2026-05-29 10:42:45.764697,2026-05-29 10:43:21.100225
f9b67d427027427c94030603c961df8e,186.067,190.067,4.0,89,0,1,2026-05-29 10:43:21.074436,0cf80e9965c749b8838b270f22a86d81,https://youtu.be/KKc9TBzeCyo?si=VUI0IbN8SWMj3llN,KKc9TBzeCyo,Dilip Rayamajhi Nepali Teej Song | Unako Lagi Brat Baseko | Sunita Dulall & Khuman Adhikari,done,2026-05-29 10:42:45.764697,2026-05-29 10:43:21.100225
ef45bc5457b648c8b6753e7be5fa61ef,202.067,207.8,5.733,97,0,1,2026-05-29 10:43:21.074436,0cf80e9965c749b8838b270f22a86d81,https://youtu.be/KKc9TBzeCyo?si=VUI0IbN8SWMj3llN,KKc9TBzeCyo,Dilip Rayamajhi Nepali Teej Song | Unako Lagi Brat Baseko | Sunita Dulall & Khuman Adhikari,done,2026-05-29 10:42:45.764697,2026-05-29 10:43:21.100225
c169afc75ebe463780a0f4dcd9abcf47,220.8,225.6,4.8,105,0,1,2026-05-29 10:43:21.074436,0cf80e9965c749b8838b270f22a86d81,https://youtu.be/KKc9TBzeCyo?si=VUI0IbN8SWMj3llN,KKc9TBzeCyo,Dilip Rayamajhi Nepali Teej Song | Unako Lagi Brat Baseko | Sunita Dulall & Khuman Adhikari,done,2026-05-29 10:42:45.764697,2026-05-29 10:43:21.100225
16a2b0e405964c3182b8c4e154171990,231.733,235.533,3.8,110,0,1,2026-05-29 10:43:21.074436,0cf80e9965c749b8838b270f22a86d81,https://youtu.be/KKc9TBzeCyo?si=VUI0IbN8SWMj3llN,KKc9TBzeCyo,Dilip Rayamajhi Nepali Teej Song | Unako Lagi Brat Baseko | Sunita Dulall & Khuman Adhikari,done,2026-05-29 10:42:45.764697,2026-05-29 10:43:21.100225
fe9d8a0440214f92a930cf02ede67327,235.533,238.733,3.2,111,0,1,2026-05-29 10:43:21.074942,0cf80e9965c749b8838b270f22a86d81,https://youtu.be/KKc9TBzeCyo?si=VUI0IbN8SWMj3llN,KKc9TBzeCyo,Dilip Rayamajhi Nepali Teej Song | Unako Lagi Brat Baseko | Sunita Dulall & Khuman Adhikari,done,2026-05-29 10:42:45.764697,2026-05-29 10:43:21.100225
ce47c6d8fff644aba030283566a3af2b,238.733,243.4,4.667,112,0,1,2026-05-29 10:43:21.074942,0cf80e9965c749b8838b270f22a86d81,https://youtu.be/KKc9TBzeCyo?si=VUI0IbN8SWMj3llN,KKc9TBzeCyo,Dilip Rayamajhi Nepali Teej Song | Unako Lagi Brat Baseko | Sunita Dulall & Khuman Adhikari,done,2026-05-29 10:42:45.764697,2026-05-29 10:43:21.100225
7850ff2e85eb4147a2107103115bbe23,251.133,254.2,3.067,117,0,1,2026-05-29 10:43:21.074942,0cf80e9965c749b8838b270f22a86d81,https://youtu.be/KKc9TBzeCyo?si=VUI0IbN8SWMj3llN,KKc9TBzeCyo,Dilip Rayamajhi Nepali Teej Song | Unako Lagi Brat Baseko | Sunita Dulall & Khuman Adhikari,done,2026-05-29 10:42:45.764697,2026-05-29 10:43:21.100225
ae27686925f445ae8862683056b7e068,261.133,264.933,3.8,122,0,1,2026-05-29 10:43:21.074942,0cf80e9965c749b8838b270f22a86d81,https://youtu.be/KKc9TBzeCyo?si=VUI0IbN8SWMj3llN,KKc9TBzeCyo,Dilip Rayamajhi Nepali Teej Song | Unako Lagi Brat Baseko | Sunita Dulall & Khuman Adhikari,done,2026-05-29 10:42:45.764697,2026-05-29 10:43:21.100225
d4ac9a5c04e74d08a9c961a83bc30da1,282.867,286.867,4.0,134,0,1,2026-05-29 10:43:21.074942,0cf80e9965c749b8838b270f22a86d81,https://youtu.be/KKc9TBzeCyo?si=VUI0IbN8SWMj3llN,KKc9TBzeCyo,Dilip Rayamajhi Nepali Teej Song | Unako Lagi Brat Baseko | Sunita Dulall & Khuman Adhikari,done,2026-05-29 10:42:45.764697,2026-05-29 10:43:21.100225
7506175afe6e4f27a840c2790a937867,286.867,290.933,4.067,135,0,1,2026-05-29 10:43:21.074942,0cf80e9965c749b8838b270f22a86d81,https://youtu.be/KKc9TBzeCyo?si=VUI0IbN8SWMj3llN,KKc9TBzeCyo,Dilip Rayamajhi Nepali Teej Song | Unako Lagi Brat Baseko | Sunita Dulall & Khuman Adhikari,done,2026-05-29 10:42:45.764697,2026-05-29 10:43:21.100225
bea2d894218a4b559cc4428817bd6f62,316.6,320.6,4.0,149,0,1,2026-05-29 10:43:21.074942,0cf80e9965c749b8838b270f22a86d81,https://youtu.be/KKc9TBzeCyo?si=VUI0IbN8SWMj3llN,KKc9TBzeCyo,Dilip Rayamajhi Nepali Teej Song | Unako Lagi Brat Baseko | Sunita Dulall & Khuman Adhikari,done,2026-05-29 10:42:45.764697,2026-05-29 10:43:21.100225
5377828cf1c34e8b85b403c38f27fb6f,331.267,337.4,6.133,156,0,1,2026-05-29 10:43:21.074942,0cf80e9965c749b8838b270f22a86d81,https://youtu.be/KKc9TBzeCyo?si=VUI0IbN8SWMj3llN,KKc9TBzeCyo,Dilip Rayamajhi Nepali Teej Song | Unako Lagi Brat Baseko | Sunita Dulall & Khuman Adhikari,done,2026-05-29 10:42:45.764697,2026-05-29 10:43:21.100225
dc9e047f39e24d79a66640191724eacb,344.333,350.333,6.0,160,0,1,2026-05-29 10:43:21.074942,0cf80e9965c749b8838b270f22a86d81,https://youtu.be/KKc9TBzeCyo?si=VUI0IbN8SWMj3llN,KKc9TBzeCyo,Dilip Rayamajhi Nepali Teej Song | Unako Lagi Brat Baseko | Sunita Dulall & Khuman Adhikari,done,2026-05-29 10:42:45.764697,2026-05-29 10:43:21.100225
22f62b75f6f04646814b6b59458bfa36,354.0,358.133,4.133,163,0,1,2026-05-29 10:43:21.074942,0cf80e9965c749b8838b270f22a86d81,https://youtu.be/KKc9TBzeCyo?si=VUI0IbN8SWMj3llN,KKc9TBzeCyo,Dilip Rayamajhi Nepali Teej Song | Unako Lagi Brat Baseko | Sunita Dulall & Khuman Adhikari,done,2026-05-29 10:42:45.764697,2026-05-29 10:43:21.100225
a36b13ab5c62499093b55e7690689dea,358.133,362.133,4.0,164,0,1,2026-05-29 10:43:21.074942,0cf80e9965c749b8838b270f22a86d81,https://youtu.be/KKc9TBzeCyo?si=VUI0IbN8SWMj3llN,KKc9TBzeCyo,Dilip Rayamajhi Nepali Teej Song | Unako Lagi Brat Baseko | Sunita Dulall & Khuman Adhikari,done,2026-05-29 10:42:45.764697,2026-05-29 10:43:21.100225
18a663692c374e5ea04071c7b77a2cf7,374.0,377.8,3.8,171,0,1,2026-05-29 10:43:21.074942,0cf80e9965c749b8838b270f22a86d81,https://youtu.be/KKc9TBzeCyo?si=VUI0IbN8SWMj3llN,KKc9TBzeCyo,Dilip Rayamajhi Nepali Teej Song | Unako Lagi Brat Baseko | Sunita Dulall & Khuman Adhikari,done,2026-05-29 10:42:45.764697,2026-05-29 10:43:21.100225
c0049d70e576431587f3f01bd0c04b37,381.8,385.533,3.733,174,0,1,2026-05-29 10:43:21.074942,0cf80e9965c749b8838b270f22a86d81,https://youtu.be/KKc9TBzeCyo?si=VUI0IbN8SWMj3llN,KKc9TBzeCyo,Dilip Rayamajhi Nepali Teej Song | Unako Lagi Brat Baseko | Sunita Dulall & Khuman Adhikari,done,2026-05-29 10:42:45.764697,2026-05-29 10:43:21.100225
476b37f7918a4a6dad4377dd8a235e52,388.733,394.333,5.6,177,0,1,2026-05-29 10:43:21.074942,0cf80e9965c749b8838b270f22a86d81,https://youtu.be/KKc9TBzeCyo?si=VUI0IbN8SWMj3llN,KKc9TBzeCyo,Dilip Rayamajhi Nepali Teej Song | Unako Lagi Brat Baseko | Sunita Dulall & Khuman Adhikari,done,2026-05-29 10:42:45.764697,2026-05-29 10:43:21.100225
9079bcc386724ccd9dcbef00375d427e,400.333,404.0,3.667,182,0,1,2026-05-29 10:43:21.074942,0cf80e9965c749b8838b270f22a86d81,https://youtu.be/KKc9TBzeCyo?si=VUI0IbN8SWMj3llN,KKc9TBzeCyo,Dilip Rayamajhi Nepali Teej Song | Unako Lagi Brat Baseko | Sunita Dulall & Khuman Adhikari,done,2026-05-29 10:42:45.764697,2026-05-29 10:43:21.100225
7c7a948a45744be2bc1c922058f02dfb,408.133,412.333,4.2,185,0,1,2026-05-29 10:43:21.074942,0cf80e9965c749b8838b270f22a86d81,https://youtu.be/KKc9TBzeCyo?si=VUI0IbN8SWMj3llN,KKc9TBzeCyo,Dilip Rayamajhi Nepali Teej Song | Unako Lagi Brat Baseko | Sunita Dulall & Khuman Adhikari,done,2026-05-29 10:42:45.764697,2026-05-29 10:43:21.100225
3e89f1a3a9064b65ad4c244a38690edc,412.333,415.4,3.067,186,0,1,2026-05-29 10:43:21.074942,0cf80e9965c749b8838b270f22a86d81,https://youtu.be/KKc9TBzeCyo?si=VUI0IbN8SWMj3llN,KKc9TBzeCyo,Dilip Rayamajhi Nepali Teej Song | Unako Lagi Brat Baseko | Sunita Dulall & Khuman Adhikari,done,2026-05-29 10:42:45.764697,2026-05-29 10:43:21.100225
b5a1b7cfc3b44dfdb5c13d5a8b14ad5b,416.467,420.4,3.933,188,0,1,2026-05-29 10:43:21.074942,0cf80e9965c749b8838b270f22a86d81,https://youtu.be/KKc9TBzeCyo?si=VUI0IbN8SWMj3llN,KKc9TBzeCyo,Dilip Rayamajhi Nepali Teej Song | Unako Lagi Brat Baseko | Sunita Dulall & Khuman Adhikari,done,2026-05-29 10:42:45.764697,2026-05-29 10:43:21.100225
2d7fbb8be121487bb0d192d86175ffa1,422.467,428.6,6.133,190,0,1,2026-05-29 10:43:21.074942,0cf80e9965c749b8838b270f22a86d81,https://youtu.be/KKc9TBzeCyo?si=VUI0IbN8SWMj3llN,KKc9TBzeCyo,Dilip Rayamajhi Nepali Teej Song | Unako Lagi Brat Baseko | Sunita Dulall & Khuman Adhikari,done,2026-05-29 10:42:45.764697,2026-05-29 10:43:21.100225
e13e5fc7ab12439bafd718058be46107,430.267,434.4,4.133,192,0,1,2026-05-29 10:43:21.074942,0cf80e9965c749b8838b270f22a86d81,https://youtu.be/KKc9TBzeCyo?si=VUI0IbN8SWMj3llN,KKc9TBzeCyo,Dilip Rayamajhi Nepali Teej Song | Unako Lagi Brat Baseko | Sunita Dulall & Khuman Adhikari,done,2026-05-29 10:42:45.764697,2026-05-29 10:43:21.100225
0169f9709cdb412184ff3497b273f7e4,434.4,438.133,3.733,193,0,1,2026-05-29 10:43:21.074942,0cf80e9965c749b8838b270f22a86d81,https://youtu.be/KKc9TBzeCyo?si=VUI0IbN8SWMj3llN,KKc9TBzeCyo,Dilip Rayamajhi Nepali Teej Song | Unako Lagi Brat Baseko | Sunita Dulall & Khuman Adhikari,done,2026-05-29 10:42:45.764697,2026-05-29 10:43:21.100225
e4e9146017fb45d5905282e25ca7bf64,438.133,441.133,3.0,194,0,1,2026-05-29 10:43:21.074942,0cf80e9965c749b8838b270f22a86d81,https://youtu.be/KKc9TBzeCyo?si=VUI0IbN8SWMj3llN,KKc9TBzeCyo,Dilip Rayamajhi Nepali Teej Song | Unako Lagi Brat Baseko | Sunita Dulall & Khuman Adhikari,done,2026-05-29 10:42:45.764697,2026-05-29 10:43:21.100225
9075b53e8d28449ba2043bd70f4db198,472.067,477.8,5.733,212,0,1,2026-05-29 10:43:21.074942,0cf80e9965c749b8838b270f22a86d81,https://youtu.be/KKc9TBzeCyo?si=VUI0IbN8SWMj3llN,KKc9TBzeCyo,Dilip Rayamajhi Nepali Teej Song | Unako Lagi Brat Baseko | Sunita Dulall & Khuman Adhikari,done,2026-05-29 10:42:45.764697,2026-05-29 10:43:21.100225
15db9298297f48918426055a1c631155,479.8,483.267,3.467,214,0,1,2026-05-29 10:43:21.074942,0cf80e9965c749b8838b270f22a86d81,https://youtu.be/KKc9TBzeCyo?si=VUI0IbN8SWMj3llN,KKc9TBzeCyo,Dilip Rayamajhi Nepali Teej Song | Unako Lagi Brat Baseko | Sunita Dulall & Khuman Adhikari,done,2026-05-29 10:42:45.764697,2026-05-29 10:43:21.100225
4c2a0d2b165041d881106022b137f2f3,518.4,525.267,6.867,236,0,1,2026-05-29 10:43:21.075499,0cf80e9965c749b8838b270f22a86d81,https://youtu.be/KKc9TBzeCyo?si=VUI0IbN8SWMj3llN,KKc9TBzeCyo,Dilip Rayamajhi Nepali Teej Song | Unako Lagi Brat Baseko | Sunita Dulall & Khuman Adhikari,done,2026-05-29 10:42:45.764697,2026-05-29 10:43:21.100225
7c8405714e984702829c6fa4e6f17ec6,528.6,533.667,5.067,239,0,1,2026-05-29 10:43:21.075499,0cf80e9965c749b8838b270f22a86d81,https://youtu.be/KKc9TBzeCyo?si=VUI0IbN8SWMj3llN,KKc9TBzeCyo,Dilip Rayamajhi Nepali Teej Song | Unako Lagi Brat Baseko | Sunita Dulall & Khuman Adhikari,done,2026-05-29 10:42:45.764697,2026-05-29 10:43:21.100225
51e7eb58120f484c8e9f00dbe36084d9,533.667,537.067,3.4,240,0,1,2026-05-29 10:43:21.075559,0cf80e9965c749b8838b270f22a86d81,https://youtu.be/KKc9TBzeCyo?si=VUI0IbN8SWMj3llN,KKc9TBzeCyo,Dilip Rayamajhi Nepali Teej Song | Unako Lagi Brat Baseko | Sunita Dulall & Khuman Adhikari,done,2026-05-29 10:42:45.764697,2026-05-29 10:43:21.100225
754b24fe13694e96b4ca9c7a6939aa70,540.133,544.0,3.867,243,0,1,2026-05-29 10:43:21.075559,0cf80e9965c749b8838b270f22a86d81,https://youtu.be/KKc9TBzeCyo?si=VUI0IbN8SWMj3llN,KKc9TBzeCyo,Dilip Rayamajhi Nepali Teej Song | Unako Lagi Brat Baseko | Sunita Dulall & Khuman Adhikari,done,2026-05-29 10:42:45.764697,2026-05-29 10:43:21.100225
235ee8f640b348f7a2b68dd17722b81a,544.0,549.0,5.0,244,0,1,2026-05-29 10:43:21.075559,0cf80e9965c749b8838b270f22a86d81,https://youtu.be/KKc9TBzeCyo?si=VUI0IbN8SWMj3llN,KKc9TBzeCyo,Dilip Rayamajhi Nepali Teej Song | Unako Lagi Brat Baseko | Sunita Dulall & Khuman Adhikari,done,2026-05-29 10:42:45.764697,2026-05-29 10:43:21.100225
980041316dd14cb889108004ecba012a,550.333,553.733,3.4,246,0,1,2026-05-29 10:43:21.075559,0cf80e9965c749b8838b270f22a86d81,https://youtu.be/KKc9TBzeCyo?si=VUI0IbN8SWMj3llN,KKc9TBzeCyo,Dilip Rayamajhi Nepali Teej Song | Unako Lagi Brat Baseko | Sunita Dulall & Khuman Adhikari,done,2026-05-29 10:42:45.764697,2026-05-29 10:43:21.100225
dee47f5eeebd4441bc4a37dfbd67be82,555.0,558.933,3.933,248,0,1,2026-05-29 10:43:21.075559,0cf80e9965c749b8838b270f22a86d81,https://youtu.be/KKc9TBzeCyo?si=VUI0IbN8SWMj3llN,KKc9TBzeCyo,Dilip Rayamajhi Nepali Teej Song | Unako Lagi Brat Baseko | Sunita Dulall & Khuman Adhikari,done,2026-05-29 10:42:45.764697,2026-05-29 10:43:21.100225
87da7c6dff784fed93f4793bc09a6099,564.933,572.733,7.8,253,0,1,2026-05-29 10:43:21.075559,0cf80e9965c749b8838b270f22a86d81,https://youtu.be/KKc9TBzeCyo?si=VUI0IbN8SWMj3llN,KKc9TBzeCyo,Dilip Rayamajhi Nepali Teej Song | Unako Lagi Brat Baseko | Sunita Dulall & Khuman Adhikari,done,2026-05-29 10:42:45.764697,2026-05-29 10:43:21.100225
235ff5df5d1d45868d22b274cb836d48,580.667,584.6,3.933,258,0,1,2026-05-29 10:43:21.075559,0cf80e9965c749b8838b270f22a86d81,https://youtu.be/KKc9TBzeCyo?si=VUI0IbN8SWMj3llN,KKc9TBzeCyo,Dilip Rayamajhi Nepali Teej Song | Unako Lagi Brat Baseko | Sunita Dulall & Khuman Adhikari,done,2026-05-29 10:42:45.764697,2026-05-29 10:43:21.100225
cd6d45ca9d5e4218b7d074ac0393788c,592.467,595.533,3.067,263,0,1,2026-05-29 10:43:21.075559,0cf80e9965c749b8838b270f22a86d81,https://youtu.be/KKc9TBzeCyo?si=VUI0IbN8SWMj3llN,KKc9TBzeCyo,Dilip Rayamajhi Nepali Teej Song | Unako Lagi Brat Baseko | Sunita Dulall & Khuman Adhikari,done,2026-05-29 10:42:45.764697,2026-05-29 10:43:21.100225
6b8d1f73e28448f5b8e04c439f9d59e6,595.533,600.4,4.867,264,0,1,2026-05-29 10:43:21.075559,0cf80e9965c749b8838b270f22a86d81,https://youtu.be/KKc9TBzeCyo?si=VUI0IbN8SWMj3llN,KKc9TBzeCyo,Dilip Rayamajhi Nepali Teej Song | Unako Lagi Brat Baseko | Sunita Dulall & Khuman Adhikari,done,2026-05-29 10:42:45.764697,2026-05-29 10:43:21.100225
9e5abf8c10ef41608188d96b3337b1ff,602.4,607.2,4.8,266,0,1,2026-05-29 10:43:21.075559,0cf80e9965c749b8838b270f22a86d81,https://youtu.be/KKc9TBzeCyo?si=VUI0IbN8SWMj3llN,KKc9TBzeCyo,Dilip Rayamajhi Nepali Teej Song | Unako Lagi Brat Baseko | Sunita Dulall & Khuman Adhikari,done,2026-05-29 10:42:45.764697,2026-05-29 10:43:21.100225
6ae5ff351b8d442390b54f9a5f42dc84,610.333,614.2,3.867,269,0,1,2026-05-29 10:43:21.075559,0cf80e9965c749b8838b270f22a86d81,https://youtu.be/KKc9TBzeCyo?si=VUI0IbN8SWMj3llN,KKc9TBzeCyo,Dilip Rayamajhi Nepali Teej Song | Unako Lagi Brat Baseko | Sunita Dulall & Khuman Adhikari,done,2026-05-29 10:42:45.764697,2026-05-29 10:43:21.100225
4147db63bbea401badd8c5d2caa55e78,638.733,641.8,3.067,283,0,1,2026-05-29 10:43:21.075559,0cf80e9965c749b8838b270f22a86d81,https://youtu.be/KKc9TBzeCyo?si=VUI0IbN8SWMj3llN,KKc9TBzeCyo,Dilip Rayamajhi Nepali Teej Song | Unako Lagi Brat Baseko | Sunita Dulall & Khuman Adhikari,done,2026-05-29 10:42:45.764697,2026-05-29 10:43:21.100225
d81023e88d5a4fd58b012a7c20bf9cca,641.8,647.867,6.067,284,0,1,2026-05-29 10:43:21.075559,0cf80e9965c749b8838b270f22a86d81,https://youtu.be/KKc9TBzeCyo?si=VUI0IbN8SWMj3llN,KKc9TBzeCyo,Dilip Rayamajhi Nepali Teej Song | Unako Lagi Brat Baseko | Sunita Dulall & Khuman Adhikari,done,2026-05-29 10:42:45.764697,2026-05-29 10:43:21.100225
baf4af8c17ae4f859b4543e23e113d7c,652.8,659.6,6.8,287,0,1,2026-05-29 10:43:21.075559,0cf80e9965c749b8838b270f22a86d81,https://youtu.be/KKc9TBzeCyo?si=VUI0IbN8SWMj3llN,KKc9TBzeCyo,Dilip Rayamajhi Nepali Teej Song | Unako Lagi Brat Baseko | Sunita Dulall & Khuman Adhikari,done,2026-05-29 10:42:45.764697,2026-05-29 10:43:21.100225
fffdbe49fc20463fb6acf3b3e80d9da6,663.733,667.0,3.267,290,0,1,2026-05-29 10:43:21.075559,0cf80e9965c749b8838b270f22a86d81,https://youtu.be/KKc9TBzeCyo?si=VUI0IbN8SWMj3llN,KKc9TBzeCyo,Dilip Rayamajhi Nepali Teej Song | Unako Lagi Brat Baseko | Sunita Dulall & Khuman Adhikari,done,2026-05-29 10:42:45.764697,2026-05-29 10:43:21.100225
5436ab3d1cb34916a68bfb2b70411c77,669.333,672.333,3.0,292,0,1,2026-05-29 10:43:21.075559,0cf80e9965c749b8838b270f22a86d81,https://youtu.be/KKc9TBzeCyo?si=VUI0IbN8SWMj3llN,KKc9TBzeCyo,Dilip Rayamajhi Nepali Teej Song | Unako Lagi Brat Baseko | Sunita Dulall & Khuman Adhikari,done,2026-05-29 10:42:45.764697,2026-05-29 10:43:21.100225
7517652ae531480b8e0882f2e6187a54,672.333,676.533,4.2,293,0,1,2026-05-29 10:43:21.075559,0cf80e9965c749b8838b270f22a86d81,https://youtu.be/KKc9TBzeCyo?si=VUI0IbN8SWMj3llN,KKc9TBzeCyo,Dilip Rayamajhi Nepali Teej Song | Unako Lagi Brat Baseko | Sunita Dulall & Khuman Adhikari,done,2026-05-29 10:42:45.764697,2026-05-29 10:43:21.100225
fe1908372bb24dee84ca876f722f5e8e,679.6,683.467,3.867,296,0,1,2026-05-29 10:43:21.075559,0cf80e9965c749b8838b270f22a86d81,https://youtu.be/KKc9TBzeCyo?si=VUI0IbN8SWMj3llN,KKc9TBzeCyo,Dilip Rayamajhi Nepali Teej Song | Unako Lagi Brat Baseko | Sunita Dulall & Khuman Adhikari,done,2026-05-29 10:42:45.764697,2026-05-29 10:43:21.100225
9c0b3bd0f16a4fb5892f36db4b1c335a,683.467,686.467,3.0,297,0,1,2026-05-29 10:43:21.076069,0cf80e9965c749b8838b270f22a86d81,https://youtu.be/KKc9TBzeCyo?si=VUI0IbN8SWMj3llN,KKc9TBzeCyo,Dilip Rayamajhi Nepali Teej Song | Unako Lagi Brat Baseko | Sunita Dulall & Khuman Adhikari,done,2026-05-29 10:42:45.764697,2026-05-29 10:43:21.100225
79784f1d0ff6400d92479e6c0845c6fb,686.467,690.4,3.933,298,0,1,2026-05-29 10:43:21.076069,0cf80e9965c749b8838b270f22a86d81,https://youtu.be/KKc9TBzeCyo?si=VUI0IbN8SWMj3llN,KKc9TBzeCyo,Dilip Rayamajhi Nepali Teej Song | Unako Lagi Brat Baseko | Sunita Dulall & Khuman Adhikari,done,2026-05-29 10:42:45.764697,2026-05-29 10:43:21.100225
ea9ee8b64abe4f1995ad828db670192b,690.4,694.267,3.867,299,0,1,2026-05-29 10:43:21.076069,0cf80e9965c749b8838b270f22a86d81,https://youtu.be/KKc9TBzeCyo?si=VUI0IbN8SWMj3llN,KKc9TBzeCyo,Dilip Rayamajhi Nepali Teej Song | Unako Lagi Brat Baseko | Sunita Dulall & Khuman Adhikari,done,2026-05-29 10:42:45.764697,2026-05-29 10:43:21.100225
0c9fffba972a40699ea7b8ba9b52537a,697.333,700.333,3.0,302,0,1,2026-05-29 10:43:21.076229,0cf80e9965c749b8838b270f22a86d81,https://youtu.be/KKc9TBzeCyo?si=VUI0IbN8SWMj3llN,KKc9TBzeCyo,Dilip Rayamajhi Nepali Teej Song | Unako Lagi Brat Baseko | Sunita Dulall & Khuman Adhikari,done,2026-05-29 10:42:45.764697,2026-05-29 10:43:21.100225
dbcc48635e9a4fc1a5c67cb722c537fc,700.333,704.267,3.933,303,0,1,2026-05-29 10:43:21.076229,0cf80e9965c749b8838b270f22a86d81,https://youtu.be/KKc9TBzeCyo?si=VUI0IbN8SWMj3llN,KKc9TBzeCyo,Dilip Rayamajhi Nepali Teej Song | Unako Lagi Brat Baseko | Sunita Dulall & Khuman Adhikari,done,2026-05-29 10:42:45.764697,2026-05-29 10:43:21.100225
fadfc20dda3d46d88326c2331fc1579d,706.267,710.2,3.933,305,0,1,2026-05-29 10:43:21.076229,0cf80e9965c749b8838b270f22a86d81,https://youtu.be/KKc9TBzeCyo?si=VUI0IbN8SWMj3llN,KKc9TBzeCyo,Dilip Rayamajhi Nepali Teej Song | Unako Lagi Brat Baseko | Sunita Dulall & Khuman Adhikari,done,2026-05-29 10:42:45.764697,2026-05-29 10:43:21.100225
b365ff133d0948258e838600b7f6c61c,721.8,725.933,4.133,312,0,1,2026-05-29 10:43:21.076229,0cf80e9965c749b8838b270f22a86d81,https://youtu.be/KKc9TBzeCyo?si=VUI0IbN8SWMj3llN,KKc9TBzeCyo,Dilip Rayamajhi Nepali Teej Song | Unako Lagi Brat Baseko | Sunita Dulall & Khuman Adhikari,done,2026-05-29 10:42:45.764697,2026-05-29 10:43:21.100225
7c880731ad6d448fb440e95f917c7130,729.8,733.667,3.867,315,0,1,2026-05-29 10:43:21.076229,0cf80e9965c749b8838b270f22a86d81,https://youtu.be/KKc9TBzeCyo?si=VUI0IbN8SWMj3llN,KKc9TBzeCyo,Dilip Rayamajhi Nepali Teej Song | Unako Lagi Brat Baseko | Sunita Dulall & Khuman Adhikari,done,2026-05-29 10:42:45.764697,2026-05-29 10:43:21.100225
66bff29a99f74b2685f3aff15042d421,737.867,743.8,5.933,318,0,1,2026-05-29 10:43:21.076229,0cf80e9965c749b8838b270f22a86d81,https://youtu.be/KKc9TBzeCyo?si=VUI0IbN8SWMj3llN,KKc9TBzeCyo,Dilip Rayamajhi Nepali Teej Song | Unako Lagi Brat Baseko | Sunita Dulall & Khuman Adhikari,done,2026-05-29 10:42:45.764697,2026-05-29 10:43:21.100225
4dc04c983f6947c0bf587e746ca4c4fd,747.8,751.733,3.933,321,0,1,2026-05-29 10:43:21.076229,0cf80e9965c749b8838b270f22a86d81,https://youtu.be/KKc9TBzeCyo?si=VUI0IbN8SWMj3llN,KKc9TBzeCyo,Dilip Rayamajhi Nepali Teej Song | Unako Lagi Brat Baseko | Sunita Dulall & Khuman Adhikari,done,2026-05-29 10:42:45.764697,2026-05-29 10:43:21.100225
b412bd548f5f4883ba288c506a36c530,751.733,755.333,3.6,322,0,1,2026-05-29 10:43:21.076229,0cf80e9965c749b8838b270f22a86d81,https://youtu.be/KKc9TBzeCyo?si=VUI0IbN8SWMj3llN,KKc9TBzeCyo,Dilip Rayamajhi Nepali Teej Song | Unako Lagi Brat Baseko | Sunita Dulall & Khuman Adhikari,done,2026-05-29 10:42:45.764697,2026-05-29 10:43:21.100225
19d89e83f9d64c83891fe1ff9e66c81b,755.333,759.4,4.067,323,0,1,2026-05-29 10:43:21.076229,0cf80e9965c749b8838b270f22a86d81,https://youtu.be/KKc9TBzeCyo?si=VUI0IbN8SWMj3llN,KKc9TBzeCyo,Dilip Rayamajhi Nepali Teej Song | Unako Lagi Brat Baseko | Sunita Dulall & Khuman Adhikari,done,2026-05-29 10:42:45.764697,2026-05-29 10:43:21.100225
57065f704f864a0a86652db65cd58e3b,759.4,763.533,4.133,324,0,1,2026-05-29 10:43:21.076229,0cf80e9965c749b8838b270f22a86d81,https://youtu.be/KKc9TBzeCyo?si=VUI0IbN8SWMj3llN,KKc9TBzeCyo,Dilip Rayamajhi Nepali Teej Song | Unako Lagi Brat Baseko | Sunita Dulall & Khuman Adhikari,done,2026-05-29 10:42:45.764697,2026-05-29 10:43:21.100225
558b75015d804da79f296c4016bed5f2,767.6,771.4,3.8,327,0,1,2026-05-29 10:43:21.076229,0cf80e9965c749b8838b270f22a86d81,https://youtu.be/KKc9TBzeCyo?si=VUI0IbN8SWMj3llN,KKc9TBzeCyo,Dilip Rayamajhi Nepali Teej Song | Unako Lagi Brat Baseko | Sunita Dulall & Khuman Adhikari,done,2026-05-29 10:42:45.764697,2026-05-29 10:43:21.100225
2afc4e29a217426aa5e284474e934e08,774.467,777.467,3.0,330,0,1,2026-05-29 10:43:21.076738,0cf80e9965c749b8838b270f22a86d81,https://youtu.be/KKc9TBzeCyo?si=VUI0IbN8SWMj3llN,KKc9TBzeCyo,Dilip Rayamajhi Nepali Teej Song | Unako Lagi Brat Baseko | Sunita Dulall & Khuman Adhikari,done,2026-05-29 10:42:45.764697,2026-05-29 10:43:21.100225
4a645a4d2bff43fda62812609a5e41d4,783.333,788.733,5.4,334,0,1,2026-05-29 10:43:21.076738,0cf80e9965c749b8838b270f22a86d81,https://youtu.be/KKc9TBzeCyo?si=VUI0IbN8SWMj3llN,KKc9TBzeCyo,Dilip Rayamajhi Nepali Teej Song | Unako Lagi Brat Baseko | Sunita Dulall & Khuman Adhikari,done,2026-05-29 10:42:45.764697,2026-05-29 10:43:21.100225
209a78de9d834f60a18b4e9e3fcb751a,788.733,798.2,9.467,335,0,1,2026-05-29 10:43:21.076738,0cf80e9965c749b8838b270f22a86d81,https://youtu.be/KKc9TBzeCyo?si=VUI0IbN8SWMj3llN,KKc9TBzeCyo,Dilip Rayamajhi Nepali Teej Song | Unako Lagi Brat Baseko | Sunita Dulall & Khuman Adhikari,done,2026-05-29 10:42:45.764697,2026-05-29 10:43:21.100225
7b30d1d81387475c91292a7356b61674,801.133,804.6,3.467,337,0,1,2026-05-29 10:43:21.076738,0cf80e9965c749b8838b270f22a86d81,https://youtu.be/KKc9TBzeCyo?si=VUI0IbN8SWMj3llN,KKc9TBzeCyo,Dilip Rayamajhi Nepali Teej Song | Unako Lagi Brat Baseko | Sunita Dulall & Khuman Adhikari,done,2026-05-29 10:42:45.764697,2026-05-29 10:43:21.100225
1bfee14e013447bdb7ab662913f6c456,818.933,822.933,4.0,346,0,1,2026-05-29 10:43:21.076738,0cf80e9965c749b8838b270f22a86d81,https://youtu.be/KKc9TBzeCyo?si=VUI0IbN8SWMj3llN,KKc9TBzeCyo,Dilip Rayamajhi Nepali Teej Song | Unako Lagi Brat Baseko | Sunita Dulall & Khuman Adhikari,done,2026-05-29 10:42:45.764697,2026-05-29 10:43:21.100225
07207e751b2249f7b73988e63253499c,826.933,830.867,3.933,349,0,1,2026-05-29 10:43:21.076738,0cf80e9965c749b8838b270f22a86d81,https://youtu.be/KKc9TBzeCyo?si=VUI0IbN8SWMj3llN,KKc9TBzeCyo,Dilip Rayamajhi Nepali Teej Song | Unako Lagi Brat Baseko | Sunita Dulall & Khuman Adhikari,done,2026-05-29 10:42:45.764697,2026-05-29 10:43:21.100225
e7287310c29f46e7a7f7639be4608ab1,832.867,836.8,3.933,351,0,1,2026-05-29 10:43:21.076738,0cf80e9965c749b8838b270f22a86d81,https://youtu.be/KKc9TBzeCyo?si=VUI0IbN8SWMj3llN,KKc9TBzeCyo,Dilip Rayamajhi Nepali Teej Song | Unako Lagi Brat Baseko | Sunita Dulall & Khuman Adhikari,done,2026-05-29 10:42:45.764697,2026-05-29 10:43:21.100225
a4496584d7014a7bbfbfea16bda9ba28,836.8,840.733,3.933,352,0,1,2026-05-29 10:43:21.076738,0cf80e9965c749b8838b270f22a86d81,https://youtu.be/KKc9TBzeCyo?si=VUI0IbN8SWMj3llN,KKc9TBzeCyo,Dilip Rayamajhi Nepali Teej Song | Unako Lagi Brat Baseko | Sunita Dulall & Khuman Adhikari,done,2026-05-29 10:42:45.764697,2026-05-29 10:43:21.100225
5d0803af170545c2b426d66b9e7a05af,840.733,844.6,3.867,353,0,1,2026-05-29 10:43:21.076930,0cf80e9965c749b8838b270f22a86d81,https://youtu.be/KKc9TBzeCyo?si=VUI0IbN8SWMj3llN,KKc9TBzeCyo,Dilip Rayamajhi Nepali Teej Song | Unako Lagi Brat Baseko | Sunita Dulall & Khuman Adhikari,done,2026-05-29 10:42:45.764697,2026-05-29 10:43:21.100225
acfd93dfe4cf4704ac21e43696b770ce,844.6,848.6,4.0,354,0,1,2026-05-29 10:43:21.076930,0cf80e9965c749b8838b270f22a86d81,https://youtu.be/KKc9TBzeCyo?si=VUI0IbN8SWMj3llN,KKc9TBzeCyo,Dilip Rayamajhi Nepali Teej Song | Unako Lagi Brat Baseko | Sunita Dulall & Khuman Adhikari,done,2026-05-29 10:42:45.764697,2026-05-29 10:43:21.100225
b06e06a2cdb44cb0bad048d0f839867a,856.2,860.533,4.333,359,0,1,2026-05-29 10:43:21.076930,0cf80e9965c749b8838b270f22a86d81,https://youtu.be/KKc9TBzeCyo?si=VUI0IbN8SWMj3llN,KKc9TBzeCyo,Dilip Rayamajhi Nepali Teej Song | Unako Lagi Brat Baseko | Sunita Dulall & Khuman Adhikari,done,2026-05-29 10:42:45.764697,2026-05-29 10:43:21.100225
9ee8923d4b1c412e9fe28090d6013704,868.333,872.067,3.733,364,0,1,2026-05-29 10:43:21.076930,0cf80e9965c749b8838b270f22a86d81,https://youtu.be/KKc9TBzeCyo?si=VUI0IbN8SWMj3llN,KKc9TBzeCyo,Dilip Rayamajhi Nepali Teej Song | Unako Lagi Brat Baseko | Sunita Dulall & Khuman Adhikari,done,2026-05-29 10:42:45.764697,2026-05-29 10:43:21.100225
4827010b7915408486dfe369771bd0fd,872.067,875.333,3.267,365,0,1,2026-05-29 10:43:21.076930,0cf80e9965c749b8838b270f22a86d81,https://youtu.be/KKc9TBzeCyo?si=VUI0IbN8SWMj3llN,KKc9TBzeCyo,Dilip Rayamajhi Nepali Teej Song | Unako Lagi Brat Baseko | Sunita Dulall & Khuman Adhikari,done,2026-05-29 10:42:45.764697,2026-05-29 10:43:21.100225
e812ab6054904d3782aa0dce90d90a9b,876.733,880.267,3.533,367,0,1,2026-05-29 10:43:21.076930,0cf80e9965c749b8838b270f22a86d81,https://youtu.be/KKc9TBzeCyo?si=VUI0IbN8SWMj3llN,KKc9TBzeCyo,Dilip Rayamajhi Nepali Teej Song | Unako Lagi Brat Baseko | Sunita Dulall & Khuman Adhikari,done,2026-05-29 10:42:45.764697,2026-05-29 10:43:21.100225
21b540d3676244638fb99b689a4ba027,883.667,887.133,3.467,370,0,1,2026-05-29 10:43:21.076930,0cf80e9965c749b8838b270f22a86d81,https://youtu.be/KKc9TBzeCyo?si=VUI0IbN8SWMj3llN,KKc9TBzeCyo,Dilip Rayamajhi Nepali Teej Song | Unako Lagi Brat Baseko | Sunita Dulall & Khuman Adhikari,done,2026-05-29 10:42:45.764697,2026-05-29 10:43:21.100225
43f2bd7d750f4048be9fea6a31882d4a,890.2,894.133,3.933,373,0,1,2026-05-29 10:43:21.076930,0cf80e9965c749b8838b270f22a86d81,https://youtu.be/KKc9TBzeCyo?si=VUI0IbN8SWMj3llN,KKc9TBzeCyo,Dilip Rayamajhi Nepali Teej Song | Unako Lagi Brat Baseko | Sunita Dulall & Khuman Adhikari,done,2026-05-29 10:42:45.764697,2026-05-29 10:43:21.100225
18a57eb8718d4fe2acab48b6a2a7c2b6,905.4,909.933,4.533,380,0,1,2026-05-29 10:43:21.076930,0cf80e9965c749b8838b270f22a86d81,https://youtu.be/KKc9TBzeCyo?si=VUI0IbN8SWMj3llN,KKc9TBzeCyo,Dilip Rayamajhi Nepali Teej Song | Unako Lagi Brat Baseko | Sunita Dulall & Khuman Adhikari,done,2026-05-29 10:42:45.764697,2026-05-29 10:43:21.100225
15808132acc145ffb62a327e96a995dc,921.8,929.4,7.6,388,0,1,2026-05-29 10:43:21.076930,0cf80e9965c749b8838b270f22a86d81,https://youtu.be/KKc9TBzeCyo?si=VUI0IbN8SWMj3llN,KKc9TBzeCyo,Dilip Rayamajhi Nepali Teej Song | Unako Lagi Brat Baseko | Sunita Dulall & Khuman Adhikari,done,2026-05-29 10:42:45.764697,2026-05-29 10:43:21.100225
0ddf129174c940a7a941ac88c8360446,935.8,939.933,4.133,393,0,1,2026-05-29 10:43:21.076930,0cf80e9965c749b8838b270f22a86d81,https://youtu.be/KKc9TBzeCyo?si=VUI0IbN8SWMj3llN,KKc9TBzeCyo,Dilip Rayamajhi Nepali Teej Song | Unako Lagi Brat Baseko | Sunita Dulall & Khuman Adhikari,done,2026-05-29 10:42:45.764697,2026-05-29 10:43:21.100225
00d726add3b04ac6af654cdf0b4b0d73,946.467,949.467,3.0,397,0,1,2026-05-29 10:43:21.076930,0cf80e9965c749b8838b270f22a86d81,https://youtu.be/KKc9TBzeCyo?si=VUI0IbN8SWMj3llN,KKc9TBzeCyo,Dilip Rayamajhi Nepali Teej Song | Unako Lagi Brat Baseko | Sunita Dulall & Khuman Adhikari,done,2026-05-29 10:42:45.764697,2026-05-29 10:43:21.100225
c8c5370dfaef4bedafaa5accf42b4184,949.467,954.133,4.667,398,0,1,2026-05-29 10:43:21.076930,0cf80e9965c749b8838b270f22a86d81,https://youtu.be/KKc9TBzeCyo?si=VUI0IbN8SWMj3llN,KKc9TBzeCyo,Dilip Rayamajhi Nepali Teej Song | Unako Lagi Brat Baseko | Sunita Dulall & Khuman Adhikari,done,2026-05-29 10:42:45.764697,2026-05-29 10:43:21.100225
77cd72c4f40b4f4dab7dbe7394be0fc8,0.0,5.917,5.917,0,1,1,2026-05-29 06:57:23.795773,c1de4cfe6dc444bf9cddf68587d07eff,https://youtu.be/a7SrELch4_I?si=2BVtTBRBTeaWMQf2,a7SrELch4_I,Ekdev Limbu - Chameli [Official Music Video],done,2026-05-29 06:55:12.860827,2026-05-29 06:57:23.813093
d639e3114e6e4e2a8abfc1b0f6c8d75b,8.125,13.333,5.208,2,1,1,2026-05-29 06:57:23.795773,c1de4cfe6dc444bf9cddf68587d07eff,https://youtu.be/a7SrELch4_I?si=2BVtTBRBTeaWMQf2,a7SrELch4_I,Ekdev Limbu - Chameli [Official Music Video],done,2026-05-29 06:55:12.860827,2026-05-29 06:57:23.813093
f12f43db60d74b0bbcacd9c66fb6fcf7,36.958,46.25,9.292,14,1,1,2026-05-29 06:57:23.795773,c1de4cfe6dc444bf9cddf68587d07eff,https://youtu.be/a7SrELch4_I?si=2BVtTBRBTeaWMQf2,a7SrELch4_I,Ekdev Limbu - Chameli [Official Music Video],done,2026-05-29 06:55:12.860827,2026-05-29 06:57:23.813093
5a54a21877764dd58b9cc3809dfcbe31,64.0,69.0,5.0,24,1,1,2026-05-29 06:57:23.795773,c1de4cfe6dc444bf9cddf68587d07eff,https://youtu.be/a7SrELch4_I?si=2BVtTBRBTeaWMQf2,a7SrELch4_I,Ekdev Limbu - Chameli [Official Music Video],done,2026-05-29 06:55:12.860827,2026-05-29 06:57:23.813093
0d6eb12e515745709e37dcdc0e0c5b35,70.917,75.792,4.875,26,1,1,2026-05-29 06:57:23.795773,c1de4cfe6dc444bf9cddf68587d07eff,https://youtu.be/a7SrELch4_I?si=2BVtTBRBTeaWMQf2,a7SrELch4_I,Ekdev Limbu - Chameli [Official Music Video],done,2026-05-29 06:55:12.860827,2026-05-29 06:57:23.813093
d9439c7ba1794c2a8c8c8d9fb9f644a4,77.958,81.792,3.833,29,1,1,2026-05-29 06:57:23.795773,c1de4cfe6dc444bf9cddf68587d07eff,https://youtu.be/a7SrELch4_I?si=2BVtTBRBTeaWMQf2,a7SrELch4_I,Ekdev Limbu - Chameli [Official Music Video],done,2026-05-29 06:55:12.860827,2026-05-29 06:57:23.813093
7231c9dfb3a144dfb51790be35f6cafc,85.083,90.042,4.958,32,1,1,2026-05-29 06:57:23.795773,c1de4cfe6dc444bf9cddf68587d07eff,https://youtu.be/a7SrELch4_I?si=2BVtTBRBTeaWMQf2,a7SrELch4_I,Ekdev Limbu - Chameli [Official Music Video],done,2026-05-29 06:55:12.860827,2026-05-29 06:57:23.813093
18d5a2bd4d0a495e84a8cf08d07f5a8b,98.0,101.375,3.375,40,1,1,2026-05-29 06:57:23.795773,c1de4cfe6dc444bf9cddf68587d07eff,https://youtu.be/a7SrELch4_I?si=2BVtTBRBTeaWMQf2,a7SrELch4_I,Ekdev Limbu - Chameli [Official Music Video],done,2026-05-29 06:55:12.860827,2026-05-29 06:57:23.813093
112ea08ce2ce403ca303956b56df0045,106.167,110.208,4.042,44,1,1,2026-05-29 06:57:23.795773,c1de4cfe6dc444bf9cddf68587d07eff,https://youtu.be/a7SrELch4_I?si=2BVtTBRBTeaWMQf2,a7SrELch4_I,Ekdev Limbu - Chameli [Official Music Video],done,2026-05-29 06:55:12.860827,2026-05-29 06:57:23.813093
f6d1c0bd32734780bcea551768faa9d2,127.917,132.75,4.833,56,1,1,2026-05-29 06:57:23.795773,c1de4cfe6dc444bf9cddf68587d07eff,https://youtu.be/a7SrELch4_I?si=2BVtTBRBTeaWMQf2,a7SrELch4_I,Ekdev Limbu - Chameli [Official Music Video],done,2026-05-29 06:55:12.860827,2026-05-29 06:57:23.813093
570ee19b12ac4a858e3a07c0290d91aa,138.125,141.375,3.25,61,1,1,2026-05-29 06:57:23.795773,c1de4cfe6dc444bf9cddf68587d07eff,https://youtu.be/a7SrELch4_I?si=2BVtTBRBTeaWMQf2,a7SrELch4_I,Ekdev Limbu - Chameli [Official Music Video],done,2026-05-29 06:55:12.860827,2026-05-29 06:57:23.813093
bd6da40e8820401588b708beb5cd3cea,150.417,154.958,4.542,70,1,1,2026-05-29 06:57:23.795773,c1de4cfe6dc444bf9cddf68587d07eff,https://youtu.be/a7SrELch4_I?si=2BVtTBRBTeaWMQf2,a7SrELch4_I,Ekdev Limbu - Chameli [Official Music Video],done,2026-05-29 06:55:12.860827,2026-05-29 06:57:23.813093
7898b552f43b4329998bd334d2a2699c,174.25,177.5,3.25,83,1,1,2026-05-29 06:57:23.795773,c1de4cfe6dc444bf9cddf68587d07eff,https://youtu.be/a7SrELch4_I?si=2BVtTBRBTeaWMQf2,a7SrELch4_I,Ekdev Limbu - Chameli [Official Music Video],done,2026-05-29 06:55:12.860827,2026-05-29 06:57:23.813093
97b1e3ac2d174c2d8648e1f048bbf352,184.375,187.5,3.125,90,1,1,2026-05-29 06:57:23.795773,c1de4cfe6dc444bf9cddf68587d07eff,https://youtu.be/a7SrELch4_I?si=2BVtTBRBTeaWMQf2,a7SrELch4_I,Ekdev Limbu - Chameli [Official Music Video],done,2026-05-29 06:55:12.860827,2026-05-29 06:57:23.813093
b72537b8bdb54b0daf87ff965e818374,205.333,208.792,3.458,101,1,1,2026-05-29 06:57:23.795773,c1de4cfe6dc444bf9cddf68587d07eff,https://youtu.be/a7SrELch4_I?si=2BVtTBRBTeaWMQf2,a7SrELch4_I,Ekdev Limbu - Chameli [Official Music Video],done,2026-05-29 06:55:12.860827,2026-05-29 06:57:23.813093
be3cc3a6328c421eb7c49b11e05c5f26,208.792,214.792,6.0,102,1,1,2026-05-29 06:57:23.795773,c1de4cfe6dc444bf9cddf68587d07eff,https://youtu.be/a7SrELch4_I?si=2BVtTBRBTeaWMQf2,a7SrELch4_I,Ekdev Limbu - Chameli [Official Music Video],done,2026-05-29 06:55:12.860827,2026-05-29 06:57:23.813093
027eedd073664c16934410bb284cb4ac,239.375,249.375,10.0,117,1,1,2026-05-29 06:57:23.795773,c1de4cfe6dc444bf9cddf68587d07eff,https://youtu.be/a7SrELch4_I?si=2BVtTBRBTeaWMQf2,a7SrELch4_I,Ekdev Limbu - Chameli [Official Music Video],done,2026-05-29 06:55:12.860827,2026-05-29 06:57:23.813093
465acd5907bc4a0f8be6db4ca812091a,37.24,40.52,3.28,22,0,1,2026-05-29 10:30:38.224008,15ed51dc36ec415ca4c4ef1339e00e3d,https://youtu.be/w_xVNOYhoZU?si=SzASegvvp0jdvg72,w_xVNOYhoZU,Hare Shiva Ram - Bhagirath Chalaune & Bishnu Majhi | Ranjita Gurung | Nepali Song,done,2026-05-29 10:27:05.978095,2026-05-29 10:30:38.238096
b58dd71c06c347d79c3be09be409e538,40.52,44.64,4.12,23,0,1,2026-05-29 10:30:38.224984,15ed51dc36ec415ca4c4ef1339e00e3d,https://youtu.be/w_xVNOYhoZU?si=SzASegvvp0jdvg72,w_xVNOYhoZU,Hare Shiva Ram - Bhagirath Chalaune & Bishnu Majhi | Ranjita Gurung | Nepali Song,done,2026-05-29 10:27:05.978095,2026-05-29 10:30:38.238096
d362313135604c42b546b86e52417a51,47.16,52.8,5.64,26,0,1,2026-05-29 10:30:38.224984,15ed51dc36ec415ca4c4ef1339e00e3d,https://youtu.be/w_xVNOYhoZU?si=SzASegvvp0jdvg72,w_xVNOYhoZU,Hare Shiva Ram - Bhagirath Chalaune & Bishnu Majhi | Ranjita Gurung | Nepali Song,done,2026-05-29 10:27:05.978095,2026-05-29 10:30:38.238096
2bac805c78b04a6abdf2d81b4e51641d,56.4,59.8,3.4,29,0,1,2026-05-29 10:30:38.224984,15ed51dc36ec415ca4c4ef1339e00e3d,https://youtu.be/w_xVNOYhoZU?si=SzASegvvp0jdvg72,w_xVNOYhoZU,Hare Shiva Ram - Bhagirath Chalaune & Bishnu Majhi | Ranjita Gurung | Nepali Song,done,2026-05-29 10:27:05.978095,2026-05-29 10:30:38.238096
91f4e3d0577248acb19c6e66ac04dd41,74.32,77.52,3.2,39,0,1,2026-05-29 10:30:38.224984,15ed51dc36ec415ca4c4ef1339e00e3d,https://youtu.be/w_xVNOYhoZU?si=SzASegvvp0jdvg72,w_xVNOYhoZU,Hare Shiva Ram - Bhagirath Chalaune & Bishnu Majhi | Ranjita Gurung | Nepali Song,done,2026-05-29 10:27:05.978095,2026-05-29 10:30:38.238096
b1f4180057674355a15f28fe8b33a001,84.68,90.04,5.36,45,0,1,2026-05-29 10:30:38.224984,15ed51dc36ec415ca4c4ef1339e00e3d,https://youtu.be/w_xVNOYhoZU?si=SzASegvvp0jdvg72,w_xVNOYhoZU,Hare Shiva Ram - Bhagirath Chalaune & Bishnu Majhi | Ranjita Gurung | Nepali Song,done,2026-05-29 10:27:05.978095,2026-05-29 10:30:38.238096
631452a23cec42efab115e962f170acb,93.4,96.68,3.28,48,0,1,2026-05-29 10:30:38.224984,15ed51dc36ec415ca4c4ef1339e00e3d,https://youtu.be/w_xVNOYhoZU?si=SzASegvvp0jdvg72,w_xVNOYhoZU,Hare Shiva Ram - Bhagirath Chalaune & Bishnu Majhi | Ranjita Gurung | Nepali Song,done,2026-05-29 10:27:05.978095,2026-05-29 10:30:38.238096
8c8b0bbd98bc435fa07e1d74de9f9a2b,112.32,117.36,5.04,61,0,1,2026-05-29 10:30:38.224984,15ed51dc36ec415ca4c4ef1339e00e3d,https://youtu.be/w_xVNOYhoZU?si=SzASegvvp0jdvg72,w_xVNOYhoZU,Hare Shiva Ram - Bhagirath Chalaune & Bishnu Majhi | Ranjita Gurung | Nepali Song,done,2026-05-29 10:27:05.978095,2026-05-29 10:30:38.238096
125e87e0e8124001876d5b852ad6633d,117.36,121.96,4.6,62,0,1,2026-05-29 10:30:38.224984,15ed51dc36ec415ca4c4ef1339e00e3d,https://youtu.be/w_xVNOYhoZU?si=SzASegvvp0jdvg72,w_xVNOYhoZU,Hare Shiva Ram - Bhagirath Chalaune & Bishnu Majhi | Ranjita Gurung | Nepali Song,done,2026-05-29 10:27:05.978095,2026-05-29 10:30:38.238096
891afcfa87e045178eb527bd2007492d,123.48,128.52,5.04,65,0,1,2026-05-29 10:30:38.224984,15ed51dc36ec415ca4c4ef1339e00e3d,https://youtu.be/w_xVNOYhoZU?si=SzASegvvp0jdvg72,w_xVNOYhoZU,Hare Shiva Ram - Bhagirath Chalaune & Bishnu Majhi | Ranjita Gurung | Nepali Song,done,2026-05-29 10:27:05.978095,2026-05-29 10:30:38.238096
c4ac5c19b7f94777a2cc4882477fb8f6,131.16,134.8,3.64,68,0,1,2026-05-29 10:30:38.224984,15ed51dc36ec415ca4c4ef1339e00e3d,https://youtu.be/w_xVNOYhoZU?si=SzASegvvp0jdvg72,w_xVNOYhoZU,Hare Shiva Ram - Bhagirath Chalaune & Bishnu Majhi | Ranjita Gurung | Nepali Song,done,2026-05-29 10:27:05.978095,2026-05-29 10:30:38.238096
70a719989a514d539d2cafb7b588d604,137.28,140.76,3.48,71,0,1,2026-05-29 10:30:38.224984,15ed51dc36ec415ca4c4ef1339e00e3d,https://youtu.be/w_xVNOYhoZU?si=SzASegvvp0jdvg72,w_xVNOYhoZU,Hare Shiva Ram - Bhagirath Chalaune & Bishnu Majhi | Ranjita Gurung | Nepali Song,done,2026-05-29 10:27:05.978095,2026-05-29 10:30:38.238096
a0ebbe797bc1421d9984d89aa9335d40,159.84,164.72,4.88,82,0,1,2026-05-29 10:30:38.224984,15ed51dc36ec415ca4c4ef1339e00e3d,https://youtu.be/w_xVNOYhoZU?si=SzASegvvp0jdvg72,w_xVNOYhoZU,Hare Shiva Ram - Bhagirath Chalaune & Bishnu Majhi | Ranjita Gurung | Nepali Song,done,2026-05-29 10:27:05.978095,2026-05-29 10:30:38.238096
8edbafe438ca4694ae45c42960bb0077,170.16,173.56,3.4,86,0,1,2026-05-29 10:30:38.224984,15ed51dc36ec415ca4c4ef1339e00e3d,https://youtu.be/w_xVNOYhoZU?si=SzASegvvp0jdvg72,w_xVNOYhoZU,Hare Shiva Ram - Bhagirath Chalaune & Bishnu Majhi | Ranjita Gurung | Nepali Song,done,2026-05-29 10:27:05.978095,2026-05-29 10:30:38.238096
4bcbb699124446b0ad367545432ade9d,174.8,179.92,5.12,88,0,1,2026-05-29 10:30:38.224984,15ed51dc36ec415ca4c4ef1339e00e3d,https://youtu.be/w_xVNOYhoZU?si=SzASegvvp0jdvg72,w_xVNOYhoZU,Hare Shiva Ram - Bhagirath Chalaune & Bishnu Majhi | Ranjita Gurung | Nepali Song,done,2026-05-29 10:27:05.978095,2026-05-29 10:30:38.238096
37823971e02f4c90abef4c3e2d0b76f3,187.32,193.8,6.48,94,0,1,2026-05-29 10:30:38.224984,15ed51dc36ec415ca4c4ef1339e00e3d,https://youtu.be/w_xVNOYhoZU?si=SzASegvvp0jdvg72,w_xVNOYhoZU,Hare Shiva Ram - Bhagirath Chalaune & Bishnu Majhi | Ranjita Gurung | Nepali Song,done,2026-05-29 10:27:05.978095,2026-05-29 10:30:38.238096
caf0c8cc0fab46bdaa5f8b21fa22d9b4,207.68,211.08,3.4,104,0,1,2026-05-29 10:30:38.224984,15ed51dc36ec415ca4c4ef1339e00e3d,https://youtu.be/w_xVNOYhoZU?si=SzASegvvp0jdvg72,w_xVNOYhoZU,Hare Shiva Ram - Bhagirath Chalaune & Bishnu Majhi | Ranjita Gurung | Nepali Song,done,2026-05-29 10:27:05.978095,2026-05-29 10:30:38.238096
e10d7ce6b1094c708338b3d354979b0f,212.36,217.0,4.64,106,0,1,2026-05-29 10:30:38.224984,15ed51dc36ec415ca4c4ef1339e00e3d,https://youtu.be/w_xVNOYhoZU?si=SzASegvvp0jdvg72,w_xVNOYhoZU,Hare Shiva Ram - Bhagirath Chalaune & Bishnu Majhi | Ranjita Gurung | Nepali Song,done,2026-05-29 10:27:05.978095,2026-05-29 10:30:38.238096
6818f36ce24f4d6ab326731fd62d4cb9,227.36,237.36,10.0,113,0,1,2026-05-29 10:30:38.224984,15ed51dc36ec415ca4c4ef1339e00e3d,https://youtu.be/w_xVNOYhoZU?si=SzASegvvp0jdvg72,w_xVNOYhoZU,Hare Shiva Ram - Bhagirath Chalaune & Bishnu Majhi | Ranjita Gurung | Nepali Song,done,2026-05-29 10:27:05.978095,2026-05-29 10:30:38.238096
6d2310fbce954482ada0b3ee980dd9d5,245.96,249.76,3.8,115,0,1,2026-05-29 10:30:38.224984,15ed51dc36ec415ca4c4ef1339e00e3d,https://youtu.be/w_xVNOYhoZU?si=SzASegvvp0jdvg72,w_xVNOYhoZU,Hare Shiva Ram - Bhagirath Chalaune & Bishnu Majhi | Ranjita Gurung | Nepali Song,done,2026-05-29 10:27:05.978095,2026-05-29 10:30:38.238096
d8bb02ed1c574a7f8fc662eb3c86710b,249.76,254.8,5.04,116,0,1,2026-05-29 10:30:38.224984,15ed51dc36ec415ca4c4ef1339e00e3d,https://youtu.be/w_xVNOYhoZU?si=SzASegvvp0jdvg72,w_xVNOYhoZU,Hare Shiva Ram - Bhagirath Chalaune & Bishnu Majhi | Ranjita Gurung | Nepali Song,done,2026-05-29 10:27:05.978095,2026-05-29 10:30:38.238096
037d846fecf34cf19063b4e4d1afc661,256.96,262.2,5.24,119,0,1,2026-05-29 10:30:38.224984,15ed51dc36ec415ca4c4ef1339e00e3d,https://youtu.be/w_xVNOYhoZU?si=SzASegvvp0jdvg72,w_xVNOYhoZU,Hare Shiva Ram - Bhagirath Chalaune & Bishnu Majhi | Ranjita Gurung | Nepali Song,done,2026-05-29 10:27:05.978095,2026-05-29 10:30:38.238096
8549bdd9e7944e10aebf8eebca91b2bc,272.28,277.32,5.04,127,0,1,2026-05-29 10:30:38.224984,15ed51dc36ec415ca4c4ef1339e00e3d,https://youtu.be/w_xVNOYhoZU?si=SzASegvvp0jdvg72,w_xVNOYhoZU,Hare Shiva Ram - Bhagirath Chalaune & Bishnu Majhi | Ranjita Gurung | Nepali Song,done,2026-05-29 10:27:05.978095,2026-05-29 10:30:38.238096
a6c189fa35a84229a7ff478170be3b10,281.0,284.76,3.76,130,0,1,2026-05-29 10:30:38.224984,15ed51dc36ec415ca4c4ef1339e00e3d,https://youtu.be/w_xVNOYhoZU?si=SzASegvvp0jdvg72,w_xVNOYhoZU,Hare Shiva Ram - Bhagirath Chalaune & Bishnu Majhi | Ranjita Gurung | Nepali Song,done,2026-05-29 10:27:05.978095,2026-05-29 10:30:38.238096
ec4805edcd29455dad1c90a5de01ee12,287.2,291.92,4.72,133,0,1,2026-05-29 10:30:38.224984,15ed51dc36ec415ca4c4ef1339e00e3d,https://youtu.be/w_xVNOYhoZU?si=SzASegvvp0jdvg72,w_xVNOYhoZU,Hare Shiva Ram - Bhagirath Chalaune & Bishnu Majhi | Ranjita Gurung | Nepali Song,done,2026-05-29 10:27:05.978095,2026-05-29 10:30:38.238096
23ae191d8b0e48d29030deee8559c07d,293.48,298.44,4.96,135,0,1,2026-05-29 10:30:38.224984,15ed51dc36ec415ca4c4ef1339e00e3d,https://youtu.be/w_xVNOYhoZU?si=SzASegvvp0jdvg72,w_xVNOYhoZU,Hare Shiva Ram - Bhagirath Chalaune & Bishnu Majhi | Ranjita Gurung | Nepali Song,done,2026-05-29 10:27:05.978095,2026-05-29 10:30:38.238096
9f7fb25070014af7bf1c081d8b154c58,309.64,314.68,5.04,143,0,1,2026-05-29 10:30:38.224984,15ed51dc36ec415ca4c4ef1339e00e3d,https://youtu.be/w_xVNOYhoZU?si=SzASegvvp0jdvg72,w_xVNOYhoZU,Hare Shiva Ram - Bhagirath Chalaune & Bishnu Majhi | Ranjita Gurung | Nepali Song,done,2026-05-29 10:27:05.978095,2026-05-29 10:30:38.238096
b6b5fff6d54f42baa93e3bf9d7553b4e,324.88,330.08,5.2,149,0,1,2026-05-29 10:30:38.224984,15ed51dc36ec415ca4c4ef1339e00e3d,https://youtu.be/w_xVNOYhoZU?si=SzASegvvp0jdvg72,w_xVNOYhoZU,Hare Shiva Ram - Bhagirath Chalaune & Bishnu Majhi | Ranjita Gurung | Nepali Song,done,2026-05-29 10:27:05.978095,2026-05-29 10:30:38.238096
3e659e1766a5469983953d41c74bc98b,331.16,337.08,5.92,151,0,1,2026-05-29 10:30:38.224984,15ed51dc36ec415ca4c4ef1339e00e3d,https://youtu.be/w_xVNOYhoZU?si=SzASegvvp0jdvg72,w_xVNOYhoZU,Hare Shiva Ram - Bhagirath Chalaune & Bishnu Majhi | Ranjita Gurung | Nepali Song,done,2026-05-29 10:27:05.978095,2026-05-29 10:30:38.238096
9cfa9fb5dc1f440ab37ba6530d4d2fad,337.08,347.08,10.0,152,0,1,2026-05-29 10:30:38.224984,15ed51dc36ec415ca4c4ef1339e00e3d,https://youtu.be/w_xVNOYhoZU?si=SzASegvvp0jdvg72,w_xVNOYhoZU,Hare Shiva Ram - Bhagirath Chalaune & Bishnu Majhi | Ranjita Gurung | Nepali Song,done,2026-05-29 10:27:05.978095,2026-05-29 10:30:38.238096
af278b8f59654514bb7e39a46c141e3a,349.56,358.56,9.0,153,0,1,2026-05-29 10:30:38.224984,15ed51dc36ec415ca4c4ef1339e00e3d,https://youtu.be/w_xVNOYhoZU?si=SzASegvvp0jdvg72,w_xVNOYhoZU,Hare Shiva Ram - Bhagirath Chalaune & Bishnu Majhi | Ranjita Gurung | Nepali Song,done,2026-05-29 10:27:05.978095,2026-05-29 10:30:38.238096
1c4a7952f63045de8b68cd8609c0fb93,359.76,364.92,5.16,155,0,1,2026-05-29 10:30:38.224984,15ed51dc36ec415ca4c4ef1339e00e3d,https://youtu.be/w_xVNOYhoZU?si=SzASegvvp0jdvg72,w_xVNOYhoZU,Hare Shiva Ram - Bhagirath Chalaune & Bishnu Majhi | Ranjita Gurung | Nepali Song,done,2026-05-29 10:27:05.978095,2026-05-29 10:30:38.238096
453c48c991894ec184bf3e9d683a1685,366.32,373.44,7.12,157,0,1,2026-05-29 10:30:38.224984,15ed51dc36ec415ca4c4ef1339e00e3d,https://youtu.be/w_xVNOYhoZU?si=SzASegvvp0jdvg72,w_xVNOYhoZU,Hare Shiva Ram - Bhagirath Chalaune & Bishnu Majhi | Ranjita Gurung | Nepali Song,done,2026-05-29 10:27:05.978095,2026-05-29 10:30:38.238096
d24a477e91fe4328b7598051296f53c3,374.72,379.44,4.72,159,0,1,2026-05-29 10:30:38.224984,15ed51dc36ec415ca4c4ef1339e00e3d,https://youtu.be/w_xVNOYhoZU?si=SzASegvvp0jdvg72,w_xVNOYhoZU,Hare Shiva Ram - Bhagirath Chalaune & Bishnu Majhi | Ranjita Gurung | Nepali Song,done,2026-05-29 10:27:05.978095,2026-05-29 10:30:38.238096
d8e8cf80af28468086aff1dd76049d58,381.0,385.96,4.96,161,0,1,2026-05-29 10:30:38.224984,15ed51dc36ec415ca4c4ef1339e00e3d,https://youtu.be/w_xVNOYhoZU?si=SzASegvvp0jdvg72,w_xVNOYhoZU,Hare Shiva Ram - Bhagirath Chalaune & Bishnu Majhi | Ranjita Gurung | Nepali Song,done,2026-05-29 10:27:05.978095,2026-05-29 10:30:38.238096
e0dd7b2d319a48ac9805f61c4f3f0655,387.16,396.28,9.12,163,0,1,2026-05-29 10:30:38.224984,15ed51dc36ec415ca4c4ef1339e00e3d,https://youtu.be/w_xVNOYhoZU?si=SzASegvvp0jdvg72,w_xVNOYhoZU,Hare Shiva Ram - Bhagirath Chalaune & Bishnu Majhi | Ranjita Gurung | Nepali Song,done,2026-05-29 10:27:05.978095,2026-05-29 10:30:38.238096
8bd10fc72b304580953556fa54e9f633,397.28,402.24,4.96,165,0,1,2026-05-29 10:30:38.224984,15ed51dc36ec415ca4c4ef1339e00e3d,https://youtu.be/w_xVNOYhoZU?si=SzASegvvp0jdvg72,w_xVNOYhoZU,Hare Shiva Ram - Bhagirath Chalaune & Bishnu Majhi | Ranjita Gurung | Nepali Song,done,2026-05-29 10:27:05.978095,2026-05-29 10:30:38.238096
2c28e04863d34ca2ab404710bc2b2e59,403.76,410.84,7.08,167,0,1,2026-05-29 10:30:38.224984,15ed51dc36ec415ca4c4ef1339e00e3d,https://youtu.be/w_xVNOYhoZU?si=SzASegvvp0jdvg72,w_xVNOYhoZU,Hare Shiva Ram - Bhagirath Chalaune & Bishnu Majhi | Ranjita Gurung | Nepali Song,done,2026-05-29 10:27:05.978095,2026-05-29 10:30:38.238096
d6ce5424949f404789f0fe249759734e,412.28,417.24,4.96,169,0,1,2026-05-29 10:30:38.224984,15ed51dc36ec415ca4c4ef1339e00e3d,https://youtu.be/w_xVNOYhoZU?si=SzASegvvp0jdvg72,w_xVNOYhoZU,Hare Shiva Ram - Bhagirath Chalaune & Bishnu Majhi | Ranjita Gurung | Nepali Song,done,2026-05-29 10:27:05.978095,2026-05-29 10:30:38.238096
7a026b43aa35441383921292aca20232,418.48,424.56,6.08,171,0,1,2026-05-29 10:30:38.224984,15ed51dc36ec415ca4c4ef1339e00e3d,https://youtu.be/w_xVNOYhoZU?si=SzASegvvp0jdvg72,w_xVNOYhoZU,Hare Shiva Ram - Bhagirath Chalaune & Bishnu Majhi | Ranjita Gurung | Nepali Song,done,2026-05-29 10:27:05.978095,2026-05-29 10:30:38.238096
1866277b68f949c7b6cf70d9383ee702,424.56,427.64,3.08,172,0,1,2026-05-29 10:30:38.225984,15ed51dc36ec415ca4c4ef1339e00e3d,https://youtu.be/w_xVNOYhoZU?si=SzASegvvp0jdvg72,w_xVNOYhoZU,Hare Shiva Ram - Bhagirath Chalaune & Bishnu Majhi | Ranjita Gurung | Nepali Song,done,2026-05-29 10:27:05.978095,2026-05-29 10:30:38.238096
e2a60068b8a84683b59ba8a9175182a0,427.64,431.0,3.36,173,0,1,2026-05-29 10:30:38.225984,15ed51dc36ec415ca4c4ef1339e00e3d,https://youtu.be/w_xVNOYhoZU?si=SzASegvvp0jdvg72,w_xVNOYhoZU,Hare Shiva Ram - Bhagirath Chalaune & Bishnu Majhi | Ranjita Gurung | Nepali Song,done,2026-05-29 10:27:05.978095,2026-05-29 10:30:38.238096
86744f8f0c364d579edfc23904f8c20d,431.0,437.08,6.08,174,0,1,2026-05-29 10:30:38.225984,15ed51dc36ec415ca4c4ef1339e00e3d,https://youtu.be/w_xVNOYhoZU?si=SzASegvvp0jdvg72,w_xVNOYhoZU,Hare Shiva Ram - Bhagirath Chalaune & Bishnu Majhi | Ranjita Gurung | Nepali Song,done,2026-05-29 10:27:05.978095,2026-05-29 10:30:38.238096
6466228d2f9f4de2bb1d291d1125b0b5,437.08,440.8,3.72,175,0,1,2026-05-29 10:30:38.225984,15ed51dc36ec415ca4c4ef1339e00e3d,https://youtu.be/w_xVNOYhoZU?si=SzASegvvp0jdvg72,w_xVNOYhoZU,Hare Shiva Ram - Bhagirath Chalaune & Bishnu Majhi | Ranjita Gurung | Nepali Song,done,2026-05-29 10:27:05.978095,2026-05-29 10:30:38.238096
a8ec7d4907d54504be09e7f0fda60aad,443.72,449.32,5.6,177,0,1,2026-05-29 10:30:38.225984,15ed51dc36ec415ca4c4ef1339e00e3d,https://youtu.be/w_xVNOYhoZU?si=SzASegvvp0jdvg72,w_xVNOYhoZU,Hare Shiva Ram - Bhagirath Chalaune & Bishnu Majhi | Ranjita Gurung | Nepali Song,done,2026-05-29 10:27:05.978095,2026-05-29 10:30:38.238096
b682b399c21c4fed80699b3a1fe8d73a,0.0,3.933,3.933,0,0,1,2026-05-29 10:28:40.145310,9a7d6e8fd4ca40298c2f0dc904aee8bc,https://youtu.be/qrhROQGrNQE?si=1Ly6r1p-9kJYCUhx,qrhROQGrNQE,Hijo Rati Sapanima | Kunti Moktan | Sumina Ghimire | Superhit Nepali Song | Music Nepal Official,done,2026-05-29 10:26:49.486809,2026-05-29 10:28:40.162784
3d8ca1da669e49d38a6c081c3850145d,6.533,16.533,10.0,2,0,1,2026-05-29 10:28:40.145310,9a7d6e8fd4ca40298c2f0dc904aee8bc,https://youtu.be/qrhROQGrNQE?si=1Ly6r1p-9kJYCUhx,qrhROQGrNQE,Hijo Rati Sapanima | Kunti Moktan | Sumina Ghimire | Superhit Nepali Song | Music Nepal Official,done,2026-05-29 10:26:49.486809,2026-05-29 10:28:40.162784
8cfc0a803fa445fe90f1f0bf0e4e321a,20.067,24.2,4.133,3,0,1,2026-05-29 10:28:40.145310,9a7d6e8fd4ca40298c2f0dc904aee8bc,https://youtu.be/qrhROQGrNQE?si=1Ly6r1p-9kJYCUhx,qrhROQGrNQE,Hijo Rati Sapanima | Kunti Moktan | Sumina Ghimire | Superhit Nepali Song | Music Nepal Official,done,2026-05-29 10:26:49.486809,2026-05-29 10:28:40.162784
2d4c5abc0b284df58443b3ae8fce8fc8,27.067,30.733,3.667,5,0,1,2026-05-29 10:28:40.145310,9a7d6e8fd4ca40298c2f0dc904aee8bc,https://youtu.be/qrhROQGrNQE?si=1Ly6r1p-9kJYCUhx,qrhROQGrNQE,Hijo Rati Sapanima | Kunti Moktan | Sumina Ghimire | Superhit Nepali Song | Music Nepal Official,done,2026-05-29 10:26:49.486809,2026-05-29 10:28:40.162784
42c98016a23948e0a4601331c45ecb78,30.733,35.267,4.533,6,0,1,2026-05-29 10:28:40.145310,9a7d6e8fd4ca40298c2f0dc904aee8bc,https://youtu.be/qrhROQGrNQE?si=1Ly6r1p-9kJYCUhx,qrhROQGrNQE,Hijo Rati Sapanima | Kunti Moktan | Sumina Ghimire | Superhit Nepali Song | Music Nepal Official,done,2026-05-29 10:26:49.486809,2026-05-29 10:28:40.162784
4163a94b6a5641b18eeb6915f6d57565,37.733,42.333,4.6,8,0,1,2026-05-29 10:28:40.145310,9a7d6e8fd4ca40298c2f0dc904aee8bc,https://youtu.be/qrhROQGrNQE?si=1Ly6r1p-9kJYCUhx,qrhROQGrNQE,Hijo Rati Sapanima | Kunti Moktan | Sumina Ghimire | Superhit Nepali Song | Music Nepal Official,done,2026-05-29 10:26:49.486809,2026-05-29 10:28:40.162784
dd5e36cfbcfc47e2be0cec52e4356036,42.333,47.133,4.8,9,0,1,2026-05-29 10:28:40.145310,9a7d6e8fd4ca40298c2f0dc904aee8bc,https://youtu.be/qrhROQGrNQE?si=1Ly6r1p-9kJYCUhx,qrhROQGrNQE,Hijo Rati Sapanima | Kunti Moktan | Sumina Ghimire | Superhit Nepali Song | Music Nepal Official,done,2026-05-29 10:26:49.486809,2026-05-29 10:28:40.162784
e168095175d74d1d9ee21b23b0a1c962,52.933,56.333,3.4,13,0,1,2026-05-29 10:28:40.145310,9a7d6e8fd4ca40298c2f0dc904aee8bc,https://youtu.be/qrhROQGrNQE?si=1Ly6r1p-9kJYCUhx,qrhROQGrNQE,Hijo Rati Sapanima | Kunti Moktan | Sumina Ghimire | Superhit Nepali Song | Music Nepal Official,done,2026-05-29 10:26:49.486809,2026-05-29 10:28:40.162784
5085de0fbd5c475e8bc0b0b38c42a8fb,71.6,75.067,3.467,23,0,1,2026-05-29 10:28:40.145310,9a7d6e8fd4ca40298c2f0dc904aee8bc,https://youtu.be/qrhROQGrNQE?si=1Ly6r1p-9kJYCUhx,qrhROQGrNQE,Hijo Rati Sapanima | Kunti Moktan | Sumina Ghimire | Superhit Nepali Song | Music Nepal Official,done,2026-05-29 10:26:49.486809,2026-05-29 10:28:40.162784
28084bb4444d47fe9d0f2db7603521c2,75.067,78.4,3.333,24,0,1,2026-05-29 10:28:40.145310,9a7d6e8fd4ca40298c2f0dc904aee8bc,https://youtu.be/qrhROQGrNQE?si=1Ly6r1p-9kJYCUhx,qrhROQGrNQE,Hijo Rati Sapanima | Kunti Moktan | Sumina Ghimire | Superhit Nepali Song | Music Nepal Official,done,2026-05-29 10:26:49.486809,2026-05-29 10:28:40.162784
e92d81ab712b4bfb90ddf84d463ab80d,84.867,88.333,3.467,29,0,1,2026-05-29 10:28:40.145310,9a7d6e8fd4ca40298c2f0dc904aee8bc,https://youtu.be/qrhROQGrNQE?si=1Ly6r1p-9kJYCUhx,qrhROQGrNQE,Hijo Rati Sapanima | Kunti Moktan | Sumina Ghimire | Superhit Nepali Song | Music Nepal Official,done,2026-05-29 10:26:49.486809,2026-05-29 10:28:40.162784
6ec8af2513964eb4a4acce77f2165490,88.333,91.733,3.4,30,0,1,2026-05-29 10:28:40.145857,9a7d6e8fd4ca40298c2f0dc904aee8bc,https://youtu.be/qrhROQGrNQE?si=1Ly6r1p-9kJYCUhx,qrhROQGrNQE,Hijo Rati Sapanima | Kunti Moktan | Sumina Ghimire | Superhit Nepali Song | Music Nepal Official,done,2026-05-29 10:26:49.486809,2026-05-29 10:28:40.162784
167cb6af10604e5588bf2b4f6a2fc323,91.733,95.0,3.267,31,0,1,2026-05-29 10:28:40.145857,9a7d6e8fd4ca40298c2f0dc904aee8bc,https://youtu.be/qrhROQGrNQE?si=1Ly6r1p-9kJYCUhx,qrhROQGrNQE,Hijo Rati Sapanima | Kunti Moktan | Sumina Ghimire | Superhit Nepali Song | Music Nepal Official,done,2026-05-29 10:26:49.486809,2026-05-29 10:28:40.162784
363e958027434eb9b771a7b8ce02646c,95.0,98.533,3.533,32,0,1,2026-05-29 10:28:40.145857,9a7d6e8fd4ca40298c2f0dc904aee8bc,https://youtu.be/qrhROQGrNQE?si=1Ly6r1p-9kJYCUhx,qrhROQGrNQE,Hijo Rati Sapanima | Kunti Moktan | Sumina Ghimire | Superhit Nepali Song | Music Nepal Official,done,2026-05-29 10:26:49.486809,2026-05-29 10:28:40.162784
a9989568be8b48428e60aaf3ceea97db,107.0,110.667,3.667,38,0,1,2026-05-29 10:28:40.145857,9a7d6e8fd4ca40298c2f0dc904aee8bc,https://youtu.be/qrhROQGrNQE?si=1Ly6r1p-9kJYCUhx,qrhROQGrNQE,Hijo Rati Sapanima | Kunti Moktan | Sumina Ghimire | Superhit Nepali Song | Music Nepal Official,done,2026-05-29 10:26:49.486809,2026-05-29 10:28:40.162784
ffa7fcfbb5ba4492ab15c8bf2d1aac1d,112.067,117.133,5.067,40,0,1,2026-05-29 10:28:40.145857,9a7d6e8fd4ca40298c2f0dc904aee8bc,https://youtu.be/qrhROQGrNQE?si=1Ly6r1p-9kJYCUhx,qrhROQGrNQE,Hijo Rati Sapanima | Kunti Moktan | Sumina Ghimire | Superhit Nepali Song | Music Nepal Official,done,2026-05-29 10:26:49.486809,2026-05-29 10:28:40.162784
3a1999c4afcf4f16a40a3464452230fc,117.133,123.733,6.6,41,0,1,2026-05-29 10:28:40.145970,9a7d6e8fd4ca40298c2f0dc904aee8bc,https://youtu.be/qrhROQGrNQE?si=1Ly6r1p-9kJYCUhx,qrhROQGrNQE,Hijo Rati Sapanima | Kunti Moktan | Sumina Ghimire | Superhit Nepali Song | Music Nepal Official,done,2026-05-29 10:26:49.486809,2026-05-29 10:28:40.162784
a6203105b0df4492a3325b8817e13835,133.333,136.467,3.133,47,0,1,2026-05-29 10:28:40.145970,9a7d6e8fd4ca40298c2f0dc904aee8bc,https://youtu.be/qrhROQGrNQE?si=1Ly6r1p-9kJYCUhx,qrhROQGrNQE,Hijo Rati Sapanima | Kunti Moktan | Sumina Ghimire | Superhit Nepali Song | Music Nepal Official,done,2026-05-29 10:26:49.486809,2026-05-29 10:28:40.162784
dfc56ca7115a4ed285bf430343137cee,145.8,152.733,6.933,53,0,1,2026-05-29 10:28:40.145970,9a7d6e8fd4ca40298c2f0dc904aee8bc,https://youtu.be/qrhROQGrNQE?si=1Ly6r1p-9kJYCUhx,qrhROQGrNQE,Hijo Rati Sapanima | Kunti Moktan | Sumina Ghimire | Superhit Nepali Song | Music Nepal Official,done,2026-05-29 10:26:49.486809,2026-05-29 10:28:40.162784
4d848b33303b4781bd12aa6c9e937bc0,156.067,159.533,3.467,56,0,1,2026-05-29 10:28:40.145970,9a7d6e8fd4ca40298c2f0dc904aee8bc,https://youtu.be/qrhROQGrNQE?si=1Ly6r1p-9kJYCUhx,qrhROQGrNQE,Hijo Rati Sapanima | Kunti Moktan | Sumina Ghimire | Superhit Nepali Song | Music Nepal Official,done,2026-05-29 10:26:49.486809,2026-05-29 10:28:40.162784
3e9e6d4c67f5438db135e8adf4c01aea,162.8,172.8,10.0,59,0,1,2026-05-29 10:28:40.145970,9a7d6e8fd4ca40298c2f0dc904aee8bc,https://youtu.be/qrhROQGrNQE?si=1Ly6r1p-9kJYCUhx,qrhROQGrNQE,Hijo Rati Sapanima | Kunti Moktan | Sumina Ghimire | Superhit Nepali Song | Music Nepal Official,done,2026-05-29 10:26:49.486809,2026-05-29 10:28:40.162784
a3d07934501d46f38b3805be247fb07e,185.867,189.0,3.133,62,0,1,2026-05-29 10:28:40.145970,9a7d6e8fd4ca40298c2f0dc904aee8bc,https://youtu.be/qrhROQGrNQE?si=1Ly6r1p-9kJYCUhx,qrhROQGrNQE,Hijo Rati Sapanima | Kunti Moktan | Sumina Ghimire | Superhit Nepali Song | Music Nepal Official,done,2026-05-29 10:26:49.486809,2026-05-29 10:28:40.162784
a34ad810c5a342ad99e7a8f5a6e776e0,197.6,201.333,3.733,67,0,1,2026-05-29 10:28:40.145970,9a7d6e8fd4ca40298c2f0dc904aee8bc,https://youtu.be/qrhROQGrNQE?si=1Ly6r1p-9kJYCUhx,qrhROQGrNQE,Hijo Rati Sapanima | Kunti Moktan | Sumina Ghimire | Superhit Nepali Song | Music Nepal Official,done,2026-05-29 10:26:49.486809,2026-05-29 10:28:40.162784
9817b4d33e654d2391cf6886557caa43,205.133,208.533,3.4,70,0,1,2026-05-29 10:28:40.145970,9a7d6e8fd4ca40298c2f0dc904aee8bc,https://youtu.be/qrhROQGrNQE?si=1Ly6r1p-9kJYCUhx,qrhROQGrNQE,Hijo Rati Sapanima | Kunti Moktan | Sumina Ghimire | Superhit Nepali Song | Music Nepal Official,done,2026-05-29 10:26:49.486809,2026-05-29 10:28:40.162784
eaa0902403644ccfa2d20303a8ecdfa4,215.067,220.133,5.067,74,0,1,2026-05-29 10:28:40.145970,9a7d6e8fd4ca40298c2f0dc904aee8bc,https://youtu.be/qrhROQGrNQE?si=1Ly6r1p-9kJYCUhx,qrhROQGrNQE,Hijo Rati Sapanima | Kunti Moktan | Sumina Ghimire | Superhit Nepali Song | Music Nepal Official,done,2026-05-29 10:26:49.486809,2026-05-29 10:28:40.162784
8a1173e0de294db58e1456c26814aefa,232.133,237.2,5.067,82,0,1,2026-05-29 10:28:40.145970,9a7d6e8fd4ca40298c2f0dc904aee8bc,https://youtu.be/qrhROQGrNQE?si=1Ly6r1p-9kJYCUhx,qrhROQGrNQE,Hijo Rati Sapanima | Kunti Moktan | Sumina Ghimire | Superhit Nepali Song | Music Nepal Official,done,2026-05-29 10:26:49.486809,2026-05-29 10:28:40.162784
f07225569705484c8ca6a4e0be290527,237.2,240.467,3.267,83,0,1,2026-05-29 10:28:40.145970,9a7d6e8fd4ca40298c2f0dc904aee8bc,https://youtu.be/qrhROQGrNQE?si=1Ly6r1p-9kJYCUhx,qrhROQGrNQE,Hijo Rati Sapanima | Kunti Moktan | Sumina Ghimire | Superhit Nepali Song | Music Nepal Official,done,2026-05-29 10:26:49.486809,2026-05-29 10:28:40.162784
22a79643012f4fdc8c0c9f1258a8302f,243.933,247.333,3.4,86,0,1,2026-05-29 10:28:40.145970,9a7d6e8fd4ca40298c2f0dc904aee8bc,https://youtu.be/qrhROQGrNQE?si=1Ly6r1p-9kJYCUhx,qrhROQGrNQE,Hijo Rati Sapanima | Kunti Moktan | Sumina Ghimire | Superhit Nepali Song | Music Nepal Official,done,2026-05-29 10:26:49.486809,2026-05-29 10:28:40.162784
376014d44994481ca0e51fdcd020f068,247.333,254.133,6.8,87,0,1,2026-05-29 10:28:40.145970,9a7d6e8fd4ca40298c2f0dc904aee8bc,https://youtu.be/qrhROQGrNQE?si=1Ly6r1p-9kJYCUhx,qrhROQGrNQE,Hijo Rati Sapanima | Kunti Moktan | Sumina Ghimire | Superhit Nepali Song | Music Nepal Official,done,2026-05-29 10:26:49.486809,2026-05-29 10:28:40.162784
bda0cfc7217a4a8f9b306badb77a8b87,254.133,260.0,5.867,88,0,1,2026-05-29 10:28:40.145970,9a7d6e8fd4ca40298c2f0dc904aee8bc,https://youtu.be/qrhROQGrNQE?si=1Ly6r1p-9kJYCUhx,qrhROQGrNQE,Hijo Rati Sapanima | Kunti Moktan | Sumina Ghimire | Superhit Nepali Song | Music Nepal Official,done,2026-05-29 10:26:49.486809,2026-05-29 10:28:40.162784
181f07b267a541529de5057508e936bb,262.533,265.867,3.333,90,0,1,2026-05-29 10:28:40.145970,9a7d6e8fd4ca40298c2f0dc904aee8bc,https://youtu.be/qrhROQGrNQE?si=1Ly6r1p-9kJYCUhx,qrhROQGrNQE,Hijo Rati Sapanima | Kunti Moktan | Sumina Ghimire | Superhit Nepali Song | Music Nepal Official,done,2026-05-29 10:26:49.486809,2026-05-29 10:28:40.162784
d0ee3315bd664ae399db930dcaffc020,267.667,271.0,3.333,92,0,1,2026-05-29 10:28:40.145970,9a7d6e8fd4ca40298c2f0dc904aee8bc,https://youtu.be/qrhROQGrNQE?si=1Ly6r1p-9kJYCUhx,qrhROQGrNQE,Hijo Rati Sapanima | Kunti Moktan | Sumina Ghimire | Superhit Nepali Song | Music Nepal Official,done,2026-05-29 10:26:49.486809,2026-05-29 10:28:40.162784
158ee6d341354b658d79802667a5ad04,271.0,274.133,3.133,93,0,1,2026-05-29 10:28:40.145970,9a7d6e8fd4ca40298c2f0dc904aee8bc,https://youtu.be/qrhROQGrNQE?si=1Ly6r1p-9kJYCUhx,qrhROQGrNQE,Hijo Rati Sapanima | Kunti Moktan | Sumina Ghimire | Superhit Nepali Song | Music Nepal Official,done,2026-05-29 10:26:49.486809,2026-05-29 10:28:40.162784
0afbf447216f495b8075bac0ebfb73c7,277.333,281.067,3.733,96,0,1,2026-05-29 10:28:40.145970,9a7d6e8fd4ca40298c2f0dc904aee8bc,https://youtu.be/qrhROQGrNQE?si=1Ly6r1p-9kJYCUhx,qrhROQGrNQE,Hijo Rati Sapanima | Kunti Moktan | Sumina Ghimire | Superhit Nepali Song | Music Nepal Official,done,2026-05-29 10:26:49.486809,2026-05-29 10:28:40.162784
fc47fb8bac0a4a879a45ee50d21026cc,294.733,298.067,3.333,105,0,1,2026-05-29 10:28:40.145970,9a7d6e8fd4ca40298c2f0dc904aee8bc,https://youtu.be/qrhROQGrNQE?si=1Ly6r1p-9kJYCUhx,qrhROQGrNQE,Hijo Rati Sapanima | Kunti Moktan | Sumina Ghimire | Superhit Nepali Song | Music Nepal Official,done,2026-05-29 10:26:49.486809,2026-05-29 10:28:40.162784
12b174b994cb448ea82c574c4f1cabc0,298.067,301.4,3.333,106,0,1,2026-05-29 10:28:40.145970,9a7d6e8fd4ca40298c2f0dc904aee8bc,https://youtu.be/qrhROQGrNQE?si=1Ly6r1p-9kJYCUhx,qrhROQGrNQE,Hijo Rati Sapanima | Kunti Moktan | Sumina Ghimire | Superhit Nepali Song | Music Nepal Official,done,2026-05-29 10:26:49.486809,2026-05-29 10:28:40.162784
517fe9f36de44f3aae5a67cb65798853,301.4,304.733,3.333,107,0,1,2026-05-29 10:28:40.145970,9a7d6e8fd4ca40298c2f0dc904aee8bc,https://youtu.be/qrhROQGrNQE?si=1Ly6r1p-9kJYCUhx,qrhROQGrNQE,Hijo Rati Sapanima | Kunti Moktan | Sumina Ghimire | Superhit Nepali Song | Music Nepal Official,done,2026-05-29 10:26:49.486809,2026-05-29 10:28:40.162784
7fed5a0d53874b2184d0423689220a80,305.8,309.8,4.0,109,0,1,2026-05-29 10:28:40.145970,9a7d6e8fd4ca40298c2f0dc904aee8bc,https://youtu.be/qrhROQGrNQE?si=1Ly6r1p-9kJYCUhx,qrhROQGrNQE,Hijo Rati Sapanima | Kunti Moktan | Sumina Ghimire | Superhit Nepali Song | Music Nepal Official,done,2026-05-29 10:26:49.486809,2026-05-29 10:28:40.162784
fdd8ece664f94a54b62e61706e1d7bef,314.133,318.333,4.2,112,0,1,2026-05-29 10:28:40.145970,9a7d6e8fd4ca40298c2f0dc904aee8bc,https://youtu.be/qrhROQGrNQE?si=1Ly6r1p-9kJYCUhx,qrhROQGrNQE,Hijo Rati Sapanima | Kunti Moktan | Sumina Ghimire | Superhit Nepali Song | Music Nepal Official,done,2026-05-29 10:26:49.486809,2026-05-29 10:28:40.162784
308410feb7f04687a3e324a70459c208,11.2,14.4,3.2,6,0,1,2026-05-29 10:41:44.622326,3384010f97404684b1a8924fc6b082d3,https://youtu.be/aj1blWvBwng?si=XdAa6W2NW45FzWGv,aj1blWvBwng,Jane Mayalu - Babu Bogati | Nepali Song,done,2026-05-29 10:41:25.860777,2026-05-29 10:41:44.629393
9c38879afb394400b1e5ae8c78d7412e,14.4,24.4,10.0,7,0,1,2026-05-29 10:41:44.622326,3384010f97404684b1a8924fc6b082d3,https://youtu.be/aj1blWvBwng?si=XdAa6W2NW45FzWGv,aj1blWvBwng,Jane Mayalu - Babu Bogati | Nepali Song,done,2026-05-29 10:41:25.860777,2026-05-29 10:41:44.629393
e03d3240a936456ab0e7304077e070d8,28.4,32.333,3.933,10,0,1,2026-05-29 10:41:44.622326,3384010f97404684b1a8924fc6b082d3,https://youtu.be/aj1blWvBwng?si=XdAa6W2NW45FzWGv,aj1blWvBwng,Jane Mayalu - Babu Bogati | Nepali Song,done,2026-05-29 10:41:25.860777,2026-05-29 10:41:44.629393
b4f7bb2e95c3419aaae34997b1db588b,35.133,39.067,3.933,13,0,1,2026-05-29 10:41:44.622326,3384010f97404684b1a8924fc6b082d3,https://youtu.be/aj1blWvBwng?si=XdAa6W2NW45FzWGv,aj1blWvBwng,Jane Mayalu - Babu Bogati | Nepali Song,done,2026-05-29 10:41:25.860777,2026-05-29 10:41:44.629393
c2c8d127c8774e2a8553049f4aef176f,44.0,47.733,3.733,16,0,1,2026-05-29 10:41:44.622326,3384010f97404684b1a8924fc6b082d3,https://youtu.be/aj1blWvBwng?si=XdAa6W2NW45FzWGv,aj1blWvBwng,Jane Mayalu - Babu Bogati | Nepali Song,done,2026-05-29 10:41:25.860777,2026-05-29 10:41:44.629393
55a662e3b44c42e7bb1b69d1d217a7b4,60.8,63.933,3.133,25,0,1,2026-05-29 10:41:44.622326,3384010f97404684b1a8924fc6b082d3,https://youtu.be/aj1blWvBwng?si=XdAa6W2NW45FzWGv,aj1blWvBwng,Jane Mayalu - Babu Bogati | Nepali Song,done,2026-05-29 10:41:25.860777,2026-05-29 10:41:44.629393
d59a313061df43f6afb96885703b14f7,74.267,77.6,3.333,31,0,1,2026-05-29 10:41:44.622326,3384010f97404684b1a8924fc6b082d3,https://youtu.be/aj1blWvBwng?si=XdAa6W2NW45FzWGv,aj1blWvBwng,Jane Mayalu - Babu Bogati | Nepali Song,done,2026-05-29 10:41:25.860777,2026-05-29 10:41:44.629393
5fb866ef2d8f4ce98ca42de154b7b311,77.6,83.2,5.6,32,0,1,2026-05-29 10:41:44.622326,3384010f97404684b1a8924fc6b082d3,https://youtu.be/aj1blWvBwng?si=XdAa6W2NW45FzWGv,aj1blWvBwng,Jane Mayalu - Babu Bogati | Nepali Song,done,2026-05-29 10:41:25.860777,2026-05-29 10:41:44.629393
5d5c307f13da4408aa0390343c70ea94,102.533,106.667,4.133,42,0,1,2026-05-29 10:41:44.622326,3384010f97404684b1a8924fc6b082d3,https://youtu.be/aj1blWvBwng?si=XdAa6W2NW45FzWGv,aj1blWvBwng,Jane Mayalu - Babu Bogati | Nepali Song,done,2026-05-29 10:41:25.860777,2026-05-29 10:41:44.629393
d6e6906258bf48cdb6d04fbdf9dcf346,111.467,115.333,3.867,45,0,1,2026-05-29 10:41:44.622326,3384010f97404684b1a8924fc6b082d3,https://youtu.be/aj1blWvBwng?si=XdAa6W2NW45FzWGv,aj1blWvBwng,Jane Mayalu - Babu Bogati | Nepali Song,done,2026-05-29 10:41:25.860777,2026-05-29 10:41:44.629393
77e405ac69314a009846b398ccff95f0,117.933,125.667,7.733,48,0,1,2026-05-29 10:41:44.622326,3384010f97404684b1a8924fc6b082d3,https://youtu.be/aj1blWvBwng?si=XdAa6W2NW45FzWGv,aj1blWvBwng,Jane Mayalu - Babu Bogati | Nepali Song,done,2026-05-29 10:41:25.860777,2026-05-29 10:41:44.629393
ddae0f44c2314b158ff2d88a720646f7,129.933,133.133,3.2,51,0,1,2026-05-29 10:41:44.622326,3384010f97404684b1a8924fc6b082d3,https://youtu.be/aj1blWvBwng?si=XdAa6W2NW45FzWGv,aj1blWvBwng,Jane Mayalu - Babu Bogati | Nepali Song,done,2026-05-29 10:41:25.860777,2026-05-29 10:41:44.629393
502856bf55234d49aae24ce68b3799fa,141.533,144.533,3.0,57,0,1,2026-05-29 10:41:44.622326,3384010f97404684b1a8924fc6b082d3,https://youtu.be/aj1blWvBwng?si=XdAa6W2NW45FzWGv,aj1blWvBwng,Jane Mayalu - Babu Bogati | Nepali Song,done,2026-05-29 10:41:25.860777,2026-05-29 10:41:44.629393
c788dc57749542bc81bc4298f5a46080,144.533,149.667,5.133,58,0,1,2026-05-29 10:41:44.622326,3384010f97404684b1a8924fc6b082d3,https://youtu.be/aj1blWvBwng?si=XdAa6W2NW45FzWGv,aj1blWvBwng,Jane Mayalu - Babu Bogati | Nepali Song,done,2026-05-29 10:41:25.860777,2026-05-29 10:41:44.629393
d2e84c89b73d4a048b5f65c9428bd957,149.667,159.667,10.0,59,0,1,2026-05-29 10:41:44.622326,3384010f97404684b1a8924fc6b082d3,https://youtu.be/aj1blWvBwng?si=XdAa6W2NW45FzWGv,aj1blWvBwng,Jane Mayalu - Babu Bogati | Nepali Song,done,2026-05-29 10:41:25.860777,2026-05-29 10:41:44.629393
41a51cd55b114ac9884588e1f0abb6ce,159.733,162.733,3.0,60,0,1,2026-05-29 10:41:44.622326,3384010f97404684b1a8924fc6b082d3,https://youtu.be/aj1blWvBwng?si=XdAa6W2NW45FzWGv,aj1blWvBwng,Jane Mayalu - Babu Bogati | Nepali Song,done,2026-05-29 10:41:25.860777,2026-05-29 10:41:44.629393
0e038bd3ed2e4e0fa4239be5e492b47d,162.733,167.0,4.267,61,0,1,2026-05-29 10:41:44.622326,3384010f97404684b1a8924fc6b082d3,https://youtu.be/aj1blWvBwng?si=XdAa6W2NW45FzWGv,aj1blWvBwng,Jane Mayalu - Babu Bogati | Nepali Song,done,2026-05-29 10:41:25.860777,2026-05-29 10:41:44.629393
8d3b99b45ba54f158c5ffdb4d07479d0,167.0,170.0,3.0,62,0,1,2026-05-29 10:41:44.622326,3384010f97404684b1a8924fc6b082d3,https://youtu.be/aj1blWvBwng?si=XdAa6W2NW45FzWGv,aj1blWvBwng,Jane Mayalu - Babu Bogati | Nepali Song,done,2026-05-29 10:41:25.860777,2026-05-29 10:41:44.629393
26d147ca4edd44639ddbbdef978524f5,174.333,179.667,5.333,65,0,1,2026-05-29 10:41:44.622326,3384010f97404684b1a8924fc6b082d3,https://youtu.be/aj1blWvBwng?si=XdAa6W2NW45FzWGv,aj1blWvBwng,Jane Mayalu - Babu Bogati | Nepali Song,done,2026-05-29 10:41:25.860777,2026-05-29 10:41:44.629393
8ea21a15511f4ee9b3ca85e0423515b5,180.933,187.0,6.067,67,0,1,2026-05-29 10:41:44.622326,3384010f97404684b1a8924fc6b082d3,https://youtu.be/aj1blWvBwng?si=XdAa6W2NW45FzWGv,aj1blWvBwng,Jane Mayalu - Babu Bogati | Nepali Song,done,2026-05-29 10:41:25.860777,2026-05-29 10:41:44.629393
c1e96cdd56f144b98b7e1f9c01bda43b,202.4,205.6,3.2,76,0,1,2026-05-29 10:41:44.622326,3384010f97404684b1a8924fc6b082d3,https://youtu.be/aj1blWvBwng?si=XdAa6W2NW45FzWGv,aj1blWvBwng,Jane Mayalu - Babu Bogati | Nepali Song,done,2026-05-29 10:41:25.860777,2026-05-29 10:41:44.629393
981f68249dca4ebebcfc872e5fbb1726,209.533,215.2,5.667,79,0,1,2026-05-29 10:41:44.622326,3384010f97404684b1a8924fc6b082d3,https://youtu.be/aj1blWvBwng?si=XdAa6W2NW45FzWGv,aj1blWvBwng,Jane Mayalu - Babu Bogati | Nepali Song,done,2026-05-29 10:41:25.860777,2026-05-29 10:41:44.629393
881e70656bd645fc8566e9c882aa6ea0,220.4,225.0,4.6,83,0,1,2026-05-29 10:41:44.622326,3384010f97404684b1a8924fc6b082d3,https://youtu.be/aj1blWvBwng?si=XdAa6W2NW45FzWGv,aj1blWvBwng,Jane Mayalu - Babu Bogati | Nepali Song,done,2026-05-29 10:41:25.860777,2026-05-29 10:41:44.629393
9ff09c2fbbba4ab8b8a5e8d88e08086f,226.267,232.2,5.933,85,0,1,2026-05-29 10:41:44.622326,3384010f97404684b1a8924fc6b082d3,https://youtu.be/aj1blWvBwng?si=XdAa6W2NW45FzWGv,aj1blWvBwng,Jane Mayalu - Babu Bogati | Nepali Song,done,2026-05-29 10:41:25.860777,2026-05-29 10:41:44.629393
14d00ab9b07341a18dc6258ebfc0e1f4,0.0,10.0,10.0,0,0,1,2026-06-02 10:18:55.025759,dd9627a616d140eb974a8112af523c7c,https://youtu.be/LwUPV9QJR_c?si=BLCqlVQT-CB6xqhN,LwUPV9QJR_c,Jimbal Baa Ko Aaganima - Kulendra B.K & Devi Gharti | Nepali Song,done,2026-06-02 10:16:52.980855,2026-06-02 10:18:55.035225
b5ba9c34b7bf4aef910e30216862f71d,22.133,32.133,10.0,9,0,1,2026-06-02 10:18:55.025759,dd9627a616d140eb974a8112af523c7c,https://youtu.be/LwUPV9QJR_c?si=BLCqlVQT-CB6xqhN,LwUPV9QJR_c,Jimbal Baa Ko Aaganima - Kulendra B.K & Devi Gharti | Nepali Song,done,2026-06-02 10:16:52.980855,2026-06-02 10:18:55.035225
6d2159b3360045d1994c2b5de964371a,33.933,37.0,3.067,11,0,1,2026-06-02 10:18:55.025759,dd9627a616d140eb974a8112af523c7c,https://youtu.be/LwUPV9QJR_c?si=BLCqlVQT-CB6xqhN,LwUPV9QJR_c,Jimbal Baa Ko Aaganima - Kulendra B.K & Devi Gharti | Nepali Song,done,2026-06-02 10:16:52.980855,2026-06-02 10:18:55.035225
fabfbf01bcbb42958363f0a612afa69d,37.0,46.8,9.8,12,0,1,2026-06-02 10:18:55.025759,dd9627a616d140eb974a8112af523c7c,https://youtu.be/LwUPV9QJR_c?si=BLCqlVQT-CB6xqhN,LwUPV9QJR_c,Jimbal Baa Ko Aaganima - Kulendra B.K & Devi Gharti | Nepali Song,done,2026-06-02 10:16:52.980855,2026-06-02 10:18:55.035225
73388e404b4247ffa8508540f79780ca,54.0,59.2,5.2,17,0,1,2026-06-02 10:18:55.025759,dd9627a616d140eb974a8112af523c7c,https://youtu.be/LwUPV9QJR_c?si=BLCqlVQT-CB6xqhN,LwUPV9QJR_c,Jimbal Baa Ko Aaganima - Kulendra B.K & Devi Gharti | Nepali Song,done,2026-06-02 10:16:52.980855,2026-06-02 10:18:55.035225
af963e92505949b4a6d94120cd5383cf,64.0,68.933,4.933,21,0,1,2026-06-02 10:18:55.025759,dd9627a616d140eb974a8112af523c7c,https://youtu.be/LwUPV9QJR_c?si=BLCqlVQT-CB6xqhN,LwUPV9QJR_c,Jimbal Baa Ko Aaganima - Kulendra B.K & Devi Gharti | Nepali Song,done,2026-06-02 10:16:52.980855,2026-06-02 10:18:55.035225
0deb6d99f26443068155ae0631be63c8,80.6,83.8,3.2,30,0,1,2026-06-02 10:18:55.025759,dd9627a616d140eb974a8112af523c7c,https://youtu.be/LwUPV9QJR_c?si=BLCqlVQT-CB6xqhN,LwUPV9QJR_c,Jimbal Baa Ko Aaganima - Kulendra B.K & Devi Gharti | Nepali Song,done,2026-06-02 10:16:52.980855,2026-06-02 10:18:55.035225
4ea63a0c3ef546e0918539dbd265f2ff,92.4,96.733,4.333,36,0,1,2026-06-02 10:18:55.025759,dd9627a616d140eb974a8112af523c7c,https://youtu.be/LwUPV9QJR_c?si=BLCqlVQT-CB6xqhN,LwUPV9QJR_c,Jimbal Baa Ko Aaganima - Kulendra B.K & Devi Gharti | Nepali Song,done,2026-06-02 10:16:52.980855,2026-06-02 10:18:55.035225
29c2b686c3f04d2abc94fdaebfdba899,122.0,125.4,3.4,54,0,1,2026-06-02 10:18:55.025759,dd9627a616d140eb974a8112af523c7c,https://youtu.be/LwUPV9QJR_c?si=BLCqlVQT-CB6xqhN,LwUPV9QJR_c,Jimbal Baa Ko Aaganima - Kulendra B.K & Devi Gharti | Nepali Song,done,2026-06-02 10:16:52.980855,2026-06-02 10:18:55.035225
a17ad6de3fc14210849ddff9e57a9481,139.267,143.0,3.733,63,0,1,2026-06-02 10:18:55.026103,dd9627a616d140eb974a8112af523c7c,https://youtu.be/LwUPV9QJR_c?si=BLCqlVQT-CB6xqhN,LwUPV9QJR_c,Jimbal Baa Ko Aaganima - Kulendra B.K & Devi Gharti | Nepali Song,done,2026-06-02 10:16:52.980855,2026-06-02 10:18:55.035225
3a380d2d1a4145968a07ba2dbbafe374,147.0,150.067,3.067,66,0,1,2026-06-02 10:18:55.026103,dd9627a616d140eb974a8112af523c7c,https://youtu.be/LwUPV9QJR_c?si=BLCqlVQT-CB6xqhN,LwUPV9QJR_c,Jimbal Baa Ko Aaganima - Kulendra B.K & Devi Gharti | Nepali Song,done,2026-06-02 10:16:52.980855,2026-06-02 10:18:55.035225
0fef10580ea1445589757339f5d3475b,154.4,159.0,4.6,70,0,1,2026-06-02 10:18:55.026158,dd9627a616d140eb974a8112af523c7c,https://youtu.be/LwUPV9QJR_c?si=BLCqlVQT-CB6xqhN,LwUPV9QJR_c,Jimbal Baa Ko Aaganima - Kulendra B.K & Devi Gharti | Nepali Song,done,2026-06-02 10:16:52.980855,2026-06-02 10:18:55.035225
59c142c82e85493d8acb6ad382415dbd,172.533,181.133,8.6,79,0,1,2026-06-02 10:18:55.026158,dd9627a616d140eb974a8112af523c7c,https://youtu.be/LwUPV9QJR_c?si=BLCqlVQT-CB6xqhN,LwUPV9QJR_c,Jimbal Baa Ko Aaganima - Kulendra B.K & Devi Gharti | Nepali Song,done,2026-06-02 10:16:52.980855,2026-06-02 10:18:55.035225
02f6f4964620431f854c8770d8257b2b,182.333,187.333,5.0,81,0,1,2026-06-02 10:18:55.026158,dd9627a616d140eb974a8112af523c7c,https://youtu.be/LwUPV9QJR_c?si=BLCqlVQT-CB6xqhN,LwUPV9QJR_c,Jimbal Baa Ko Aaganima - Kulendra B.K & Devi Gharti | Nepali Song,done,2026-06-02 10:16:52.980855,2026-06-02 10:18:55.035225
0a22912842f74cdb8ba17ef49d62e54f,208.733,211.933,3.2,92,0,1,2026-06-02 10:18:55.026158,dd9627a616d140eb974a8112af523c7c,https://youtu.be/LwUPV9QJR_c?si=BLCqlVQT-CB6xqhN,LwUPV9QJR_c,Jimbal Baa Ko Aaganima - Kulendra B.K & Devi Gharti | Nepali Song,done,2026-06-02 10:16:52.980855,2026-06-02 10:18:55.035225
bba810f2ad184124808524b5a6480258,221.8,226.733,4.933,99,0,1,2026-06-02 10:18:55.026158,dd9627a616d140eb974a8112af523c7c,https://youtu.be/LwUPV9QJR_c?si=BLCqlVQT-CB6xqhN,LwUPV9QJR_c,Jimbal Baa Ko Aaganima - Kulendra B.K & Devi Gharti | Nepali Song,done,2026-06-02 10:16:52.980855,2026-06-02 10:18:55.035225
70ed87567f8846c09e70e4b4dc15787a,232.933,236.333,3.4,104,0,1,2026-06-02 10:18:55.026158,dd9627a616d140eb974a8112af523c7c,https://youtu.be/LwUPV9QJR_c?si=BLCqlVQT-CB6xqhN,LwUPV9QJR_c,Jimbal Baa Ko Aaganima - Kulendra B.K & Devi Gharti | Nepali Song,done,2026-06-02 10:16:52.980855,2026-06-02 10:18:55.035225
6e1c6a42acb74a719d50a34bdd32df44,240.2,243.733,3.533,108,0,1,2026-06-02 10:18:55.026304,dd9627a616d140eb974a8112af523c7c,https://youtu.be/LwUPV9QJR_c?si=BLCqlVQT-CB6xqhN,LwUPV9QJR_c,Jimbal Baa Ko Aaganima - Kulendra B.K & Devi Gharti | Nepali Song,done,2026-06-02 10:16:52.980855,2026-06-02 10:18:55.035225
866efef8b8e7492faea4ae61f9153027,304.733,310.6,5.867,153,0,1,2026-06-02 10:18:55.026304,dd9627a616d140eb974a8112af523c7c,https://youtu.be/LwUPV9QJR_c?si=BLCqlVQT-CB6xqhN,LwUPV9QJR_c,Jimbal Baa Ko Aaganima - Kulendra B.K & Devi Gharti | Nepali Song,done,2026-06-02 10:16:52.980855,2026-06-02 10:18:55.035225
2f7b496f0836429c9f13c50e2670c997,311.8,315.467,3.667,155,0,1,2026-06-02 10:18:55.026304,dd9627a616d140eb974a8112af523c7c,https://youtu.be/LwUPV9QJR_c?si=BLCqlVQT-CB6xqhN,LwUPV9QJR_c,Jimbal Baa Ko Aaganima - Kulendra B.K & Devi Gharti | Nepali Song,done,2026-06-02 10:16:52.980855,2026-06-02 10:18:55.035225
b0d3fc03cc9d4419af48b6969448a4c8,345.0,351.2,6.2,173,0,1,2026-06-02 10:18:55.026383,dd9627a616d140eb974a8112af523c7c,https://youtu.be/LwUPV9QJR_c?si=BLCqlVQT-CB6xqhN,LwUPV9QJR_c,Jimbal Baa Ko Aaganima - Kulendra B.K & Devi Gharti | Nepali Song,done,2026-06-02 10:16:52.980855,2026-06-02 10:18:55.035225
5c93847b1cff42ed943b7569bb34d50c,351.2,357.0,5.8,174,0,1,2026-06-02 10:18:55.026383,dd9627a616d140eb974a8112af523c7c,https://youtu.be/LwUPV9QJR_c?si=BLCqlVQT-CB6xqhN,LwUPV9QJR_c,Jimbal Baa Ko Aaganima - Kulendra B.K & Devi Gharti | Nepali Song,done,2026-06-02 10:16:52.980855,2026-06-02 10:18:55.035225
2636940828bd4e478d8b4751472f7f25,368.467,372.867,4.4,183,0,1,2026-06-02 10:18:55.026383,dd9627a616d140eb974a8112af523c7c,https://youtu.be/LwUPV9QJR_c?si=BLCqlVQT-CB6xqhN,LwUPV9QJR_c,Jimbal Baa Ko Aaganima - Kulendra B.K & Devi Gharti | Nepali Song,done,2026-06-02 10:16:52.980855,2026-06-02 10:18:55.035225
bcaac337e1e04c449ef6a020cf3dee30,375.867,379.267,3.4,186,0,1,2026-06-02 10:18:55.026449,dd9627a616d140eb974a8112af523c7c,https://youtu.be/LwUPV9QJR_c?si=BLCqlVQT-CB6xqhN,LwUPV9QJR_c,Jimbal Baa Ko Aaganima - Kulendra B.K & Devi Gharti | Nepali Song,done,2026-06-02 10:16:52.980855,2026-06-02 10:18:55.035225
652266563e864111b3e310c458197768,382.0,386.667,4.667,189,0,1,2026-06-02 10:18:55.026449,dd9627a616d140eb974a8112af523c7c,https://youtu.be/LwUPV9QJR_c?si=BLCqlVQT-CB6xqhN,LwUPV9QJR_c,Jimbal Baa Ko Aaganima - Kulendra B.K & Devi Gharti | Nepali Song,done,2026-06-02 10:16:52.980855,2026-06-02 10:18:55.035225
ad58c8b2608f4d148984b1c1ac0cdd2b,2.867,6.667,3.8,1,0,1,2026-05-29 10:25:55.402352,6d494181388b41ed87589e7d6b0365e4,https://youtu.be/g0wJ5dw10Tg?si=6VIgOMa59ww-vDi1,g0wJ5dw10Tg,Joon Jhain Rup - Maya Laxmi Kunwar | Keki Adhikari | Nepali Song,done,2026-05-29 10:25:35.005457,2026-05-29 10:25:55.409285
76a1a12a4cfe4f139f74156cf88cc911,6.667,10.133,3.467,2,0,1,2026-05-29 10:25:55.402352,6d494181388b41ed87589e7d6b0365e4,https://youtu.be/g0wJ5dw10Tg?si=6VIgOMa59ww-vDi1,g0wJ5dw10Tg,Joon Jhain Rup - Maya Laxmi Kunwar | Keki Adhikari | Nepali Song,done,2026-05-29 10:25:35.005457,2026-05-29 10:25:55.409285
7a1aaadb24144b8eb10e58665e0789c1,12.867,16.6,3.733,4,0,1,2026-05-29 10:25:55.402352,6d494181388b41ed87589e7d6b0365e4,https://youtu.be/g0wJ5dw10Tg?si=6VIgOMa59ww-vDi1,g0wJ5dw10Tg,Joon Jhain Rup - Maya Laxmi Kunwar | Keki Adhikari | Nepali Song,done,2026-05-29 10:25:35.005457,2026-05-29 10:25:55.409285
41ce3585fecb4468a2be796550d58cd3,16.6,21.667,5.067,5,0,1,2026-05-29 10:25:55.402352,6d494181388b41ed87589e7d6b0365e4,https://youtu.be/g0wJ5dw10Tg?si=6VIgOMa59ww-vDi1,g0wJ5dw10Tg,Joon Jhain Rup - Maya Laxmi Kunwar | Keki Adhikari | Nepali Song,done,2026-05-29 10:25:35.005457,2026-05-29 10:25:55.409285
888ba39ea98e4a1d94be786fecb33973,23.333,26.4,3.067,7,0,1,2026-05-29 10:25:55.402352,6d494181388b41ed87589e7d6b0365e4,https://youtu.be/g0wJ5dw10Tg?si=6VIgOMa59ww-vDi1,g0wJ5dw10Tg,Joon Jhain Rup - Maya Laxmi Kunwar | Keki Adhikari | Nepali Song,done,2026-05-29 10:25:35.005457,2026-05-29 10:25:55.409285
4b33b90f4072431eab5ff78b321d0a92,84.467,89.0,4.533,39,0,1,2026-05-29 10:25:55.402352,6d494181388b41ed87589e7d6b0365e4,https://youtu.be/g0wJ5dw10Tg?si=6VIgOMa59ww-vDi1,g0wJ5dw10Tg,Joon Jhain Rup - Maya Laxmi Kunwar | Keki Adhikari | Nepali Song,done,2026-05-29 10:25:35.005457,2026-05-29 10:25:55.409285
8e1bde6f54d044509f3365a1cad83d75,97.0,101.2,4.2,44,0,1,2026-05-29 10:25:55.402352,6d494181388b41ed87589e7d6b0365e4,https://youtu.be/g0wJ5dw10Tg?si=6VIgOMa59ww-vDi1,g0wJ5dw10Tg,Joon Jhain Rup - Maya Laxmi Kunwar | Keki Adhikari | Nepali Song,done,2026-05-29 10:25:35.005457,2026-05-29 10:25:55.409285
a8c38f59bca84689a5660706944b3786,102.267,107.867,5.6,46,0,1,2026-05-29 10:25:55.402352,6d494181388b41ed87589e7d6b0365e4,https://youtu.be/g0wJ5dw10Tg?si=6VIgOMa59ww-vDi1,g0wJ5dw10Tg,Joon Jhain Rup - Maya Laxmi Kunwar | Keki Adhikari | Nepali Song,done,2026-05-29 10:25:35.005457,2026-05-29 10:25:55.409285
92b247a858004f22bb450118adff7370,130.533,136.067,5.533,61,0,1,2026-05-29 10:25:55.402352,6d494181388b41ed87589e7d6b0365e4,https://youtu.be/g0wJ5dw10Tg?si=6VIgOMa59ww-vDi1,g0wJ5dw10Tg,Joon Jhain Rup - Maya Laxmi Kunwar | Keki Adhikari | Nepali Song,done,2026-05-29 10:25:35.005457,2026-05-29 10:25:55.409285
8022be26b919459199a4e924bfbabfbd,137.467,141.667,4.2,63,0,1,2026-05-29 10:25:55.402352,6d494181388b41ed87589e7d6b0365e4,https://youtu.be/g0wJ5dw10Tg?si=6VIgOMa59ww-vDi1,g0wJ5dw10Tg,Joon Jhain Rup - Maya Laxmi Kunwar | Keki Adhikari | Nepali Song,done,2026-05-29 10:25:35.005457,2026-05-29 10:25:55.409285
73459927a2fe44f4a95c6c4684db2130,160.4,165.733,5.333,75,0,1,2026-05-29 10:25:55.402352,6d494181388b41ed87589e7d6b0365e4,https://youtu.be/g0wJ5dw10Tg?si=6VIgOMa59ww-vDi1,g0wJ5dw10Tg,Joon Jhain Rup - Maya Laxmi Kunwar | Keki Adhikari | Nepali Song,done,2026-05-29 10:25:35.005457,2026-05-29 10:25:55.409285
c34825cd7f7b4481b856a0a28908585c,174.333,177.933,3.6,81,0,1,2026-05-29 10:25:55.402352,6d494181388b41ed87589e7d6b0365e4,https://youtu.be/g0wJ5dw10Tg?si=6VIgOMa59ww-vDi1,g0wJ5dw10Tg,Joon Jhain Rup - Maya Laxmi Kunwar | Keki Adhikari | Nepali Song,done,2026-05-29 10:25:35.005457,2026-05-29 10:25:55.409285
7bbf2adae3074b5a91c8bcf5b44e55b5,184.933,189.0,4.067,86,0,1,2026-05-29 10:25:55.402352,6d494181388b41ed87589e7d6b0365e4,https://youtu.be/g0wJ5dw10Tg?si=6VIgOMa59ww-vDi1,g0wJ5dw10Tg,Joon Jhain Rup - Maya Laxmi Kunwar | Keki Adhikari | Nepali Song,done,2026-05-29 10:25:35.005457,2026-05-29 10:25:55.409285
f2956e4088314fc0b6ecb070d2b3fd9b,205.733,210.0,4.267,96,0,1,2026-05-29 10:25:55.402352,6d494181388b41ed87589e7d6b0365e4,https://youtu.be/g0wJ5dw10Tg?si=6VIgOMa59ww-vDi1,g0wJ5dw10Tg,Joon Jhain Rup - Maya Laxmi Kunwar | Keki Adhikari | Nepali Song,done,2026-05-29 10:25:35.005457,2026-05-29 10:25:55.409285
2e3eb329d83d41c3bfec46f2f242f991,211.4,218.4,7.0,98,0,1,2026-05-29 10:25:55.402352,6d494181388b41ed87589e7d6b0365e4,https://youtu.be/g0wJ5dw10Tg?si=6VIgOMa59ww-vDi1,g0wJ5dw10Tg,Joon Jhain Rup - Maya Laxmi Kunwar | Keki Adhikari | Nepali Song,done,2026-05-29 10:25:35.005457,2026-05-29 10:25:55.409285
d3698f5350304d488b2a53bbd19ac368,224.0,227.0,3.0,102,0,1,2026-05-29 10:25:55.402352,6d494181388b41ed87589e7d6b0365e4,https://youtu.be/g0wJ5dw10Tg?si=6VIgOMa59ww-vDi1,g0wJ5dw10Tg,Joon Jhain Rup - Maya Laxmi Kunwar | Keki Adhikari | Nepali Song,done,2026-05-29 10:25:35.005457,2026-05-29 10:25:55.409285
884c3f7e6aa84ee7af515079a4b6dd33,232.4,237.133,4.733,106,0,1,2026-05-29 10:25:55.402352,6d494181388b41ed87589e7d6b0365e4,https://youtu.be/g0wJ5dw10Tg?si=6VIgOMa59ww-vDi1,g0wJ5dw10Tg,Joon Jhain Rup - Maya Laxmi Kunwar | Keki Adhikari | Nepali Song,done,2026-05-29 10:25:35.005457,2026-05-29 10:25:55.409285
e653aae0faec4239a40c2575b6d944eb,237.133,242.8,5.667,107,0,1,2026-05-29 10:25:55.402352,6d494181388b41ed87589e7d6b0365e4,https://youtu.be/g0wJ5dw10Tg?si=6VIgOMa59ww-vDi1,g0wJ5dw10Tg,Joon Jhain Rup - Maya Laxmi Kunwar | Keki Adhikari | Nepali Song,done,2026-05-29 10:25:35.005457,2026-05-29 10:25:55.409285
fad74ef4ad4f420193ff227ee1cd61fe,242.8,246.333,3.533,108,0,1,2026-05-29 10:25:55.402352,6d494181388b41ed87589e7d6b0365e4,https://youtu.be/g0wJ5dw10Tg?si=6VIgOMa59ww-vDi1,g0wJ5dw10Tg,Joon Jhain Rup - Maya Laxmi Kunwar | Keki Adhikari | Nepali Song,done,2026-05-29 10:25:35.005457,2026-05-29 10:25:55.409285
65938100525240ed8bd24b6321af7b73,248.933,253.333,4.4,111,0,1,2026-05-29 10:25:55.402352,6d494181388b41ed87589e7d6b0365e4,https://youtu.be/g0wJ5dw10Tg?si=6VIgOMa59ww-vDi1,g0wJ5dw10Tg,Joon Jhain Rup - Maya Laxmi Kunwar | Keki Adhikari | Nepali Song,done,2026-05-29 10:25:35.005457,2026-05-29 10:25:55.409285
6e72c0f82b5c455bb881acd2b0e8d3d9,253.333,257.667,4.333,112,0,1,2026-05-29 10:25:55.402352,6d494181388b41ed87589e7d6b0365e4,https://youtu.be/g0wJ5dw10Tg?si=6VIgOMa59ww-vDi1,g0wJ5dw10Tg,Joon Jhain Rup - Maya Laxmi Kunwar | Keki Adhikari | Nepali Song,done,2026-05-29 10:25:35.005457,2026-05-29 10:25:55.409285
d31d0ba570114aa38fbac9b441ec2eda,1.133,4.2,3.067,1,0,1,2026-05-29 10:24:37.066908,fd0c5f3eff1e4b358676e9516f7b6a6a,https://youtu.be/--5y8pfYLvQ?si=9mZwO4woAUPDVw4E,--5y8pfYLvQ,Julphi Mero | Bhanu Oli | Juna Prasai |  Lok Dohori,done,2026-05-29 10:24:07.874390,2026-05-29 10:24:37.076551
9baf3ccfd55c457093fc7adff268ffb4,9.133,14.333,5.2,4,0,1,2026-05-29 10:24:37.067922,fd0c5f3eff1e4b358676e9516f7b6a6a,https://youtu.be/--5y8pfYLvQ?si=9mZwO4woAUPDVw4E,--5y8pfYLvQ,Julphi Mero | Bhanu Oli | Juna Prasai |  Lok Dohori,done,2026-05-29 10:24:07.874390,2026-05-29 10:24:37.076551
042edc647d4449db91f215495b4fecb3,21.533,24.933,3.4,9,0,1,2026-05-29 10:24:37.067922,fd0c5f3eff1e4b358676e9516f7b6a6a,https://youtu.be/--5y8pfYLvQ?si=9mZwO4woAUPDVw4E,--5y8pfYLvQ,Julphi Mero | Bhanu Oli | Juna Prasai |  Lok Dohori,done,2026-05-29 10:24:07.874390,2026-05-29 10:24:37.076551
12a597c892cf454ca5d20a83c507a753,30.0,33.4,3.4,13,0,1,2026-05-29 10:24:37.067922,fd0c5f3eff1e4b358676e9516f7b6a6a,https://youtu.be/--5y8pfYLvQ?si=9mZwO4woAUPDVw4E,--5y8pfYLvQ,Julphi Mero | Bhanu Oli | Juna Prasai |  Lok Dohori,done,2026-05-29 10:24:07.874390,2026-05-29 10:24:37.076551
54b144850ebf44818b18d1607106c8b0,48.6,53.933,5.333,23,0,1,2026-05-29 10:24:37.067922,fd0c5f3eff1e4b358676e9516f7b6a6a,https://youtu.be/--5y8pfYLvQ?si=9mZwO4woAUPDVw4E,--5y8pfYLvQ,Julphi Mero | Bhanu Oli | Juna Prasai |  Lok Dohori,done,2026-05-29 10:24:07.874390,2026-05-29 10:24:37.076551
1efcf09be7de4fd8aaef9c6442605f05,53.933,57.067,3.133,24,0,1,2026-05-29 10:24:37.067922,fd0c5f3eff1e4b358676e9516f7b6a6a,https://youtu.be/--5y8pfYLvQ?si=9mZwO4woAUPDVw4E,--5y8pfYLvQ,Julphi Mero | Bhanu Oli | Juna Prasai |  Lok Dohori,done,2026-05-29 10:24:07.874390,2026-05-29 10:24:37.076551
bc4b886cb0db4ae08edbd707082b5672,62.467,68.4,5.933,28,0,1,2026-05-29 10:24:37.067922,fd0c5f3eff1e4b358676e9516f7b6a6a,https://youtu.be/--5y8pfYLvQ?si=9mZwO4woAUPDVw4E,--5y8pfYLvQ,Julphi Mero | Bhanu Oli | Juna Prasai |  Lok Dohori,done,2026-05-29 10:24:07.874390,2026-05-29 10:24:37.076551
110ecb0066304f3b87fcb6703a72b8fe,70.6,73.933,3.333,30,0,1,2026-05-29 10:24:37.067922,fd0c5f3eff1e4b358676e9516f7b6a6a,https://youtu.be/--5y8pfYLvQ?si=9mZwO4woAUPDVw4E,--5y8pfYLvQ,Julphi Mero | Bhanu Oli | Juna Prasai |  Lok Dohori,done,2026-05-29 10:24:07.874390,2026-05-29 10:24:37.076551
bc63fc43339443508d2482d189b1e315,73.933,77.733,3.8,31,0,1,2026-05-29 10:24:37.067922,fd0c5f3eff1e4b358676e9516f7b6a6a,https://youtu.be/--5y8pfYLvQ?si=9mZwO4woAUPDVw4E,--5y8pfYLvQ,Julphi Mero | Bhanu Oli | Juna Prasai |  Lok Dohori,done,2026-05-29 10:24:07.874390,2026-05-29 10:24:37.076551
097dd0c4c78041ada3b12245239b7ebe,87.4,90.8,3.4,37,0,1,2026-05-29 10:24:37.067922,fd0c5f3eff1e4b358676e9516f7b6a6a,https://youtu.be/--5y8pfYLvQ?si=9mZwO4woAUPDVw4E,--5y8pfYLvQ,Julphi Mero | Bhanu Oli | Juna Prasai |  Lok Dohori,done,2026-05-29 10:24:07.874390,2026-05-29 10:24:37.076551
ed6c4ebef07e4d29b14de1c4bf7e6f59,99.333,102.8,3.467,43,0,1,2026-05-29 10:24:37.067922,fd0c5f3eff1e4b358676e9516f7b6a6a,https://youtu.be/--5y8pfYLvQ?si=9mZwO4woAUPDVw4E,--5y8pfYLvQ,Julphi Mero | Bhanu Oli | Juna Prasai |  Lok Dohori,done,2026-05-29 10:24:07.874390,2026-05-29 10:24:37.076551
f32663af13c14cbf81ee013036a36dbf,105.2,108.2,3.0,45,0,1,2026-05-29 10:24:37.067922,fd0c5f3eff1e4b358676e9516f7b6a6a,https://youtu.be/--5y8pfYLvQ?si=9mZwO4woAUPDVw4E,--5y8pfYLvQ,Julphi Mero | Bhanu Oli | Juna Prasai |  Lok Dohori,done,2026-05-29 10:24:07.874390,2026-05-29 10:24:37.076551
ab513d0c761942f8b7bc879c3310c085,111.133,118.333,7.2,48,0,1,2026-05-29 10:24:37.067922,fd0c5f3eff1e4b358676e9516f7b6a6a,https://youtu.be/--5y8pfYLvQ?si=9mZwO4woAUPDVw4E,--5y8pfYLvQ,Julphi Mero | Bhanu Oli | Juna Prasai |  Lok Dohori,done,2026-05-29 10:24:07.874390,2026-05-29 10:24:37.076551
a0056fee17ff4b00beda4b297a83f750,126.333,130.333,4.0,54,0,1,2026-05-29 10:24:37.067922,fd0c5f3eff1e4b358676e9516f7b6a6a,https://youtu.be/--5y8pfYLvQ?si=9mZwO4woAUPDVw4E,--5y8pfYLvQ,Julphi Mero | Bhanu Oli | Juna Prasai |  Lok Dohori,done,2026-05-29 10:24:07.874390,2026-05-29 10:24:37.076551
89521a7280994a1792b6357dbc350f1d,134.733,138.133,3.4,57,0,1,2026-05-29 10:24:37.067922,fd0c5f3eff1e4b358676e9516f7b6a6a,https://youtu.be/--5y8pfYLvQ?si=9mZwO4woAUPDVw4E,--5y8pfYLvQ,Julphi Mero | Bhanu Oli | Juna Prasai |  Lok Dohori,done,2026-05-29 10:24:07.874390,2026-05-29 10:24:37.076551
bd5586f09bfe449dada978231417bc8d,138.133,141.533,3.4,58,0,1,2026-05-29 10:24:37.067922,fd0c5f3eff1e4b358676e9516f7b6a6a,https://youtu.be/--5y8pfYLvQ?si=9mZwO4woAUPDVw4E,--5y8pfYLvQ,Julphi Mero | Bhanu Oli | Juna Prasai |  Lok Dohori,done,2026-05-29 10:24:07.874390,2026-05-29 10:24:37.076551
ab74ad394d4f439fb61e634c6fe31366,146.533,152.0,5.467,62,0,1,2026-05-29 10:24:37.067922,fd0c5f3eff1e4b358676e9516f7b6a6a,https://youtu.be/--5y8pfYLvQ?si=9mZwO4woAUPDVw4E,--5y8pfYLvQ,Julphi Mero | Bhanu Oli | Juna Prasai |  Lok Dohori,done,2026-05-29 10:24:07.874390,2026-05-29 10:24:37.076551
60d29ef9199c47e2bd4bb20850972382,155.0,158.4,3.4,65,0,1,2026-05-29 10:24:37.067922,fd0c5f3eff1e4b358676e9516f7b6a6a,https://youtu.be/--5y8pfYLvQ?si=9mZwO4woAUPDVw4E,--5y8pfYLvQ,Julphi Mero | Bhanu Oli | Juna Prasai |  Lok Dohori,done,2026-05-29 10:24:07.874390,2026-05-29 10:24:37.076551
7a5395b8208748d3a420e2a24cfa7c22,183.667,187.6,3.933,79,0,1,2026-05-29 10:24:37.067922,fd0c5f3eff1e4b358676e9516f7b6a6a,https://youtu.be/--5y8pfYLvQ?si=9mZwO4woAUPDVw4E,--5y8pfYLvQ,Julphi Mero | Bhanu Oli | Juna Prasai |  Lok Dohori,done,2026-05-29 10:24:07.874390,2026-05-29 10:24:37.076551
45f48c2380a942afb30db1f89bf3f209,190.4,194.333,3.933,81,0,1,2026-05-29 10:24:37.067922,fd0c5f3eff1e4b358676e9516f7b6a6a,https://youtu.be/--5y8pfYLvQ?si=9mZwO4woAUPDVw4E,--5y8pfYLvQ,Julphi Mero | Bhanu Oli | Juna Prasai |  Lok Dohori,done,2026-05-29 10:24:07.874390,2026-05-29 10:24:37.076551
5e8e949be3074b009627d1890b07ea0c,195.6,198.6,3.0,83,0,1,2026-05-29 10:24:37.067922,fd0c5f3eff1e4b358676e9516f7b6a6a,https://youtu.be/--5y8pfYLvQ?si=9mZwO4woAUPDVw4E,--5y8pfYLvQ,Julphi Mero | Bhanu Oli | Juna Prasai |  Lok Dohori,done,2026-05-29 10:24:07.874390,2026-05-29 10:24:37.076551
06f312ce65154aa2ad5dcb95bedeb88f,200.733,208.333,7.6,85,0,1,2026-05-29 10:24:37.067922,fd0c5f3eff1e4b358676e9516f7b6a6a,https://youtu.be/--5y8pfYLvQ?si=9mZwO4woAUPDVw4E,--5y8pfYLvQ,Julphi Mero | Bhanu Oli | Juna Prasai |  Lok Dohori,done,2026-05-29 10:24:07.874390,2026-05-29 10:24:37.076551
964504f62eae4a289b5a8e574141d0c8,210.933,214.2,3.267,88,0,1,2026-05-29 10:24:37.067922,fd0c5f3eff1e4b358676e9516f7b6a6a,https://youtu.be/--5y8pfYLvQ?si=9mZwO4woAUPDVw4E,--5y8pfYLvQ,Julphi Mero | Bhanu Oli | Juna Prasai |  Lok Dohori,done,2026-05-29 10:24:07.874390,2026-05-29 10:24:37.076551
9d4242c848e3464389a26ff680cf6288,227.733,231.133,3.4,97,0,1,2026-05-29 10:24:37.067922,fd0c5f3eff1e4b358676e9516f7b6a6a,https://youtu.be/--5y8pfYLvQ?si=9mZwO4woAUPDVw4E,--5y8pfYLvQ,Julphi Mero | Bhanu Oli | Juna Prasai |  Lok Dohori,done,2026-05-29 10:24:07.874390,2026-05-29 10:24:37.076551
532a9bc80f55402abec73074ac2d1fc0,237.933,242.133,4.2,102,0,1,2026-05-29 10:24:37.067922,fd0c5f3eff1e4b358676e9516f7b6a6a,https://youtu.be/--5y8pfYLvQ?si=9mZwO4woAUPDVw4E,--5y8pfYLvQ,Julphi Mero | Bhanu Oli | Juna Prasai |  Lok Dohori,done,2026-05-29 10:24:07.874390,2026-05-29 10:24:37.076551
a004d0ec1f2c4d02bcc670c519427293,243.4,246.6,3.2,104,0,1,2026-05-29 10:24:37.067922,fd0c5f3eff1e4b358676e9516f7b6a6a,https://youtu.be/--5y8pfYLvQ?si=9mZwO4woAUPDVw4E,--5y8pfYLvQ,Julphi Mero | Bhanu Oli | Juna Prasai |  Lok Dohori,done,2026-05-29 10:24:07.874390,2026-05-29 10:24:37.076551
199b95705d164bd9874506f08f9160b2,248.067,251.867,3.8,106,0,1,2026-05-29 10:24:37.067922,fd0c5f3eff1e4b358676e9516f7b6a6a,https://youtu.be/--5y8pfYLvQ?si=9mZwO4woAUPDVw4E,--5y8pfYLvQ,Julphi Mero | Bhanu Oli | Juna Prasai |  Lok Dohori,done,2026-05-29 10:24:07.874390,2026-05-29 10:24:37.076551
142fba5e697340e6b7fb8228fd1876e9,267.2,273.4,6.2,116,0,1,2026-05-29 10:24:37.067922,fd0c5f3eff1e4b358676e9516f7b6a6a,https://youtu.be/--5y8pfYLvQ?si=9mZwO4woAUPDVw4E,--5y8pfYLvQ,Julphi Mero | Bhanu Oli | Juna Prasai |  Lok Dohori,done,2026-05-29 10:24:07.874390,2026-05-29 10:24:37.076551
fdf501a722bd492fa828cf50b16623e6,273.4,276.4,3.0,117,0,1,2026-05-29 10:24:37.067922,fd0c5f3eff1e4b358676e9516f7b6a6a,https://youtu.be/--5y8pfYLvQ?si=9mZwO4woAUPDVw4E,--5y8pfYLvQ,Julphi Mero | Bhanu Oli | Juna Prasai |  Lok Dohori,done,2026-05-29 10:24:07.874390,2026-05-29 10:24:37.076551
e102b9e8c8d44505b56c06c986f319b9,287.333,290.733,3.4,124,0,1,2026-05-29 10:24:37.067922,fd0c5f3eff1e4b358676e9516f7b6a6a,https://youtu.be/--5y8pfYLvQ?si=9mZwO4woAUPDVw4E,--5y8pfYLvQ,Julphi Mero | Bhanu Oli | Juna Prasai |  Lok Dohori,done,2026-05-29 10:24:07.874390,2026-05-29 10:24:37.076551
8930e19d531344c6933158ae7853fb7b,295.4,305.4,10.0,127,0,1,2026-05-29 10:24:37.067922,fd0c5f3eff1e4b358676e9516f7b6a6a,https://youtu.be/--5y8pfYLvQ?si=9mZwO4woAUPDVw4E,--5y8pfYLvQ,Julphi Mero | Bhanu Oli | Juna Prasai |  Lok Dohori,done,2026-05-29 10:24:07.874390,2026-05-29 10:24:37.076551
2101568ee8244822b884364c5299c951,305.467,311.4,5.933,128,0,1,2026-05-29 10:24:37.067922,fd0c5f3eff1e4b358676e9516f7b6a6a,https://youtu.be/--5y8pfYLvQ?si=9mZwO4woAUPDVw4E,--5y8pfYLvQ,Julphi Mero | Bhanu Oli | Juna Prasai |  Lok Dohori,done,2026-05-29 10:24:07.874390,2026-05-29 10:24:37.076551
4a5669cee39b423cbc2c645688d49b43,311.4,314.733,3.333,129,0,1,2026-05-29 10:24:37.067922,fd0c5f3eff1e4b358676e9516f7b6a6a,https://youtu.be/--5y8pfYLvQ?si=9mZwO4woAUPDVw4E,--5y8pfYLvQ,Julphi Mero | Bhanu Oli | Juna Prasai |  Lok Dohori,done,2026-05-29 10:24:07.874390,2026-05-29 10:24:37.076551
a6f8c3224fa9473d9168b31fd16f9cab,316.467,320.733,4.267,131,0,1,2026-05-29 10:24:37.067922,fd0c5f3eff1e4b358676e9516f7b6a6a,https://youtu.be/--5y8pfYLvQ?si=9mZwO4woAUPDVw4E,--5y8pfYLvQ,Julphi Mero | Bhanu Oli | Juna Prasai |  Lok Dohori,done,2026-05-29 10:24:07.874390,2026-05-29 10:24:37.076551
355c93680c7344c182db238c7ae52a85,323.667,327.6,3.933,133,0,1,2026-05-29 10:24:37.067922,fd0c5f3eff1e4b358676e9516f7b6a6a,https://youtu.be/--5y8pfYLvQ?si=9mZwO4woAUPDVw4E,--5y8pfYLvQ,Julphi Mero | Bhanu Oli | Juna Prasai |  Lok Dohori,done,2026-05-29 10:24:07.874390,2026-05-29 10:24:37.076551
9c0d041550da42f1b60280c99c2365d5,330.867,334.6,3.733,136,0,1,2026-05-29 10:24:37.068472,fd0c5f3eff1e4b358676e9516f7b6a6a,https://youtu.be/--5y8pfYLvQ?si=9mZwO4woAUPDVw4E,--5y8pfYLvQ,Julphi Mero | Bhanu Oli | Juna Prasai |  Lok Dohori,done,2026-05-29 10:24:07.874390,2026-05-29 10:24:37.076551
c04f9492c78542748a61334b4b8ed32b,338.067,346.067,8.0,139,0,1,2026-05-29 10:24:37.068472,fd0c5f3eff1e4b358676e9516f7b6a6a,https://youtu.be/--5y8pfYLvQ?si=9mZwO4woAUPDVw4E,--5y8pfYLvQ,Julphi Mero | Bhanu Oli | Juna Prasai |  Lok Dohori,done,2026-05-29 10:24:07.874390,2026-05-29 10:24:37.076551
f691ae9d75f84edd9dea53f2c00cb985,364.733,368.067,3.333,151,0,1,2026-05-29 10:24:37.068472,fd0c5f3eff1e4b358676e9516f7b6a6a,https://youtu.be/--5y8pfYLvQ?si=9mZwO4woAUPDVw4E,--5y8pfYLvQ,Julphi Mero | Bhanu Oli | Juna Prasai |  Lok Dohori,done,2026-05-29 10:24:07.874390,2026-05-29 10:24:37.076551
96c471cdd4aa45138339641927e62592,374.333,378.6,4.267,155,0,1,2026-05-29 10:24:37.068472,fd0c5f3eff1e4b358676e9516f7b6a6a,https://youtu.be/--5y8pfYLvQ?si=9mZwO4woAUPDVw4E,--5y8pfYLvQ,Julphi Mero | Bhanu Oli | Juna Prasai |  Lok Dohori,done,2026-05-29 10:24:07.874390,2026-05-29 10:24:37.076551
512165acef69496387b0a4df48dd138f,383.6,387.533,3.933,158,0,1,2026-05-29 10:24:37.068472,fd0c5f3eff1e4b358676e9516f7b6a6a,https://youtu.be/--5y8pfYLvQ?si=9mZwO4woAUPDVw4E,--5y8pfYLvQ,Julphi Mero | Bhanu Oli | Juna Prasai |  Lok Dohori,done,2026-05-29 10:24:07.874390,2026-05-29 10:24:37.076551
fc7246e23c82406b8483354c8bde2aaf,387.533,392.467,4.933,159,0,1,2026-05-29 10:24:37.068472,fd0c5f3eff1e4b358676e9516f7b6a6a,https://youtu.be/--5y8pfYLvQ?si=9mZwO4woAUPDVw4E,--5y8pfYLvQ,Julphi Mero | Bhanu Oli | Juna Prasai |  Lok Dohori,done,2026-05-29 10:24:07.874390,2026-05-29 10:24:37.076551
199f9077875d4c7e918584c33ddec64e,392.467,395.6,3.133,160,0,1,2026-05-29 10:24:37.068472,fd0c5f3eff1e4b358676e9516f7b6a6a,https://youtu.be/--5y8pfYLvQ?si=9mZwO4woAUPDVw4E,--5y8pfYLvQ,Julphi Mero | Bhanu Oli | Juna Prasai |  Lok Dohori,done,2026-05-29 10:24:07.874390,2026-05-29 10:24:37.076551
957159780e9642eb9594842837a3924d,395.6,399.133,3.533,161,0,1,2026-05-29 10:24:37.068472,fd0c5f3eff1e4b358676e9516f7b6a6a,https://youtu.be/--5y8pfYLvQ?si=9mZwO4woAUPDVw4E,--5y8pfYLvQ,Julphi Mero | Bhanu Oli | Juna Prasai |  Lok Dohori,done,2026-05-29 10:24:07.874390,2026-05-29 10:24:37.076551
22528bd1e9e0457fab7f3a06568af260,401.133,411.133,10.0,163,0,1,2026-05-29 10:24:37.068472,fd0c5f3eff1e4b358676e9516f7b6a6a,https://youtu.be/--5y8pfYLvQ?si=9mZwO4woAUPDVw4E,--5y8pfYLvQ,Julphi Mero | Bhanu Oli | Juna Prasai |  Lok Dohori,done,2026-05-29 10:24:07.874390,2026-05-29 10:24:37.076551
19fcdfe4b9314a63b50711814a3d5592,414.933,418.133,3.2,166,0,1,2026-05-29 10:24:37.068472,fd0c5f3eff1e4b358676e9516f7b6a6a,https://youtu.be/--5y8pfYLvQ?si=9mZwO4woAUPDVw4E,--5y8pfYLvQ,Julphi Mero | Bhanu Oli | Juna Prasai |  Lok Dohori,done,2026-05-29 10:24:07.874390,2026-05-29 10:24:37.076551
e5290801e82a415ea9a3d66d95ae3dac,0.0,7.75,7.75,0,1,1,2026-05-29 08:43:25.360716,6d92a53026f34a778c5b9c734a72d2d6,https://youtu.be/JqZ7Owwt2Cw?si=3I1hY2iO4oZdrEHi,JqZ7Owwt2Cw,Kafle [काफ्ले] Movie Song [ऊनको स्वीटर] Jhuma Limbu | Sujan Chapagain | In Cinemas Baisakh 26/May 09,done,2026-05-29 08:41:14.025993,2026-05-29 08:43:25.373321
5444d011b8a04f8fa4b269b3f72cda2e,7.75,17.75,10.0,1,1,1,2026-05-29 08:43:25.360716,6d92a53026f34a778c5b9c734a72d2d6,https://youtu.be/JqZ7Owwt2Cw?si=3I1hY2iO4oZdrEHi,JqZ7Owwt2Cw,Kafle [काफ्ले] Movie Song [ऊनको स्वीटर] Jhuma Limbu | Sujan Chapagain | In Cinemas Baisakh 26/May 09,done,2026-05-29 08:41:14.025993,2026-05-29 08:43:25.373321
e0755053db5945dfa1711eebb348aa4c,29.792,39.792,10.0,2,1,1,2026-05-29 08:43:25.360716,6d92a53026f34a778c5b9c734a72d2d6,https://youtu.be/JqZ7Owwt2Cw?si=3I1hY2iO4oZdrEHi,JqZ7Owwt2Cw,Kafle [काफ्ले] Movie Song [ऊनको स्वीटर] Jhuma Limbu | Sujan Chapagain | In Cinemas Baisakh 26/May 09,done,2026-05-29 08:41:14.025993,2026-05-29 08:43:25.373321
00a89d7ad42546b99ff3cebe7e245d64,41.458,51.458,10.0,3,1,1,2026-05-29 08:43:25.361223,6d92a53026f34a778c5b9c734a72d2d6,https://youtu.be/JqZ7Owwt2Cw?si=3I1hY2iO4oZdrEHi,JqZ7Owwt2Cw,Kafle [काफ्ले] Movie Song [ऊनको स्वीटर] Jhuma Limbu | Sujan Chapagain | In Cinemas Baisakh 26/May 09,done,2026-05-29 08:41:14.025993,2026-05-29 08:43:25.373321
62e2441e9a9f41299ebf342008229b88,66.875,71.042,4.167,4,1,1,2026-05-29 08:43:25.361223,6d92a53026f34a778c5b9c734a72d2d6,https://youtu.be/JqZ7Owwt2Cw?si=3I1hY2iO4oZdrEHi,JqZ7Owwt2Cw,Kafle [काफ्ले] Movie Song [ऊनको स्वीटर] Jhuma Limbu | Sujan Chapagain | In Cinemas Baisakh 26/May 09,done,2026-05-29 08:41:14.025993,2026-05-29 08:43:25.373321
1accc24e3e3945a695a2b6ffc19e9956,71.042,74.875,3.833,5,1,1,2026-05-29 08:43:25.361223,6d92a53026f34a778c5b9c734a72d2d6,https://youtu.be/JqZ7Owwt2Cw?si=3I1hY2iO4oZdrEHi,JqZ7Owwt2Cw,Kafle [काफ्ले] Movie Song [ऊनको स्वीटर] Jhuma Limbu | Sujan Chapagain | In Cinemas Baisakh 26/May 09,done,2026-05-29 08:41:14.025993,2026-05-29 08:43:25.373321
d0ab213435ac4b4489718087295fb838,74.875,79.125,4.25,6,1,1,2026-05-29 08:43:25.361223,6d92a53026f34a778c5b9c734a72d2d6,https://youtu.be/JqZ7Owwt2Cw?si=3I1hY2iO4oZdrEHi,JqZ7Owwt2Cw,Kafle [काफ्ले] Movie Song [ऊनको स्वीटर] Jhuma Limbu | Sujan Chapagain | In Cinemas Baisakh 26/May 09,done,2026-05-29 08:41:14.025993,2026-05-29 08:43:25.373321
ab76345aa69841e4ade40c1d6ea45615,82.083,92.083,10.0,8,1,1,2026-05-29 08:43:25.361223,6d92a53026f34a778c5b9c734a72d2d6,https://youtu.be/JqZ7Owwt2Cw?si=3I1hY2iO4oZdrEHi,JqZ7Owwt2Cw,Kafle [काफ्ले] Movie Song [ऊनको स्वीटर] Jhuma Limbu | Sujan Chapagain | In Cinemas Baisakh 26/May 09,done,2026-05-29 08:41:14.025993,2026-05-29 08:43:25.373321
139b91263318440bb5624143fe1c621d,96.667,106.667,10.0,9,1,1,2026-05-29 08:43:25.361223,6d92a53026f34a778c5b9c734a72d2d6,https://youtu.be/JqZ7Owwt2Cw?si=3I1hY2iO4oZdrEHi,JqZ7Owwt2Cw,Kafle [काफ्ले] Movie Song [ऊनको स्वीटर] Jhuma Limbu | Sujan Chapagain | In Cinemas Baisakh 26/May 09,done,2026-05-29 08:41:14.025993,2026-05-29 08:43:25.373321
b0e53d35ba1442daa5d9c341179353c8,111.375,116.167,4.792,10,1,1,2026-05-29 08:43:25.361223,6d92a53026f34a778c5b9c734a72d2d6,https://youtu.be/JqZ7Owwt2Cw?si=3I1hY2iO4oZdrEHi,JqZ7Owwt2Cw,Kafle [काफ्ले] Movie Song [ऊनको स्वीटर] Jhuma Limbu | Sujan Chapagain | In Cinemas Baisakh 26/May 09,done,2026-05-29 08:41:14.025993,2026-05-29 08:43:25.373321
72bc018672914131b54322174c6bd6c4,116.167,122.5,6.333,11,1,1,2026-05-29 08:43:25.361223,6d92a53026f34a778c5b9c734a72d2d6,https://youtu.be/JqZ7Owwt2Cw?si=3I1hY2iO4oZdrEHi,JqZ7Owwt2Cw,Kafle [काफ्ले] Movie Song [ऊनको स्वीटर] Jhuma Limbu | Sujan Chapagain | In Cinemas Baisakh 26/May 09,done,2026-05-29 08:41:14.025993,2026-05-29 08:43:25.373321
581996d16b3649c4b6ad40181c579c5e,122.5,126.083,3.583,12,1,1,2026-05-29 08:43:25.361223,6d92a53026f34a778c5b9c734a72d2d6,https://youtu.be/JqZ7Owwt2Cw?si=3I1hY2iO4oZdrEHi,JqZ7Owwt2Cw,Kafle [काफ्ले] Movie Song [ऊनको स्वीटर] Jhuma Limbu | Sujan Chapagain | In Cinemas Baisakh 26/May 09,done,2026-05-29 08:41:14.025993,2026-05-29 08:43:25.373321
09b451ce0c5646c991b132bf37b3108b,126.083,133.583,7.5,13,1,1,2026-05-29 08:43:25.361223,6d92a53026f34a778c5b9c734a72d2d6,https://youtu.be/JqZ7Owwt2Cw?si=3I1hY2iO4oZdrEHi,JqZ7Owwt2Cw,Kafle [काफ्ले] Movie Song [ऊनको स्वीटर] Jhuma Limbu | Sujan Chapagain | In Cinemas Baisakh 26/May 09,done,2026-05-29 08:41:14.025993,2026-05-29 08:43:25.373321
32f1221278244417b91e48e668a9e64f,133.583,141.125,7.542,14,1,1,2026-05-29 08:43:25.361223,6d92a53026f34a778c5b9c734a72d2d6,https://youtu.be/JqZ7Owwt2Cw?si=3I1hY2iO4oZdrEHi,JqZ7Owwt2Cw,Kafle [काफ्ले] Movie Song [ऊनको स्वीटर] Jhuma Limbu | Sujan Chapagain | In Cinemas Baisakh 26/May 09,done,2026-05-29 08:41:14.025993,2026-05-29 08:43:25.373321
301ddeef8c0441be8fc82fe42808a3a1,141.125,144.458,3.333,15,1,1,2026-05-29 08:43:25.361223,6d92a53026f34a778c5b9c734a72d2d6,https://youtu.be/JqZ7Owwt2Cw?si=3I1hY2iO4oZdrEHi,JqZ7Owwt2Cw,Kafle [काफ्ले] Movie Song [ऊनको स्वीटर] Jhuma Limbu | Sujan Chapagain | In Cinemas Baisakh 26/May 09,done,2026-05-29 08:41:14.025993,2026-05-29 08:43:25.373321
4053f926cf3a4c89ad49abb386749da2,144.458,153.958,9.5,16,1,1,2026-05-29 08:43:25.361223,6d92a53026f34a778c5b9c734a72d2d6,https://youtu.be/JqZ7Owwt2Cw?si=3I1hY2iO4oZdrEHi,JqZ7Owwt2Cw,Kafle [काफ्ले] Movie Song [ऊनको स्वीटर] Jhuma Limbu | Sujan Chapagain | In Cinemas Baisakh 26/May 09,done,2026-05-29 08:41:14.025993,2026-05-29 08:43:25.373321
fb5bcdd9b195460a8c8bc47be771d9e2,153.958,163.958,10.0,17,1,1,2026-05-29 08:43:25.361223,6d92a53026f34a778c5b9c734a72d2d6,https://youtu.be/JqZ7Owwt2Cw?si=3I1hY2iO4oZdrEHi,JqZ7Owwt2Cw,Kafle [काफ्ले] Movie Song [ऊनको स्वीटर] Jhuma Limbu | Sujan Chapagain | In Cinemas Baisakh 26/May 09,done,2026-05-29 08:41:14.025993,2026-05-29 08:43:25.373321
5597b9278714448f9879ce0bc102fae2,166.167,170.042,3.875,18,1,1,2026-05-29 08:43:25.361223,6d92a53026f34a778c5b9c734a72d2d6,https://youtu.be/JqZ7Owwt2Cw?si=3I1hY2iO4oZdrEHi,JqZ7Owwt2Cw,Kafle [काफ्ले] Movie Song [ऊनको स्वीटर] Jhuma Limbu | Sujan Chapagain | In Cinemas Baisakh 26/May 09,done,2026-05-29 08:41:14.025993,2026-05-29 08:43:25.373321
a1175dd0690d49ff8e72a3cd98425c36,170.042,174.292,4.25,19,1,1,2026-05-29 08:43:25.361223,6d92a53026f34a778c5b9c734a72d2d6,https://youtu.be/JqZ7Owwt2Cw?si=3I1hY2iO4oZdrEHi,JqZ7Owwt2Cw,Kafle [काफ्ले] Movie Song [ऊनको स्वीटर] Jhuma Limbu | Sujan Chapagain | In Cinemas Baisakh 26/May 09,done,2026-05-29 08:41:14.025993,2026-05-29 08:43:25.373321
ab5e3a1225064d2eb2bcf714c11a0cf1,174.292,177.958,3.667,20,1,1,2026-05-29 08:43:25.361223,6d92a53026f34a778c5b9c734a72d2d6,https://youtu.be/JqZ7Owwt2Cw?si=3I1hY2iO4oZdrEHi,JqZ7Owwt2Cw,Kafle [काफ्ले] Movie Song [ऊनको स्वीटर] Jhuma Limbu | Sujan Chapagain | In Cinemas Baisakh 26/May 09,done,2026-05-29 08:41:14.025993,2026-05-29 08:43:25.373321
20655732fab44f8cb4e60c385fb09cec,180.667,189.167,8.5,22,1,1,2026-05-29 08:43:25.361223,6d92a53026f34a778c5b9c734a72d2d6,https://youtu.be/JqZ7Owwt2Cw?si=3I1hY2iO4oZdrEHi,JqZ7Owwt2Cw,Kafle [काफ्ले] Movie Song [ऊनको स्वीटर] Jhuma Limbu | Sujan Chapagain | In Cinemas Baisakh 26/May 09,done,2026-05-29 08:41:14.025993,2026-05-29 08:43:25.373321
9e8e08dbf9b644928b725596cfec9ea5,189.167,196.5,7.333,23,1,1,2026-05-29 08:43:25.361223,6d92a53026f34a778c5b9c734a72d2d6,https://youtu.be/JqZ7Owwt2Cw?si=3I1hY2iO4oZdrEHi,JqZ7Owwt2Cw,Kafle [काफ्ले] Movie Song [ऊनको स्वीटर] Jhuma Limbu | Sujan Chapagain | In Cinemas Baisakh 26/May 09,done,2026-05-29 08:41:14.025993,2026-05-29 08:43:25.373321
28fe102011304de4821d4a29935f9e40,196.5,206.5,10.0,24,1,1,2026-05-29 08:43:25.361223,6d92a53026f34a778c5b9c734a72d2d6,https://youtu.be/JqZ7Owwt2Cw?si=3I1hY2iO4oZdrEHi,JqZ7Owwt2Cw,Kafle [काफ्ले] Movie Song [ऊनको स्वीटर] Jhuma Limbu | Sujan Chapagain | In Cinemas Baisakh 26/May 09,done,2026-05-29 08:41:14.025993,2026-05-29 08:43:25.373321
b0c85d9814424919a44ff7e72a7a129f,217.583,221.375,3.792,25,1,1,2026-05-29 08:43:25.361223,6d92a53026f34a778c5b9c734a72d2d6,https://youtu.be/JqZ7Owwt2Cw?si=3I1hY2iO4oZdrEHi,JqZ7Owwt2Cw,Kafle [काफ्ले] Movie Song [ऊनको स्वीटर] Jhuma Limbu | Sujan Chapagain | In Cinemas Baisakh 26/May 09,done,2026-05-29 08:41:14.025993,2026-05-29 08:43:25.373321
f7d5c09bf44c41c9b4190f7e77689b41,1.533,7.333,5.8,1,0,1,2026-05-29 11:10:31.972256,0ef27d3ca96e42aabb322c620dbb3a23,https://youtu.be/taeE9_EQGwY?si=wSZOeSZG2rrZAYp4,taeE9_EQGwY,Kahile Timro Pachhauri Ma | Udit Narayan | Alok Shree | Usha Khadgi | Superhit Song | Music Nepal,done,2026-05-29 11:09:20.924261,2026-05-29 11:10:31.987554
3a858420ba6140b284dc5b96c46614a1,9.133,13.0,3.867,3,0,1,2026-05-29 11:10:31.972256,0ef27d3ca96e42aabb322c620dbb3a23,https://youtu.be/taeE9_EQGwY?si=wSZOeSZG2rrZAYp4,taeE9_EQGwY,Kahile Timro Pachhauri Ma | Udit Narayan | Alok Shree | Usha Khadgi | Superhit Song | Music Nepal,done,2026-05-29 11:09:20.924261,2026-05-29 11:10:31.987554
7b79d0994d9b4c2ba229acade4d35b1b,13.0,17.533,4.533,4,0,1,2026-05-29 11:10:31.972256,0ef27d3ca96e42aabb322c620dbb3a23,https://youtu.be/taeE9_EQGwY?si=wSZOeSZG2rrZAYp4,taeE9_EQGwY,Kahile Timro Pachhauri Ma | Udit Narayan | Alok Shree | Usha Khadgi | Superhit Song | Music Nepal,done,2026-05-29 11:09:20.924261,2026-05-29 11:10:31.987554
7c96d7a19db34751a1b2bf33861843b6,21.533,26.667,5.133,7,0,1,2026-05-29 11:10:31.972256,0ef27d3ca96e42aabb322c620dbb3a23,https://youtu.be/taeE9_EQGwY?si=wSZOeSZG2rrZAYp4,taeE9_EQGwY,Kahile Timro Pachhauri Ma | Udit Narayan | Alok Shree | Usha Khadgi | Superhit Song | Music Nepal,done,2026-05-29 11:09:20.924261,2026-05-29 11:10:31.987554
66c83c3fbca347a79676bc6e79e4b25b,26.667,30.267,3.6,8,0,1,2026-05-29 11:10:31.972256,0ef27d3ca96e42aabb322c620dbb3a23,https://youtu.be/taeE9_EQGwY?si=wSZOeSZG2rrZAYp4,taeE9_EQGwY,Kahile Timro Pachhauri Ma | Udit Narayan | Alok Shree | Usha Khadgi | Superhit Song | Music Nepal,done,2026-05-29 11:09:20.924261,2026-05-29 11:10:31.987554
d20405006e7b4866beecd90d9009e363,39.933,45.8,5.867,15,0,1,2026-05-29 11:10:31.972256,0ef27d3ca96e42aabb322c620dbb3a23,https://youtu.be/taeE9_EQGwY?si=wSZOeSZG2rrZAYp4,taeE9_EQGwY,Kahile Timro Pachhauri Ma | Udit Narayan | Alok Shree | Usha Khadgi | Superhit Song | Music Nepal,done,2026-05-29 11:09:20.924261,2026-05-29 11:10:31.987554
3735f46615b9455dbc0826d52305e157,50.8,55.533,4.733,19,0,1,2026-05-29 11:10:31.972256,0ef27d3ca96e42aabb322c620dbb3a23,https://youtu.be/taeE9_EQGwY?si=wSZOeSZG2rrZAYp4,taeE9_EQGwY,Kahile Timro Pachhauri Ma | Udit Narayan | Alok Shree | Usha Khadgi | Superhit Song | Music Nepal,done,2026-05-29 11:09:20.924261,2026-05-29 11:10:31.987554
e0f45507db0f47a1a32968f31cebfe35,58.333,65.867,7.533,22,0,1,2026-05-29 11:10:31.972798,0ef27d3ca96e42aabb322c620dbb3a23,https://youtu.be/taeE9_EQGwY?si=wSZOeSZG2rrZAYp4,taeE9_EQGwY,Kahile Timro Pachhauri Ma | Udit Narayan | Alok Shree | Usha Khadgi | Superhit Song | Music Nepal,done,2026-05-29 11:09:20.924261,2026-05-29 11:10:31.987554
3ed479fbd9c84e588d14aaae2024fcb2,70.133,80.133,10.0,25,0,1,2026-05-29 11:10:31.972798,0ef27d3ca96e42aabb322c620dbb3a23,https://youtu.be/taeE9_EQGwY?si=wSZOeSZG2rrZAYp4,taeE9_EQGwY,Kahile Timro Pachhauri Ma | Udit Narayan | Alok Shree | Usha Khadgi | Superhit Song | Music Nepal,done,2026-05-29 11:09:20.924261,2026-05-29 11:10:31.987554
52d7cdccb13944e6ba962f43504e542f,86.467,90.0,3.533,26,0,1,2026-05-29 11:10:31.972798,0ef27d3ca96e42aabb322c620dbb3a23,https://youtu.be/taeE9_EQGwY?si=wSZOeSZG2rrZAYp4,taeE9_EQGwY,Kahile Timro Pachhauri Ma | Udit Narayan | Alok Shree | Usha Khadgi | Superhit Song | Music Nepal,done,2026-05-29 11:09:20.924261,2026-05-29 11:10:31.987554
1754895e16f245879dbcbdd1ea5655ef,90.0,100.0,10.0,27,0,1,2026-05-29 11:10:31.972798,0ef27d3ca96e42aabb322c620dbb3a23,https://youtu.be/taeE9_EQGwY?si=wSZOeSZG2rrZAYp4,taeE9_EQGwY,Kahile Timro Pachhauri Ma | Udit Narayan | Alok Shree | Usha Khadgi | Superhit Song | Music Nepal,done,2026-05-29 11:09:20.924261,2026-05-29 11:10:31.987554
af44c5ddb64449b8b8fce8013e3b8e47,104.2,109.067,4.867,28,0,1,2026-05-29 11:10:31.972798,0ef27d3ca96e42aabb322c620dbb3a23,https://youtu.be/taeE9_EQGwY?si=wSZOeSZG2rrZAYp4,taeE9_EQGwY,Kahile Timro Pachhauri Ma | Udit Narayan | Alok Shree | Usha Khadgi | Superhit Song | Music Nepal,done,2026-05-29 11:09:20.924261,2026-05-29 11:10:31.987554
a064d997c24049d9b8b8c3ce0e9f29e8,113.0,120.2,7.2,31,0,1,2026-05-29 11:10:31.972798,0ef27d3ca96e42aabb322c620dbb3a23,https://youtu.be/taeE9_EQGwY?si=wSZOeSZG2rrZAYp4,taeE9_EQGwY,Kahile Timro Pachhauri Ma | Udit Narayan | Alok Shree | Usha Khadgi | Superhit Song | Music Nepal,done,2026-05-29 11:09:20.924261,2026-05-29 11:10:31.987554
914721e364634e66accd895954ebfaf7,123.133,129.133,6.0,33,0,1,2026-05-29 11:10:31.972798,0ef27d3ca96e42aabb322c620dbb3a23,https://youtu.be/taeE9_EQGwY?si=wSZOeSZG2rrZAYp4,taeE9_EQGwY,Kahile Timro Pachhauri Ma | Udit Narayan | Alok Shree | Usha Khadgi | Superhit Song | Music Nepal,done,2026-05-29 11:09:20.924261,2026-05-29 11:10:31.987554
d3776693dcf141b3af55eceff4797212,132.933,139.4,6.467,36,0,1,2026-05-29 11:10:31.972798,0ef27d3ca96e42aabb322c620dbb3a23,https://youtu.be/taeE9_EQGwY?si=wSZOeSZG2rrZAYp4,taeE9_EQGwY,Kahile Timro Pachhauri Ma | Udit Narayan | Alok Shree | Usha Khadgi | Superhit Song | Music Nepal,done,2026-05-29 11:09:20.924261,2026-05-29 11:10:31.987554
d4cd91f2fc3e400fba5988b3d9ead281,139.4,142.533,3.133,37,0,1,2026-05-29 11:10:31.972798,0ef27d3ca96e42aabb322c620dbb3a23,https://youtu.be/taeE9_EQGwY?si=wSZOeSZG2rrZAYp4,taeE9_EQGwY,Kahile Timro Pachhauri Ma | Udit Narayan | Alok Shree | Usha Khadgi | Superhit Song | Music Nepal,done,2026-05-29 11:09:20.924261,2026-05-29 11:10:31.987554
efbbdd5be1934033a6204ad87a708e71,142.533,146.667,4.133,38,0,1,2026-05-29 11:10:31.972798,0ef27d3ca96e42aabb322c620dbb3a23,https://youtu.be/taeE9_EQGwY?si=wSZOeSZG2rrZAYp4,taeE9_EQGwY,Kahile Timro Pachhauri Ma | Udit Narayan | Alok Shree | Usha Khadgi | Superhit Song | Music Nepal,done,2026-05-29 11:09:20.924261,2026-05-29 11:10:31.987554
00bbd13905044edabac069d590ec5c47,149.4,159.4,10.0,40,0,1,2026-05-29 11:10:31.972798,0ef27d3ca96e42aabb322c620dbb3a23,https://youtu.be/taeE9_EQGwY?si=wSZOeSZG2rrZAYp4,taeE9_EQGwY,Kahile Timro Pachhauri Ma | Udit Narayan | Alok Shree | Usha Khadgi | Superhit Song | Music Nepal,done,2026-05-29 11:09:20.924261,2026-05-29 11:10:31.987554
131b524442fc4c24afdc57df6b059693,160.2,170.2,10.0,41,0,1,2026-05-29 11:10:31.972798,0ef27d3ca96e42aabb322c620dbb3a23,https://youtu.be/taeE9_EQGwY?si=wSZOeSZG2rrZAYp4,taeE9_EQGwY,Kahile Timro Pachhauri Ma | Udit Narayan | Alok Shree | Usha Khadgi | Superhit Song | Music Nepal,done,2026-05-29 11:09:20.924261,2026-05-29 11:10:31.987554
3fae6faf8c574cb1a761f224d4177bb5,177.2,180.733,3.533,42,0,1,2026-05-29 11:10:31.972798,0ef27d3ca96e42aabb322c620dbb3a23,https://youtu.be/taeE9_EQGwY?si=wSZOeSZG2rrZAYp4,taeE9_EQGwY,Kahile Timro Pachhauri Ma | Udit Narayan | Alok Shree | Usha Khadgi | Superhit Song | Music Nepal,done,2026-05-29 11:09:20.924261,2026-05-29 11:10:31.987554
d5512b06e51b47dc89b0389bceaf2238,184.733,190.067,5.333,45,0,1,2026-05-29 11:10:31.973116,0ef27d3ca96e42aabb322c620dbb3a23,https://youtu.be/taeE9_EQGwY?si=wSZOeSZG2rrZAYp4,taeE9_EQGwY,Kahile Timro Pachhauri Ma | Udit Narayan | Alok Shree | Usha Khadgi | Superhit Song | Music Nepal,done,2026-05-29 11:09:20.924261,2026-05-29 11:10:31.987554
640f57a5d9e349c1a2bc14d5fc751a25,190.067,200.067,10.0,46,0,1,2026-05-29 11:10:31.973116,0ef27d3ca96e42aabb322c620dbb3a23,https://youtu.be/taeE9_EQGwY?si=wSZOeSZG2rrZAYp4,taeE9_EQGwY,Kahile Timro Pachhauri Ma | Udit Narayan | Alok Shree | Usha Khadgi | Superhit Song | Music Nepal,done,2026-05-29 11:09:20.924261,2026-05-29 11:10:31.987554
532eb1a428514e25919ed120b702047d,208.533,218.533,10.0,47,0,1,2026-05-29 11:10:31.973116,0ef27d3ca96e42aabb322c620dbb3a23,https://youtu.be/taeE9_EQGwY?si=wSZOeSZG2rrZAYp4,taeE9_EQGwY,Kahile Timro Pachhauri Ma | Udit Narayan | Alok Shree | Usha Khadgi | Superhit Song | Music Nepal,done,2026-05-29 11:09:20.924261,2026-05-29 11:10:31.987554
b12b8151af02497d83bbd006cea5ef7c,218.733,228.733,10.0,48,0,1,2026-05-29 11:10:31.973116,0ef27d3ca96e42aabb322c620dbb3a23,https://youtu.be/taeE9_EQGwY?si=wSZOeSZG2rrZAYp4,taeE9_EQGwY,Kahile Timro Pachhauri Ma | Udit Narayan | Alok Shree | Usha Khadgi | Superhit Song | Music Nepal,done,2026-05-29 11:09:20.924261,2026-05-29 11:10:31.987554
8acc1be4fddc496493ad59af8e35a60c,249.933,252.933,3.0,52,0,1,2026-05-29 11:10:31.973116,0ef27d3ca96e42aabb322c620dbb3a23,https://youtu.be/taeE9_EQGwY?si=wSZOeSZG2rrZAYp4,taeE9_EQGwY,Kahile Timro Pachhauri Ma | Udit Narayan | Alok Shree | Usha Khadgi | Superhit Song | Music Nepal,done,2026-05-29 11:09:20.924261,2026-05-29 11:10:31.987554
d5bde598b52d4defb47148d8a5352b29,255.267,258.533,3.267,54,0,1,2026-05-29 11:10:31.973116,0ef27d3ca96e42aabb322c620dbb3a23,https://youtu.be/taeE9_EQGwY?si=wSZOeSZG2rrZAYp4,taeE9_EQGwY,Kahile Timro Pachhauri Ma | Udit Narayan | Alok Shree | Usha Khadgi | Superhit Song | Music Nepal,done,2026-05-29 11:09:20.924261,2026-05-29 11:10:31.987554
c924f30691bf412cbf7421708b51b77d,259.533,262.933,3.4,56,0,1,2026-05-29 11:10:31.973116,0ef27d3ca96e42aabb322c620dbb3a23,https://youtu.be/taeE9_EQGwY?si=wSZOeSZG2rrZAYp4,taeE9_EQGwY,Kahile Timro Pachhauri Ma | Udit Narayan | Alok Shree | Usha Khadgi | Superhit Song | Music Nepal,done,2026-05-29 11:09:20.924261,2026-05-29 11:10:31.987554
9678a29bc5c9429c95df86a1204ef1ea,270.267,275.8,5.533,60,0,1,2026-05-29 11:10:31.973116,0ef27d3ca96e42aabb322c620dbb3a23,https://youtu.be/taeE9_EQGwY?si=wSZOeSZG2rrZAYp4,taeE9_EQGwY,Kahile Timro Pachhauri Ma | Udit Narayan | Alok Shree | Usha Khadgi | Superhit Song | Music Nepal,done,2026-05-29 11:09:20.924261,2026-05-29 11:10:31.987554
2f25ad275134471786b1bd24e3e076d4,275.8,280.067,4.267,61,0,1,2026-05-29 11:10:31.973116,0ef27d3ca96e42aabb322c620dbb3a23,https://youtu.be/taeE9_EQGwY?si=wSZOeSZG2rrZAYp4,taeE9_EQGwY,Kahile Timro Pachhauri Ma | Udit Narayan | Alok Shree | Usha Khadgi | Superhit Song | Music Nepal,done,2026-05-29 11:09:20.924261,2026-05-29 11:10:31.987554
6886a64bdac54989876a80bc6ce7df4e,280.067,289.933,9.867,62,0,1,2026-05-29 11:10:31.973329,0ef27d3ca96e42aabb322c620dbb3a23,https://youtu.be/taeE9_EQGwY?si=wSZOeSZG2rrZAYp4,taeE9_EQGwY,Kahile Timro Pachhauri Ma | Udit Narayan | Alok Shree | Usha Khadgi | Superhit Song | Music Nepal,done,2026-05-29 11:09:20.924261,2026-05-29 11:10:31.987554
ce8a650c322140fc9b4cd97a0655e6fb,289.933,297.267,7.333,63,0,1,2026-05-29 11:10:31.973329,0ef27d3ca96e42aabb322c620dbb3a23,https://youtu.be/taeE9_EQGwY?si=wSZOeSZG2rrZAYp4,taeE9_EQGwY,Kahile Timro Pachhauri Ma | Udit Narayan | Alok Shree | Usha Khadgi | Superhit Song | Music Nepal,done,2026-05-29 11:09:20.924261,2026-05-29 11:10:31.987554
39c173c8fc57490f8af1d0cdec429466,297.267,307.133,9.867,64,0,1,2026-05-29 11:10:31.973329,0ef27d3ca96e42aabb322c620dbb3a23,https://youtu.be/taeE9_EQGwY?si=wSZOeSZG2rrZAYp4,taeE9_EQGwY,Kahile Timro Pachhauri Ma | Udit Narayan | Alok Shree | Usha Khadgi | Superhit Song | Music Nepal,done,2026-05-29 11:09:20.924261,2026-05-29 11:10:31.987554
9bb8ca702b184fada154a87a9b3d34d7,7.933,11.0,3.067,6,0,1,2026-05-29 11:05:33.776658,c0bda3448fb3467ab0b426646f1321d7,https://youtu.be/iXJVpjJSchk?si=p6CIr7zTQY6DKW7B,iXJVpjJSchk,Kauda - Sangita Thapa & Milan Thapa | Nepali Song,done,2026-05-29 11:05:07.837455,2026-05-29 11:05:33.786313
16e15da7254e4221af658a510d93e7a4,17.933,23.133,5.2,11,0,1,2026-05-29 11:05:33.776658,c0bda3448fb3467ab0b426646f1321d7,https://youtu.be/iXJVpjJSchk?si=p6CIr7zTQY6DKW7B,iXJVpjJSchk,Kauda - Sangita Thapa & Milan Thapa | Nepali Song,done,2026-05-29 11:05:07.837455,2026-05-29 11:05:33.786313
5a30e0d067e346868df862d465086cb2,24.6,30.2,5.6,13,0,1,2026-05-29 11:05:33.776658,c0bda3448fb3467ab0b426646f1321d7,https://youtu.be/iXJVpjJSchk?si=p6CIr7zTQY6DKW7B,iXJVpjJSchk,Kauda - Sangita Thapa & Milan Thapa | Nepali Song,done,2026-05-29 11:05:07.837455,2026-05-29 11:05:33.786313
79713873478041b7a128a876c59fd4d9,30.2,33.467,3.267,14,0,1,2026-05-29 11:05:33.776658,c0bda3448fb3467ab0b426646f1321d7,https://youtu.be/iXJVpjJSchk?si=p6CIr7zTQY6DKW7B,iXJVpjJSchk,Kauda - Sangita Thapa & Milan Thapa | Nepali Song,done,2026-05-29 11:05:07.837455,2026-05-29 11:05:33.786313
92f8985b6f8f42e881f55b21714e7d6f,45.133,48.8,3.667,21,0,1,2026-05-29 11:05:33.776658,c0bda3448fb3467ab0b426646f1321d7,https://youtu.be/iXJVpjJSchk?si=p6CIr7zTQY6DKW7B,iXJVpjJSchk,Kauda - Sangita Thapa & Milan Thapa | Nepali Song,done,2026-05-29 11:05:07.837455,2026-05-29 11:05:33.786313
ad5ae32c39fc411c8528b34be963ce32,59.933,63.467,3.533,29,0,1,2026-05-29 11:05:33.776658,c0bda3448fb3467ab0b426646f1321d7,https://youtu.be/iXJVpjJSchk?si=p6CIr7zTQY6DKW7B,iXJVpjJSchk,Kauda - Sangita Thapa & Milan Thapa | Nepali Song,done,2026-05-29 11:05:07.837455,2026-05-29 11:05:33.786313
7d8a7fb9cfd74892878f621756ea20a6,68.533,71.533,3.0,32,0,1,2026-05-29 11:05:33.776658,c0bda3448fb3467ab0b426646f1321d7,https://youtu.be/iXJVpjJSchk?si=p6CIr7zTQY6DKW7B,iXJVpjJSchk,Kauda - Sangita Thapa & Milan Thapa | Nepali Song,done,2026-05-29 11:05:07.837455,2026-05-29 11:05:33.786313
3190d60afb6d42c69d1c6206837a542b,75.733,79.8,4.067,35,0,1,2026-05-29 11:05:33.776658,c0bda3448fb3467ab0b426646f1321d7,https://youtu.be/iXJVpjJSchk?si=p6CIr7zTQY6DKW7B,iXJVpjJSchk,Kauda - Sangita Thapa & Milan Thapa | Nepali Song,done,2026-05-29 11:05:07.837455,2026-05-29 11:05:33.786313
780c4c29a6fb4497af6013fe04d727ad,88.067,94.467,6.4,40,0,1,2026-05-29 11:05:33.776658,c0bda3448fb3467ab0b426646f1321d7,https://youtu.be/iXJVpjJSchk?si=p6CIr7zTQY6DKW7B,iXJVpjJSchk,Kauda - Sangita Thapa & Milan Thapa | Nepali Song,done,2026-05-29 11:05:07.837455,2026-05-29 11:05:33.786313
d3bfd87fd7754119b7e8867d5d7f8148,94.467,98.2,3.733,41,0,1,2026-05-29 11:05:33.776658,c0bda3448fb3467ab0b426646f1321d7,https://youtu.be/iXJVpjJSchk?si=p6CIr7zTQY6DKW7B,iXJVpjJSchk,Kauda - Sangita Thapa & Milan Thapa | Nepali Song,done,2026-05-29 11:05:07.837455,2026-05-29 11:05:33.786313
41d7ed44c9de4d78846d35f90f1d8e1c,100.133,103.333,3.2,43,0,1,2026-05-29 11:05:33.776658,c0bda3448fb3467ab0b426646f1321d7,https://youtu.be/iXJVpjJSchk?si=p6CIr7zTQY6DKW7B,iXJVpjJSchk,Kauda - Sangita Thapa & Milan Thapa | Nepali Song,done,2026-05-29 11:05:07.837455,2026-05-29 11:05:33.786313
f31032d9d8f249a7bbbec40c91ba0a13,111.667,115.933,4.267,48,0,1,2026-05-29 11:05:33.776658,c0bda3448fb3467ab0b426646f1321d7,https://youtu.be/iXJVpjJSchk?si=p6CIr7zTQY6DKW7B,iXJVpjJSchk,Kauda - Sangita Thapa & Milan Thapa | Nepali Song,done,2026-05-29 11:05:07.837455,2026-05-29 11:05:33.786313
2d541aafac24477ba9bbb4aec428baab,122.0,125.533,3.533,52,0,1,2026-05-29 11:05:33.776658,c0bda3448fb3467ab0b426646f1321d7,https://youtu.be/iXJVpjJSchk?si=p6CIr7zTQY6DKW7B,iXJVpjJSchk,Kauda - Sangita Thapa & Milan Thapa | Nepali Song,done,2026-05-29 11:05:07.837455,2026-05-29 11:05:33.786313
62885f87192e4249b0513fc639de216b,132.2,135.333,3.133,57,0,1,2026-05-29 11:05:33.776658,c0bda3448fb3467ab0b426646f1321d7,https://youtu.be/iXJVpjJSchk?si=p6CIr7zTQY6DKW7B,iXJVpjJSchk,Kauda - Sangita Thapa & Milan Thapa | Nepali Song,done,2026-05-29 11:05:07.837455,2026-05-29 11:05:33.786313
0943f0b361f34c0a8e78beb0154e771a,140.6,143.6,3.0,61,0,1,2026-05-29 11:05:33.776658,c0bda3448fb3467ab0b426646f1321d7,https://youtu.be/iXJVpjJSchk?si=p6CIr7zTQY6DKW7B,iXJVpjJSchk,Kauda - Sangita Thapa & Milan Thapa | Nepali Song,done,2026-05-29 11:05:07.837455,2026-05-29 11:05:33.786313
bd37297459704971828dd4da53457cac,146.4,150.133,3.733,63,0,1,2026-05-29 11:05:33.776658,c0bda3448fb3467ab0b426646f1321d7,https://youtu.be/iXJVpjJSchk?si=p6CIr7zTQY6DKW7B,iXJVpjJSchk,Kauda - Sangita Thapa & Milan Thapa | Nepali Song,done,2026-05-29 11:05:07.837455,2026-05-29 11:05:33.786313
02185aed575c4dfcbc92fccbff0856d6,164.733,167.867,3.133,72,0,1,2026-05-29 11:05:33.776658,c0bda3448fb3467ab0b426646f1321d7,https://youtu.be/iXJVpjJSchk?si=p6CIr7zTQY6DKW7B,iXJVpjJSchk,Kauda - Sangita Thapa & Milan Thapa | Nepali Song,done,2026-05-29 11:05:07.837455,2026-05-29 11:05:33.786313
6fa093271ab7478f925b89e62ac66384,167.867,172.933,5.067,73,0,1,2026-05-29 11:05:33.776658,c0bda3448fb3467ab0b426646f1321d7,https://youtu.be/iXJVpjJSchk?si=p6CIr7zTQY6DKW7B,iXJVpjJSchk,Kauda - Sangita Thapa & Milan Thapa | Nepali Song,done,2026-05-29 11:05:07.837455,2026-05-29 11:05:33.786313
ea45400a3ed54e22bda8b57e63c7ce53,177.6,181.733,4.133,76,0,1,2026-05-29 11:05:33.776658,c0bda3448fb3467ab0b426646f1321d7,https://youtu.be/iXJVpjJSchk?si=p6CIr7zTQY6DKW7B,iXJVpjJSchk,Kauda - Sangita Thapa & Milan Thapa | Nepali Song,done,2026-05-29 11:05:07.837455,2026-05-29 11:05:33.786313
2f414c334d7e48e59ccc0e272636c2b7,182.8,187.667,4.867,78,0,1,2026-05-29 11:05:33.776658,c0bda3448fb3467ab0b426646f1321d7,https://youtu.be/iXJVpjJSchk?si=p6CIr7zTQY6DKW7B,iXJVpjJSchk,Kauda - Sangita Thapa & Milan Thapa | Nepali Song,done,2026-05-29 11:05:07.837455,2026-05-29 11:05:33.786313
e9660806d0454a719573106644e9c567,190.133,193.267,3.133,81,0,1,2026-05-29 11:05:33.776658,c0bda3448fb3467ab0b426646f1321d7,https://youtu.be/iXJVpjJSchk?si=p6CIr7zTQY6DKW7B,iXJVpjJSchk,Kauda - Sangita Thapa & Milan Thapa | Nepali Song,done,2026-05-29 11:05:07.837455,2026-05-29 11:05:33.786313
226eb3b69cc94721a6bcedca05c55d06,197.933,201.2,3.267,84,0,1,2026-05-29 11:05:33.776658,c0bda3448fb3467ab0b426646f1321d7,https://youtu.be/iXJVpjJSchk?si=p6CIr7zTQY6DKW7B,iXJVpjJSchk,Kauda - Sangita Thapa & Milan Thapa | Nepali Song,done,2026-05-29 11:05:07.837455,2026-05-29 11:05:33.786313
7855d898911f4abe9f9f3f532fdd7240,204.6,208.6,4.0,87,0,1,2026-05-29 11:05:33.776658,c0bda3448fb3467ab0b426646f1321d7,https://youtu.be/iXJVpjJSchk?si=p6CIr7zTQY6DKW7B,iXJVpjJSchk,Kauda - Sangita Thapa & Milan Thapa | Nepali Song,done,2026-05-29 11:05:07.837455,2026-05-29 11:05:33.786313
6b25f4783768459db8578a725ee3e218,208.6,217.8,9.2,88,0,1,2026-05-29 11:05:33.776658,c0bda3448fb3467ab0b426646f1321d7,https://youtu.be/iXJVpjJSchk?si=p6CIr7zTQY6DKW7B,iXJVpjJSchk,Kauda - Sangita Thapa & Milan Thapa | Nepali Song,done,2026-05-29 11:05:07.837455,2026-05-29 11:05:33.786313
fbac5d48a67f4c66b036a75c616c3475,217.8,224.2,6.4,89,0,1,2026-05-29 11:05:33.776658,c0bda3448fb3467ab0b426646f1321d7,https://youtu.be/iXJVpjJSchk?si=p6CIr7zTQY6DKW7B,iXJVpjJSchk,Kauda - Sangita Thapa & Milan Thapa | Nepali Song,done,2026-05-29 11:05:07.837455,2026-05-29 11:05:33.786313
5f8ff9993abb4db595d5ccab4f92abbe,224.2,229.4,5.2,90,0,1,2026-05-29 11:05:33.776658,c0bda3448fb3467ab0b426646f1321d7,https://youtu.be/iXJVpjJSchk?si=p6CIr7zTQY6DKW7B,iXJVpjJSchk,Kauda - Sangita Thapa & Milan Thapa | Nepali Song,done,2026-05-29 11:05:07.837455,2026-05-29 11:05:33.786313
8c2d9d72a36e482dbb77b9d3bfb991e1,229.4,234.267,4.867,91,0,1,2026-05-29 11:05:33.776658,c0bda3448fb3467ab0b426646f1321d7,https://youtu.be/iXJVpjJSchk?si=p6CIr7zTQY6DKW7B,iXJVpjJSchk,Kauda - Sangita Thapa & Milan Thapa | Nepali Song,done,2026-05-29 11:05:07.837455,2026-05-29 11:05:33.786313
2abe177ea0b14d36b67b80d6bad305a8,234.267,237.733,3.467,92,0,1,2026-05-29 11:05:33.776658,c0bda3448fb3467ab0b426646f1321d7,https://youtu.be/iXJVpjJSchk?si=p6CIr7zTQY6DKW7B,iXJVpjJSchk,Kauda - Sangita Thapa & Milan Thapa | Nepali Song,done,2026-05-29 11:05:07.837455,2026-05-29 11:05:33.786313
10a710feac2d4030b92dd1cd392242a7,243.267,246.333,3.067,96,0,1,2026-05-29 11:05:33.777210,c0bda3448fb3467ab0b426646f1321d7,https://youtu.be/iXJVpjJSchk?si=p6CIr7zTQY6DKW7B,iXJVpjJSchk,Kauda - Sangita Thapa & Milan Thapa | Nepali Song,done,2026-05-29 11:05:07.837455,2026-05-29 11:05:33.786313
b6b03a9ca4ca4b66953ddb78b513078b,254.467,258.467,4.0,101,0,1,2026-05-29 11:05:33.777210,c0bda3448fb3467ab0b426646f1321d7,https://youtu.be/iXJVpjJSchk?si=p6CIr7zTQY6DKW7B,iXJVpjJSchk,Kauda - Sangita Thapa & Milan Thapa | Nepali Song,done,2026-05-29 11:05:07.837455,2026-05-29 11:05:33.786313
1163977683f345b6a398179f26c0b930,258.467,262.533,4.067,102,0,1,2026-05-29 11:05:33.777210,c0bda3448fb3467ab0b426646f1321d7,https://youtu.be/iXJVpjJSchk?si=p6CIr7zTQY6DKW7B,iXJVpjJSchk,Kauda - Sangita Thapa & Milan Thapa | Nepali Song,done,2026-05-29 11:05:07.837455,2026-05-29 11:05:33.786313
2fe2557635924df0974e49e2073a2d77,269.4,278.867,9.467,107,0,1,2026-05-29 11:05:33.777210,c0bda3448fb3467ab0b426646f1321d7,https://youtu.be/iXJVpjJSchk?si=p6CIr7zTQY6DKW7B,iXJVpjJSchk,Kauda - Sangita Thapa & Milan Thapa | Nepali Song,done,2026-05-29 11:05:07.837455,2026-05-29 11:05:33.786313
9d7a070931c745269401738b94ba1bbc,278.867,283.467,4.6,108,0,1,2026-05-29 11:05:33.777210,c0bda3448fb3467ab0b426646f1321d7,https://youtu.be/iXJVpjJSchk?si=p6CIr7zTQY6DKW7B,iXJVpjJSchk,Kauda - Sangita Thapa & Milan Thapa | Nepali Song,done,2026-05-29 11:05:07.837455,2026-05-29 11:05:33.786313
56f60f900ef243579d22b54ba2909b64,283.467,287.267,3.8,109,0,1,2026-05-29 11:05:33.777210,c0bda3448fb3467ab0b426646f1321d7,https://youtu.be/iXJVpjJSchk?si=p6CIr7zTQY6DKW7B,iXJVpjJSchk,Kauda - Sangita Thapa & Milan Thapa | Nepali Song,done,2026-05-29 11:05:07.837455,2026-05-29 11:05:33.786313
3a8f479b273e45f0bcb96dfb2f66ccbd,313.133,316.333,3.2,123,0,1,2026-05-29 11:05:33.777210,c0bda3448fb3467ab0b426646f1321d7,https://youtu.be/iXJVpjJSchk?si=p6CIr7zTQY6DKW7B,iXJVpjJSchk,Kauda - Sangita Thapa & Milan Thapa | Nepali Song,done,2026-05-29 11:05:07.837455,2026-05-29 11:05:33.786313
0f9b7bba94e346b7b98349a8548039a3,316.333,320.2,3.867,124,0,1,2026-05-29 11:05:33.777210,c0bda3448fb3467ab0b426646f1321d7,https://youtu.be/iXJVpjJSchk?si=p6CIr7zTQY6DKW7B,iXJVpjJSchk,Kauda - Sangita Thapa & Milan Thapa | Nepali Song,done,2026-05-29 11:05:07.837455,2026-05-29 11:05:33.786313
48c58832be434ad78c02d5f2541c2bd4,335.2,340.8,5.6,133,0,1,2026-05-29 11:05:33.777210,c0bda3448fb3467ab0b426646f1321d7,https://youtu.be/iXJVpjJSchk?si=p6CIr7zTQY6DKW7B,iXJVpjJSchk,Kauda - Sangita Thapa & Milan Thapa | Nepali Song,done,2026-05-29 11:05:07.837455,2026-05-29 11:05:33.786313
e5d3b142b81c46299c6db4208cb94020,342.267,345.6,3.333,135,0,1,2026-05-29 11:05:33.777210,c0bda3448fb3467ab0b426646f1321d7,https://youtu.be/iXJVpjJSchk?si=p6CIr7zTQY6DKW7B,iXJVpjJSchk,Kauda - Sangita Thapa & Milan Thapa | Nepali Song,done,2026-05-29 11:05:07.837455,2026-05-29 11:05:33.786313
bb368fa565474e6dad7be25c0427a8d1,348.533,351.533,3.0,138,0,1,2026-05-29 11:05:33.777210,c0bda3448fb3467ab0b426646f1321d7,https://youtu.be/iXJVpjJSchk?si=p6CIr7zTQY6DKW7B,iXJVpjJSchk,Kauda - Sangita Thapa & Milan Thapa | Nepali Song,done,2026-05-29 11:05:07.837455,2026-05-29 11:05:33.786313
9e11dc611a034327b4dc66483de91429,351.533,355.2,3.667,139,0,1,2026-05-29 11:05:33.777210,c0bda3448fb3467ab0b426646f1321d7,https://youtu.be/iXJVpjJSchk?si=p6CIr7zTQY6DKW7B,iXJVpjJSchk,Kauda - Sangita Thapa & Milan Thapa | Nepali Song,done,2026-05-29 11:05:07.837455,2026-05-29 11:05:33.786313
091dfd42fcb245429f9333d6bd712735,359.333,363.4,4.067,142,0,1,2026-05-29 11:05:33.777210,c0bda3448fb3467ab0b426646f1321d7,https://youtu.be/iXJVpjJSchk?si=p6CIr7zTQY6DKW7B,iXJVpjJSchk,Kauda - Sangita Thapa & Milan Thapa | Nepali Song,done,2026-05-29 11:05:07.837455,2026-05-29 11:05:33.786313
552cd782dfe94041b8ca0faadb6d3ac5,365.933,369.667,3.733,144,0,1,2026-05-29 11:05:33.777210,c0bda3448fb3467ab0b426646f1321d7,https://youtu.be/iXJVpjJSchk?si=p6CIr7zTQY6DKW7B,iXJVpjJSchk,Kauda - Sangita Thapa & Milan Thapa | Nepali Song,done,2026-05-29 11:05:07.837455,2026-05-29 11:05:33.786313
7d085a5cd2524ad1b86aa8b5a3b4d860,369.667,379.667,10.0,145,0,1,2026-05-29 11:05:33.777210,c0bda3448fb3467ab0b426646f1321d7,https://youtu.be/iXJVpjJSchk?si=p6CIr7zTQY6DKW7B,iXJVpjJSchk,Kauda - Sangita Thapa & Milan Thapa | Nepali Song,done,2026-05-29 11:05:07.837455,2026-05-29 11:05:33.786313
424699a8670f40cabc185fe55184adce,382.267,387.0,4.733,146,0,1,2026-05-29 11:05:33.777210,c0bda3448fb3467ab0b426646f1321d7,https://youtu.be/iXJVpjJSchk?si=p6CIr7zTQY6DKW7B,iXJVpjJSchk,Kauda - Sangita Thapa & Milan Thapa | Nepali Song,done,2026-05-29 11:05:07.837455,2026-05-29 11:05:33.786313
2fd32ec73ce0457cbd8507fbd37707a9,387.0,390.133,3.133,147,0,1,2026-05-29 11:05:33.777210,c0bda3448fb3467ab0b426646f1321d7,https://youtu.be/iXJVpjJSchk?si=p6CIr7zTQY6DKW7B,iXJVpjJSchk,Kauda - Sangita Thapa & Milan Thapa | Nepali Song,done,2026-05-29 11:05:07.837455,2026-05-29 11:05:33.786313
648d530ac62d47698dc09361beefec24,391.533,394.6,3.067,149,0,1,2026-05-29 11:05:33.777210,c0bda3448fb3467ab0b426646f1321d7,https://youtu.be/iXJVpjJSchk?si=p6CIr7zTQY6DKW7B,iXJVpjJSchk,Kauda - Sangita Thapa & Milan Thapa | Nepali Song,done,2026-05-29 11:05:07.837455,2026-05-29 11:05:33.786313
4d323aa961674cbda94cdb59cfb7cc60,394.6,397.867,3.267,150,0,1,2026-05-29 11:05:33.777210,c0bda3448fb3467ab0b426646f1321d7,https://youtu.be/iXJVpjJSchk?si=p6CIr7zTQY6DKW7B,iXJVpjJSchk,Kauda - Sangita Thapa & Milan Thapa | Nepali Song,done,2026-05-29 11:05:07.837455,2026-05-29 11:05:33.786313
5cebcdd339364c3ba978d2315a011593,409.067,413.4,4.333,157,0,1,2026-05-29 11:05:33.777210,c0bda3448fb3467ab0b426646f1321d7,https://youtu.be/iXJVpjJSchk?si=p6CIr7zTQY6DKW7B,iXJVpjJSchk,Kauda - Sangita Thapa & Milan Thapa | Nepali Song,done,2026-05-29 11:05:07.837455,2026-05-29 11:05:33.786313
19dd5ae193094f37add1f6e937dabe84,415.2,419.133,3.933,159,0,1,2026-05-29 11:05:33.777210,c0bda3448fb3467ab0b426646f1321d7,https://youtu.be/iXJVpjJSchk?si=p6CIr7zTQY6DKW7B,iXJVpjJSchk,Kauda - Sangita Thapa & Milan Thapa | Nepali Song,done,2026-05-29 11:05:07.837455,2026-05-29 11:05:33.786313
5e4e09c166eb48168336f837cb91e2d7,419.133,426.533,7.4,160,0,1,2026-05-29 11:05:33.777210,c0bda3448fb3467ab0b426646f1321d7,https://youtu.be/iXJVpjJSchk?si=p6CIr7zTQY6DKW7B,iXJVpjJSchk,Kauda - Sangita Thapa & Milan Thapa | Nepali Song,done,2026-05-29 11:05:07.837455,2026-05-29 11:05:33.786313
76fdba86ba6f470fb79bbeaa7338677b,428.4,431.4,3.0,162,0,1,2026-05-29 11:05:33.777210,c0bda3448fb3467ab0b426646f1321d7,https://youtu.be/iXJVpjJSchk?si=p6CIr7zTQY6DKW7B,iXJVpjJSchk,Kauda - Sangita Thapa & Milan Thapa | Nepali Song,done,2026-05-29 11:05:07.837455,2026-05-29 11:05:33.786313
db5b8cc50c8c4397982f78ca681a4957,433.467,436.8,3.333,164,0,1,2026-05-29 11:05:33.777210,c0bda3448fb3467ab0b426646f1321d7,https://youtu.be/iXJVpjJSchk?si=p6CIr7zTQY6DKW7B,iXJVpjJSchk,Kauda - Sangita Thapa & Milan Thapa | Nepali Song,done,2026-05-29 11:05:07.837455,2026-05-29 11:05:33.786313
00c3523c19a344f98eea186bf2f8f273,438.533,442.533,4.0,166,0,1,2026-05-29 11:05:33.777210,c0bda3448fb3467ab0b426646f1321d7,https://youtu.be/iXJVpjJSchk?si=p6CIr7zTQY6DKW7B,iXJVpjJSchk,Kauda - Sangita Thapa & Milan Thapa | Nepali Song,done,2026-05-29 11:05:07.837455,2026-05-29 11:05:33.786313
e271791ee5e6498d9a9d6d430462ebdf,450.733,454.8,4.067,171,0,1,2026-05-29 11:05:33.777210,c0bda3448fb3467ab0b426646f1321d7,https://youtu.be/iXJVpjJSchk?si=p6CIr7zTQY6DKW7B,iXJVpjJSchk,Kauda - Sangita Thapa & Milan Thapa | Nepali Song,done,2026-05-29 11:05:07.837455,2026-05-29 11:05:33.786313
2081f5e5c8504658af77da6a395ea594,454.8,458.933,4.133,172,0,1,2026-05-29 11:05:33.777210,c0bda3448fb3467ab0b426646f1321d7,https://youtu.be/iXJVpjJSchk?si=p6CIr7zTQY6DKW7B,iXJVpjJSchk,Kauda - Sangita Thapa & Milan Thapa | Nepali Song,done,2026-05-29 11:05:07.837455,2026-05-29 11:05:33.786313
4c65299bab9640c08aab4e4cf354261e,458.933,462.933,4.0,173,0,1,2026-05-29 11:05:33.777210,c0bda3448fb3467ab0b426646f1321d7,https://youtu.be/iXJVpjJSchk?si=p6CIr7zTQY6DKW7B,iXJVpjJSchk,Kauda - Sangita Thapa & Milan Thapa | Nepali Song,done,2026-05-29 11:05:07.837455,2026-05-29 11:05:33.786313
1918d9a8422e4648a5789008d2379fe9,462.933,467.2,4.267,174,0,1,2026-05-29 11:05:33.777210,c0bda3448fb3467ab0b426646f1321d7,https://youtu.be/iXJVpjJSchk?si=p6CIr7zTQY6DKW7B,iXJVpjJSchk,Kauda - Sangita Thapa & Milan Thapa | Nepali Song,done,2026-05-29 11:05:07.837455,2026-05-29 11:05:33.786313
3573bfdf7c4246e68196a50c192cb9a4,467.2,474.533,7.333,175,0,1,2026-05-29 11:05:33.777210,c0bda3448fb3467ab0b426646f1321d7,https://youtu.be/iXJVpjJSchk?si=p6CIr7zTQY6DKW7B,iXJVpjJSchk,Kauda - Sangita Thapa & Milan Thapa | Nepali Song,done,2026-05-29 11:05:07.837455,2026-05-29 11:05:33.786313
d6935e1348e8432db31785b727294635,474.533,477.6,3.067,176,0,1,2026-05-29 11:05:33.777210,c0bda3448fb3467ab0b426646f1321d7,https://youtu.be/iXJVpjJSchk?si=p6CIr7zTQY6DKW7B,iXJVpjJSchk,Kauda - Sangita Thapa & Milan Thapa | Nepali Song,done,2026-05-29 11:05:07.837455,2026-05-29 11:05:33.786313
6b9170704548486ab3a1233eaeb03354,483.333,487.533,4.2,179,0,1,2026-05-29 11:05:33.777210,c0bda3448fb3467ab0b426646f1321d7,https://youtu.be/iXJVpjJSchk?si=p6CIr7zTQY6DKW7B,iXJVpjJSchk,Kauda - Sangita Thapa & Milan Thapa | Nepali Song,done,2026-05-29 11:05:07.837455,2026-05-29 11:05:33.786313
5004ca56138d475c9aba59e5147e2c86,487.533,494.333,6.8,180,0,1,2026-05-29 11:05:33.777210,c0bda3448fb3467ab0b426646f1321d7,https://youtu.be/iXJVpjJSchk?si=p6CIr7zTQY6DKW7B,iXJVpjJSchk,Kauda - Sangita Thapa & Milan Thapa | Nepali Song,done,2026-05-29 11:05:07.837455,2026-05-29 11:05:33.786313
0ae5e8bd1fc343b7a85b975ba0726f4f,494.333,498.4,4.067,181,0,1,2026-05-29 11:05:33.777210,c0bda3448fb3467ab0b426646f1321d7,https://youtu.be/iXJVpjJSchk?si=p6CIr7zTQY6DKW7B,iXJVpjJSchk,Kauda - Sangita Thapa & Milan Thapa | Nepali Song,done,2026-05-29 11:05:07.837455,2026-05-29 11:05:33.786313
014f023480aa4f698177127c1843e3fd,527.0,531.0,4.0,200,0,1,2026-05-29 11:05:33.777753,c0bda3448fb3467ab0b426646f1321d7,https://youtu.be/iXJVpjJSchk?si=p6CIr7zTQY6DKW7B,iXJVpjJSchk,Kauda - Sangita Thapa & Milan Thapa | Nepali Song,done,2026-05-29 11:05:07.837455,2026-05-29 11:05:33.786313
426ef1fb27664fb18931fc901b408e4b,531.0,534.933,3.933,201,0,1,2026-05-29 11:05:33.777753,c0bda3448fb3467ab0b426646f1321d7,https://youtu.be/iXJVpjJSchk?si=p6CIr7zTQY6DKW7B,iXJVpjJSchk,Kauda - Sangita Thapa & Milan Thapa | Nepali Song,done,2026-05-29 11:05:07.837455,2026-05-29 11:05:33.786313
887814284a7346668031228b5a0da61b,543.333,546.8,3.467,206,0,1,2026-05-29 11:05:33.777753,c0bda3448fb3467ab0b426646f1321d7,https://youtu.be/iXJVpjJSchk?si=p6CIr7zTQY6DKW7B,iXJVpjJSchk,Kauda - Sangita Thapa & Milan Thapa | Nepali Song,done,2026-05-29 11:05:07.837455,2026-05-29 11:05:33.786313
3107574875d445e8bbdd0346adaafd5f,555.533,561.0,5.467,211,0,1,2026-05-29 11:05:33.777753,c0bda3448fb3467ab0b426646f1321d7,https://youtu.be/iXJVpjJSchk?si=p6CIr7zTQY6DKW7B,iXJVpjJSchk,Kauda - Sangita Thapa & Milan Thapa | Nepali Song,done,2026-05-29 11:05:07.837455,2026-05-29 11:05:33.786313
63c20902a3f14374928c9f4002bf6a89,566.8,570.067,3.267,214,0,1,2026-05-29 11:05:33.777753,c0bda3448fb3467ab0b426646f1321d7,https://youtu.be/iXJVpjJSchk?si=p6CIr7zTQY6DKW7B,iXJVpjJSchk,Kauda - Sangita Thapa & Milan Thapa | Nepali Song,done,2026-05-29 11:05:07.837455,2026-05-29 11:05:33.786313
7c65d9c2d53046b0949ee0c99b82113f,593.333,596.733,3.4,228,0,1,2026-05-29 11:05:33.777753,c0bda3448fb3467ab0b426646f1321d7,https://youtu.be/iXJVpjJSchk?si=p6CIr7zTQY6DKW7B,iXJVpjJSchk,Kauda - Sangita Thapa & Milan Thapa | Nepali Song,done,2026-05-29 11:05:07.837455,2026-05-29 11:05:33.786313
d8b94f4660f04ee2a4b0450b8c36d7a5,598.933,602.467,3.533,230,0,1,2026-05-29 11:05:33.777753,c0bda3448fb3467ab0b426646f1321d7,https://youtu.be/iXJVpjJSchk?si=p6CIr7zTQY6DKW7B,iXJVpjJSchk,Kauda - Sangita Thapa & Milan Thapa | Nepali Song,done,2026-05-29 11:05:07.837455,2026-05-29 11:05:33.786313
8804f3d4acae46628baea1883d0d538a,607.933,611.267,3.333,234,0,1,2026-05-29 11:05:33.777753,c0bda3448fb3467ab0b426646f1321d7,https://youtu.be/iXJVpjJSchk?si=p6CIr7zTQY6DKW7B,iXJVpjJSchk,Kauda - Sangita Thapa & Milan Thapa | Nepali Song,done,2026-05-29 11:05:07.837455,2026-05-29 11:05:33.786313
3ad5a94087ca42fd8d5c9cd076fd2148,616.8,626.8,10.0,237,0,1,2026-05-29 11:05:33.777753,c0bda3448fb3467ab0b426646f1321d7,https://youtu.be/iXJVpjJSchk?si=p6CIr7zTQY6DKW7B,iXJVpjJSchk,Kauda - Sangita Thapa & Milan Thapa | Nepali Song,done,2026-05-29 11:05:07.837455,2026-05-29 11:05:33.786313
3d456b7d88484e65bcedc64e9335f949,0.0,7.4,7.4,0,0,1,2026-05-29 11:07:30.318638,4aaf3516a5c143119efe96ece5eb07b1,https://youtu.be/3QtG-NCdBy4?si=BqZXA3df6rDt9lq_,3QtG-NCdBy4,Ke Garera Din - Khuman Adhikari/Gyanbir Saaru Maghar/Devi Gharti | Nepali Lok Dohori,done,2026-05-29 11:06:58.403903,2026-05-29 11:07:30.344068
6cd2c8a930304742a4043361d06d8f84,17.8,25.8,8.0,7,0,1,2026-05-29 11:07:30.318638,4aaf3516a5c143119efe96ece5eb07b1,https://youtu.be/3QtG-NCdBy4?si=BqZXA3df6rDt9lq_,3QtG-NCdBy4,Ke Garera Din - Khuman Adhikari/Gyanbir Saaru Maghar/Devi Gharti | Nepali Lok Dohori,done,2026-05-29 11:06:58.403903,2026-05-29 11:07:30.344068
0aaf4b8bc238483cbf95bf59c57a7cfe,35.133,38.333,3.2,14,0,1,2026-05-29 11:07:30.318638,4aaf3516a5c143119efe96ece5eb07b1,https://youtu.be/3QtG-NCdBy4?si=BqZXA3df6rDt9lq_,3QtG-NCdBy4,Ke Garera Din - Khuman Adhikari/Gyanbir Saaru Maghar/Devi Gharti | Nepali Lok Dohori,done,2026-05-29 11:06:58.403903,2026-05-29 11:07:30.344068
e7065386179643c5af95b300803536be,42.933,47.733,4.8,18,0,1,2026-05-29 11:07:30.318638,4aaf3516a5c143119efe96ece5eb07b1,https://youtu.be/3QtG-NCdBy4?si=BqZXA3df6rDt9lq_,3QtG-NCdBy4,Ke Garera Din - Khuman Adhikari/Gyanbir Saaru Maghar/Devi Gharti | Nepali Lok Dohori,done,2026-05-29 11:06:58.403903,2026-05-29 11:07:30.344068
af7a78b83168448ea940c77d0caf4661,47.733,50.8,3.067,19,0,1,2026-05-29 11:07:30.318638,4aaf3516a5c143119efe96ece5eb07b1,https://youtu.be/3QtG-NCdBy4?si=BqZXA3df6rDt9lq_,3QtG-NCdBy4,Ke Garera Din - Khuman Adhikari/Gyanbir Saaru Maghar/Devi Gharti | Nepali Lok Dohori,done,2026-05-29 11:06:58.403903,2026-05-29 11:07:30.344068
f4ea7f704e8949259327c78fea432661,50.8,53.933,3.133,20,0,1,2026-05-29 11:07:30.318638,4aaf3516a5c143119efe96ece5eb07b1,https://youtu.be/3QtG-NCdBy4?si=BqZXA3df6rDt9lq_,3QtG-NCdBy4,Ke Garera Din - Khuman Adhikari/Gyanbir Saaru Maghar/Devi Gharti | Nepali Lok Dohori,done,2026-05-29 11:06:58.403903,2026-05-29 11:07:30.344068
84a4afea3b7b4c499e967808fce8921a,55.533,58.533,3.0,22,0,1,2026-05-29 11:07:30.318638,4aaf3516a5c143119efe96ece5eb07b1,https://youtu.be/3QtG-NCdBy4?si=BqZXA3df6rDt9lq_,3QtG-NCdBy4,Ke Garera Din - Khuman Adhikari/Gyanbir Saaru Maghar/Devi Gharti | Nepali Lok Dohori,done,2026-05-29 11:06:58.403903,2026-05-29 11:07:30.344068
aa585ddaea9a42759af7fa93a56f66bd,58.533,61.8,3.267,23,0,1,2026-05-29 11:07:30.319198,4aaf3516a5c143119efe96ece5eb07b1,https://youtu.be/3QtG-NCdBy4?si=BqZXA3df6rDt9lq_,3QtG-NCdBy4,Ke Garera Din - Khuman Adhikari/Gyanbir Saaru Maghar/Devi Gharti | Nepali Lok Dohori,done,2026-05-29 11:06:58.403903,2026-05-29 11:07:30.344068
cf07e18120f3478c9ace29e4534b4143,64.867,67.933,3.067,26,0,1,2026-05-29 11:07:30.319198,4aaf3516a5c143119efe96ece5eb07b1,https://youtu.be/3QtG-NCdBy4?si=BqZXA3df6rDt9lq_,3QtG-NCdBy4,Ke Garera Din - Khuman Adhikari/Gyanbir Saaru Maghar/Devi Gharti | Nepali Lok Dohori,done,2026-05-29 11:06:58.403903,2026-05-29 11:07:30.344068
6518a5506191481180459f6e75cf63a1,67.933,71.067,3.133,27,0,1,2026-05-29 11:07:30.319198,4aaf3516a5c143119efe96ece5eb07b1,https://youtu.be/3QtG-NCdBy4?si=BqZXA3df6rDt9lq_,3QtG-NCdBy4,Ke Garera Din - Khuman Adhikari/Gyanbir Saaru Maghar/Devi Gharti | Nepali Lok Dohori,done,2026-05-29 11:06:58.403903,2026-05-29 11:07:30.344068
244f18857c4c417385cf15a25b492beb,72.667,78.0,5.333,29,0,1,2026-05-29 11:07:30.319198,4aaf3516a5c143119efe96ece5eb07b1,https://youtu.be/3QtG-NCdBy4?si=BqZXA3df6rDt9lq_,3QtG-NCdBy4,Ke Garera Din - Khuman Adhikari/Gyanbir Saaru Maghar/Devi Gharti | Nepali Lok Dohori,done,2026-05-29 11:06:58.403903,2026-05-29 11:07:30.344068
7b6c1dc2cfbf481c8be46e1959096420,79.0,83.733,4.733,31,0,1,2026-05-29 11:07:30.319198,4aaf3516a5c143119efe96ece5eb07b1,https://youtu.be/3QtG-NCdBy4?si=BqZXA3df6rDt9lq_,3QtG-NCdBy4,Ke Garera Din - Khuman Adhikari/Gyanbir Saaru Maghar/Devi Gharti | Nepali Lok Dohori,done,2026-05-29 11:06:58.403903,2026-05-29 11:07:30.344068
1c6e2e0130c340b89c098f3da6fd8a77,83.733,86.733,3.0,32,0,1,2026-05-29 11:07:30.319198,4aaf3516a5c143119efe96ece5eb07b1,https://youtu.be/3QtG-NCdBy4?si=BqZXA3df6rDt9lq_,3QtG-NCdBy4,Ke Garera Din - Khuman Adhikari/Gyanbir Saaru Maghar/Devi Gharti | Nepali Lok Dohori,done,2026-05-29 11:06:58.403903,2026-05-29 11:07:30.344068
55f2f202e3db47549b5a2d730e6da6f7,88.333,91.467,3.133,34,0,1,2026-05-29 11:07:30.319198,4aaf3516a5c143119efe96ece5eb07b1,https://youtu.be/3QtG-NCdBy4?si=BqZXA3df6rDt9lq_,3QtG-NCdBy4,Ke Garera Din - Khuman Adhikari/Gyanbir Saaru Maghar/Devi Gharti | Nepali Lok Dohori,done,2026-05-29 11:06:58.403903,2026-05-29 11:07:30.344068
7704dc67e6a048f3b4a4347ec25cba91,93.133,96.2,3.067,36,0,1,2026-05-29 11:07:30.319198,4aaf3516a5c143119efe96ece5eb07b1,https://youtu.be/3QtG-NCdBy4?si=BqZXA3df6rDt9lq_,3QtG-NCdBy4,Ke Garera Din - Khuman Adhikari/Gyanbir Saaru Maghar/Devi Gharti | Nepali Lok Dohori,done,2026-05-29 11:06:58.403903,2026-05-29 11:07:30.344068
0aefd1bd0d414c728469beadc5bd2d2e,97.733,100.867,3.133,38,0,1,2026-05-29 11:07:30.319198,4aaf3516a5c143119efe96ece5eb07b1,https://youtu.be/3QtG-NCdBy4?si=BqZXA3df6rDt9lq_,3QtG-NCdBy4,Ke Garera Din - Khuman Adhikari/Gyanbir Saaru Maghar/Devi Gharti | Nepali Lok Dohori,done,2026-05-29 11:06:58.403903,2026-05-29 11:07:30.344068
faf54410029d4878ba13d0f86c8e6661,100.867,103.933,3.067,39,0,1,2026-05-29 11:07:30.319198,4aaf3516a5c143119efe96ece5eb07b1,https://youtu.be/3QtG-NCdBy4?si=BqZXA3df6rDt9lq_,3QtG-NCdBy4,Ke Garera Din - Khuman Adhikari/Gyanbir Saaru Maghar/Devi Gharti | Nepali Lok Dohori,done,2026-05-29 11:06:58.403903,2026-05-29 11:07:30.344068
0fccb2266bab4165a08afa9f5612ef0c,103.933,107.2,3.267,40,0,1,2026-05-29 11:07:30.319198,4aaf3516a5c143119efe96ece5eb07b1,https://youtu.be/3QtG-NCdBy4?si=BqZXA3df6rDt9lq_,3QtG-NCdBy4,Ke Garera Din - Khuman Adhikari/Gyanbir Saaru Maghar/Devi Gharti | Nepali Lok Dohori,done,2026-05-29 11:06:58.403903,2026-05-29 11:07:30.344068
fc2bafb9885d41b6b032965e6cee69f8,107.2,110.333,3.133,41,0,1,2026-05-29 11:07:30.319198,4aaf3516a5c143119efe96ece5eb07b1,https://youtu.be/3QtG-NCdBy4?si=BqZXA3df6rDt9lq_,3QtG-NCdBy4,Ke Garera Din - Khuman Adhikari/Gyanbir Saaru Maghar/Devi Gharti | Nepali Lok Dohori,done,2026-05-29 11:06:58.403903,2026-05-29 11:07:30.344068
f74edd0679d64f3cb613581423e7e33d,112.6,116.533,3.933,43,0,1,2026-05-29 11:07:30.319198,4aaf3516a5c143119efe96ece5eb07b1,https://youtu.be/3QtG-NCdBy4?si=BqZXA3df6rDt9lq_,3QtG-NCdBy4,Ke Garera Din - Khuman Adhikari/Gyanbir Saaru Maghar/Devi Gharti | Nepali Lok Dohori,done,2026-05-29 11:06:58.403903,2026-05-29 11:07:30.344068
792e1cab8b314709869ed18af0dcce47,116.533,121.2,4.667,44,0,1,2026-05-29 11:07:30.319198,4aaf3516a5c143119efe96ece5eb07b1,https://youtu.be/3QtG-NCdBy4?si=BqZXA3df6rDt9lq_,3QtG-NCdBy4,Ke Garera Din - Khuman Adhikari/Gyanbir Saaru Maghar/Devi Gharti | Nepali Lok Dohori,done,2026-05-29 11:06:58.403903,2026-05-29 11:07:30.344068
7b5f75dce6ff47be8791b44a985261ae,125.933,130.6,4.667,48,0,1,2026-05-29 11:07:30.319198,4aaf3516a5c143119efe96ece5eb07b1,https://youtu.be/3QtG-NCdBy4?si=BqZXA3df6rDt9lq_,3QtG-NCdBy4,Ke Garera Din - Khuman Adhikari/Gyanbir Saaru Maghar/Devi Gharti | Nepali Lok Dohori,done,2026-05-29 11:06:58.403903,2026-05-29 11:07:30.344068
622af348b7cf455181bb9f1d3fcec86f,130.6,133.867,3.267,49,0,1,2026-05-29 11:07:30.319198,4aaf3516a5c143119efe96ece5eb07b1,https://youtu.be/3QtG-NCdBy4?si=BqZXA3df6rDt9lq_,3QtG-NCdBy4,Ke Garera Din - Khuman Adhikari/Gyanbir Saaru Maghar/Devi Gharti | Nepali Lok Dohori,done,2026-05-29 11:06:58.403903,2026-05-29 11:07:30.344068
02d4b9c0fbd2438c9a7d9b9d01c14297,135.4,138.4,3.0,51,0,1,2026-05-29 11:07:30.319198,4aaf3516a5c143119efe96ece5eb07b1,https://youtu.be/3QtG-NCdBy4?si=BqZXA3df6rDt9lq_,3QtG-NCdBy4,Ke Garera Din - Khuman Adhikari/Gyanbir Saaru Maghar/Devi Gharti | Nepali Lok Dohori,done,2026-05-29 11:06:58.403903,2026-05-29 11:07:30.344068
ae6517d20a324ba888cbbdbd2732d8e6,141.467,146.2,4.733,54,0,1,2026-05-29 11:07:30.319198,4aaf3516a5c143119efe96ece5eb07b1,https://youtu.be/3QtG-NCdBy4?si=BqZXA3df6rDt9lq_,3QtG-NCdBy4,Ke Garera Din - Khuman Adhikari/Gyanbir Saaru Maghar/Devi Gharti | Nepali Lok Dohori,done,2026-05-29 11:06:58.403903,2026-05-29 11:07:30.344068
69741af2f6e3471cac5fea6852e71a7e,146.2,149.4,3.2,55,0,1,2026-05-29 11:07:30.319198,4aaf3516a5c143119efe96ece5eb07b1,https://youtu.be/3QtG-NCdBy4?si=BqZXA3df6rDt9lq_,3QtG-NCdBy4,Ke Garera Din - Khuman Adhikari/Gyanbir Saaru Maghar/Devi Gharti | Nepali Lok Dohori,done,2026-05-29 11:06:58.403903,2026-05-29 11:07:30.344068
94c0f983cc214f779d0ff283e1d95899,151.0,158.8,7.8,57,0,1,2026-05-29 11:07:30.319198,4aaf3516a5c143119efe96ece5eb07b1,https://youtu.be/3QtG-NCdBy4?si=BqZXA3df6rDt9lq_,3QtG-NCdBy4,Ke Garera Din - Khuman Adhikari/Gyanbir Saaru Maghar/Devi Gharti | Nepali Lok Dohori,done,2026-05-29 11:06:58.403903,2026-05-29 11:07:30.344068
0cf42401cec444f0a15b43857927974d,160.4,163.4,3.0,59,0,1,2026-05-29 11:07:30.319198,4aaf3516a5c143119efe96ece5eb07b1,https://youtu.be/3QtG-NCdBy4?si=BqZXA3df6rDt9lq_,3QtG-NCdBy4,Ke Garera Din - Khuman Adhikari/Gyanbir Saaru Maghar/Devi Gharti | Nepali Lok Dohori,done,2026-05-29 11:06:58.403903,2026-05-29 11:07:30.344068
a6b385ae9b724f00afce2ec20f82f549,163.4,166.6,3.2,60,0,1,2026-05-29 11:07:30.319198,4aaf3516a5c143119efe96ece5eb07b1,https://youtu.be/3QtG-NCdBy4?si=BqZXA3df6rDt9lq_,3QtG-NCdBy4,Ke Garera Din - Khuman Adhikari/Gyanbir Saaru Maghar/Devi Gharti | Nepali Lok Dohori,done,2026-05-29 11:06:58.403903,2026-05-29 11:07:30.344068
2b4dc68b08b84e3d9677d2cc737493b2,168.933,178.933,10.0,62,0,1,2026-05-29 11:07:30.319752,4aaf3516a5c143119efe96ece5eb07b1,https://youtu.be/3QtG-NCdBy4?si=BqZXA3df6rDt9lq_,3QtG-NCdBy4,Ke Garera Din - Khuman Adhikari/Gyanbir Saaru Maghar/Devi Gharti | Nepali Lok Dohori,done,2026-05-29 11:06:58.403903,2026-05-29 11:07:30.344068
49158b4fa35743e1b8dd1463cdcb8af9,185.333,188.467,3.133,64,0,1,2026-05-29 11:07:30.319752,4aaf3516a5c143119efe96ece5eb07b1,https://youtu.be/3QtG-NCdBy4?si=BqZXA3df6rDt9lq_,3QtG-NCdBy4,Ke Garera Din - Khuman Adhikari/Gyanbir Saaru Maghar/Devi Gharti | Nepali Lok Dohori,done,2026-05-29 11:06:58.403903,2026-05-29 11:07:30.344068
cf4ba59a0690414191207370f0c6db12,188.467,191.733,3.267,65,0,1,2026-05-29 11:07:30.319752,4aaf3516a5c143119efe96ece5eb07b1,https://youtu.be/3QtG-NCdBy4?si=BqZXA3df6rDt9lq_,3QtG-NCdBy4,Ke Garera Din - Khuman Adhikari/Gyanbir Saaru Maghar/Devi Gharti | Nepali Lok Dohori,done,2026-05-29 11:06:58.403903,2026-05-29 11:07:30.344068
a7a07356c50c4b0da42255d2f2ce0296,191.733,194.8,3.067,66,0,1,2026-05-29 11:07:30.319752,4aaf3516a5c143119efe96ece5eb07b1,https://youtu.be/3QtG-NCdBy4?si=BqZXA3df6rDt9lq_,3QtG-NCdBy4,Ke Garera Din - Khuman Adhikari/Gyanbir Saaru Maghar/Devi Gharti | Nepali Lok Dohori,done,2026-05-29 11:06:58.403903,2026-05-29 11:07:30.344068
fdc6a8b74b394cc488c1ad6cb8c93f97,194.8,201.133,6.333,67,0,1,2026-05-29 11:07:30.319752,4aaf3516a5c143119efe96ece5eb07b1,https://youtu.be/3QtG-NCdBy4?si=BqZXA3df6rDt9lq_,3QtG-NCdBy4,Ke Garera Din - Khuman Adhikari/Gyanbir Saaru Maghar/Devi Gharti | Nepali Lok Dohori,done,2026-05-29 11:06:58.403903,2026-05-29 11:07:30.344068
719fbcd8c6424f1a944252bd11aced16,205.8,208.933,3.133,71,0,1,2026-05-29 11:07:30.319752,4aaf3516a5c143119efe96ece5eb07b1,https://youtu.be/3QtG-NCdBy4?si=BqZXA3df6rDt9lq_,3QtG-NCdBy4,Ke Garera Din - Khuman Adhikari/Gyanbir Saaru Maghar/Devi Gharti | Nepali Lok Dohori,done,2026-05-29 11:06:58.403903,2026-05-29 11:07:30.344068
52071904d36847d8a210ab299fe4024e,208.933,212.0,3.067,72,0,1,2026-05-29 11:07:30.319752,4aaf3516a5c143119efe96ece5eb07b1,https://youtu.be/3QtG-NCdBy4?si=BqZXA3df6rDt9lq_,3QtG-NCdBy4,Ke Garera Din - Khuman Adhikari/Gyanbir Saaru Maghar/Devi Gharti | Nepali Lok Dohori,done,2026-05-29 11:06:58.403903,2026-05-29 11:07:30.344068
c33acc46ada9445dbd5b9aa1abe2d05e,212.0,216.733,4.733,73,0,1,2026-05-29 11:07:30.319752,4aaf3516a5c143119efe96ece5eb07b1,https://youtu.be/3QtG-NCdBy4?si=BqZXA3df6rDt9lq_,3QtG-NCdBy4,Ke Garera Din - Khuman Adhikari/Gyanbir Saaru Maghar/Devi Gharti | Nepali Lok Dohori,done,2026-05-29 11:06:58.403903,2026-05-29 11:07:30.344068
850891425fea4acead85ef360deb227e,216.733,219.933,3.2,74,0,1,2026-05-29 11:07:30.319752,4aaf3516a5c143119efe96ece5eb07b1,https://youtu.be/3QtG-NCdBy4?si=BqZXA3df6rDt9lq_,3QtG-NCdBy4,Ke Garera Din - Khuman Adhikari/Gyanbir Saaru Maghar/Devi Gharti | Nepali Lok Dohori,done,2026-05-29 11:06:58.403903,2026-05-29 11:07:30.344068
b94c8eadb02e44febc0be47ec4ca48b8,222.133,227.6,5.467,76,0,1,2026-05-29 11:07:30.319752,4aaf3516a5c143119efe96ece5eb07b1,https://youtu.be/3QtG-NCdBy4?si=BqZXA3df6rDt9lq_,3QtG-NCdBy4,Ke Garera Din - Khuman Adhikari/Gyanbir Saaru Maghar/Devi Gharti | Nepali Lok Dohori,done,2026-05-29 11:06:58.403903,2026-05-29 11:07:30.344068
501bfd6441da485989cde82dc47eaf83,227.6,231.133,3.533,77,0,1,2026-05-29 11:07:30.319752,4aaf3516a5c143119efe96ece5eb07b1,https://youtu.be/3QtG-NCdBy4?si=BqZXA3df6rDt9lq_,3QtG-NCdBy4,Ke Garera Din - Khuman Adhikari/Gyanbir Saaru Maghar/Devi Gharti | Nepali Lok Dohori,done,2026-05-29 11:06:58.403903,2026-05-29 11:07:30.344068
c32c4590c76b4043ab5592a4affd382b,232.333,235.467,3.133,79,0,1,2026-05-29 11:07:30.319752,4aaf3516a5c143119efe96ece5eb07b1,https://youtu.be/3QtG-NCdBy4?si=BqZXA3df6rDt9lq_,3QtG-NCdBy4,Ke Garera Din - Khuman Adhikari/Gyanbir Saaru Maghar/Devi Gharti | Nepali Lok Dohori,done,2026-05-29 11:06:58.403903,2026-05-29 11:07:30.344068
b0289ec57f264329b879abfc8bebafab,240.933,244.867,3.933,83,0,1,2026-05-29 11:07:30.319752,4aaf3516a5c143119efe96ece5eb07b1,https://youtu.be/3QtG-NCdBy4?si=BqZXA3df6rDt9lq_,3QtG-NCdBy4,Ke Garera Din - Khuman Adhikari/Gyanbir Saaru Maghar/Devi Gharti | Nepali Lok Dohori,done,2026-05-29 11:06:58.403903,2026-05-29 11:07:30.344068
0685655ae116418e85bc5514a06d8cd9,244.867,248.0,3.133,84,0,1,2026-05-29 11:07:30.319752,4aaf3516a5c143119efe96ece5eb07b1,https://youtu.be/3QtG-NCdBy4?si=BqZXA3df6rDt9lq_,3QtG-NCdBy4,Ke Garera Din - Khuman Adhikari/Gyanbir Saaru Maghar/Devi Gharti | Nepali Lok Dohori,done,2026-05-29 11:06:58.403903,2026-05-29 11:07:30.344068
256820888d674cfcba46c52cd2ef324f,248.0,251.133,3.133,85,0,1,2026-05-29 11:07:30.319752,4aaf3516a5c143119efe96ece5eb07b1,https://youtu.be/3QtG-NCdBy4?si=BqZXA3df6rDt9lq_,3QtG-NCdBy4,Ke Garera Din - Khuman Adhikari/Gyanbir Saaru Maghar/Devi Gharti | Nepali Lok Dohori,done,2026-05-29 11:06:58.403903,2026-05-29 11:07:30.344068
6f61fcceb53f432fb9cbacb44ab02a45,252.733,256.333,3.6,87,0,1,2026-05-29 11:07:30.319752,4aaf3516a5c143119efe96ece5eb07b1,https://youtu.be/3QtG-NCdBy4?si=BqZXA3df6rDt9lq_,3QtG-NCdBy4,Ke Garera Din - Khuman Adhikari/Gyanbir Saaru Maghar/Devi Gharti | Nepali Lok Dohori,done,2026-05-29 11:06:58.403903,2026-05-29 11:07:30.344068
9bb686aa27494f6f9b09e8db5d9e3e14,257.4,262.133,4.733,89,0,1,2026-05-29 11:07:30.319752,4aaf3516a5c143119efe96ece5eb07b1,https://youtu.be/3QtG-NCdBy4?si=BqZXA3df6rDt9lq_,3QtG-NCdBy4,Ke Garera Din - Khuman Adhikari/Gyanbir Saaru Maghar/Devi Gharti | Nepali Lok Dohori,done,2026-05-29 11:06:58.403903,2026-05-29 11:07:30.344068
dec3afa773b144ca9f252ca67c75db4c,262.133,265.4,3.267,90,0,1,2026-05-29 11:07:30.319752,4aaf3516a5c143119efe96ece5eb07b1,https://youtu.be/3QtG-NCdBy4?si=BqZXA3df6rDt9lq_,3QtG-NCdBy4,Ke Garera Din - Khuman Adhikari/Gyanbir Saaru Maghar/Devi Gharti | Nepali Lok Dohori,done,2026-05-29 11:06:58.403903,2026-05-29 11:07:30.344068
8d09fd8e8e304f31b01812a72068dff8,266.733,274.6,7.867,92,0,1,2026-05-29 11:07:30.319752,4aaf3516a5c143119efe96ece5eb07b1,https://youtu.be/3QtG-NCdBy4?si=BqZXA3df6rDt9lq_,3QtG-NCdBy4,Ke Garera Din - Khuman Adhikari/Gyanbir Saaru Maghar/Devi Gharti | Nepali Lok Dohori,done,2026-05-29 11:06:58.403903,2026-05-29 11:07:30.344068
947921cec3464610abaf1f163e02cadb,274.6,279.333,4.733,93,0,1,2026-05-29 11:07:30.319752,4aaf3516a5c143119efe96ece5eb07b1,https://youtu.be/3QtG-NCdBy4?si=BqZXA3df6rDt9lq_,3QtG-NCdBy4,Ke Garera Din - Khuman Adhikari/Gyanbir Saaru Maghar/Devi Gharti | Nepali Lok Dohori,done,2026-05-29 11:06:58.403903,2026-05-29 11:07:30.344068
ebe2847f110c483f99b83fa7436b700b,279.333,282.333,3.0,94,0,1,2026-05-29 11:07:30.319752,4aaf3516a5c143119efe96ece5eb07b1,https://youtu.be/3QtG-NCdBy4?si=BqZXA3df6rDt9lq_,3QtG-NCdBy4,Ke Garera Din - Khuman Adhikari/Gyanbir Saaru Maghar/Devi Gharti | Nepali Lok Dohori,done,2026-05-29 11:06:58.403903,2026-05-29 11:07:30.344068
f93af7ad140b4cec8701768fcfb0bcdd,284.867,290.267,5.4,96,0,1,2026-05-29 11:07:30.319752,4aaf3516a5c143119efe96ece5eb07b1,https://youtu.be/3QtG-NCdBy4?si=BqZXA3df6rDt9lq_,3QtG-NCdBy4,Ke Garera Din - Khuman Adhikari/Gyanbir Saaru Maghar/Devi Gharti | Nepali Lok Dohori,done,2026-05-29 11:06:58.403903,2026-05-29 11:07:30.344068
da1ef9fc44004e899c0e15cfe801a717,290.267,293.467,3.2,97,0,1,2026-05-29 11:07:30.320299,4aaf3516a5c143119efe96ece5eb07b1,https://youtu.be/3QtG-NCdBy4?si=BqZXA3df6rDt9lq_,3QtG-NCdBy4,Ke Garera Din - Khuman Adhikari/Gyanbir Saaru Maghar/Devi Gharti | Nepali Lok Dohori,done,2026-05-29 11:06:58.403903,2026-05-29 11:07:30.344068
c459196f22b14b2ab8d947d4c0e49d34,294.933,299.733,4.8,99,0,1,2026-05-29 11:07:30.320299,4aaf3516a5c143119efe96ece5eb07b1,https://youtu.be/3QtG-NCdBy4?si=BqZXA3df6rDt9lq_,3QtG-NCdBy4,Ke Garera Din - Khuman Adhikari/Gyanbir Saaru Maghar/Devi Gharti | Nepali Lok Dohori,done,2026-05-29 11:06:58.403903,2026-05-29 11:07:30.344068
cbeb893f82344254842f25f4d1256275,299.733,302.733,3.0,100,0,1,2026-05-29 11:07:30.320299,4aaf3516a5c143119efe96ece5eb07b1,https://youtu.be/3QtG-NCdBy4?si=BqZXA3df6rDt9lq_,3QtG-NCdBy4,Ke Garera Din - Khuman Adhikari/Gyanbir Saaru Maghar/Devi Gharti | Nepali Lok Dohori,done,2026-05-29 11:06:58.403903,2026-05-29 11:07:30.344068
04132506160b4b1e9f5d4e2fa1e127a1,304.333,307.533,3.2,102,0,1,2026-05-29 11:07:30.320299,4aaf3516a5c143119efe96ece5eb07b1,https://youtu.be/3QtG-NCdBy4?si=BqZXA3df6rDt9lq_,3QtG-NCdBy4,Ke Garera Din - Khuman Adhikari/Gyanbir Saaru Maghar/Devi Gharti | Nepali Lok Dohori,done,2026-05-29 11:06:58.403903,2026-05-29 11:07:30.344068
dee2a6e5c3884f7a8f122daa0ff4d8cc,307.533,310.6,3.067,103,0,1,2026-05-29 11:07:30.320299,4aaf3516a5c143119efe96ece5eb07b1,https://youtu.be/3QtG-NCdBy4?si=BqZXA3df6rDt9lq_,3QtG-NCdBy4,Ke Garera Din - Khuman Adhikari/Gyanbir Saaru Maghar/Devi Gharti | Nepali Lok Dohori,done,2026-05-29 11:06:58.403903,2026-05-29 11:07:30.344068
ed879efcfac644808f04261d45927667,310.6,313.733,3.133,104,0,1,2026-05-29 11:07:30.320299,4aaf3516a5c143119efe96ece5eb07b1,https://youtu.be/3QtG-NCdBy4?si=BqZXA3df6rDt9lq_,3QtG-NCdBy4,Ke Garera Din - Khuman Adhikari/Gyanbir Saaru Maghar/Devi Gharti | Nepali Lok Dohori,done,2026-05-29 11:06:58.403903,2026-05-29 11:07:30.344068
a393a57e7b794d3597072987378b9745,315.267,319.2,3.933,106,0,1,2026-05-29 11:07:30.320299,4aaf3516a5c143119efe96ece5eb07b1,https://youtu.be/3QtG-NCdBy4?si=BqZXA3df6rDt9lq_,3QtG-NCdBy4,Ke Garera Din - Khuman Adhikari/Gyanbir Saaru Maghar/Devi Gharti | Nepali Lok Dohori,done,2026-05-29 11:06:58.403903,2026-05-29 11:07:30.344068
894fef05f75d46fdac4f7bb6749d5553,319.2,323.133,3.933,107,0,1,2026-05-29 11:07:30.320299,4aaf3516a5c143119efe96ece5eb07b1,https://youtu.be/3QtG-NCdBy4?si=BqZXA3df6rDt9lq_,3QtG-NCdBy4,Ke Garera Din - Khuman Adhikari/Gyanbir Saaru Maghar/Devi Gharti | Nepali Lok Dohori,done,2026-05-29 11:06:58.403903,2026-05-29 11:07:30.344068
adecb646ccd84f53a100ad80c4cf325f,329.4,332.533,3.133,112,0,1,2026-05-29 11:07:30.320299,4aaf3516a5c143119efe96ece5eb07b1,https://youtu.be/3QtG-NCdBy4?si=BqZXA3df6rDt9lq_,3QtG-NCdBy4,Ke Garera Din - Khuman Adhikari/Gyanbir Saaru Maghar/Devi Gharti | Nepali Lok Dohori,done,2026-05-29 11:06:58.403903,2026-05-29 11:07:30.344068
6229f1e254964d6bbe0b6cbe2d6a1d22,337.267,343.533,6.267,116,0,1,2026-05-29 11:07:30.320299,4aaf3516a5c143119efe96ece5eb07b1,https://youtu.be/3QtG-NCdBy4?si=BqZXA3df6rDt9lq_,3QtG-NCdBy4,Ke Garera Din - Khuman Adhikari/Gyanbir Saaru Maghar/Devi Gharti | Nepali Lok Dohori,done,2026-05-29 11:06:58.403903,2026-05-29 11:07:30.344068
e6a026386a974a95b1b3c6ea1cad32c2,345.0,351.4,6.4,118,0,1,2026-05-29 11:07:30.320299,4aaf3516a5c143119efe96ece5eb07b1,https://youtu.be/3QtG-NCdBy4?si=BqZXA3df6rDt9lq_,3QtG-NCdBy4,Ke Garera Din - Khuman Adhikari/Gyanbir Saaru Maghar/Devi Gharti | Nepali Lok Dohori,done,2026-05-29 11:06:58.403903,2026-05-29 11:07:30.344068
05c01f47a25243cd991388b1cca80858,351.4,357.6,6.2,119,0,1,2026-05-29 11:07:30.320299,4aaf3516a5c143119efe96ece5eb07b1,https://youtu.be/3QtG-NCdBy4?si=BqZXA3df6rDt9lq_,3QtG-NCdBy4,Ke Garera Din - Khuman Adhikari/Gyanbir Saaru Maghar/Devi Gharti | Nepali Lok Dohori,done,2026-05-29 11:06:58.403903,2026-05-29 11:07:30.344068
d7975c8279a8437799707af12ad3ff0a,357.6,365.467,7.867,120,0,1,2026-05-29 11:07:30.320299,4aaf3516a5c143119efe96ece5eb07b1,https://youtu.be/3QtG-NCdBy4?si=BqZXA3df6rDt9lq_,3QtG-NCdBy4,Ke Garera Din - Khuman Adhikari/Gyanbir Saaru Maghar/Devi Gharti | Nepali Lok Dohori,done,2026-05-29 11:06:58.403903,2026-05-29 11:07:30.344068
2846ea47da0d402d9724c50ef63cd010,367.0,370.467,3.467,122,0,1,2026-05-29 11:07:30.320299,4aaf3516a5c143119efe96ece5eb07b1,https://youtu.be/3QtG-NCdBy4?si=BqZXA3df6rDt9lq_,3QtG-NCdBy4,Ke Garera Din - Khuman Adhikari/Gyanbir Saaru Maghar/Devi Gharti | Nepali Lok Dohori,done,2026-05-29 11:06:58.403903,2026-05-29 11:07:30.344068
7b4ce7008fc84bebafd40efb662dd9ac,370.467,376.4,5.933,123,0,1,2026-05-29 11:07:30.320299,4aaf3516a5c143119efe96ece5eb07b1,https://youtu.be/3QtG-NCdBy4?si=BqZXA3df6rDt9lq_,3QtG-NCdBy4,Ke Garera Din - Khuman Adhikari/Gyanbir Saaru Maghar/Devi Gharti | Nepali Lok Dohori,done,2026-05-29 11:06:58.403903,2026-05-29 11:07:30.344068
3871a2bf6ae74f0a9a6e7d81123630d1,376.4,385.733,9.333,124,0,1,2026-05-29 11:07:30.320299,4aaf3516a5c143119efe96ece5eb07b1,https://youtu.be/3QtG-NCdBy4?si=BqZXA3df6rDt9lq_,3QtG-NCdBy4,Ke Garera Din - Khuman Adhikari/Gyanbir Saaru Maghar/Devi Gharti | Nepali Lok Dohori,done,2026-05-29 11:06:58.403903,2026-05-29 11:07:30.344068
e1f7330e4f854c00adee2cfbf534ca32,385.733,390.533,4.8,125,0,1,2026-05-29 11:07:30.320299,4aaf3516a5c143119efe96ece5eb07b1,https://youtu.be/3QtG-NCdBy4?si=BqZXA3df6rDt9lq_,3QtG-NCdBy4,Ke Garera Din - Khuman Adhikari/Gyanbir Saaru Maghar/Devi Gharti | Nepali Lok Dohori,done,2026-05-29 11:06:58.403903,2026-05-29 11:07:30.344068
b518928105ff45f0b02eb457c4c9c0a7,390.533,393.6,3.067,126,0,1,2026-05-29 11:07:30.320299,4aaf3516a5c143119efe96ece5eb07b1,https://youtu.be/3QtG-NCdBy4?si=BqZXA3df6rDt9lq_,3QtG-NCdBy4,Ke Garera Din - Khuman Adhikari/Gyanbir Saaru Maghar/Devi Gharti | Nepali Lok Dohori,done,2026-05-29 11:06:58.403903,2026-05-29 11:07:30.344068
4e9da2a42a6a4ea4a3b5cc91b294d10b,395.2,399.8,4.6,128,0,1,2026-05-29 11:07:30.320299,4aaf3516a5c143119efe96ece5eb07b1,https://youtu.be/3QtG-NCdBy4?si=BqZXA3df6rDt9lq_,3QtG-NCdBy4,Ke Garera Din - Khuman Adhikari/Gyanbir Saaru Maghar/Devi Gharti | Nepali Lok Dohori,done,2026-05-29 11:06:58.403903,2026-05-29 11:07:30.344068
5a2750c9e7794250a892d2704c91d3aa,399.8,403.0,3.2,129,0,1,2026-05-29 11:07:30.320299,4aaf3516a5c143119efe96ece5eb07b1,https://youtu.be/3QtG-NCdBy4?si=BqZXA3df6rDt9lq_,3QtG-NCdBy4,Ke Garera Din - Khuman Adhikari/Gyanbir Saaru Maghar/Devi Gharti | Nepali Lok Dohori,done,2026-05-29 11:06:58.403903,2026-05-29 11:07:30.344068
1348d0ac732b47af9b7d0d2f97b8d89d,403.0,407.667,4.667,130,0,1,2026-05-29 11:07:30.320299,4aaf3516a5c143119efe96ece5eb07b1,https://youtu.be/3QtG-NCdBy4?si=BqZXA3df6rDt9lq_,3QtG-NCdBy4,Ke Garera Din - Khuman Adhikari/Gyanbir Saaru Maghar/Devi Gharti | Nepali Lok Dohori,done,2026-05-29 11:06:58.403903,2026-05-29 11:07:30.344068
6c96974d413a407597a05dafd2701b07,407.667,417.667,10.0,131,0,1,2026-05-29 11:07:30.320299,4aaf3516a5c143119efe96ece5eb07b1,https://youtu.be/3QtG-NCdBy4?si=BqZXA3df6rDt9lq_,3QtG-NCdBy4,Ke Garera Din - Khuman Adhikari/Gyanbir Saaru Maghar/Devi Gharti | Nepali Lok Dohori,done,2026-05-29 11:06:58.403903,2026-05-29 11:07:30.344068
c6626f13aab648cd881d6f6b69003254,420.2,423.333,3.133,133,0,1,2026-05-29 11:07:30.320299,4aaf3516a5c143119efe96ece5eb07b1,https://youtu.be/3QtG-NCdBy4?si=BqZXA3df6rDt9lq_,3QtG-NCdBy4,Ke Garera Din - Khuman Adhikari/Gyanbir Saaru Maghar/Devi Gharti | Nepali Lok Dohori,done,2026-05-29 11:06:58.403903,2026-05-29 11:07:30.344068
c1206dccc3f94d458f8ac59289cb51b2,423.333,428.0,4.667,134,0,1,2026-05-29 11:07:30.320299,4aaf3516a5c143119efe96ece5eb07b1,https://youtu.be/3QtG-NCdBy4?si=BqZXA3df6rDt9lq_,3QtG-NCdBy4,Ke Garera Din - Khuman Adhikari/Gyanbir Saaru Maghar/Devi Gharti | Nepali Lok Dohori,done,2026-05-29 11:06:58.403903,2026-05-29 11:07:30.344068
e41a2a7744e647589b78927d3da51ea9,429.667,434.2,4.533,136,0,1,2026-05-29 11:07:30.320299,4aaf3516a5c143119efe96ece5eb07b1,https://youtu.be/3QtG-NCdBy4?si=BqZXA3df6rDt9lq_,3QtG-NCdBy4,Ke Garera Din - Khuman Adhikari/Gyanbir Saaru Maghar/Devi Gharti | Nepali Lok Dohori,done,2026-05-29 11:06:58.403903,2026-05-29 11:07:30.344068
92859ebdb903468eae197b431ae23de7,435.8,439.0,3.2,138,0,1,2026-05-29 11:07:30.320299,4aaf3516a5c143119efe96ece5eb07b1,https://youtu.be/3QtG-NCdBy4?si=BqZXA3df6rDt9lq_,3QtG-NCdBy4,Ke Garera Din - Khuman Adhikari/Gyanbir Saaru Maghar/Devi Gharti | Nepali Lok Dohori,done,2026-05-29 11:06:58.403903,2026-05-29 11:07:30.344068
3acb11972db4433ebf558f03d0fdd156,439.0,442.133,3.133,139,0,1,2026-05-29 11:07:30.320299,4aaf3516a5c143119efe96ece5eb07b1,https://youtu.be/3QtG-NCdBy4?si=BqZXA3df6rDt9lq_,3QtG-NCdBy4,Ke Garera Din - Khuman Adhikari/Gyanbir Saaru Maghar/Devi Gharti | Nepali Lok Dohori,done,2026-05-29 11:06:58.403903,2026-05-29 11:07:30.344068
18b0013e421045e8af263589dc833072,442.133,448.467,6.333,140,0,1,2026-05-29 11:07:30.320299,4aaf3516a5c143119efe96ece5eb07b1,https://youtu.be/3QtG-NCdBy4?si=BqZXA3df6rDt9lq_,3QtG-NCdBy4,Ke Garera Din - Khuman Adhikari/Gyanbir Saaru Maghar/Devi Gharti | Nepali Lok Dohori,done,2026-05-29 11:06:58.403903,2026-05-29 11:07:30.344068
f2d731bc80fb46b58a8e3c348a1c173b,448.467,456.2,7.733,141,0,1,2026-05-29 11:07:30.320857,4aaf3516a5c143119efe96ece5eb07b1,https://youtu.be/3QtG-NCdBy4?si=BqZXA3df6rDt9lq_,3QtG-NCdBy4,Ke Garera Din - Khuman Adhikari/Gyanbir Saaru Maghar/Devi Gharti | Nepali Lok Dohori,done,2026-05-29 11:06:58.403903,2026-05-29 11:07:30.344068
a32a96cfeca54f768a2658afeeb3061d,457.333,460.8,3.467,143,0,1,2026-05-29 11:07:30.320857,4aaf3516a5c143119efe96ece5eb07b1,https://youtu.be/3QtG-NCdBy4?si=BqZXA3df6rDt9lq_,3QtG-NCdBy4,Ke Garera Din - Khuman Adhikari/Gyanbir Saaru Maghar/Devi Gharti | Nepali Lok Dohori,done,2026-05-29 11:06:58.403903,2026-05-29 11:07:30.344068
60adaad776b347c3b7219210fb766e56,462.533,465.6,3.067,145,0,1,2026-05-29 11:07:30.320857,4aaf3516a5c143119efe96ece5eb07b1,https://youtu.be/3QtG-NCdBy4?si=BqZXA3df6rDt9lq_,3QtG-NCdBy4,Ke Garera Din - Khuman Adhikari/Gyanbir Saaru Maghar/Devi Gharti | Nepali Lok Dohori,done,2026-05-29 11:06:58.403903,2026-05-29 11:07:30.344068
22af92fec22c4db7920f995a6aa37d82,467.133,473.333,6.2,147,0,1,2026-05-29 11:07:30.320857,4aaf3516a5c143119efe96ece5eb07b1,https://youtu.be/3QtG-NCdBy4?si=BqZXA3df6rDt9lq_,3QtG-NCdBy4,Ke Garera Din - Khuman Adhikari/Gyanbir Saaru Maghar/Devi Gharti | Nepali Lok Dohori,done,2026-05-29 11:06:58.403903,2026-05-29 11:07:30.344068
a72cee46d8d54a20abf42ebea1953a37,473.333,476.6,3.267,148,0,1,2026-05-29 11:07:30.320857,4aaf3516a5c143119efe96ece5eb07b1,https://youtu.be/3QtG-NCdBy4?si=BqZXA3df6rDt9lq_,3QtG-NCdBy4,Ke Garera Din - Khuman Adhikari/Gyanbir Saaru Maghar/Devi Gharti | Nepali Lok Dohori,done,2026-05-29 11:06:58.403903,2026-05-29 11:07:30.344068
681679f63b65466f8563bd7c250c4b74,482.8,485.933,3.133,153,0,1,2026-05-29 11:07:30.320857,4aaf3516a5c143119efe96ece5eb07b1,https://youtu.be/3QtG-NCdBy4?si=BqZXA3df6rDt9lq_,3QtG-NCdBy4,Ke Garera Din - Khuman Adhikari/Gyanbir Saaru Maghar/Devi Gharti | Nepali Lok Dohori,done,2026-05-29 11:06:58.403903,2026-05-29 11:07:30.344068
7e289feea31547b596c3ce9c378b0ecc,485.933,489.067,3.133,154,0,1,2026-05-29 11:07:30.320857,4aaf3516a5c143119efe96ece5eb07b1,https://youtu.be/3QtG-NCdBy4?si=BqZXA3df6rDt9lq_,3QtG-NCdBy4,Ke Garera Din - Khuman Adhikari/Gyanbir Saaru Maghar/Devi Gharti | Nepali Lok Dohori,done,2026-05-29 11:06:58.403903,2026-05-29 11:07:30.344068
05d212618d954df58d675b7ca7dd69fd,492.2,500.0,7.8,157,0,1,2026-05-29 11:07:30.320857,4aaf3516a5c143119efe96ece5eb07b1,https://youtu.be/3QtG-NCdBy4?si=BqZXA3df6rDt9lq_,3QtG-NCdBy4,Ke Garera Din - Khuman Adhikari/Gyanbir Saaru Maghar/Devi Gharti | Nepali Lok Dohori,done,2026-05-29 11:06:58.403903,2026-05-29 11:07:30.344068
395f63db716440c5910493b97113a9cc,501.333,504.4,3.067,159,0,1,2026-05-29 11:07:30.320857,4aaf3516a5c143119efe96ece5eb07b1,https://youtu.be/3QtG-NCdBy4?si=BqZXA3df6rDt9lq_,3QtG-NCdBy4,Ke Garera Din - Khuman Adhikari/Gyanbir Saaru Maghar/Devi Gharti | Nepali Lok Dohori,done,2026-05-29 11:06:58.403903,2026-05-29 11:07:30.344068
f4d1f46d5f9f45bca64abc47a16d4cc3,504.4,510.8,6.4,160,0,1,2026-05-29 11:07:30.320857,4aaf3516a5c143119efe96ece5eb07b1,https://youtu.be/3QtG-NCdBy4?si=BqZXA3df6rDt9lq_,3QtG-NCdBy4,Ke Garera Din - Khuman Adhikari/Gyanbir Saaru Maghar/Devi Gharti | Nepali Lok Dohori,done,2026-05-29 11:06:58.403903,2026-05-29 11:07:30.344068
daff5c369ae343568d13c9d399dd3bf6,0.0,5.172,5.172,0,1,1,2026-05-29 09:01:52.661556,f5245afc38514c1aaa51a75833b7b84d,https://youtu.be/2mjx95RGtxQ?si=yWggcqBAner5PUc-,2mjx95RGtxQ,"Kehar Sing Limbu - Sarara Sarara Official Music Video ft.Nimesh Thapa, Losina Shakya | Kehar& Lunga",done,2026-05-29 08:59:46.046935,2026-05-29 09:01:52.675391
41390207601b486bb441a3a2612898b7,9.676,13.972,4.296,4,1,1,2026-05-29 09:01:52.661556,f5245afc38514c1aaa51a75833b7b84d,https://youtu.be/2mjx95RGtxQ?si=yWggcqBAner5PUc-,2mjx95RGtxQ,"Kehar Sing Limbu - Sarara Sarara Official Music Video ft.Nimesh Thapa, Losina Shakya | Kehar& Lunga",done,2026-05-29 08:59:46.046935,2026-05-29 09:01:52.675391
4c509847e55e43548d3272a7404697dc,16.183,20.229,4.046,6,1,1,2026-05-29 09:01:52.661556,f5245afc38514c1aaa51a75833b7b84d,https://youtu.be/2mjx95RGtxQ?si=yWggcqBAner5PUc-,2mjx95RGtxQ,"Kehar Sing Limbu - Sarara Sarara Official Music Video ft.Nimesh Thapa, Losina Shakya | Kehar& Lunga",done,2026-05-29 08:59:46.046935,2026-05-29 09:01:52.675391
6be450b18b8643ad8519de59acf9db69,33.116,37.162,4.046,14,1,1,2026-05-29 09:01:52.661556,f5245afc38514c1aaa51a75833b7b84d,https://youtu.be/2mjx95RGtxQ?si=yWggcqBAner5PUc-,2mjx95RGtxQ,"Kehar Sing Limbu - Sarara Sarara Official Music Video ft.Nimesh Thapa, Losina Shakya | Kehar& Lunga",done,2026-05-29 08:59:46.046935,2026-05-29 09:01:52.675391
c6ad6a1e2e8b494da6327fdf39d673db,37.162,42.0,4.838,15,1,1,2026-05-29 09:01:52.661556,f5245afc38514c1aaa51a75833b7b84d,https://youtu.be/2mjx95RGtxQ?si=yWggcqBAner5PUc-,2mjx95RGtxQ,"Kehar Sing Limbu - Sarara Sarara Official Music Video ft.Nimesh Thapa, Losina Shakya | Kehar& Lunga",done,2026-05-29 08:59:46.046935,2026-05-29 09:01:52.675391
b8c5a9c8eed14c14978b28210d514963,42.0,45.462,3.462,16,1,1,2026-05-29 09:01:52.661556,f5245afc38514c1aaa51a75833b7b84d,https://youtu.be/2mjx95RGtxQ?si=yWggcqBAner5PUc-,2mjx95RGtxQ,"Kehar Sing Limbu - Sarara Sarara Official Music Video ft.Nimesh Thapa, Losina Shakya | Kehar& Lunga",done,2026-05-29 08:59:46.046935,2026-05-29 09:01:52.675391
1cd853028bab44f6ae5af6c3ec39ce48,45.462,50.634,5.172,17,1,1,2026-05-29 09:01:52.661556,f5245afc38514c1aaa51a75833b7b84d,https://youtu.be/2mjx95RGtxQ?si=yWggcqBAner5PUc-,2mjx95RGtxQ,"Kehar Sing Limbu - Sarara Sarara Official Music Video ft.Nimesh Thapa, Losina Shakya | Kehar& Lunga",done,2026-05-29 08:59:46.046935,2026-05-29 09:01:52.675391
58cbb312f29b48c6a504f2c21ac88d7e,54.888,59.309,4.421,22,1,1,2026-05-29 09:01:52.661556,f5245afc38514c1aaa51a75833b7b84d,https://youtu.be/2mjx95RGtxQ?si=yWggcqBAner5PUc-,2mjx95RGtxQ,"Kehar Sing Limbu - Sarara Sarara Official Music Video ft.Nimesh Thapa, Losina Shakya | Kehar& Lunga",done,2026-05-29 08:59:46.046935,2026-05-29 09:01:52.675391
0dc07fdcba5546458165263d70844e48,59.309,63.981,4.671,23,1,1,2026-05-29 09:01:52.661556,f5245afc38514c1aaa51a75833b7b84d,https://youtu.be/2mjx95RGtxQ?si=yWggcqBAner5PUc-,2mjx95RGtxQ,"Kehar Sing Limbu - Sarara Sarara Official Music Video ft.Nimesh Thapa, Losina Shakya | Kehar& Lunga",done,2026-05-29 08:59:46.046935,2026-05-29 09:01:52.675391
8b66740d253e455f991b38812e57d8ff,63.981,72.364,8.383,24,1,1,2026-05-29 09:01:52.661556,f5245afc38514c1aaa51a75833b7b84d,https://youtu.be/2mjx95RGtxQ?si=yWggcqBAner5PUc-,2mjx95RGtxQ,"Kehar Sing Limbu - Sarara Sarara Official Music Video ft.Nimesh Thapa, Losina Shakya | Kehar& Lunga",done,2026-05-29 08:59:46.046935,2026-05-29 09:01:52.675391
9e2d59ed4871491f9945c0800e0763e5,72.364,76.743,4.379,25,1,1,2026-05-29 09:01:52.661556,f5245afc38514c1aaa51a75833b7b84d,https://youtu.be/2mjx95RGtxQ?si=yWggcqBAner5PUc-,2mjx95RGtxQ,"Kehar Sing Limbu - Sarara Sarara Official Music Video ft.Nimesh Thapa, Losina Shakya | Kehar& Lunga",done,2026-05-29 08:59:46.046935,2026-05-29 09:01:52.675391
c28bc1be4c714767a199aa39f25e345d,76.743,81.164,4.421,26,1,1,2026-05-29 09:01:52.661556,f5245afc38514c1aaa51a75833b7b84d,https://youtu.be/2mjx95RGtxQ?si=yWggcqBAner5PUc-,2mjx95RGtxQ,"Kehar Sing Limbu - Sarara Sarara Official Music Video ft.Nimesh Thapa, Losina Shakya | Kehar& Lunga",done,2026-05-29 08:59:46.046935,2026-05-29 09:01:52.675391
43242e23227a484790f15926f9c0d973,81.164,84.96,3.795,27,1,1,2026-05-29 09:01:52.661556,f5245afc38514c1aaa51a75833b7b84d,https://youtu.be/2mjx95RGtxQ?si=yWggcqBAner5PUc-,2mjx95RGtxQ,"Kehar Sing Limbu - Sarara Sarara Official Music Video ft.Nimesh Thapa, Losina Shakya | Kehar& Lunga",done,2026-05-29 08:59:46.046935,2026-05-29 09:01:52.675391
9d7d3686375e4e218eb39aa6137698aa,94.594,98.849,4.254,32,1,1,2026-05-29 09:01:52.661556,f5245afc38514c1aaa51a75833b7b84d,https://youtu.be/2mjx95RGtxQ?si=yWggcqBAner5PUc-,2mjx95RGtxQ,"Kehar Sing Limbu - Sarara Sarara Official Music Video ft.Nimesh Thapa, Losina Shakya | Kehar& Lunga",done,2026-05-29 08:59:46.046935,2026-05-29 09:01:52.675391
d64e0cff40454a2ba0c6a46518727bef,98.849,103.061,4.213,33,1,1,2026-05-29 09:01:52.661556,f5245afc38514c1aaa51a75833b7b84d,https://youtu.be/2mjx95RGtxQ?si=yWggcqBAner5PUc-,2mjx95RGtxQ,"Kehar Sing Limbu - Sarara Sarara Official Music Video ft.Nimesh Thapa, Losina Shakya | Kehar& Lunga",done,2026-05-29 08:59:46.046935,2026-05-29 09:01:52.675391
bfffc5515aee4af09db43b45396ef7c6,103.061,107.441,4.379,34,1,1,2026-05-29 09:01:52.661556,f5245afc38514c1aaa51a75833b7b84d,https://youtu.be/2mjx95RGtxQ?si=yWggcqBAner5PUc-,2mjx95RGtxQ,"Kehar Sing Limbu - Sarara Sarara Official Music Video ft.Nimesh Thapa, Losina Shakya | Kehar& Lunga",done,2026-05-29 08:59:46.046935,2026-05-29 09:01:52.675391
e85d58d34b8744d5918b03e0b4a27e62,107.441,111.612,4.171,35,1,1,2026-05-29 09:01:52.661556,f5245afc38514c1aaa51a75833b7b84d,https://youtu.be/2mjx95RGtxQ?si=yWggcqBAner5PUc-,2mjx95RGtxQ,"Kehar Sing Limbu - Sarara Sarara Official Music Video ft.Nimesh Thapa, Losina Shakya | Kehar& Lunga",done,2026-05-29 08:59:46.046935,2026-05-29 09:01:52.675391
2a1a1327b0204a3699b8c9192bf5816c,111.612,114.656,3.045,36,1,1,2026-05-29 09:01:52.661556,f5245afc38514c1aaa51a75833b7b84d,https://youtu.be/2mjx95RGtxQ?si=yWggcqBAner5PUc-,2mjx95RGtxQ,"Kehar Sing Limbu - Sarara Sarara Official Music Video ft.Nimesh Thapa, Losina Shakya | Kehar& Lunga",done,2026-05-29 08:59:46.046935,2026-05-29 09:01:52.675391
7f67b37179cf403d80c6da1d92b43bd2,116.199,119.369,3.17,39,1,1,2026-05-29 09:01:52.661556,f5245afc38514c1aaa51a75833b7b84d,https://youtu.be/2mjx95RGtxQ?si=yWggcqBAner5PUc-,2mjx95RGtxQ,"Kehar Sing Limbu - Sarara Sarara Official Music Video ft.Nimesh Thapa, Losina Shakya | Kehar& Lunga",done,2026-05-29 08:59:46.046935,2026-05-29 09:01:52.675391
ea4f073af77247aa9f473b1cb4e10aa7,137.888,141.683,3.795,57,1,1,2026-05-29 09:01:52.661556,f5245afc38514c1aaa51a75833b7b84d,https://youtu.be/2mjx95RGtxQ?si=yWggcqBAner5PUc-,2mjx95RGtxQ,"Kehar Sing Limbu - Sarara Sarara Official Music Video ft.Nimesh Thapa, Losina Shakya | Kehar& Lunga",done,2026-05-29 08:59:46.046935,2026-05-29 09:01:52.675391
b16b50c6742b4e01a357670fdcdb2615,144.353,148.815,4.463,59,1,1,2026-05-29 09:01:52.661556,f5245afc38514c1aaa51a75833b7b84d,https://youtu.be/2mjx95RGtxQ?si=yWggcqBAner5PUc-,2mjx95RGtxQ,"Kehar Sing Limbu - Sarara Sarara Official Music Video ft.Nimesh Thapa, Losina Shakya | Kehar& Lunga",done,2026-05-29 08:59:46.046935,2026-05-29 09:01:52.675391
467f35f7654348e6b4c30b9fec0780a9,151.151,161.151,10.0,61,1,1,2026-05-29 09:01:52.661556,f5245afc38514c1aaa51a75833b7b84d,https://youtu.be/2mjx95RGtxQ?si=yWggcqBAner5PUc-,2mjx95RGtxQ,"Kehar Sing Limbu - Sarara Sarara Official Music Video ft.Nimesh Thapa, Losina Shakya | Kehar& Lunga",done,2026-05-29 08:59:46.046935,2026-05-29 09:01:52.675391
5814d09189f640c9931b12ad549e5bc9,166.249,171.463,5.214,64,1,1,2026-05-29 09:01:52.661556,f5245afc38514c1aaa51a75833b7b84d,https://youtu.be/2mjx95RGtxQ?si=yWggcqBAner5PUc-,2mjx95RGtxQ,"Kehar Sing Limbu - Sarara Sarara Official Music Video ft.Nimesh Thapa, Losina Shakya | Kehar& Lunga",done,2026-05-29 08:59:46.046935,2026-05-29 09:01:52.675391
cf582cb2afbb4c91b2e9276cf90f4a17,171.463,174.841,3.378,65,1,1,2026-05-29 09:01:52.661556,f5245afc38514c1aaa51a75833b7b84d,https://youtu.be/2mjx95RGtxQ?si=yWggcqBAner5PUc-,2mjx95RGtxQ,"Kehar Sing Limbu - Sarara Sarara Official Music Video ft.Nimesh Thapa, Losina Shakya | Kehar& Lunga",done,2026-05-29 08:59:46.046935,2026-05-29 09:01:52.675391
e499a606b5cc4d129d1425013c59ef2e,174.841,178.762,3.921,66,1,1,2026-05-29 09:01:52.661556,f5245afc38514c1aaa51a75833b7b84d,https://youtu.be/2mjx95RGtxQ?si=yWggcqBAner5PUc-,2mjx95RGtxQ,"Kehar Sing Limbu - Sarara Sarara Official Music Video ft.Nimesh Thapa, Losina Shakya | Kehar& Lunga",done,2026-05-29 08:59:46.046935,2026-05-29 09:01:52.675391
15e841d5c84540ae9cd02ad1e26055f7,185.352,188.605,3.253,73,1,1,2026-05-29 09:01:52.661556,f5245afc38514c1aaa51a75833b7b84d,https://youtu.be/2mjx95RGtxQ?si=yWggcqBAner5PUc-,2mjx95RGtxQ,"Kehar Sing Limbu - Sarara Sarara Official Music Video ft.Nimesh Thapa, Losina Shakya | Kehar& Lunga",done,2026-05-29 08:59:46.046935,2026-05-29 09:01:52.675391
7236ef523c594d669d0e01d741d221e3,188.605,192.109,3.504,74,1,1,2026-05-29 09:01:52.668669,f5245afc38514c1aaa51a75833b7b84d,https://youtu.be/2mjx95RGtxQ?si=yWggcqBAner5PUc-,2mjx95RGtxQ,"Kehar Sing Limbu - Sarara Sarara Official Music Video ft.Nimesh Thapa, Losina Shakya | Kehar& Lunga",done,2026-05-29 08:59:46.046935,2026-05-29 09:01:52.675391
1a9d1a7bb2394bf3ae359f71b002bd64,192.109,197.072,4.963,75,1,1,2026-05-29 09:01:52.668669,f5245afc38514c1aaa51a75833b7b84d,https://youtu.be/2mjx95RGtxQ?si=yWggcqBAner5PUc-,2mjx95RGtxQ,"Kehar Sing Limbu - Sarara Sarara Official Music Video ft.Nimesh Thapa, Losina Shakya | Kehar& Lunga",done,2026-05-29 08:59:46.046935,2026-05-29 09:01:52.675391
b6074e8bb6f14939ae1dc9f24dd69331,197.072,200.117,3.045,76,1,1,2026-05-29 09:01:52.668731,f5245afc38514c1aaa51a75833b7b84d,https://youtu.be/2mjx95RGtxQ?si=yWggcqBAner5PUc-,2mjx95RGtxQ,"Kehar Sing Limbu - Sarara Sarara Official Music Video ft.Nimesh Thapa, Losina Shakya | Kehar& Lunga",done,2026-05-29 08:59:46.046935,2026-05-29 09:01:52.675391
190d0f98b9c348859f9ed99f989a65c8,200.117,205.414,5.297,77,1,1,2026-05-29 09:01:52.668731,f5245afc38514c1aaa51a75833b7b84d,https://youtu.be/2mjx95RGtxQ?si=yWggcqBAner5PUc-,2mjx95RGtxQ,"Kehar Sing Limbu - Sarara Sarara Official Music Video ft.Nimesh Thapa, Losina Shakya | Kehar& Lunga",done,2026-05-29 08:59:46.046935,2026-05-29 09:01:52.675391
26b6fe43439944d5bebb24d5083130c2,225.142,228.812,3.67,89,1,1,2026-05-29 09:01:52.668731,f5245afc38514c1aaa51a75833b7b84d,https://youtu.be/2mjx95RGtxQ?si=yWggcqBAner5PUc-,2mjx95RGtxQ,"Kehar Sing Limbu - Sarara Sarara Official Music Video ft.Nimesh Thapa, Losina Shakya | Kehar& Lunga",done,2026-05-29 08:59:46.046935,2026-05-29 09:01:52.675391
11e23dc3a56d43a99cf0751ed169e5af,228.812,231.857,3.045,90,1,1,2026-05-29 09:01:52.668731,f5245afc38514c1aaa51a75833b7b84d,https://youtu.be/2mjx95RGtxQ?si=yWggcqBAner5PUc-,2mjx95RGtxQ,"Kehar Sing Limbu - Sarara Sarara Official Music Video ft.Nimesh Thapa, Losina Shakya | Kehar& Lunga",done,2026-05-29 08:59:46.046935,2026-05-29 09:01:52.675391
2192e574e2ce4c439b281bbbf4fccc98,235.902,245.902,10.0,93,1,1,2026-05-29 09:01:52.668731,f5245afc38514c1aaa51a75833b7b84d,https://youtu.be/2mjx95RGtxQ?si=yWggcqBAner5PUc-,2mjx95RGtxQ,"Kehar Sing Limbu - Sarara Sarara Official Music Video ft.Nimesh Thapa, Losina Shakya | Kehar& Lunga",done,2026-05-29 08:59:46.046935,2026-05-29 09:01:52.675391
21db1566671143eca78db08a886e4fc6,260.385,264.598,4.213,94,1,1,2026-05-29 09:01:52.668731,f5245afc38514c1aaa51a75833b7b84d,https://youtu.be/2mjx95RGtxQ?si=yWggcqBAner5PUc-,2mjx95RGtxQ,"Kehar Sing Limbu - Sarara Sarara Official Music Video ft.Nimesh Thapa, Losina Shakya | Kehar& Lunga",done,2026-05-29 08:59:46.046935,2026-05-29 09:01:52.675391
a0ff69fbc73b47009fb2c081c8578acf,0.0,3.458,3.458,0,1,1,2026-05-29 10:16:17.687713,566424dd77e840919b0bd4df8e1b70fc,https://youtu.be/eGPJjtvXAiM?si=o3xaQIQ95Nh2avXt,eGPJjtvXAiM,"Kehi Kadam - Full Video Song | Nepali Movie BATO MUNIKO PHOOL 2 Song | Yash Kumar, Jaljala Pariyar",done,2026-05-29 10:14:28.430664,2026-05-29 10:16:17.693539
740ef540d7ad47efa7df182ecbadac1d,3.458,13.458,10.0,1,1,1,2026-05-29 10:16:17.687713,566424dd77e840919b0bd4df8e1b70fc,https://youtu.be/eGPJjtvXAiM?si=o3xaQIQ95Nh2avXt,eGPJjtvXAiM,"Kehi Kadam - Full Video Song | Nepali Movie BATO MUNIKO PHOOL 2 Song | Yash Kumar, Jaljala Pariyar",done,2026-05-29 10:14:28.430664,2026-05-29 10:16:17.693539
bea7f3581a24493e86767a6f0dc11ce0,16.167,26.167,10.0,2,1,1,2026-05-29 10:16:17.687713,566424dd77e840919b0bd4df8e1b70fc,https://youtu.be/eGPJjtvXAiM?si=o3xaQIQ95Nh2avXt,eGPJjtvXAiM,"Kehi Kadam - Full Video Song | Nepali Movie BATO MUNIKO PHOOL 2 Song | Yash Kumar, Jaljala Pariyar",done,2026-05-29 10:14:28.430664,2026-05-29 10:16:17.693539
c0d0400b34814a6c91ebd8b951be150b,29.958,39.958,10.0,5,1,1,2026-05-29 10:16:17.687713,566424dd77e840919b0bd4df8e1b70fc,https://youtu.be/eGPJjtvXAiM?si=o3xaQIQ95Nh2avXt,eGPJjtvXAiM,"Kehi Kadam - Full Video Song | Nepali Movie BATO MUNIKO PHOOL 2 Song | Yash Kumar, Jaljala Pariyar",done,2026-05-29 10:14:28.430664,2026-05-29 10:16:17.693539
f9bc44481baf44eeb97b4551b2d4366e,52.333,62.333,10.0,8,1,1,2026-05-29 10:16:17.687713,566424dd77e840919b0bd4df8e1b70fc,https://youtu.be/eGPJjtvXAiM?si=o3xaQIQ95Nh2avXt,eGPJjtvXAiM,"Kehi Kadam - Full Video Song | Nepali Movie BATO MUNIKO PHOOL 2 Song | Yash Kumar, Jaljala Pariyar",done,2026-05-29 10:14:28.430664,2026-05-29 10:16:17.693539
028d234705fd426894d1e42ed81d9a30,68.042,74.167,6.125,9,1,1,2026-05-29 10:16:17.687713,566424dd77e840919b0bd4df8e1b70fc,https://youtu.be/eGPJjtvXAiM?si=o3xaQIQ95Nh2avXt,eGPJjtvXAiM,"Kehi Kadam - Full Video Song | Nepali Movie BATO MUNIKO PHOOL 2 Song | Yash Kumar, Jaljala Pariyar",done,2026-05-29 10:14:28.430664,2026-05-29 10:16:17.693539
26c7eb77f0f9493cb82086099fd476b2,74.167,80.542,6.375,10,1,1,2026-05-29 10:16:17.687713,566424dd77e840919b0bd4df8e1b70fc,https://youtu.be/eGPJjtvXAiM?si=o3xaQIQ95Nh2avXt,eGPJjtvXAiM,"Kehi Kadam - Full Video Song | Nepali Movie BATO MUNIKO PHOOL 2 Song | Yash Kumar, Jaljala Pariyar",done,2026-05-29 10:14:28.430664,2026-05-29 10:16:17.693539
b9bc122035b44e9fbd6b0cca21aaf2e0,80.542,90.542,10.0,11,1,1,2026-05-29 10:16:17.687713,566424dd77e840919b0bd4df8e1b70fc,https://youtu.be/eGPJjtvXAiM?si=o3xaQIQ95Nh2avXt,eGPJjtvXAiM,"Kehi Kadam - Full Video Song | Nepali Movie BATO MUNIKO PHOOL 2 Song | Yash Kumar, Jaljala Pariyar",done,2026-05-29 10:14:28.430664,2026-05-29 10:16:17.693539
1397bac559e54241ad35b447e2e347cc,98.875,108.875,10.0,16,1,1,2026-05-29 10:16:17.687713,566424dd77e840919b0bd4df8e1b70fc,https://youtu.be/eGPJjtvXAiM?si=o3xaQIQ95Nh2avXt,eGPJjtvXAiM,"Kehi Kadam - Full Video Song | Nepali Movie BATO MUNIKO PHOOL 2 Song | Yash Kumar, Jaljala Pariyar",done,2026-05-29 10:14:28.430664,2026-05-29 10:16:17.693539
d9e396a4c0744b07b0a0d991ab6ac740,111.583,121.583,10.0,17,1,1,2026-05-29 10:16:17.687713,566424dd77e840919b0bd4df8e1b70fc,https://youtu.be/eGPJjtvXAiM?si=o3xaQIQ95Nh2avXt,eGPJjtvXAiM,"Kehi Kadam - Full Video Song | Nepali Movie BATO MUNIKO PHOOL 2 Song | Yash Kumar, Jaljala Pariyar",done,2026-05-29 10:14:28.430664,2026-05-29 10:16:17.693539
bac5c2a63d784d10a9de81064f109736,169.875,175.792,5.917,18,1,1,2026-05-29 10:16:17.688229,566424dd77e840919b0bd4df8e1b70fc,https://youtu.be/eGPJjtvXAiM?si=o3xaQIQ95Nh2avXt,eGPJjtvXAiM,"Kehi Kadam - Full Video Song | Nepali Movie BATO MUNIKO PHOOL 2 Song | Yash Kumar, Jaljala Pariyar",done,2026-05-29 10:14:28.430664,2026-05-29 10:16:17.693539
f95d88aa5a3e4c62b9b5c0a03492d058,175.792,182.125,6.333,19,1,1,2026-05-29 10:16:17.688229,566424dd77e840919b0bd4df8e1b70fc,https://youtu.be/eGPJjtvXAiM?si=o3xaQIQ95Nh2avXt,eGPJjtvXAiM,"Kehi Kadam - Full Video Song | Nepali Movie BATO MUNIKO PHOOL 2 Song | Yash Kumar, Jaljala Pariyar",done,2026-05-29 10:14:28.430664,2026-05-29 10:16:17.693539
290da905e45e40f49e548823103e34ae,182.125,188.292,6.167,20,1,1,2026-05-29 10:16:17.688229,566424dd77e840919b0bd4df8e1b70fc,https://youtu.be/eGPJjtvXAiM?si=o3xaQIQ95Nh2avXt,eGPJjtvXAiM,"Kehi Kadam - Full Video Song | Nepali Movie BATO MUNIKO PHOOL 2 Song | Yash Kumar, Jaljala Pariyar",done,2026-05-29 10:14:28.430664,2026-05-29 10:16:17.693539
dea4f8c31b7a4b0ab9ff9bcd485ade5a,188.292,198.292,10.0,21,1,1,2026-05-29 10:16:17.688229,566424dd77e840919b0bd4df8e1b70fc,https://youtu.be/eGPJjtvXAiM?si=o3xaQIQ95Nh2avXt,eGPJjtvXAiM,"Kehi Kadam - Full Video Song | Nepali Movie BATO MUNIKO PHOOL 2 Song | Yash Kumar, Jaljala Pariyar",done,2026-05-29 10:14:28.430664,2026-05-29 10:16:17.693539
489a39a78cb045ad9f28fd47e7cb8c7d,200.75,210.75,10.0,22,1,1,2026-05-29 10:16:17.688229,566424dd77e840919b0bd4df8e1b70fc,https://youtu.be/eGPJjtvXAiM?si=o3xaQIQ95Nh2avXt,eGPJjtvXAiM,"Kehi Kadam - Full Video Song | Nepali Movie BATO MUNIKO PHOOL 2 Song | Yash Kumar, Jaljala Pariyar",done,2026-05-29 10:14:28.430664,2026-05-29 10:16:17.693539
e0ef41d4452a4f8daea00f2542077b85,233.542,243.542,10.0,23,1,1,2026-05-29 10:16:17.688229,566424dd77e840919b0bd4df8e1b70fc,https://youtu.be/eGPJjtvXAiM?si=o3xaQIQ95Nh2avXt,eGPJjtvXAiM,"Kehi Kadam - Full Video Song | Nepali Movie BATO MUNIKO PHOOL 2 Song | Yash Kumar, Jaljala Pariyar",done,2026-05-29 10:14:28.430664,2026-05-29 10:16:17.693539
3606c445157b4a53a60505d948fe8f18,251.958,255.792,3.833,24,1,1,2026-05-29 10:16:17.688229,566424dd77e840919b0bd4df8e1b70fc,https://youtu.be/eGPJjtvXAiM?si=o3xaQIQ95Nh2avXt,eGPJjtvXAiM,"Kehi Kadam - Full Video Song | Nepali Movie BATO MUNIKO PHOOL 2 Song | Yash Kumar, Jaljala Pariyar",done,2026-05-29 10:14:28.430664,2026-05-29 10:16:17.693539
7ac5d33e79b1410d84eb44c63d920ee6,255.792,265.792,10.0,25,1,1,2026-05-29 10:16:17.688229,566424dd77e840919b0bd4df8e1b70fc,https://youtu.be/eGPJjtvXAiM?si=o3xaQIQ95Nh2avXt,eGPJjtvXAiM,"Kehi Kadam - Full Video Song | Nepali Movie BATO MUNIKO PHOOL 2 Song | Yash Kumar, Jaljala Pariyar",done,2026-05-29 10:14:28.430664,2026-05-29 10:16:17.693539
00fb0e97ba4b46aaaa4c80acf530d9f3,0.0,8.4,8.4,0,0,1,2026-06-02 10:14:16.396089,af204b8827bd4618a9ff2172c90fcbee,https://youtu.be/u8hzujzSILQ?si=vKjzYOZxv6sK7uWv,u8hzujzSILQ,Kina Aauchha Timro Yaad - Jagdish Samal Ft. Kristina Gurung,done,2026-06-02 10:13:04.314700,2026-06-02 10:14:16.408192
7352c3c3c8a94399bfdcb168655f8ce5,19.533,22.6,3.067,7,0,1,2026-06-02 10:14:16.396089,af204b8827bd4618a9ff2172c90fcbee,https://youtu.be/u8hzujzSILQ?si=vKjzYOZxv6sK7uWv,u8hzujzSILQ,Kina Aauchha Timro Yaad - Jagdish Samal Ft. Kristina Gurung,done,2026-06-02 10:13:04.314700,2026-06-02 10:14:16.408192
c775a24b22a0436fb78e5f963b997963,26.267,29.6,3.333,11,0,1,2026-06-02 10:14:16.396089,af204b8827bd4618a9ff2172c90fcbee,https://youtu.be/u8hzujzSILQ?si=vKjzYOZxv6sK7uWv,u8hzujzSILQ,Kina Aauchha Timro Yaad - Jagdish Samal Ft. Kristina Gurung,done,2026-06-02 10:13:04.314700,2026-06-02 10:14:16.408192
e5dc62e320c6494a913249ee7bde1af3,31.2,35.933,4.733,13,0,1,2026-06-02 10:14:16.396089,af204b8827bd4618a9ff2172c90fcbee,https://youtu.be/u8hzujzSILQ?si=vKjzYOZxv6sK7uWv,u8hzujzSILQ,Kina Aauchha Timro Yaad - Jagdish Samal Ft. Kristina Gurung,done,2026-06-02 10:13:04.314700,2026-06-02 10:14:16.408192
a54b946c99d4437b8c9261f8ce8a88cd,38.467,41.467,3.0,15,0,1,2026-06-02 10:14:16.396089,af204b8827bd4618a9ff2172c90fcbee,https://youtu.be/u8hzujzSILQ?si=vKjzYOZxv6sK7uWv,u8hzujzSILQ,Kina Aauchha Timro Yaad - Jagdish Samal Ft. Kristina Gurung,done,2026-06-02 10:13:04.314700,2026-06-02 10:14:16.408192
d179c4bec7b54b959b00fa7b59bca6b2,41.467,44.6,3.133,16,0,1,2026-06-02 10:14:16.396089,af204b8827bd4618a9ff2172c90fcbee,https://youtu.be/u8hzujzSILQ?si=vKjzYOZxv6sK7uWv,u8hzujzSILQ,Kina Aauchha Timro Yaad - Jagdish Samal Ft. Kristina Gurung,done,2026-06-02 10:13:04.314700,2026-06-02 10:14:16.408192
b20800ba46a744a78f3903c2bd665894,51.533,54.667,3.133,21,0,1,2026-06-02 10:14:16.396089,af204b8827bd4618a9ff2172c90fcbee,https://youtu.be/u8hzujzSILQ?si=vKjzYOZxv6sK7uWv,u8hzujzSILQ,Kina Aauchha Timro Yaad - Jagdish Samal Ft. Kristina Gurung,done,2026-06-02 10:13:04.314700,2026-06-02 10:14:16.408192
d2a1b0edc5bb4122853d789617fe27e2,62.133,65.8,3.667,26,0,1,2026-06-02 10:14:16.396089,af204b8827bd4618a9ff2172c90fcbee,https://youtu.be/u8hzujzSILQ?si=vKjzYOZxv6sK7uWv,u8hzujzSILQ,Kina Aauchha Timro Yaad - Jagdish Samal Ft. Kristina Gurung,done,2026-06-02 10:13:04.314700,2026-06-02 10:14:16.408192
bd4dba32ba5b4170996de045d2aab06e,65.8,69.333,3.533,27,0,1,2026-06-02 10:14:16.396089,af204b8827bd4618a9ff2172c90fcbee,https://youtu.be/u8hzujzSILQ?si=vKjzYOZxv6sK7uWv,u8hzujzSILQ,Kina Aauchha Timro Yaad - Jagdish Samal Ft. Kristina Gurung,done,2026-06-02 10:13:04.314700,2026-06-02 10:14:16.408192
cd75731720a743afb087d5549fb02bbc,83.6,87.867,4.267,36,0,1,2026-06-02 10:14:16.396089,af204b8827bd4618a9ff2172c90fcbee,https://youtu.be/u8hzujzSILQ?si=vKjzYOZxv6sK7uWv,u8hzujzSILQ,Kina Aauchha Timro Yaad - Jagdish Samal Ft. Kristina Gurung,done,2026-06-02 10:13:04.314700,2026-06-02 10:14:16.408192
ebf066fcd311498eb9f71962a709034b,87.867,93.8,5.933,37,0,1,2026-06-02 10:14:16.396089,af204b8827bd4618a9ff2172c90fcbee,https://youtu.be/u8hzujzSILQ?si=vKjzYOZxv6sK7uWv,u8hzujzSILQ,Kina Aauchha Timro Yaad - Jagdish Samal Ft. Kristina Gurung,done,2026-06-02 10:13:04.314700,2026-06-02 10:14:16.408192
ef1cb0ed20fe43ceabc8af40e1a7eecb,93.8,96.933,3.133,38,0,1,2026-06-02 10:14:16.396089,af204b8827bd4618a9ff2172c90fcbee,https://youtu.be/u8hzujzSILQ?si=vKjzYOZxv6sK7uWv,u8hzujzSILQ,Kina Aauchha Timro Yaad - Jagdish Samal Ft. Kristina Gurung,done,2026-06-02 10:13:04.314700,2026-06-02 10:14:16.408192
4cf1a7a4a86646f7816de47685732051,103.133,108.2,5.067,43,0,1,2026-06-02 10:14:16.396089,af204b8827bd4618a9ff2172c90fcbee,https://youtu.be/u8hzujzSILQ?si=vKjzYOZxv6sK7uWv,u8hzujzSILQ,Kina Aauchha Timro Yaad - Jagdish Samal Ft. Kristina Gurung,done,2026-06-02 10:13:04.314700,2026-06-02 10:14:16.408192
0444f7a7e80b48aca973c01a4b208755,108.2,113.133,4.933,44,0,1,2026-06-02 10:14:16.396089,af204b8827bd4618a9ff2172c90fcbee,https://youtu.be/u8hzujzSILQ?si=vKjzYOZxv6sK7uWv,u8hzujzSILQ,Kina Aauchha Timro Yaad - Jagdish Samal Ft. Kristina Gurung,done,2026-06-02 10:13:04.314700,2026-06-02 10:14:16.408192
e2a173edbcf44c8f8cd80bb4fd7d91a4,113.133,117.933,4.8,45,0,1,2026-06-02 10:14:16.396089,af204b8827bd4618a9ff2172c90fcbee,https://youtu.be/u8hzujzSILQ?si=vKjzYOZxv6sK7uWv,u8hzujzSILQ,Kina Aauchha Timro Yaad - Jagdish Samal Ft. Kristina Gurung,done,2026-06-02 10:13:04.314700,2026-06-02 10:14:16.408192
c23e1c198aa84217aff6fab6d62c3a92,117.933,122.467,4.533,46,0,1,2026-06-02 10:14:16.396089,af204b8827bd4618a9ff2172c90fcbee,https://youtu.be/u8hzujzSILQ?si=vKjzYOZxv6sK7uWv,u8hzujzSILQ,Kina Aauchha Timro Yaad - Jagdish Samal Ft. Kristina Gurung,done,2026-06-02 10:13:04.314700,2026-06-02 10:14:16.408192
2d4fe20622ec42068a33e91317e91e96,122.467,126.667,4.2,47,0,1,2026-06-02 10:14:16.396089,af204b8827bd4618a9ff2172c90fcbee,https://youtu.be/u8hzujzSILQ?si=vKjzYOZxv6sK7uWv,u8hzujzSILQ,Kina Aauchha Timro Yaad - Jagdish Samal Ft. Kristina Gurung,done,2026-06-02 10:13:04.314700,2026-06-02 10:14:16.408192
0baeec8c399a41b295406fdfa507b79a,133.333,137.333,4.0,51,0,1,2026-06-02 10:14:16.396613,af204b8827bd4618a9ff2172c90fcbee,https://youtu.be/u8hzujzSILQ?si=vKjzYOZxv6sK7uWv,u8hzujzSILQ,Kina Aauchha Timro Yaad - Jagdish Samal Ft. Kristina Gurung,done,2026-06-02 10:13:04.314700,2026-06-02 10:14:16.408192
dab411211dfb4c2d88853452b2712cd6,139.667,142.933,3.267,53,0,1,2026-06-02 10:14:16.396613,af204b8827bd4618a9ff2172c90fcbee,https://youtu.be/u8hzujzSILQ?si=vKjzYOZxv6sK7uWv,u8hzujzSILQ,Kina Aauchha Timro Yaad - Jagdish Samal Ft. Kristina Gurung,done,2026-06-02 10:13:04.314700,2026-06-02 10:14:16.408192
88e524fad4564196baf61011a9f1b8e9,145.467,149.067,3.6,56,0,1,2026-06-02 10:14:16.396613,af204b8827bd4618a9ff2172c90fcbee,https://youtu.be/u8hzujzSILQ?si=vKjzYOZxv6sK7uWv,u8hzujzSILQ,Kina Aauchha Timro Yaad - Jagdish Samal Ft. Kristina Gurung,done,2026-06-02 10:13:04.314700,2026-06-02 10:14:16.408192
65fc6a8d43df43409b01fc3030e6580e,155.067,160.0,4.933,60,0,1,2026-06-02 10:14:16.396613,af204b8827bd4618a9ff2172c90fcbee,https://youtu.be/u8hzujzSILQ?si=vKjzYOZxv6sK7uWv,u8hzujzSILQ,Kina Aauchha Timro Yaad - Jagdish Samal Ft. Kristina Gurung,done,2026-06-02 10:13:04.314700,2026-06-02 10:14:16.408192
144064b6c91746b29a666b917f0034a3,160.0,164.533,4.533,61,0,1,2026-06-02 10:14:16.396613,af204b8827bd4618a9ff2172c90fcbee,https://youtu.be/u8hzujzSILQ?si=vKjzYOZxv6sK7uWv,u8hzujzSILQ,Kina Aauchha Timro Yaad - Jagdish Samal Ft. Kristina Gurung,done,2026-06-02 10:13:04.314700,2026-06-02 10:14:16.408192
a67f4e720124430f80c1da119998fda9,169.6,175.467,5.867,64,0,1,2026-06-02 10:14:16.396613,af204b8827bd4618a9ff2172c90fcbee,https://youtu.be/u8hzujzSILQ?si=vKjzYOZxv6sK7uWv,u8hzujzSILQ,Kina Aauchha Timro Yaad - Jagdish Samal Ft. Kristina Gurung,done,2026-06-02 10:13:04.314700,2026-06-02 10:14:16.408192
27f5d42afb364fa1a03da6fe98bf059c,175.467,183.533,8.067,65,0,1,2026-06-02 10:14:16.396613,af204b8827bd4618a9ff2172c90fcbee,https://youtu.be/u8hzujzSILQ?si=vKjzYOZxv6sK7uWv,u8hzujzSILQ,Kina Aauchha Timro Yaad - Jagdish Samal Ft. Kristina Gurung,done,2026-06-02 10:13:04.314700,2026-06-02 10:14:16.408192
1f1f61d6670548948f99047a3234d992,187.6,190.933,3.333,68,0,1,2026-06-02 10:14:16.396613,af204b8827bd4618a9ff2172c90fcbee,https://youtu.be/u8hzujzSILQ?si=vKjzYOZxv6sK7uWv,u8hzujzSILQ,Kina Aauchha Timro Yaad - Jagdish Samal Ft. Kristina Gurung,done,2026-06-02 10:13:04.314700,2026-06-02 10:14:16.408192
5aaacf8d9bc145b2858ebe3bbf07d962,204.933,210.8,5.867,78,0,1,2026-06-02 10:14:16.396613,af204b8827bd4618a9ff2172c90fcbee,https://youtu.be/u8hzujzSILQ?si=vKjzYOZxv6sK7uWv,u8hzujzSILQ,Kina Aauchha Timro Yaad - Jagdish Samal Ft. Kristina Gurung,done,2026-06-02 10:13:04.314700,2026-06-02 10:14:16.408192
039acf05134f405ba22cbf99a991ee96,210.8,215.533,4.733,79,0,1,2026-06-02 10:14:16.396613,af204b8827bd4618a9ff2172c90fcbee,https://youtu.be/u8hzujzSILQ?si=vKjzYOZxv6sK7uWv,u8hzujzSILQ,Kina Aauchha Timro Yaad - Jagdish Samal Ft. Kristina Gurung,done,2026-06-02 10:13:04.314700,2026-06-02 10:14:16.408192
62a9fbf1256e454a9bc47c3373a8e250,219.6,223.6,4.0,82,0,1,2026-06-02 10:14:16.396613,af204b8827bd4618a9ff2172c90fcbee,https://youtu.be/u8hzujzSILQ?si=vKjzYOZxv6sK7uWv,u8hzujzSILQ,Kina Aauchha Timro Yaad - Jagdish Samal Ft. Kristina Gurung,done,2026-06-02 10:13:04.314700,2026-06-02 10:14:16.408192
b42a8cbca6914c36b41b7514525c5391,223.6,229.8,6.2,83,0,1,2026-06-02 10:14:16.396613,af204b8827bd4618a9ff2172c90fcbee,https://youtu.be/u8hzujzSILQ?si=vKjzYOZxv6sK7uWv,u8hzujzSILQ,Kina Aauchha Timro Yaad - Jagdish Samal Ft. Kristina Gurung,done,2026-06-02 10:13:04.314700,2026-06-02 10:14:16.408192
437380c4919d4bec8aa6df2a464ad831,231.333,241.333,10.0,85,0,1,2026-06-02 10:14:16.396613,af204b8827bd4618a9ff2172c90fcbee,https://youtu.be/u8hzujzSILQ?si=vKjzYOZxv6sK7uWv,u8hzujzSILQ,Kina Aauchha Timro Yaad - Jagdish Samal Ft. Kristina Gurung,done,2026-06-02 10:13:04.314700,2026-06-02 10:14:16.408192
3eba9f2061a849bd8b50ce70e6766465,251.933,257.133,5.2,86,0,1,2026-06-02 10:14:16.396613,af204b8827bd4618a9ff2172c90fcbee,https://youtu.be/u8hzujzSILQ?si=vKjzYOZxv6sK7uWv,u8hzujzSILQ,Kina Aauchha Timro Yaad - Jagdish Samal Ft. Kristina Gurung,done,2026-06-02 10:13:04.314700,2026-06-02 10:14:16.408192
ad13bab884464c41be2cfe3cb3ca6836,257.133,262.667,5.533,87,0,1,2026-06-02 10:14:16.396613,af204b8827bd4618a9ff2172c90fcbee,https://youtu.be/u8hzujzSILQ?si=vKjzYOZxv6sK7uWv,u8hzujzSILQ,Kina Aauchha Timro Yaad - Jagdish Samal Ft. Kristina Gurung,done,2026-06-02 10:13:04.314700,2026-06-02 10:14:16.408192
689077cdc9bf45eea34aa7610e947a23,262.667,270.733,8.067,88,0,1,2026-06-02 10:14:16.396613,af204b8827bd4618a9ff2172c90fcbee,https://youtu.be/u8hzujzSILQ?si=vKjzYOZxv6sK7uWv,u8hzujzSILQ,Kina Aauchha Timro Yaad - Jagdish Samal Ft. Kristina Gurung,done,2026-06-02 10:13:04.314700,2026-06-02 10:14:16.408192
41c105bec9f9479fa90046b29f74c252,270.733,276.133,5.4,89,0,1,2026-06-02 10:14:16.396613,af204b8827bd4618a9ff2172c90fcbee,https://youtu.be/u8hzujzSILQ?si=vKjzYOZxv6sK7uWv,u8hzujzSILQ,Kina Aauchha Timro Yaad - Jagdish Samal Ft. Kristina Gurung,done,2026-06-02 10:13:04.314700,2026-06-02 10:14:16.408192
bf6bd0f2de574f9aa670aed85bb08e27,282.8,286.6,3.8,94,0,1,2026-06-02 10:14:16.396613,af204b8827bd4618a9ff2172c90fcbee,https://youtu.be/u8hzujzSILQ?si=vKjzYOZxv6sK7uWv,u8hzujzSILQ,Kina Aauchha Timro Yaad - Jagdish Samal Ft. Kristina Gurung,done,2026-06-02 10:13:04.314700,2026-06-02 10:14:16.408192
82e8ed269551421a9348bb2a6c5b6baf,286.6,293.533,6.933,95,0,1,2026-06-02 10:14:16.396613,af204b8827bd4618a9ff2172c90fcbee,https://youtu.be/u8hzujzSILQ?si=vKjzYOZxv6sK7uWv,u8hzujzSILQ,Kina Aauchha Timro Yaad - Jagdish Samal Ft. Kristina Gurung,done,2026-06-02 10:13:04.314700,2026-06-02 10:14:16.408192
b7f0261c183b4d4198599b51cb80629f,293.533,296.933,3.4,96,0,1,2026-06-02 10:14:16.396613,af204b8827bd4618a9ff2172c90fcbee,https://youtu.be/u8hzujzSILQ?si=vKjzYOZxv6sK7uWv,u8hzujzSILQ,Kina Aauchha Timro Yaad - Jagdish Samal Ft. Kristina Gurung,done,2026-06-02 10:13:04.314700,2026-06-02 10:14:16.408192
d061fe1eef724e66b97d8d989d4f5b12,296.933,301.667,4.733,97,0,1,2026-06-02 10:14:16.396613,af204b8827bd4618a9ff2172c90fcbee,https://youtu.be/u8hzujzSILQ?si=vKjzYOZxv6sK7uWv,u8hzujzSILQ,Kina Aauchha Timro Yaad - Jagdish Samal Ft. Kristina Gurung,done,2026-06-02 10:13:04.314700,2026-06-02 10:14:16.408192
03875ce8572a4c3b9814e504de47296b,0.0,10.0,10.0,0,0,1,2026-06-02 09:57:23.875323,eff1670fd8564c6ca6a8168000b9a2e2,https://youtu.be/_xVvyUmq0CI?si=rjvcJYdH9GylTPGt,_xVvyUmq0CI,Lagchha Mana Herirahu - Ananda Karki | Rekha Thapa | Music Nepal Official,done,2026-06-02 09:56:11.870778,2026-06-02 09:57:23.879056
7b78a649488e422b8cd557d773299a3f,18.533,28.533,10.0,1,0,1,2026-06-02 09:57:23.875323,eff1670fd8564c6ca6a8168000b9a2e2,https://youtu.be/_xVvyUmq0CI?si=rjvcJYdH9GylTPGt,_xVvyUmq0CI,Lagchha Mana Herirahu - Ananda Karki | Rekha Thapa | Music Nepal Official,done,2026-06-02 09:56:11.870778,2026-06-02 09:57:23.879056
b83edb8cab384ccdb2918cfd30b161cf,33.133,43.133,10.0,2,0,1,2026-06-02 09:57:23.875323,eff1670fd8564c6ca6a8168000b9a2e2,https://youtu.be/_xVvyUmq0CI?si=rjvcJYdH9GylTPGt,_xVvyUmq0CI,Lagchha Mana Herirahu - Ananda Karki | Rekha Thapa | Music Nepal Official,done,2026-06-02 09:56:11.870778,2026-06-02 09:57:23.879056
dae54909290d471f8ceed29966131542,87.4,97.4,10.0,3,0,1,2026-06-02 09:57:23.875323,eff1670fd8564c6ca6a8168000b9a2e2,https://youtu.be/_xVvyUmq0CI?si=rjvcJYdH9GylTPGt,_xVvyUmq0CI,Lagchha Mana Herirahu - Ananda Karki | Rekha Thapa | Music Nepal Official,done,2026-06-02 09:56:11.870778,2026-06-02 09:57:23.879056
c3a14782265044b09cd01d4a45704e80,1.133,6.333,5.2,1,0,1,2026-05-29 11:25:01.575612,d38dd7a070f64b9aa2fbfa68e1eb568f,https://youtu.be/7OeuACZr3Y8?si=feiJRqjuPuX1MO_N,7OeuACZr3Y8,Laxmi Prasad Devkota | Kun Mandir Ma |  Ram Krishna Dhakal | Yadav Kharel | Chandra Raj Sharma,done,2026-05-29 11:24:40.635183,2026-05-29 11:25:01.583794
417c4beb07a4497f98788f455053fff7,11.667,16.533,4.867,5,0,1,2026-05-29 11:25:01.575612,d38dd7a070f64b9aa2fbfa68e1eb568f,https://youtu.be/7OeuACZr3Y8?si=feiJRqjuPuX1MO_N,7OeuACZr3Y8,Laxmi Prasad Devkota | Kun Mandir Ma |  Ram Krishna Dhakal | Yadav Kharel | Chandra Raj Sharma,done,2026-05-29 11:24:40.635183,2026-05-29 11:25:01.583794
26f60f2d9363426fb9d497f04f8ff8a6,16.533,22.2,5.667,6,0,1,2026-05-29 11:25:01.575612,d38dd7a070f64b9aa2fbfa68e1eb568f,https://youtu.be/7OeuACZr3Y8?si=feiJRqjuPuX1MO_N,7OeuACZr3Y8,Laxmi Prasad Devkota | Kun Mandir Ma |  Ram Krishna Dhakal | Yadav Kharel | Chandra Raj Sharma,done,2026-05-29 11:24:40.635183,2026-05-29 11:25:01.583794
b5d0b815511c4b91ab74a5ff7a6122d7,23.933,33.933,10.0,8,0,1,2026-05-29 11:25:01.575612,d38dd7a070f64b9aa2fbfa68e1eb568f,https://youtu.be/7OeuACZr3Y8?si=feiJRqjuPuX1MO_N,7OeuACZr3Y8,Laxmi Prasad Devkota | Kun Mandir Ma |  Ram Krishna Dhakal | Yadav Kharel | Chandra Raj Sharma,done,2026-05-29 11:24:40.635183,2026-05-29 11:25:01.583794
705163a8e9204bf2b8f217ab2a16144c,41.067,48.333,7.267,10,0,1,2026-05-29 11:25:01.575612,d38dd7a070f64b9aa2fbfa68e1eb568f,https://youtu.be/7OeuACZr3Y8?si=feiJRqjuPuX1MO_N,7OeuACZr3Y8,Laxmi Prasad Devkota | Kun Mandir Ma |  Ram Krishna Dhakal | Yadav Kharel | Chandra Raj Sharma,done,2026-05-29 11:24:40.635183,2026-05-29 11:25:01.583794
0fd6aa499fc04a398e5e1dc523abd12d,49.533,56.6,7.067,12,0,1,2026-05-29 11:25:01.575612,d38dd7a070f64b9aa2fbfa68e1eb568f,https://youtu.be/7OeuACZr3Y8?si=feiJRqjuPuX1MO_N,7OeuACZr3Y8,Laxmi Prasad Devkota | Kun Mandir Ma |  Ram Krishna Dhakal | Yadav Kharel | Chandra Raj Sharma,done,2026-05-29 11:24:40.635183,2026-05-29 11:25:01.583794
42bb20a3096c4ad7b86e1b501f454554,60.4,64.467,4.067,15,0,1,2026-05-29 11:25:01.576143,d38dd7a070f64b9aa2fbfa68e1eb568f,https://youtu.be/7OeuACZr3Y8?si=feiJRqjuPuX1MO_N,7OeuACZr3Y8,Laxmi Prasad Devkota | Kun Mandir Ma |  Ram Krishna Dhakal | Yadav Kharel | Chandra Raj Sharma,done,2026-05-29 11:24:40.635183,2026-05-29 11:25:01.583794
262cdfa76ca14f1c8e7d4ee4649df074,65.8,71.267,5.467,17,0,1,2026-05-29 11:25:01.576143,d38dd7a070f64b9aa2fbfa68e1eb568f,https://youtu.be/7OeuACZr3Y8?si=feiJRqjuPuX1MO_N,7OeuACZr3Y8,Laxmi Prasad Devkota | Kun Mandir Ma |  Ram Krishna Dhakal | Yadav Kharel | Chandra Raj Sharma,done,2026-05-29 11:24:40.635183,2026-05-29 11:25:01.583794
8cbdd0ef21cf4a448a04088eb716847d,71.267,79.133,7.867,18,0,1,2026-05-29 11:25:01.576143,d38dd7a070f64b9aa2fbfa68e1eb568f,https://youtu.be/7OeuACZr3Y8?si=feiJRqjuPuX1MO_N,7OeuACZr3Y8,Laxmi Prasad Devkota | Kun Mandir Ma |  Ram Krishna Dhakal | Yadav Kharel | Chandra Raj Sharma,done,2026-05-29 11:24:40.635183,2026-05-29 11:25:01.583794
2e83565c9c45453187e21e14084c172d,79.133,89.133,10.0,19,0,1,2026-05-29 11:25:01.576143,d38dd7a070f64b9aa2fbfa68e1eb568f,https://youtu.be/7OeuACZr3Y8?si=feiJRqjuPuX1MO_N,7OeuACZr3Y8,Laxmi Prasad Devkota | Kun Mandir Ma |  Ram Krishna Dhakal | Yadav Kharel | Chandra Raj Sharma,done,2026-05-29 11:24:40.635183,2026-05-29 11:25:01.583794
82eb601cbe014794a834b553c7cbdf09,104.533,110.467,5.933,26,0,1,2026-05-29 11:25:01.576143,d38dd7a070f64b9aa2fbfa68e1eb568f,https://youtu.be/7OeuACZr3Y8?si=feiJRqjuPuX1MO_N,7OeuACZr3Y8,Laxmi Prasad Devkota | Kun Mandir Ma |  Ram Krishna Dhakal | Yadav Kharel | Chandra Raj Sharma,done,2026-05-29 11:24:40.635183,2026-05-29 11:25:01.583794
fffc635c01c54fe5bdb69f0d37ca348a,112.0,122.0,10.0,28,0,1,2026-05-29 11:25:01.576143,d38dd7a070f64b9aa2fbfa68e1eb568f,https://youtu.be/7OeuACZr3Y8?si=feiJRqjuPuX1MO_N,7OeuACZr3Y8,Laxmi Prasad Devkota | Kun Mandir Ma |  Ram Krishna Dhakal | Yadav Kharel | Chandra Raj Sharma,done,2026-05-29 11:24:40.635183,2026-05-29 11:25:01.583794
13ba1cc54c174fc08978b5deaa82cbef,126.0,133.533,7.533,31,0,1,2026-05-29 11:25:01.576143,d38dd7a070f64b9aa2fbfa68e1eb568f,https://youtu.be/7OeuACZr3Y8?si=feiJRqjuPuX1MO_N,7OeuACZr3Y8,Laxmi Prasad Devkota | Kun Mandir Ma |  Ram Krishna Dhakal | Yadav Kharel | Chandra Raj Sharma,done,2026-05-29 11:24:40.635183,2026-05-29 11:25:01.583794
95f22c9a0cb74a759e18fa73c8bb28f5,133.533,139.067,5.533,32,0,1,2026-05-29 11:25:01.576143,d38dd7a070f64b9aa2fbfa68e1eb568f,https://youtu.be/7OeuACZr3Y8?si=feiJRqjuPuX1MO_N,7OeuACZr3Y8,Laxmi Prasad Devkota | Kun Mandir Ma |  Ram Krishna Dhakal | Yadav Kharel | Chandra Raj Sharma,done,2026-05-29 11:24:40.635183,2026-05-29 11:25:01.583794
4fd40cbe4082460d9ecf879a3c90d93d,146.0,149.867,3.867,37,0,1,2026-05-29 11:25:01.576143,d38dd7a070f64b9aa2fbfa68e1eb568f,https://youtu.be/7OeuACZr3Y8?si=feiJRqjuPuX1MO_N,7OeuACZr3Y8,Laxmi Prasad Devkota | Kun Mandir Ma |  Ram Krishna Dhakal | Yadav Kharel | Chandra Raj Sharma,done,2026-05-29 11:24:40.635183,2026-05-29 11:25:01.583794
482af6d00c7641e3be0ccd4c4c3061af,149.867,159.867,10.0,38,0,1,2026-05-29 11:25:01.576143,d38dd7a070f64b9aa2fbfa68e1eb568f,https://youtu.be/7OeuACZr3Y8?si=feiJRqjuPuX1MO_N,7OeuACZr3Y8,Laxmi Prasad Devkota | Kun Mandir Ma |  Ram Krishna Dhakal | Yadav Kharel | Chandra Raj Sharma,done,2026-05-29 11:24:40.635183,2026-05-29 11:25:01.583794
789c6e675244406abb70e8d23a5d1e51,160.667,170.2,9.533,39,0,1,2026-05-29 11:25:01.576143,d38dd7a070f64b9aa2fbfa68e1eb568f,https://youtu.be/7OeuACZr3Y8?si=feiJRqjuPuX1MO_N,7OeuACZr3Y8,Laxmi Prasad Devkota | Kun Mandir Ma |  Ram Krishna Dhakal | Yadav Kharel | Chandra Raj Sharma,done,2026-05-29 11:24:40.635183,2026-05-29 11:25:01.583794
23df96fc172a45ab849bc67739887e3a,170.2,176.933,6.733,40,0,1,2026-05-29 11:25:01.576143,d38dd7a070f64b9aa2fbfa68e1eb568f,https://youtu.be/7OeuACZr3Y8?si=feiJRqjuPuX1MO_N,7OeuACZr3Y8,Laxmi Prasad Devkota | Kun Mandir Ma |  Ram Krishna Dhakal | Yadav Kharel | Chandra Raj Sharma,done,2026-05-29 11:24:40.635183,2026-05-29 11:25:01.583794
43f20b8eae4145b6904616f5b6511c1f,176.933,185.333,8.4,41,0,1,2026-05-29 11:25:01.576143,d38dd7a070f64b9aa2fbfa68e1eb568f,https://youtu.be/7OeuACZr3Y8?si=feiJRqjuPuX1MO_N,7OeuACZr3Y8,Laxmi Prasad Devkota | Kun Mandir Ma |  Ram Krishna Dhakal | Yadav Kharel | Chandra Raj Sharma,done,2026-05-29 11:24:40.635183,2026-05-29 11:25:01.583794
3207ea46034a4442b8745a1abdbe8572,193.4,198.4,5.0,46,0,1,2026-05-29 11:25:01.576143,d38dd7a070f64b9aa2fbfa68e1eb568f,https://youtu.be/7OeuACZr3Y8?si=feiJRqjuPuX1MO_N,7OeuACZr3Y8,Laxmi Prasad Devkota | Kun Mandir Ma |  Ram Krishna Dhakal | Yadav Kharel | Chandra Raj Sharma,done,2026-05-29 11:24:40.635183,2026-05-29 11:25:01.583794
c8981e2271a640658b44f5f0ecfb36ea,198.4,203.333,4.933,47,0,1,2026-05-29 11:25:01.576143,d38dd7a070f64b9aa2fbfa68e1eb568f,https://youtu.be/7OeuACZr3Y8?si=feiJRqjuPuX1MO_N,7OeuACZr3Y8,Laxmi Prasad Devkota | Kun Mandir Ma |  Ram Krishna Dhakal | Yadav Kharel | Chandra Raj Sharma,done,2026-05-29 11:24:40.635183,2026-05-29 11:25:01.583794
ccad7a7d87c84e9ebfe8af959910dc04,205.6,209.0,3.4,49,0,1,2026-05-29 11:25:01.576143,d38dd7a070f64b9aa2fbfa68e1eb568f,https://youtu.be/7OeuACZr3Y8?si=feiJRqjuPuX1MO_N,7OeuACZr3Y8,Laxmi Prasad Devkota | Kun Mandir Ma |  Ram Krishna Dhakal | Yadav Kharel | Chandra Raj Sharma,done,2026-05-29 11:24:40.635183,2026-05-29 11:25:01.583794
a464b5c442b14531afae03658c6923c6,209.0,214.733,5.733,50,0,1,2026-05-29 11:25:01.576143,d38dd7a070f64b9aa2fbfa68e1eb568f,https://youtu.be/7OeuACZr3Y8?si=feiJRqjuPuX1MO_N,7OeuACZr3Y8,Laxmi Prasad Devkota | Kun Mandir Ma |  Ram Krishna Dhakal | Yadav Kharel | Chandra Raj Sharma,done,2026-05-29 11:24:40.635183,2026-05-29 11:25:01.583794
39fd6b621ca64b9cb5a84667e8f0e517,214.733,218.333,3.6,51,0,1,2026-05-29 11:25:01.576143,d38dd7a070f64b9aa2fbfa68e1eb568f,https://youtu.be/7OeuACZr3Y8?si=feiJRqjuPuX1MO_N,7OeuACZr3Y8,Laxmi Prasad Devkota | Kun Mandir Ma |  Ram Krishna Dhakal | Yadav Kharel | Chandra Raj Sharma,done,2026-05-29 11:24:40.635183,2026-05-29 11:25:01.583794
b155275335eb4fa49aaf2539dcd05a83,219.933,223.0,3.067,53,0,1,2026-05-29 11:25:01.576143,d38dd7a070f64b9aa2fbfa68e1eb568f,https://youtu.be/7OeuACZr3Y8?si=feiJRqjuPuX1MO_N,7OeuACZr3Y8,Laxmi Prasad Devkota | Kun Mandir Ma |  Ram Krishna Dhakal | Yadav Kharel | Chandra Raj Sharma,done,2026-05-29 11:24:40.635183,2026-05-29 11:25:01.583794
b7ad14003fef4849b0c2454363e2125c,0.0,3.4,3.4,0,1,1,2026-05-29 10:23:10.669918,802537972c59470ba33cf3026d6a1c53,https://youtu.be/0JiF_mumapc?si=uK2p8JxZz2dECfM4,0JiF_mumapc,MAHA JODI - WRONG NUMBER | Part 4 | Hari Bansha Acharya and Madan Krishna Shrestha,done,2026-05-29 10:22:50.582416,2026-05-29 10:23:10.676169
2d2d79c871f54137abf9a34342afdf6e,3.4,9.0,5.6,1,0,1,2026-05-29 10:23:10.670916,802537972c59470ba33cf3026d6a1c53,https://youtu.be/0JiF_mumapc?si=uK2p8JxZz2dECfM4,0JiF_mumapc,MAHA JODI - WRONG NUMBER | Part 4 | Hari Bansha Acharya and Madan Krishna Shrestha,done,2026-05-29 10:22:50.582416,2026-05-29 10:23:10.676169
568df82027434b74b3a019230c6f47a6,10.133,14.8,4.667,3,0,1,2026-05-29 10:23:10.670916,802537972c59470ba33cf3026d6a1c53,https://youtu.be/0JiF_mumapc?si=uK2p8JxZz2dECfM4,0JiF_mumapc,MAHA JODI - WRONG NUMBER | Part 4 | Hari Bansha Acharya and Madan Krishna Shrestha,done,2026-05-29 10:22:50.582416,2026-05-29 10:23:10.676169
049af24bf3df4895b3d4c1ad16af215c,14.8,18.2,3.4,4,0,1,2026-05-29 10:23:10.670916,802537972c59470ba33cf3026d6a1c53,https://youtu.be/0JiF_mumapc?si=uK2p8JxZz2dECfM4,0JiF_mumapc,MAHA JODI - WRONG NUMBER | Part 4 | Hari Bansha Acharya and Madan Krishna Shrestha,done,2026-05-29 10:22:50.582416,2026-05-29 10:23:10.676169
422f535bea2b462096c7fb6ec0fe210b,25.733,29.333,3.6,8,0,1,2026-05-29 10:23:10.670916,802537972c59470ba33cf3026d6a1c53,https://youtu.be/0JiF_mumapc?si=uK2p8JxZz2dECfM4,0JiF_mumapc,MAHA JODI - WRONG NUMBER | Part 4 | Hari Bansha Acharya and Madan Krishna Shrestha,done,2026-05-29 10:22:50.582416,2026-05-29 10:23:10.676169
5cb3bfc322a744008e8e765f89702a4c,29.333,39.333,10.0,9,0,1,2026-05-29 10:23:10.670916,802537972c59470ba33cf3026d6a1c53,https://youtu.be/0JiF_mumapc?si=uK2p8JxZz2dECfM4,0JiF_mumapc,MAHA JODI - WRONG NUMBER | Part 4 | Hari Bansha Acharya and Madan Krishna Shrestha,done,2026-05-29 10:22:50.582416,2026-05-29 10:23:10.676169
ba3468edf24845e4b31fa15f40f78819,51.8,56.467,4.667,10,0,1,2026-05-29 10:23:10.670916,802537972c59470ba33cf3026d6a1c53,https://youtu.be/0JiF_mumapc?si=uK2p8JxZz2dECfM4,0JiF_mumapc,MAHA JODI - WRONG NUMBER | Part 4 | Hari Bansha Acharya and Madan Krishna Shrestha,done,2026-05-29 10:22:50.582416,2026-05-29 10:23:10.676169
d6f4fdc986ac4c71b5d1735ddef25740,56.467,63.733,7.267,11,0,1,2026-05-29 10:23:10.670916,802537972c59470ba33cf3026d6a1c53,https://youtu.be/0JiF_mumapc?si=uK2p8JxZz2dECfM4,0JiF_mumapc,MAHA JODI - WRONG NUMBER | Part 4 | Hari Bansha Acharya and Madan Krishna Shrestha,done,2026-05-29 10:22:50.582416,2026-05-29 10:23:10.676169
65108273f8f84db38e98043f1a456410,63.733,71.8,8.067,12,0,1,2026-05-29 10:23:10.670916,802537972c59470ba33cf3026d6a1c53,https://youtu.be/0JiF_mumapc?si=uK2p8JxZz2dECfM4,0JiF_mumapc,MAHA JODI - WRONG NUMBER | Part 4 | Hari Bansha Acharya and Madan Krishna Shrestha,done,2026-05-29 10:22:50.582416,2026-05-29 10:23:10.676169
d62ed4bd91ba49db904465e4d04e4187,73.8,77.2,3.4,14,0,1,2026-05-29 10:23:10.670916,802537972c59470ba33cf3026d6a1c53,https://youtu.be/0JiF_mumapc?si=uK2p8JxZz2dECfM4,0JiF_mumapc,MAHA JODI - WRONG NUMBER | Part 4 | Hari Bansha Acharya and Madan Krishna Shrestha,done,2026-05-29 10:22:50.582416,2026-05-29 10:23:10.676169
caf0201d13c34378972252f486601eaf,77.2,80.733,3.533,15,0,1,2026-05-29 10:23:10.670916,802537972c59470ba33cf3026d6a1c53,https://youtu.be/0JiF_mumapc?si=uK2p8JxZz2dECfM4,0JiF_mumapc,MAHA JODI - WRONG NUMBER | Part 4 | Hari Bansha Acharya and Madan Krishna Shrestha,done,2026-05-29 10:22:50.582416,2026-05-29 10:23:10.676169
7610382f44e04b589d669f8fb58a4cec,83.333,89.0,5.667,17,0,1,2026-05-29 10:23:10.670916,802537972c59470ba33cf3026d6a1c53,https://youtu.be/0JiF_mumapc?si=uK2p8JxZz2dECfM4,0JiF_mumapc,MAHA JODI - WRONG NUMBER | Part 4 | Hari Bansha Acharya and Madan Krishna Shrestha,done,2026-05-29 10:22:50.582416,2026-05-29 10:23:10.676169
7d9548672a0042a8be07b5cbe4660983,89.0,99.0,10.0,18,0,1,2026-05-29 10:23:10.670916,802537972c59470ba33cf3026d6a1c53,https://youtu.be/0JiF_mumapc?si=uK2p8JxZz2dECfM4,0JiF_mumapc,MAHA JODI - WRONG NUMBER | Part 4 | Hari Bansha Acharya and Madan Krishna Shrestha,done,2026-05-29 10:22:50.582416,2026-05-29 10:23:10.676169
c1c050b359f84913b6c13624d312aa8d,101.333,107.933,6.6,20,0,1,2026-05-29 10:23:10.670916,802537972c59470ba33cf3026d6a1c53,https://youtu.be/0JiF_mumapc?si=uK2p8JxZz2dECfM4,0JiF_mumapc,MAHA JODI - WRONG NUMBER | Part 4 | Hari Bansha Acharya and Madan Krishna Shrestha,done,2026-05-29 10:22:50.582416,2026-05-29 10:23:10.676169
31bc7f667b604066ace9037fb3a0ceb9,110.067,117.667,7.6,22,0,1,2026-05-29 10:23:10.670916,802537972c59470ba33cf3026d6a1c53,https://youtu.be/0JiF_mumapc?si=uK2p8JxZz2dECfM4,0JiF_mumapc,MAHA JODI - WRONG NUMBER | Part 4 | Hari Bansha Acharya and Madan Krishna Shrestha,done,2026-05-29 10:22:50.582416,2026-05-29 10:23:10.676169
72681dca530c48e386c7a66b2bf8d508,121.733,131.733,10.0,25,0,1,2026-05-29 10:23:10.670916,802537972c59470ba33cf3026d6a1c53,https://youtu.be/0JiF_mumapc?si=uK2p8JxZz2dECfM4,0JiF_mumapc,MAHA JODI - WRONG NUMBER | Part 4 | Hari Bansha Acharya and Madan Krishna Shrestha,done,2026-05-29 10:22:50.582416,2026-05-29 10:23:10.676169
475076c713c543d1aed07e3c4519966e,148.133,158.133,10.0,26,0,1,2026-05-29 10:23:10.670916,802537972c59470ba33cf3026d6a1c53,https://youtu.be/0JiF_mumapc?si=uK2p8JxZz2dECfM4,0JiF_mumapc,MAHA JODI - WRONG NUMBER | Part 4 | Hari Bansha Acharya and Madan Krishna Shrestha,done,2026-05-29 10:22:50.582416,2026-05-29 10:23:10.676169
638d3452c48147199e652fe3a815538d,167.533,170.933,3.4,27,0,1,2026-05-29 10:23:10.670916,802537972c59470ba33cf3026d6a1c53,https://youtu.be/0JiF_mumapc?si=uK2p8JxZz2dECfM4,0JiF_mumapc,MAHA JODI - WRONG NUMBER | Part 4 | Hari Bansha Acharya and Madan Krishna Shrestha,done,2026-05-29 10:22:50.582416,2026-05-29 10:23:10.676169
55e80765c84947d5bae24870993ed752,170.933,180.933,10.0,28,0,1,2026-05-29 10:23:10.670916,802537972c59470ba33cf3026d6a1c53,https://youtu.be/0JiF_mumapc?si=uK2p8JxZz2dECfM4,0JiF_mumapc,MAHA JODI - WRONG NUMBER | Part 4 | Hari Bansha Acharya and Madan Krishna Shrestha,done,2026-05-29 10:22:50.582416,2026-05-29 10:23:10.676169
83fa513a4d324bb1800dd5bfaf8f77ea,185.2,190.0,4.8,29,0,1,2026-05-29 10:23:10.670916,802537972c59470ba33cf3026d6a1c53,https://youtu.be/0JiF_mumapc?si=uK2p8JxZz2dECfM4,0JiF_mumapc,MAHA JODI - WRONG NUMBER | Part 4 | Hari Bansha Acharya and Madan Krishna Shrestha,done,2026-05-29 10:22:50.582416,2026-05-29 10:23:10.676169
90874a1b90374a6ca9e9f6b0040260ea,191.6,201.6,10.0,31,0,1,2026-05-29 10:23:10.670916,802537972c59470ba33cf3026d6a1c53,https://youtu.be/0JiF_mumapc?si=uK2p8JxZz2dECfM4,0JiF_mumapc,MAHA JODI - WRONG NUMBER | Part 4 | Hari Bansha Acharya and Madan Krishna Shrestha,done,2026-05-29 10:22:50.582416,2026-05-29 10:23:10.676169
cce6d07226a64a51ae3528157c2553c3,209.6,213.133,3.533,33,0,1,2026-05-29 10:23:10.670916,802537972c59470ba33cf3026d6a1c53,https://youtu.be/0JiF_mumapc?si=uK2p8JxZz2dECfM4,0JiF_mumapc,MAHA JODI - WRONG NUMBER | Part 4 | Hari Bansha Acharya and Madan Krishna Shrestha,done,2026-05-29 10:22:50.582416,2026-05-29 10:23:10.676169
d812b7e05e9d470686da26bbe2a38015,213.133,223.133,10.0,34,0,1,2026-05-29 10:23:10.670916,802537972c59470ba33cf3026d6a1c53,https://youtu.be/0JiF_mumapc?si=uK2p8JxZz2dECfM4,0JiF_mumapc,MAHA JODI - WRONG NUMBER | Part 4 | Hari Bansha Acharya and Madan Krishna Shrestha,done,2026-05-29 10:22:50.582416,2026-05-29 10:23:10.676169
4ba6354fcff94db488efacbabf764a52,233.533,238.0,4.467,36,0,1,2026-05-29 10:23:10.670916,802537972c59470ba33cf3026d6a1c53,https://youtu.be/0JiF_mumapc?si=uK2p8JxZz2dECfM4,0JiF_mumapc,MAHA JODI - WRONG NUMBER | Part 4 | Hari Bansha Acharya and Madan Krishna Shrestha,done,2026-05-29 10:22:50.582416,2026-05-29 10:23:10.676169
e314ee1869e344a394689d945a178b37,239.667,249.667,10.0,38,0,1,2026-05-29 10:23:10.670916,802537972c59470ba33cf3026d6a1c53,https://youtu.be/0JiF_mumapc?si=uK2p8JxZz2dECfM4,0JiF_mumapc,MAHA JODI - WRONG NUMBER | Part 4 | Hari Bansha Acharya and Madan Krishna Shrestha,done,2026-05-29 10:22:50.582416,2026-05-29 10:23:10.676169
5ce25536d94143a58a5104a4fb154b3d,252.4,258.733,6.333,41,0,1,2026-05-29 10:23:10.670916,802537972c59470ba33cf3026d6a1c53,https://youtu.be/0JiF_mumapc?si=uK2p8JxZz2dECfM4,0JiF_mumapc,MAHA JODI - WRONG NUMBER | Part 4 | Hari Bansha Acharya and Madan Krishna Shrestha,done,2026-05-29 10:22:50.582416,2026-05-29 10:23:10.676169
c2724cb4426642f2a7417063d5972035,264.467,272.467,8.0,45,0,1,2026-05-29 10:23:10.670916,802537972c59470ba33cf3026d6a1c53,https://youtu.be/0JiF_mumapc?si=uK2p8JxZz2dECfM4,0JiF_mumapc,MAHA JODI - WRONG NUMBER | Part 4 | Hari Bansha Acharya and Madan Krishna Shrestha,done,2026-05-29 10:22:50.582416,2026-05-29 10:23:10.676169
5811f2fb56294bdc936cbe1f9ec19b55,274.067,284.067,10.0,47,0,1,2026-05-29 10:23:10.670916,802537972c59470ba33cf3026d6a1c53,https://youtu.be/0JiF_mumapc?si=uK2p8JxZz2dECfM4,0JiF_mumapc,MAHA JODI - WRONG NUMBER | Part 4 | Hari Bansha Acharya and Madan Krishna Shrestha,done,2026-05-29 10:22:50.582416,2026-05-29 10:23:10.676169
c8a9c462748d41578311e64e7e8961c2,342.333,352.333,10.0,48,0,1,2026-05-29 10:23:10.670916,802537972c59470ba33cf3026d6a1c53,https://youtu.be/0JiF_mumapc?si=uK2p8JxZz2dECfM4,0JiF_mumapc,MAHA JODI - WRONG NUMBER | Part 4 | Hari Bansha Acharya and Madan Krishna Shrestha,done,2026-05-29 10:22:50.582416,2026-05-29 10:23:10.676169
4593f7587edb491fba03ff0c5bbc0e62,0.0,3.533,3.533,0,0,1,2026-05-29 11:26:52.708517,6636b0ff3c6e44f8a506d0cdb0a4bcb4,https://youtu.be/mi_NnRPpqs8?si=mAspNSufO7v8NZ7Q,mi_NnRPpqs8,Maile Timilai | Anju Panta | Nepali Adhunik Song | Anju Panta Song |,done,2026-05-29 11:25:42.551705,2026-05-29 11:26:52.719662
503c21af9271486b8a4ea5e8bb8fac2d,8.467,12.733,4.267,4,0,1,2026-05-29 11:26:52.708517,6636b0ff3c6e44f8a506d0cdb0a4bcb4,https://youtu.be/mi_NnRPpqs8?si=mAspNSufO7v8NZ7Q,mi_NnRPpqs8,Maile Timilai | Anju Panta | Nepali Adhunik Song | Anju Panta Song |,done,2026-05-29 11:25:42.551705,2026-05-29 11:26:52.719662
06a3c96d27a84ca8b9b96832c1515e74,32.0,37.333,5.333,16,0,1,2026-05-29 11:26:52.708517,6636b0ff3c6e44f8a506d0cdb0a4bcb4,https://youtu.be/mi_NnRPpqs8?si=mAspNSufO7v8NZ7Q,mi_NnRPpqs8,Maile Timilai | Anju Panta | Nepali Adhunik Song | Anju Panta Song |,done,2026-05-29 11:25:42.551705,2026-05-29 11:26:52.719662
eab403153018477bb99b8670182d8917,37.333,41.2,3.867,17,0,1,2026-05-29 11:26:52.708517,6636b0ff3c6e44f8a506d0cdb0a4bcb4,https://youtu.be/mi_NnRPpqs8?si=mAspNSufO7v8NZ7Q,mi_NnRPpqs8,Maile Timilai | Anju Panta | Nepali Adhunik Song | Anju Panta Song |,done,2026-05-29 11:25:42.551705,2026-05-29 11:26:52.719662
9e5620ce04b940149cb38dff72a4a41a,44.4,48.733,4.333,20,0,1,2026-05-29 11:26:52.708517,6636b0ff3c6e44f8a506d0cdb0a4bcb4,https://youtu.be/mi_NnRPpqs8?si=mAspNSufO7v8NZ7Q,mi_NnRPpqs8,Maile Timilai | Anju Panta | Nepali Adhunik Song | Anju Panta Song |,done,2026-05-29 11:25:42.551705,2026-05-29 11:26:52.719662
10080af24c8c4ab384afa59dbe466bf1,48.733,53.533,4.8,21,0,1,2026-05-29 11:26:52.708517,6636b0ff3c6e44f8a506d0cdb0a4bcb4,https://youtu.be/mi_NnRPpqs8?si=mAspNSufO7v8NZ7Q,mi_NnRPpqs8,Maile Timilai | Anju Panta | Nepali Adhunik Song | Anju Panta Song |,done,2026-05-29 11:25:42.551705,2026-05-29 11:26:52.719662
8517cae05acd4669b970748dfc9e5b1d,56.067,59.933,3.867,23,0,1,2026-05-29 11:26:52.708517,6636b0ff3c6e44f8a506d0cdb0a4bcb4,https://youtu.be/mi_NnRPpqs8?si=mAspNSufO7v8NZ7Q,mi_NnRPpqs8,Maile Timilai | Anju Panta | Nepali Adhunik Song | Anju Panta Song |,done,2026-05-29 11:25:42.551705,2026-05-29 11:26:52.719662
6013a0b7b1254084be31167505edf695,61.133,67.4,6.267,25,0,1,2026-05-29 11:26:52.708517,6636b0ff3c6e44f8a506d0cdb0a4bcb4,https://youtu.be/mi_NnRPpqs8?si=mAspNSufO7v8NZ7Q,mi_NnRPpqs8,Maile Timilai | Anju Panta | Nepali Adhunik Song | Anju Panta Song |,done,2026-05-29 11:25:42.551705,2026-05-29 11:26:52.719662
ddca5e6f988a49afa5a335a535ba3b3c,69.333,74.8,5.467,27,0,1,2026-05-29 11:26:52.708517,6636b0ff3c6e44f8a506d0cdb0a4bcb4,https://youtu.be/mi_NnRPpqs8?si=mAspNSufO7v8NZ7Q,mi_NnRPpqs8,Maile Timilai | Anju Panta | Nepali Adhunik Song | Anju Panta Song |,done,2026-05-29 11:25:42.551705,2026-05-29 11:26:52.719662
38b5bdb730904bcdb3ad3d008e135fcc,74.8,78.8,4.0,28,0,1,2026-05-29 11:26:52.708517,6636b0ff3c6e44f8a506d0cdb0a4bcb4,https://youtu.be/mi_NnRPpqs8?si=mAspNSufO7v8NZ7Q,mi_NnRPpqs8,Maile Timilai | Anju Panta | Nepali Adhunik Song | Anju Panta Song |,done,2026-05-29 11:25:42.551705,2026-05-29 11:26:52.719662
58464ade50bc4861a47b87b17067ff09,84.6,90.8,6.2,33,0,1,2026-05-29 11:26:52.708517,6636b0ff3c6e44f8a506d0cdb0a4bcb4,https://youtu.be/mi_NnRPpqs8?si=mAspNSufO7v8NZ7Q,mi_NnRPpqs8,Maile Timilai | Anju Panta | Nepali Adhunik Song | Anju Panta Song |,done,2026-05-29 11:25:42.551705,2026-05-29 11:26:52.719662
2a48cd55d4494e95acc337de33ea03ee,90.8,95.733,4.933,34,0,1,2026-05-29 11:26:52.709058,6636b0ff3c6e44f8a506d0cdb0a4bcb4,https://youtu.be/mi_NnRPpqs8?si=mAspNSufO7v8NZ7Q,mi_NnRPpqs8,Maile Timilai | Anju Panta | Nepali Adhunik Song | Anju Panta Song |,done,2026-05-29 11:25:42.551705,2026-05-29 11:26:52.719662
a71bd093c3e94865800d53191557c999,100.133,104.6,4.467,37,0,1,2026-05-29 11:26:52.709058,6636b0ff3c6e44f8a506d0cdb0a4bcb4,https://youtu.be/mi_NnRPpqs8?si=mAspNSufO7v8NZ7Q,mi_NnRPpqs8,Maile Timilai | Anju Panta | Nepali Adhunik Song | Anju Panta Song |,done,2026-05-29 11:25:42.551705,2026-05-29 11:26:52.719662
66ed983de039479ab8fc50a0aec4f22f,105.733,115.733,10.0,39,0,1,2026-05-29 11:26:52.709058,6636b0ff3c6e44f8a506d0cdb0a4bcb4,https://youtu.be/mi_NnRPpqs8?si=mAspNSufO7v8NZ7Q,mi_NnRPpqs8,Maile Timilai | Anju Panta | Nepali Adhunik Song | Anju Panta Song |,done,2026-05-29 11:25:42.551705,2026-05-29 11:26:52.719662
67f11cdedb8b4510a2b9437fedc2b88e,122.2,125.533,3.333,40,0,1,2026-05-29 11:26:52.709058,6636b0ff3c6e44f8a506d0cdb0a4bcb4,https://youtu.be/mi_NnRPpqs8?si=mAspNSufO7v8NZ7Q,mi_NnRPpqs8,Maile Timilai | Anju Panta | Nepali Adhunik Song | Anju Panta Song |,done,2026-05-29 11:25:42.551705,2026-05-29 11:26:52.719662
f6418713ed4c4d3b83bf90622171a1bf,128.333,131.6,3.267,42,0,1,2026-05-29 11:26:52.709058,6636b0ff3c6e44f8a506d0cdb0a4bcb4,https://youtu.be/mi_NnRPpqs8?si=mAspNSufO7v8NZ7Q,mi_NnRPpqs8,Maile Timilai | Anju Panta | Nepali Adhunik Song | Anju Panta Song |,done,2026-05-29 11:25:42.551705,2026-05-29 11:26:52.719662
8de9e6e1db744f76945d84c5cfbc4208,137.133,144.0,6.867,46,0,1,2026-05-29 11:26:52.709058,6636b0ff3c6e44f8a506d0cdb0a4bcb4,https://youtu.be/mi_NnRPpqs8?si=mAspNSufO7v8NZ7Q,mi_NnRPpqs8,Maile Timilai | Anju Panta | Nepali Adhunik Song | Anju Panta Song |,done,2026-05-29 11:25:42.551705,2026-05-29 11:26:52.719662
32312dc0535c41059f01eee420a8cd5f,150.0,153.4,3.4,51,0,1,2026-05-29 11:26:52.709058,6636b0ff3c6e44f8a506d0cdb0a4bcb4,https://youtu.be/mi_NnRPpqs8?si=mAspNSufO7v8NZ7Q,mi_NnRPpqs8,Maile Timilai | Anju Panta | Nepali Adhunik Song | Anju Panta Song |,done,2026-05-29 11:25:42.551705,2026-05-29 11:26:52.719662
adc33f3fb99240f0a323aae6b36a4e2c,153.4,156.467,3.067,52,0,1,2026-05-29 11:26:52.709058,6636b0ff3c6e44f8a506d0cdb0a4bcb4,https://youtu.be/mi_NnRPpqs8?si=mAspNSufO7v8NZ7Q,mi_NnRPpqs8,Maile Timilai | Anju Panta | Nepali Adhunik Song | Anju Panta Song |,done,2026-05-29 11:25:42.551705,2026-05-29 11:26:52.719662
b0acd94004c244adb0dbb32ed2060028,156.467,166.467,10.0,53,0,1,2026-05-29 11:26:52.709058,6636b0ff3c6e44f8a506d0cdb0a4bcb4,https://youtu.be/mi_NnRPpqs8?si=mAspNSufO7v8NZ7Q,mi_NnRPpqs8,Maile Timilai | Anju Panta | Nepali Adhunik Song | Anju Panta Song |,done,2026-05-29 11:25:42.551705,2026-05-29 11:26:52.719662
ec15a7d23e6546be89f5a4fea5503f23,177.467,181.2,3.733,58,0,1,2026-05-29 11:26:52.709058,6636b0ff3c6e44f8a506d0cdb0a4bcb4,https://youtu.be/mi_NnRPpqs8?si=mAspNSufO7v8NZ7Q,mi_NnRPpqs8,Maile Timilai | Anju Panta | Nepali Adhunik Song | Anju Panta Song |,done,2026-05-29 11:25:42.551705,2026-05-29 11:26:52.719662
70c93b86ba3246c8a96e856a881c0330,184.133,187.8,3.667,61,0,1,2026-05-29 11:26:52.709058,6636b0ff3c6e44f8a506d0cdb0a4bcb4,https://youtu.be/mi_NnRPpqs8?si=mAspNSufO7v8NZ7Q,mi_NnRPpqs8,Maile Timilai | Anju Panta | Nepali Adhunik Song | Anju Panta Song |,done,2026-05-29 11:25:42.551705,2026-05-29 11:26:52.719662
a8fa8cb29d274f78a9e3579d3a707d53,193.133,200.8,7.667,65,0,1,2026-05-29 11:26:52.709058,6636b0ff3c6e44f8a506d0cdb0a4bcb4,https://youtu.be/mi_NnRPpqs8?si=mAspNSufO7v8NZ7Q,mi_NnRPpqs8,Maile Timilai | Anju Panta | Nepali Adhunik Song | Anju Panta Song |,done,2026-05-29 11:25:42.551705,2026-05-29 11:26:52.719662
1935686716f8437f88a6df36a5e9655f,203.4,206.4,3.0,68,0,1,2026-05-29 11:26:52.709058,6636b0ff3c6e44f8a506d0cdb0a4bcb4,https://youtu.be/mi_NnRPpqs8?si=mAspNSufO7v8NZ7Q,mi_NnRPpqs8,Maile Timilai | Anju Panta | Nepali Adhunik Song | Anju Panta Song |,done,2026-05-29 11:25:42.551705,2026-05-29 11:26:52.719662
fb08cc25702d4831a94ea8040edd6254,209.133,215.4,6.267,70,0,1,2026-05-29 11:26:52.709058,6636b0ff3c6e44f8a506d0cdb0a4bcb4,https://youtu.be/mi_NnRPpqs8?si=mAspNSufO7v8NZ7Q,mi_NnRPpqs8,Maile Timilai | Anju Panta | Nepali Adhunik Song | Anju Panta Song |,done,2026-05-29 11:25:42.551705,2026-05-29 11:26:52.719662
f2dc4c7568a5467b8165fcbf45a6e8da,215.4,218.867,3.467,71,0,1,2026-05-29 11:26:52.709058,6636b0ff3c6e44f8a506d0cdb0a4bcb4,https://youtu.be/mi_NnRPpqs8?si=mAspNSufO7v8NZ7Q,mi_NnRPpqs8,Maile Timilai | Anju Panta | Nepali Adhunik Song | Anju Panta Song |,done,2026-05-29 11:25:42.551705,2026-05-29 11:26:52.719662
1621c8d5b5da4a4eb6aa2d542acbd50c,218.867,223.733,4.867,72,0,1,2026-05-29 11:26:52.709058,6636b0ff3c6e44f8a506d0cdb0a4bcb4,https://youtu.be/mi_NnRPpqs8?si=mAspNSufO7v8NZ7Q,mi_NnRPpqs8,Maile Timilai | Anju Panta | Nepali Adhunik Song | Anju Panta Song |,done,2026-05-29 11:25:42.551705,2026-05-29 11:26:52.719662
d63701213fbe43988ae7679183564747,225.133,229.733,4.6,74,0,1,2026-05-29 11:26:52.709058,6636b0ff3c6e44f8a506d0cdb0a4bcb4,https://youtu.be/mi_NnRPpqs8?si=mAspNSufO7v8NZ7Q,mi_NnRPpqs8,Maile Timilai | Anju Panta | Nepali Adhunik Song | Anju Panta Song |,done,2026-05-29 11:25:42.551705,2026-05-29 11:26:52.719662
8ba150552be5474dbe3072c42d260aad,229.733,236.933,7.2,75,0,1,2026-05-29 11:26:52.709058,6636b0ff3c6e44f8a506d0cdb0a4bcb4,https://youtu.be/mi_NnRPpqs8?si=mAspNSufO7v8NZ7Q,mi_NnRPpqs8,Maile Timilai | Anju Panta | Nepali Adhunik Song | Anju Panta Song |,done,2026-05-29 11:25:42.551705,2026-05-29 11:26:52.719662
ff77ef36219f4ac08770c8cb201e805b,243.933,247.8,3.867,79,0,1,2026-05-29 11:26:52.709058,6636b0ff3c6e44f8a506d0cdb0a4bcb4,https://youtu.be/mi_NnRPpqs8?si=mAspNSufO7v8NZ7Q,mi_NnRPpqs8,Maile Timilai | Anju Panta | Nepali Adhunik Song | Anju Panta Song |,done,2026-05-29 11:25:42.551705,2026-05-29 11:26:52.719662
2b7bb9c11f374674a9b7f61458f50e73,249.933,253.2,3.267,81,0,1,2026-05-29 11:26:52.709058,6636b0ff3c6e44f8a506d0cdb0a4bcb4,https://youtu.be/mi_NnRPpqs8?si=mAspNSufO7v8NZ7Q,mi_NnRPpqs8,Maile Timilai | Anju Panta | Nepali Adhunik Song | Anju Panta Song |,done,2026-05-29 11:25:42.551705,2026-05-29 11:26:52.719662
676787da64cb417682b811c4727e4424,256.4,259.467,3.067,84,0,1,2026-05-29 11:26:52.709058,6636b0ff3c6e44f8a506d0cdb0a4bcb4,https://youtu.be/mi_NnRPpqs8?si=mAspNSufO7v8NZ7Q,mi_NnRPpqs8,Maile Timilai | Anju Panta | Nepali Adhunik Song | Anju Panta Song |,done,2026-05-29 11:25:42.551705,2026-05-29 11:26:52.719662
37775c74842444fa960c2885ea3bbe40,268.733,272.0,3.267,91,0,1,2026-05-29 11:26:52.709058,6636b0ff3c6e44f8a506d0cdb0a4bcb4,https://youtu.be/mi_NnRPpqs8?si=mAspNSufO7v8NZ7Q,mi_NnRPpqs8,Maile Timilai | Anju Panta | Nepali Adhunik Song | Anju Panta Song |,done,2026-05-29 11:25:42.551705,2026-05-29 11:26:52.719662
2c2a7501adf04f2ab56d785a392ee469,272.0,275.133,3.133,92,0,1,2026-05-29 11:26:52.709058,6636b0ff3c6e44f8a506d0cdb0a4bcb4,https://youtu.be/mi_NnRPpqs8?si=mAspNSufO7v8NZ7Q,mi_NnRPpqs8,Maile Timilai | Anju Panta | Nepali Adhunik Song | Anju Panta Song |,done,2026-05-29 11:25:42.551705,2026-05-29 11:26:52.719662
24f2b02a79d040309ce4b5ac868bc50a,275.133,279.933,4.8,93,0,1,2026-05-29 11:26:52.709058,6636b0ff3c6e44f8a506d0cdb0a4bcb4,https://youtu.be/mi_NnRPpqs8?si=mAspNSufO7v8NZ7Q,mi_NnRPpqs8,Maile Timilai | Anju Panta | Nepali Adhunik Song | Anju Panta Song |,done,2026-05-29 11:25:42.551705,2026-05-29 11:26:52.719662
12cb8e1ac406474a87b7c018089deb75,285.533,289.867,4.333,97,0,1,2026-05-29 11:26:52.709058,6636b0ff3c6e44f8a506d0cdb0a4bcb4,https://youtu.be/mi_NnRPpqs8?si=mAspNSufO7v8NZ7Q,mi_NnRPpqs8,Maile Timilai | Anju Panta | Nepali Adhunik Song | Anju Panta Song |,done,2026-05-29 11:25:42.551705,2026-05-29 11:26:52.719662
f89d4898965f4a96936e105eebd23acc,293.333,296.533,3.2,100,0,1,2026-05-29 11:26:52.709058,6636b0ff3c6e44f8a506d0cdb0a4bcb4,https://youtu.be/mi_NnRPpqs8?si=mAspNSufO7v8NZ7Q,mi_NnRPpqs8,Maile Timilai | Anju Panta | Nepali Adhunik Song | Anju Panta Song |,done,2026-05-29 11:25:42.551705,2026-05-29 11:26:52.719662
cfdacc2450d44eb3871622d1267f6ade,296.533,299.533,3.0,101,0,1,2026-05-29 11:26:52.709058,6636b0ff3c6e44f8a506d0cdb0a4bcb4,https://youtu.be/mi_NnRPpqs8?si=mAspNSufO7v8NZ7Q,mi_NnRPpqs8,Maile Timilai | Anju Panta | Nepali Adhunik Song | Anju Panta Song |,done,2026-05-29 11:25:42.551705,2026-05-29 11:26:52.719662
d2194b387a2b4d7f9db2ca0815d7e551,37.2,40.733,3.533,22,0,1,2026-05-29 10:26:44.556331,65498b7110224b9ead1fd3c2f50b74fa,https://youtu.be/odg4cpoMTpc?si=O35WkYTTZ8tVdG19,odg4cpoMTpc,Man Bhulyo - Bhanu Oli  | Nepali Song | Album LokMala,done,2026-05-29 10:26:23.566678,2026-05-29 10:26:44.562033
0d9cd4c540dd43268ee315eef38f4c6b,46.733,52.0,5.267,26,0,1,2026-05-29 10:26:44.556331,65498b7110224b9ead1fd3c2f50b74fa,https://youtu.be/odg4cpoMTpc?si=O35WkYTTZ8tVdG19,odg4cpoMTpc,Man Bhulyo - Bhanu Oli  | Nepali Song | Album LokMala,done,2026-05-29 10:26:23.566678,2026-05-29 10:26:44.562033
e19782e5a16b49c89a917e938ec04a1a,64.733,74.733,10.0,34,0,1,2026-05-29 10:26:44.556331,65498b7110224b9ead1fd3c2f50b74fa,https://youtu.be/odg4cpoMTpc?si=O35WkYTTZ8tVdG19,odg4cpoMTpc,Man Bhulyo - Bhanu Oli  | Nepali Song | Album LokMala,done,2026-05-29 10:26:23.566678,2026-05-29 10:26:44.562033
f84198fdceff4bb88a5f17ee89d17dad,82.733,87.533,4.8,39,0,1,2026-05-29 10:26:44.556331,65498b7110224b9ead1fd3c2f50b74fa,https://youtu.be/odg4cpoMTpc?si=O35WkYTTZ8tVdG19,odg4cpoMTpc,Man Bhulyo - Bhanu Oli  | Nepali Song | Album LokMala,done,2026-05-29 10:26:23.566678,2026-05-29 10:26:44.562033
5bf7b863e0eb47f5b64393ef649f5f74,94.733,104.333,9.6,43,0,1,2026-05-29 10:26:44.556331,65498b7110224b9ead1fd3c2f50b74fa,https://youtu.be/odg4cpoMTpc?si=O35WkYTTZ8tVdG19,odg4cpoMTpc,Man Bhulyo - Bhanu Oli  | Nepali Song | Album LokMala,done,2026-05-29 10:26:23.566678,2026-05-29 10:26:44.562033
7bf4022fd21e4d689cc528ebc133aea2,107.133,113.933,6.8,45,0,1,2026-05-29 10:26:44.556331,65498b7110224b9ead1fd3c2f50b74fa,https://youtu.be/odg4cpoMTpc?si=O35WkYTTZ8tVdG19,odg4cpoMTpc,Man Bhulyo - Bhanu Oli  | Nepali Song | Album LokMala,done,2026-05-29 10:26:23.566678,2026-05-29 10:26:44.562033
e2de9102c4cc4cda9f0a4c55c24d0ea5,120.8,123.933,3.133,49,0,1,2026-05-29 10:26:44.556331,65498b7110224b9ead1fd3c2f50b74fa,https://youtu.be/odg4cpoMTpc?si=O35WkYTTZ8tVdG19,odg4cpoMTpc,Man Bhulyo - Bhanu Oli  | Nepali Song | Album LokMala,done,2026-05-29 10:26:23.566678,2026-05-29 10:26:44.562033
13293386a38f48da9cf7eb6410c43d9a,129.667,134.333,4.667,53,0,1,2026-05-29 10:26:44.556331,65498b7110224b9ead1fd3c2f50b74fa,https://youtu.be/odg4cpoMTpc?si=O35WkYTTZ8tVdG19,odg4cpoMTpc,Man Bhulyo - Bhanu Oli  | Nepali Song | Album LokMala,done,2026-05-29 10:26:23.566678,2026-05-29 10:26:44.562033
570086a2ea1145059894c2f411f080cf,141.6,146.333,4.733,59,0,1,2026-05-29 10:26:44.556331,65498b7110224b9ead1fd3c2f50b74fa,https://youtu.be/odg4cpoMTpc?si=O35WkYTTZ8tVdG19,odg4cpoMTpc,Man Bhulyo - Bhanu Oli  | Nepali Song | Album LokMala,done,2026-05-29 10:26:23.566678,2026-05-29 10:26:44.562033
0ef18bae09e440a0bc3957cd643e9599,147.533,152.333,4.8,61,0,1,2026-05-29 10:26:44.556331,65498b7110224b9ead1fd3c2f50b74fa,https://youtu.be/odg4cpoMTpc?si=O35WkYTTZ8tVdG19,odg4cpoMTpc,Man Bhulyo - Bhanu Oli  | Nepali Song | Album LokMala,done,2026-05-29 10:26:23.566678,2026-05-29 10:26:44.562033
794f1530cfa3462e8de4b3b373c9eddc,152.333,157.2,4.867,62,0,1,2026-05-29 10:26:44.556331,65498b7110224b9ead1fd3c2f50b74fa,https://youtu.be/odg4cpoMTpc?si=O35WkYTTZ8tVdG19,odg4cpoMTpc,Man Bhulyo - Bhanu Oli  | Nepali Song | Album LokMala,done,2026-05-29 10:26:23.566678,2026-05-29 10:26:44.562033
36db0042f4914be48c69c6053738f24e,163.133,166.733,3.6,67,0,1,2026-05-29 10:26:44.556331,65498b7110224b9ead1fd3c2f50b74fa,https://youtu.be/odg4cpoMTpc?si=O35WkYTTZ8tVdG19,odg4cpoMTpc,Man Bhulyo - Bhanu Oli  | Nepali Song | Album LokMala,done,2026-05-29 10:26:23.566678,2026-05-29 10:26:44.562033
d7de1a2aaaf8401fa5dbb7b673f2a4e0,166.733,169.8,3.067,68,0,1,2026-05-29 10:26:44.556331,65498b7110224b9ead1fd3c2f50b74fa,https://youtu.be/odg4cpoMTpc?si=O35WkYTTZ8tVdG19,odg4cpoMTpc,Man Bhulyo - Bhanu Oli  | Nepali Song | Album LokMala,done,2026-05-29 10:26:23.566678,2026-05-29 10:26:44.562033
7dc35b380b1a4c44bfc533ca84d03054,169.8,176.0,6.2,69,0,1,2026-05-29 10:26:44.556331,65498b7110224b9ead1fd3c2f50b74fa,https://youtu.be/odg4cpoMTpc?si=O35WkYTTZ8tVdG19,odg4cpoMTpc,Man Bhulyo - Bhanu Oli  | Nepali Song | Album LokMala,done,2026-05-29 10:26:23.566678,2026-05-29 10:26:44.562033
3b42a1543a8348fd857f3e3985cbbe80,185.933,190.267,4.333,75,0,1,2026-05-29 10:26:44.556331,65498b7110224b9ead1fd3c2f50b74fa,https://youtu.be/odg4cpoMTpc?si=O35WkYTTZ8tVdG19,odg4cpoMTpc,Man Bhulyo - Bhanu Oli  | Nepali Song | Album LokMala,done,2026-05-29 10:26:23.566678,2026-05-29 10:26:44.562033
15a93152fe704d1f9e7cc4b7d6120bae,190.267,194.8,4.533,76,0,1,2026-05-29 10:26:44.556331,65498b7110224b9ead1fd3c2f50b74fa,https://youtu.be/odg4cpoMTpc?si=O35WkYTTZ8tVdG19,odg4cpoMTpc,Man Bhulyo - Bhanu Oli  | Nepali Song | Album LokMala,done,2026-05-29 10:26:23.566678,2026-05-29 10:26:44.562033
cdcb6675a734475a9cc7209279db70b4,194.8,200.267,5.467,77,0,1,2026-05-29 10:26:44.556331,65498b7110224b9ead1fd3c2f50b74fa,https://youtu.be/odg4cpoMTpc?si=O35WkYTTZ8tVdG19,odg4cpoMTpc,Man Bhulyo - Bhanu Oli  | Nepali Song | Album LokMala,done,2026-05-29 10:26:23.566678,2026-05-29 10:26:44.562033
1a1afd0fa5f24021805f836060c9ae8a,214.8,219.6,4.8,85,0,1,2026-05-29 10:26:44.556331,65498b7110224b9ead1fd3c2f50b74fa,https://youtu.be/odg4cpoMTpc?si=O35WkYTTZ8tVdG19,odg4cpoMTpc,Man Bhulyo - Bhanu Oli  | Nepali Song | Album LokMala,done,2026-05-29 10:26:23.566678,2026-05-29 10:26:44.562033
72222dd6d574461d87c8b72757dc4574,223.133,226.8,3.667,88,0,1,2026-05-29 10:26:44.556331,65498b7110224b9ead1fd3c2f50b74fa,https://youtu.be/odg4cpoMTpc?si=O35WkYTTZ8tVdG19,odg4cpoMTpc,Man Bhulyo - Bhanu Oli  | Nepali Song | Album LokMala,done,2026-05-29 10:26:23.566678,2026-05-29 10:26:44.562033
81a8f1c414f546229188b7301c7ab4c2,229.333,232.6,3.267,90,0,1,2026-05-29 10:26:44.556331,65498b7110224b9ead1fd3c2f50b74fa,https://youtu.be/odg4cpoMTpc?si=O35WkYTTZ8tVdG19,odg4cpoMTpc,Man Bhulyo - Bhanu Oli  | Nepali Song | Album LokMala,done,2026-05-29 10:26:23.566678,2026-05-29 10:26:44.562033
f76afca8c35743bbb34d14e0b2f1c7de,232.6,236.133,3.533,91,0,1,2026-05-29 10:26:44.556331,65498b7110224b9ead1fd3c2f50b74fa,https://youtu.be/odg4cpoMTpc?si=O35WkYTTZ8tVdG19,odg4cpoMTpc,Man Bhulyo - Bhanu Oli  | Nepali Song | Album LokMala,done,2026-05-29 10:26:23.566678,2026-05-29 10:26:44.562033
4529acf179584f86ab80a8c153270ec4,238.8,243.6,4.8,94,0,1,2026-05-29 10:26:44.556331,65498b7110224b9ead1fd3c2f50b74fa,https://youtu.be/odg4cpoMTpc?si=O35WkYTTZ8tVdG19,odg4cpoMTpc,Man Bhulyo - Bhanu Oli  | Nepali Song | Album LokMala,done,2026-05-29 10:26:23.566678,2026-05-29 10:26:44.562033
22ff2d2db3384a7cae1f09690df78226,243.6,248.0,4.4,95,0,1,2026-05-29 10:26:44.556331,65498b7110224b9ead1fd3c2f50b74fa,https://youtu.be/odg4cpoMTpc?si=O35WkYTTZ8tVdG19,odg4cpoMTpc,Man Bhulyo - Bhanu Oli  | Nepali Song | Album LokMala,done,2026-05-29 10:26:23.566678,2026-05-29 10:26:44.562033
3c505f0cf9d443b693a776394fc42e84,259.133,262.733,3.6,102,0,1,2026-05-29 10:26:44.556331,65498b7110224b9ead1fd3c2f50b74fa,https://youtu.be/odg4cpoMTpc?si=O35WkYTTZ8tVdG19,odg4cpoMTpc,Man Bhulyo - Bhanu Oli  | Nepali Song | Album LokMala,done,2026-05-29 10:26:23.566678,2026-05-29 10:26:44.562033
d62a9fbadcb548efbff3f0075a0085ce,278.4,282.0,3.6,112,0,1,2026-05-29 10:26:44.556331,65498b7110224b9ead1fd3c2f50b74fa,https://youtu.be/odg4cpoMTpc?si=O35WkYTTZ8tVdG19,odg4cpoMTpc,Man Bhulyo - Bhanu Oli  | Nepali Song | Album LokMala,done,2026-05-29 10:26:23.566678,2026-05-29 10:26:44.562033
c9ad502276c24b06a4f97a66911e37ae,286.8,296.533,9.733,115,0,1,2026-05-29 10:26:44.556331,65498b7110224b9ead1fd3c2f50b74fa,https://youtu.be/odg4cpoMTpc?si=O35WkYTTZ8tVdG19,odg4cpoMTpc,Man Bhulyo - Bhanu Oli  | Nepali Song | Album LokMala,done,2026-05-29 10:26:23.566678,2026-05-29 10:26:44.562033
c8524cbc8fa946058d00390858317976,49.32,53.6,4.28,43,1,1,2026-05-29 10:15:23.402670,d3d0acae17f044f1a996b044c4029ed1,https://youtu.be/A0GOxBvHNNg?si=K9CfqGAJ315ICyWo,A0GOxBvHNNg,Man Magan – Deepak Bajracharya | New Nepali Song | Official Music Video,done,2026-05-29 10:12:25.806959,2026-05-29 10:15:23.407966
1d9b2c16ef5b4113af74c22266073836,66.44,74.64,8.2,54,1,1,2026-05-29 10:15:23.402670,d3d0acae17f044f1a996b044c4029ed1,https://youtu.be/A0GOxBvHNNg?si=K9CfqGAJ315ICyWo,A0GOxBvHNNg,Man Magan – Deepak Bajracharya | New Nepali Song | Official Music Video,done,2026-05-29 10:12:25.806959,2026-05-29 10:15:23.407966
b25292feb9c44ca68e13eba3c3995b2c,76.28,80.24,3.96,56,1,1,2026-05-29 10:15:23.402670,d3d0acae17f044f1a996b044c4029ed1,https://youtu.be/A0GOxBvHNNg?si=K9CfqGAJ315ICyWo,A0GOxBvHNNg,Man Magan – Deepak Bajracharya | New Nepali Song | Official Music Video,done,2026-05-29 10:12:25.806959,2026-05-29 10:15:23.407966
c7cb8d09bd114f06b6d1d997e0c8f6c4,80.24,87.16,6.92,57,1,1,2026-05-29 10:15:23.402670,d3d0acae17f044f1a996b044c4029ed1,https://youtu.be/A0GOxBvHNNg?si=K9CfqGAJ315ICyWo,A0GOxBvHNNg,Man Magan – Deepak Bajracharya | New Nepali Song | Official Music Video,done,2026-05-29 10:12:25.806959,2026-05-29 10:15:23.407966
85f944f5644d4cd2a9c22f53766b0fc8,140.0,144.84,4.84,98,1,1,2026-05-29 10:15:23.402670,d3d0acae17f044f1a996b044c4029ed1,https://youtu.be/A0GOxBvHNNg?si=K9CfqGAJ315ICyWo,A0GOxBvHNNg,Man Magan – Deepak Bajracharya | New Nepali Song | Official Music Video,done,2026-05-29 10:12:25.806959,2026-05-29 10:15:23.407966
6cb7e91c3cc94fbbb725b4b3f0ba42f3,166.72,170.12,3.4,112,1,1,2026-05-29 10:15:23.402670,d3d0acae17f044f1a996b044c4029ed1,https://youtu.be/A0GOxBvHNNg?si=K9CfqGAJ315ICyWo,A0GOxBvHNNg,Man Magan – Deepak Bajracharya | New Nepali Song | Official Music Video,done,2026-05-29 10:12:25.806959,2026-05-29 10:15:23.407966
0b99407e28124898add38873bdabc855,194.04,197.6,3.56,131,1,1,2026-05-29 10:15:23.402670,d3d0acae17f044f1a996b044c4029ed1,https://youtu.be/A0GOxBvHNNg?si=K9CfqGAJ315ICyWo,A0GOxBvHNNg,Man Magan – Deepak Bajracharya | New Nepali Song | Official Music Video,done,2026-05-29 10:12:25.806959,2026-05-29 10:15:23.407966
41db88b4faff49ec8dbb0968674464ca,226.16,236.16,10.0,153,1,1,2026-05-29 10:15:23.402670,d3d0acae17f044f1a996b044c4029ed1,https://youtu.be/A0GOxBvHNNg?si=K9CfqGAJ315ICyWo,A0GOxBvHNNg,Man Magan – Deepak Bajracharya | New Nepali Song | Official Music Video,done,2026-05-29 10:12:25.806959,2026-05-29 10:15:23.407966
b84a014daae14366a6c92bb61e1fbfad,0.0,9.067,9.067,0,0,1,2026-05-29 10:38:51.523758,0499477be06c4eb9aba603ccc8d9480d,https://youtu.be/h8Fe6ay2hRg?si=iSq37eAfMpjXQd5b,h8Fe6ay2hRg,Marchhu Ma Jalaunu | Bishnu Majhi & Khuman Adhikari | Nepali Lok Dohori,done,2026-05-29 10:37:54.055773,2026-05-29 10:38:51.543981
cfd374f71f3c461f87b9af4d05529572,9.067,15.0,5.933,1,0,1,2026-05-29 10:38:51.523758,0499477be06c4eb9aba603ccc8d9480d,https://youtu.be/h8Fe6ay2hRg?si=iSq37eAfMpjXQd5b,h8Fe6ay2hRg,Marchhu Ma Jalaunu | Bishnu Majhi & Khuman Adhikari | Nepali Lok Dohori,done,2026-05-29 10:37:54.055773,2026-05-29 10:38:51.543981
32d833d92e8a4af1bae37968532ea3c1,19.4,23.8,4.4,5,0,1,2026-05-29 10:38:51.523758,0499477be06c4eb9aba603ccc8d9480d,https://youtu.be/h8Fe6ay2hRg?si=iSq37eAfMpjXQd5b,h8Fe6ay2hRg,Marchhu Ma Jalaunu | Bishnu Majhi & Khuman Adhikari | Nepali Lok Dohori,done,2026-05-29 10:37:54.055773,2026-05-29 10:38:51.543981
d5b98f527ab844e0ac39f84e7c8b4150,26.733,31.933,5.2,7,0,1,2026-05-29 10:38:51.523758,0499477be06c4eb9aba603ccc8d9480d,https://youtu.be/h8Fe6ay2hRg?si=iSq37eAfMpjXQd5b,h8Fe6ay2hRg,Marchhu Ma Jalaunu | Bishnu Majhi & Khuman Adhikari | Nepali Lok Dohori,done,2026-05-29 10:37:54.055773,2026-05-29 10:38:51.543981
3bae076c28454598bae00a79d4cacc6c,31.933,35.6,3.667,8,0,1,2026-05-29 10:38:51.523758,0499477be06c4eb9aba603ccc8d9480d,https://youtu.be/h8Fe6ay2hRg?si=iSq37eAfMpjXQd5b,h8Fe6ay2hRg,Marchhu Ma Jalaunu | Bishnu Majhi & Khuman Adhikari | Nepali Lok Dohori,done,2026-05-29 10:37:54.055773,2026-05-29 10:38:51.543981
31749642c5884995b494e2882cc94ae4,44.333,48.8,4.467,14,0,1,2026-05-29 10:38:51.523758,0499477be06c4eb9aba603ccc8d9480d,https://youtu.be/h8Fe6ay2hRg?si=iSq37eAfMpjXQd5b,h8Fe6ay2hRg,Marchhu Ma Jalaunu | Bishnu Majhi & Khuman Adhikari | Nepali Lok Dohori,done,2026-05-29 10:37:54.055773,2026-05-29 10:38:51.543981
129d335c65e54e7b81b4d3d3a4bece56,53.2,57.6,4.4,17,0,1,2026-05-29 10:38:51.523758,0499477be06c4eb9aba603ccc8d9480d,https://youtu.be/h8Fe6ay2hRg?si=iSq37eAfMpjXQd5b,h8Fe6ay2hRg,Marchhu Ma Jalaunu | Bishnu Majhi & Khuman Adhikari | Nepali Lok Dohori,done,2026-05-29 10:37:54.055773,2026-05-29 10:38:51.543981
6e4f43c5a87e406d978340f08e1e0bb8,57.6,60.6,3.0,18,0,1,2026-05-29 10:38:51.523758,0499477be06c4eb9aba603ccc8d9480d,https://youtu.be/h8Fe6ay2hRg?si=iSq37eAfMpjXQd5b,h8Fe6ay2hRg,Marchhu Ma Jalaunu | Bishnu Majhi & Khuman Adhikari | Nepali Lok Dohori,done,2026-05-29 10:37:54.055773,2026-05-29 10:38:51.543981
1b5fa67a4c8b42a5b40b335fa6a6c009,60.6,63.6,3.0,19,0,1,2026-05-29 10:38:51.523758,0499477be06c4eb9aba603ccc8d9480d,https://youtu.be/h8Fe6ay2hRg?si=iSq37eAfMpjXQd5b,h8Fe6ay2hRg,Marchhu Ma Jalaunu | Bishnu Majhi & Khuman Adhikari | Nepali Lok Dohori,done,2026-05-29 10:37:54.055773,2026-05-29 10:38:51.543981
3293ac1c7a8e408c86151d62d329a6ee,63.6,67.933,4.333,20,0,1,2026-05-29 10:38:51.523758,0499477be06c4eb9aba603ccc8d9480d,https://youtu.be/h8Fe6ay2hRg?si=iSq37eAfMpjXQd5b,h8Fe6ay2hRg,Marchhu Ma Jalaunu | Bishnu Majhi & Khuman Adhikari | Nepali Lok Dohori,done,2026-05-29 10:37:54.055773,2026-05-29 10:38:51.543981
cca9313056594b03aff386d525a8da55,69.467,79.467,10.0,22,0,1,2026-05-29 10:38:51.523758,0499477be06c4eb9aba603ccc8d9480d,https://youtu.be/h8Fe6ay2hRg?si=iSq37eAfMpjXQd5b,h8Fe6ay2hRg,Marchhu Ma Jalaunu | Bishnu Majhi & Khuman Adhikari | Nepali Lok Dohori,done,2026-05-29 10:37:54.055773,2026-05-29 10:38:51.543981
40bf5e557513425d9d136a4e28bc4563,81.133,87.0,5.867,23,0,1,2026-05-29 10:38:51.523758,0499477be06c4eb9aba603ccc8d9480d,https://youtu.be/h8Fe6ay2hRg?si=iSq37eAfMpjXQd5b,h8Fe6ay2hRg,Marchhu Ma Jalaunu | Bishnu Majhi & Khuman Adhikari | Nepali Lok Dohori,done,2026-05-29 10:37:54.055773,2026-05-29 10:38:51.543981
3c6e36d45a9e467f9dd8138f1558e667,94.333,97.333,3.0,28,0,1,2026-05-29 10:38:51.523758,0499477be06c4eb9aba603ccc8d9480d,https://youtu.be/h8Fe6ay2hRg?si=iSq37eAfMpjXQd5b,h8Fe6ay2hRg,Marchhu Ma Jalaunu | Bishnu Majhi & Khuman Adhikari | Nepali Lok Dohori,done,2026-05-29 10:37:54.055773,2026-05-29 10:38:51.543981
ab8b915a931743078eca192c47fc096e,114.933,120.8,5.867,36,0,1,2026-05-29 10:38:51.523758,0499477be06c4eb9aba603ccc8d9480d,https://youtu.be/h8Fe6ay2hRg?si=iSq37eAfMpjXQd5b,h8Fe6ay2hRg,Marchhu Ma Jalaunu | Bishnu Majhi & Khuman Adhikari | Nepali Lok Dohori,done,2026-05-29 10:37:54.055773,2026-05-29 10:38:51.543981
071cf3c2285540708d1f02a462dc1fce,120.8,126.733,5.933,37,0,1,2026-05-29 10:38:51.523758,0499477be06c4eb9aba603ccc8d9480d,https://youtu.be/h8Fe6ay2hRg?si=iSq37eAfMpjXQd5b,h8Fe6ay2hRg,Marchhu Ma Jalaunu | Bishnu Majhi & Khuman Adhikari | Nepali Lok Dohori,done,2026-05-29 10:37:54.055773,2026-05-29 10:38:51.543981
6b845b5a1e4f439cb422fded33af895c,128.2,133.4,5.2,39,0,1,2026-05-29 10:38:51.523758,0499477be06c4eb9aba603ccc8d9480d,https://youtu.be/h8Fe6ay2hRg?si=iSq37eAfMpjXQd5b,h8Fe6ay2hRg,Marchhu Ma Jalaunu | Bishnu Majhi & Khuman Adhikari | Nepali Lok Dohori,done,2026-05-29 10:37:54.055773,2026-05-29 10:38:51.543981
55c3b3b7d5c849509e68612201d27f6e,133.4,140.0,6.6,40,0,1,2026-05-29 10:38:51.523758,0499477be06c4eb9aba603ccc8d9480d,https://youtu.be/h8Fe6ay2hRg?si=iSq37eAfMpjXQd5b,h8Fe6ay2hRg,Marchhu Ma Jalaunu | Bishnu Majhi & Khuman Adhikari | Nepali Lok Dohori,done,2026-05-29 10:37:54.055773,2026-05-29 10:38:51.543981
dc987242d50c4ba8942a1c7b3feef878,142.933,150.267,7.333,43,0,1,2026-05-29 10:38:51.523758,0499477be06c4eb9aba603ccc8d9480d,https://youtu.be/h8Fe6ay2hRg?si=iSq37eAfMpjXQd5b,h8Fe6ay2hRg,Marchhu Ma Jalaunu | Bishnu Majhi & Khuman Adhikari | Nepali Lok Dohori,done,2026-05-29 10:37:54.055773,2026-05-29 10:38:51.543981
29014bf75d3240b6bbd38aced0631272,160.533,164.933,4.4,51,0,1,2026-05-29 10:38:51.523758,0499477be06c4eb9aba603ccc8d9480d,https://youtu.be/h8Fe6ay2hRg?si=iSq37eAfMpjXQd5b,h8Fe6ay2hRg,Marchhu Ma Jalaunu | Bishnu Majhi & Khuman Adhikari | Nepali Lok Dohori,done,2026-05-29 10:37:54.055773,2026-05-29 10:38:51.543981
b006090540284549a33cb9d70a912192,164.933,170.8,5.867,52,0,1,2026-05-29 10:38:51.523758,0499477be06c4eb9aba603ccc8d9480d,https://youtu.be/h8Fe6ay2hRg?si=iSq37eAfMpjXQd5b,h8Fe6ay2hRg,Marchhu Ma Jalaunu | Bishnu Majhi & Khuman Adhikari | Nepali Lok Dohori,done,2026-05-29 10:37:54.055773,2026-05-29 10:38:51.543981
2587e855791d485fb6549f440158d764,170.8,173.8,3.0,53,0,1,2026-05-29 10:38:51.523758,0499477be06c4eb9aba603ccc8d9480d,https://youtu.be/h8Fe6ay2hRg?si=iSq37eAfMpjXQd5b,h8Fe6ay2hRg,Marchhu Ma Jalaunu | Bishnu Majhi & Khuman Adhikari | Nepali Lok Dohori,done,2026-05-29 10:37:54.055773,2026-05-29 10:38:51.543981
07d2e7d57e6a4de59af9565184414259,181.133,184.133,3.0,57,0,1,2026-05-29 10:38:51.523758,0499477be06c4eb9aba603ccc8d9480d,https://youtu.be/h8Fe6ay2hRg?si=iSq37eAfMpjXQd5b,h8Fe6ay2hRg,Marchhu Ma Jalaunu | Bishnu Majhi & Khuman Adhikari | Nepali Lok Dohori,done,2026-05-29 10:37:54.055773,2026-05-29 10:38:51.543981
dcb65e814c634baaa66e2e88c633f3c4,187.0,194.4,7.4,59,0,1,2026-05-29 10:38:51.523758,0499477be06c4eb9aba603ccc8d9480d,https://youtu.be/h8Fe6ay2hRg?si=iSq37eAfMpjXQd5b,h8Fe6ay2hRg,Marchhu Ma Jalaunu | Bishnu Majhi & Khuman Adhikari | Nepali Lok Dohori,done,2026-05-29 10:37:54.055773,2026-05-29 10:38:51.543981
b59b829bb7e04f6b8d4255b88fce80b7,203.133,206.133,3.0,63,0,1,2026-05-29 10:38:51.523758,0499477be06c4eb9aba603ccc8d9480d,https://youtu.be/h8Fe6ay2hRg?si=iSq37eAfMpjXQd5b,h8Fe6ay2hRg,Marchhu Ma Jalaunu | Bishnu Majhi & Khuman Adhikari | Nepali Lok Dohori,done,2026-05-29 10:37:54.055773,2026-05-29 10:38:51.543981
315780cef3c746538460ec3b4f38d502,209.067,214.133,5.067,65,0,1,2026-05-29 10:38:51.523758,0499477be06c4eb9aba603ccc8d9480d,https://youtu.be/h8Fe6ay2hRg?si=iSq37eAfMpjXQd5b,h8Fe6ay2hRg,Marchhu Ma Jalaunu | Bishnu Majhi & Khuman Adhikari | Nepali Lok Dohori,done,2026-05-29 10:37:54.055773,2026-05-29 10:38:51.543981
92b9c24ad1ea40df9dbac2e06c874cef,214.133,219.267,5.133,66,0,1,2026-05-29 10:38:51.523758,0499477be06c4eb9aba603ccc8d9480d,https://youtu.be/h8Fe6ay2hRg?si=iSq37eAfMpjXQd5b,h8Fe6ay2hRg,Marchhu Ma Jalaunu | Bishnu Majhi & Khuman Adhikari | Nepali Lok Dohori,done,2026-05-29 10:37:54.055773,2026-05-29 10:38:51.543981
1573e68feb7c47148667891c8895bda5,229.6,236.933,7.333,72,0,1,2026-05-29 10:38:51.524292,0499477be06c4eb9aba603ccc8d9480d,https://youtu.be/h8Fe6ay2hRg?si=iSq37eAfMpjXQd5b,h8Fe6ay2hRg,Marchhu Ma Jalaunu | Bishnu Majhi & Khuman Adhikari | Nepali Lok Dohori,done,2026-05-29 10:37:54.055773,2026-05-29 10:38:51.543981
561c8d2ad38c40d5a51bb9e2fde12e20,236.933,241.4,4.467,73,0,1,2026-05-29 10:38:51.524292,0499477be06c4eb9aba603ccc8d9480d,https://youtu.be/h8Fe6ay2hRg?si=iSq37eAfMpjXQd5b,h8Fe6ay2hRg,Marchhu Ma Jalaunu | Bishnu Majhi & Khuman Adhikari | Nepali Lok Dohori,done,2026-05-29 10:37:54.055773,2026-05-29 10:38:51.543981
f8cb8481cea04b4d82b6a66cb4918be5,242.867,247.333,4.467,75,0,1,2026-05-29 10:38:51.524292,0499477be06c4eb9aba603ccc8d9480d,https://youtu.be/h8Fe6ay2hRg?si=iSq37eAfMpjXQd5b,h8Fe6ay2hRg,Marchhu Ma Jalaunu | Bishnu Majhi & Khuman Adhikari | Nepali Lok Dohori,done,2026-05-29 10:37:54.055773,2026-05-29 10:38:51.543981
aa086ccf05ea43e0adb7a456335c751c,247.333,252.533,5.2,76,0,1,2026-05-29 10:38:51.524292,0499477be06c4eb9aba603ccc8d9480d,https://youtu.be/h8Fe6ay2hRg?si=iSq37eAfMpjXQd5b,h8Fe6ay2hRg,Marchhu Ma Jalaunu | Bishnu Majhi & Khuman Adhikari | Nepali Lok Dohori,done,2026-05-29 10:37:54.055773,2026-05-29 10:38:51.543981
ca4af2f1332048b78d9891af46673d94,252.533,257.6,5.067,77,0,1,2026-05-29 10:38:51.524388,0499477be06c4eb9aba603ccc8d9480d,https://youtu.be/h8Fe6ay2hRg?si=iSq37eAfMpjXQd5b,h8Fe6ay2hRg,Marchhu Ma Jalaunu | Bishnu Majhi & Khuman Adhikari | Nepali Lok Dohori,done,2026-05-29 10:37:54.055773,2026-05-29 10:38:51.543981
72b37957b5ce45fca497ca0bf12f5a82,263.333,269.333,6.0,80,0,1,2026-05-29 10:38:51.524388,0499477be06c4eb9aba603ccc8d9480d,https://youtu.be/h8Fe6ay2hRg?si=iSq37eAfMpjXQd5b,h8Fe6ay2hRg,Marchhu Ma Jalaunu | Bishnu Majhi & Khuman Adhikari | Nepali Lok Dohori,done,2026-05-29 10:37:54.055773,2026-05-29 10:38:51.543981
b38c71c8f7ea491097305bfa36fe5b96,269.333,275.2,5.867,81,0,1,2026-05-29 10:38:51.524388,0499477be06c4eb9aba603ccc8d9480d,https://youtu.be/h8Fe6ay2hRg?si=iSq37eAfMpjXQd5b,h8Fe6ay2hRg,Marchhu Ma Jalaunu | Bishnu Majhi & Khuman Adhikari | Nepali Lok Dohori,done,2026-05-29 10:37:54.055773,2026-05-29 10:38:51.543981
9430dfc655524d17b2d0a12ba3060117,279.6,285.533,5.933,84,0,1,2026-05-29 10:38:51.524482,0499477be06c4eb9aba603ccc8d9480d,https://youtu.be/h8Fe6ay2hRg?si=iSq37eAfMpjXQd5b,h8Fe6ay2hRg,Marchhu Ma Jalaunu | Bishnu Majhi & Khuman Adhikari | Nepali Lok Dohori,done,2026-05-29 10:37:54.055773,2026-05-29 10:38:51.543981
a653cf8ba814403c97b66bad1f915f1c,289.067,295.8,6.733,87,0,1,2026-05-29 10:38:51.524482,0499477be06c4eb9aba603ccc8d9480d,https://youtu.be/h8Fe6ay2hRg?si=iSq37eAfMpjXQd5b,h8Fe6ay2hRg,Marchhu Ma Jalaunu | Bishnu Majhi & Khuman Adhikari | Nepali Lok Dohori,done,2026-05-29 10:37:54.055773,2026-05-29 10:38:51.543981
a4606cedc327486592b9a6148ec31ec0,295.8,301.733,5.933,88,0,1,2026-05-29 10:38:51.524482,0499477be06c4eb9aba603ccc8d9480d,https://youtu.be/h8Fe6ay2hRg?si=iSq37eAfMpjXQd5b,h8Fe6ay2hRg,Marchhu Ma Jalaunu | Bishnu Majhi & Khuman Adhikari | Nepali Lok Dohori,done,2026-05-29 10:37:54.055773,2026-05-29 10:38:51.543981
412da070a53c468caca1398da19b7e2c,303.133,307.6,4.467,90,0,1,2026-05-29 10:38:51.524482,0499477be06c4eb9aba603ccc8d9480d,https://youtu.be/h8Fe6ay2hRg?si=iSq37eAfMpjXQd5b,h8Fe6ay2hRg,Marchhu Ma Jalaunu | Bishnu Majhi & Khuman Adhikari | Nepali Lok Dohori,done,2026-05-29 10:37:54.055773,2026-05-29 10:38:51.543981
2c61f9800bca4317bd02e9c75557d3ff,311.933,314.933,3.0,93,0,1,2026-05-29 10:38:51.524482,0499477be06c4eb9aba603ccc8d9480d,https://youtu.be/h8Fe6ay2hRg?si=iSq37eAfMpjXQd5b,h8Fe6ay2hRg,Marchhu Ma Jalaunu | Bishnu Majhi & Khuman Adhikari | Nepali Lok Dohori,done,2026-05-29 10:37:54.055773,2026-05-29 10:38:51.543981
59a7ddecc34c4edb923f92a7d6e6a80d,317.8,327.8,10.0,96,0,1,2026-05-29 10:38:51.524482,0499477be06c4eb9aba603ccc8d9480d,https://youtu.be/h8Fe6ay2hRg?si=iSq37eAfMpjXQd5b,h8Fe6ay2hRg,Marchhu Ma Jalaunu | Bishnu Majhi & Khuman Adhikari | Nepali Lok Dohori,done,2026-05-29 10:37:54.055773,2026-05-29 10:38:51.543981
7e0a79b1699d48afbdd4a4daf8ab0506,332.533,338.4,5.867,97,0,1,2026-05-29 10:38:51.524482,0499477be06c4eb9aba603ccc8d9480d,https://youtu.be/h8Fe6ay2hRg?si=iSq37eAfMpjXQd5b,h8Fe6ay2hRg,Marchhu Ma Jalaunu | Bishnu Majhi & Khuman Adhikari | Nepali Lok Dohori,done,2026-05-29 10:37:54.055773,2026-05-29 10:38:51.543981
e333cc855a944ef880229561b7f467ea,338.4,345.067,6.667,98,0,1,2026-05-29 10:38:51.524482,0499477be06c4eb9aba603ccc8d9480d,https://youtu.be/h8Fe6ay2hRg?si=iSq37eAfMpjXQd5b,h8Fe6ay2hRg,Marchhu Ma Jalaunu | Bishnu Majhi & Khuman Adhikari | Nepali Lok Dohori,done,2026-05-29 10:37:54.055773,2026-05-29 10:38:51.543981
4a757456ab604a1aafb3b9940c460268,345.067,350.2,5.133,99,0,1,2026-05-29 10:38:51.524482,0499477be06c4eb9aba603ccc8d9480d,https://youtu.be/h8Fe6ay2hRg?si=iSq37eAfMpjXQd5b,h8Fe6ay2hRg,Marchhu Ma Jalaunu | Bishnu Majhi & Khuman Adhikari | Nepali Lok Dohori,done,2026-05-29 10:37:54.055773,2026-05-29 10:38:51.543981
d70a160e169745c58df591217dd04557,350.2,356.067,5.867,100,0,1,2026-05-29 10:38:51.524482,0499477be06c4eb9aba603ccc8d9480d,https://youtu.be/h8Fe6ay2hRg?si=iSq37eAfMpjXQd5b,h8Fe6ay2hRg,Marchhu Ma Jalaunu | Bishnu Majhi & Khuman Adhikari | Nepali Lok Dohori,done,2026-05-29 10:37:54.055773,2026-05-29 10:38:51.543981
f88fd3a6353a4b4cac8008140689b054,356.067,366.067,10.0,101,0,1,2026-05-29 10:38:51.524991,0499477be06c4eb9aba603ccc8d9480d,https://youtu.be/h8Fe6ay2hRg?si=iSq37eAfMpjXQd5b,h8Fe6ay2hRg,Marchhu Ma Jalaunu | Bishnu Majhi & Khuman Adhikari | Nepali Lok Dohori,done,2026-05-29 10:37:54.055773,2026-05-29 10:38:51.543981
8d284cb4d1184273abe4ae0d8da213ed,372.267,378.133,5.867,106,0,1,2026-05-29 10:38:51.524991,0499477be06c4eb9aba603ccc8d9480d,https://youtu.be/h8Fe6ay2hRg?si=iSq37eAfMpjXQd5b,h8Fe6ay2hRg,Marchhu Ma Jalaunu | Bishnu Majhi & Khuman Adhikari | Nepali Lok Dohori,done,2026-05-29 10:37:54.055773,2026-05-29 10:38:51.543981
9099c55f26234e45b048df6f7f4fc3ce,384.733,394.733,10.0,110,0,1,2026-05-29 10:38:51.525053,0499477be06c4eb9aba603ccc8d9480d,https://youtu.be/h8Fe6ay2hRg?si=iSq37eAfMpjXQd5b,h8Fe6ay2hRg,Marchhu Ma Jalaunu | Bishnu Majhi & Khuman Adhikari | Nepali Lok Dohori,done,2026-05-29 10:37:54.055773,2026-05-29 10:38:51.543981
841d8c8569d14876b77fb8ddf65e49e0,403.0,411.933,8.933,111,0,1,2026-05-29 10:38:51.525053,0499477be06c4eb9aba603ccc8d9480d,https://youtu.be/h8Fe6ay2hRg?si=iSq37eAfMpjXQd5b,h8Fe6ay2hRg,Marchhu Ma Jalaunu | Bishnu Majhi & Khuman Adhikari | Nepali Lok Dohori,done,2026-05-29 10:37:54.055773,2026-05-29 10:38:51.543981
eb6a3deb827446908b858ad45df4a9f2,411.933,421.933,10.0,112,0,1,2026-05-29 10:38:51.525053,0499477be06c4eb9aba603ccc8d9480d,https://youtu.be/h8Fe6ay2hRg?si=iSq37eAfMpjXQd5b,h8Fe6ay2hRg,Marchhu Ma Jalaunu | Bishnu Majhi & Khuman Adhikari | Nepali Lok Dohori,done,2026-05-29 10:37:54.055773,2026-05-29 10:38:51.543981
ab08bd8d969a49a7a7c3c7b0a300a05c,423.6,429.6,6.0,114,0,1,2026-05-29 10:38:51.525053,0499477be06c4eb9aba603ccc8d9480d,https://youtu.be/h8Fe6ay2hRg?si=iSq37eAfMpjXQd5b,h8Fe6ay2hRg,Marchhu Ma Jalaunu | Bishnu Majhi & Khuman Adhikari | Nepali Lok Dohori,done,2026-05-29 10:37:54.055773,2026-05-29 10:38:51.543981
e877efd2bb52450f888ef9a7fd8144a6,431.067,435.467,4.4,116,0,1,2026-05-29 10:38:51.525053,0499477be06c4eb9aba603ccc8d9480d,https://youtu.be/h8Fe6ay2hRg?si=iSq37eAfMpjXQd5b,h8Fe6ay2hRg,Marchhu Ma Jalaunu | Bishnu Majhi & Khuman Adhikari | Nepali Lok Dohori,done,2026-05-29 10:37:54.055773,2026-05-29 10:38:51.543981
747e2b0e296c466290ba3dc1f8c0ed83,435.467,440.733,5.267,117,0,1,2026-05-29 10:38:51.525053,0499477be06c4eb9aba603ccc8d9480d,https://youtu.be/h8Fe6ay2hRg?si=iSq37eAfMpjXQd5b,h8Fe6ay2hRg,Marchhu Ma Jalaunu | Bishnu Majhi & Khuman Adhikari | Nepali Lok Dohori,done,2026-05-29 10:37:54.055773,2026-05-29 10:38:51.543981
1bf9bf61e14c4e6eba1ae106f55d97e8,440.733,445.467,4.733,118,0,1,2026-05-29 10:38:51.525053,0499477be06c4eb9aba603ccc8d9480d,https://youtu.be/h8Fe6ay2hRg?si=iSq37eAfMpjXQd5b,h8Fe6ay2hRg,Marchhu Ma Jalaunu | Bishnu Majhi & Khuman Adhikari | Nepali Lok Dohori,done,2026-05-29 10:37:54.055773,2026-05-29 10:38:51.543981
993041c677db428886b93bb711b245f8,447.2,450.8,3.6,120,0,1,2026-05-29 10:38:51.525053,0499477be06c4eb9aba603ccc8d9480d,https://youtu.be/h8Fe6ay2hRg?si=iSq37eAfMpjXQd5b,h8Fe6ay2hRg,Marchhu Ma Jalaunu | Bishnu Majhi & Khuman Adhikari | Nepali Lok Dohori,done,2026-05-29 10:37:54.055773,2026-05-29 10:38:51.543981
448eadefe0314156a17b3c1f0e204c9b,450.8,460.8,10.0,121,0,1,2026-05-29 10:38:51.525053,0499477be06c4eb9aba603ccc8d9480d,https://youtu.be/h8Fe6ay2hRg?si=iSq37eAfMpjXQd5b,h8Fe6ay2hRg,Marchhu Ma Jalaunu | Bishnu Majhi & Khuman Adhikari | Nepali Lok Dohori,done,2026-05-29 10:37:54.055773,2026-05-29 10:38:51.543981
e3b60d76443c464ca46fe5d8fc490bef,464.867,473.733,8.867,122,0,1,2026-05-29 10:38:51.525053,0499477be06c4eb9aba603ccc8d9480d,https://youtu.be/h8Fe6ay2hRg?si=iSq37eAfMpjXQd5b,h8Fe6ay2hRg,Marchhu Ma Jalaunu | Bishnu Majhi & Khuman Adhikari | Nepali Lok Dohori,done,2026-05-29 10:37:54.055773,2026-05-29 10:38:51.543981
1f51020ec86c447799246317a2ca695a,473.733,477.333,3.6,123,0,1,2026-05-29 10:38:51.525053,0499477be06c4eb9aba603ccc8d9480d,https://youtu.be/h8Fe6ay2hRg?si=iSq37eAfMpjXQd5b,h8Fe6ay2hRg,Marchhu Ma Jalaunu | Bishnu Majhi & Khuman Adhikari | Nepali Lok Dohori,done,2026-05-29 10:37:54.055773,2026-05-29 10:38:51.543981
39a2db14e9284404b4c008ca6fb28505,477.333,483.933,6.6,124,0,1,2026-05-29 10:38:51.525053,0499477be06c4eb9aba603ccc8d9480d,https://youtu.be/h8Fe6ay2hRg?si=iSq37eAfMpjXQd5b,h8Fe6ay2hRg,Marchhu Ma Jalaunu | Bishnu Majhi & Khuman Adhikari | Nepali Lok Dohori,done,2026-05-29 10:37:54.055773,2026-05-29 10:38:51.543981
0895723a53e24e9fb0cab4df3c81f870,483.933,486.933,3.0,125,0,1,2026-05-29 10:38:51.525053,0499477be06c4eb9aba603ccc8d9480d,https://youtu.be/h8Fe6ay2hRg?si=iSq37eAfMpjXQd5b,h8Fe6ay2hRg,Marchhu Ma Jalaunu | Bishnu Majhi & Khuman Adhikari | Nepali Lok Dohori,done,2026-05-29 10:37:54.055773,2026-05-29 10:38:51.543981
5ffca0cfe3a74753b13d929eb1632199,491.333,497.2,5.867,128,0,1,2026-05-29 10:38:51.525053,0499477be06c4eb9aba603ccc8d9480d,https://youtu.be/h8Fe6ay2hRg?si=iSq37eAfMpjXQd5b,h8Fe6ay2hRg,Marchhu Ma Jalaunu | Bishnu Majhi & Khuman Adhikari | Nepali Lok Dohori,done,2026-05-29 10:37:54.055773,2026-05-29 10:38:51.543981
1f86e0341a784bbdb2f617f6281043ef,497.2,500.2,3.0,129,0,1,2026-05-29 10:38:51.525053,0499477be06c4eb9aba603ccc8d9480d,https://youtu.be/h8Fe6ay2hRg?si=iSq37eAfMpjXQd5b,h8Fe6ay2hRg,Marchhu Ma Jalaunu | Bishnu Majhi & Khuman Adhikari | Nepali Lok Dohori,done,2026-05-29 10:37:54.055773,2026-05-29 10:38:51.543981
4d44f13761a447aba5aaf165105a2f7b,504.6,510.467,5.867,132,0,1,2026-05-29 10:38:51.525053,0499477be06c4eb9aba603ccc8d9480d,https://youtu.be/h8Fe6ay2hRg?si=iSq37eAfMpjXQd5b,h8Fe6ay2hRg,Marchhu Ma Jalaunu | Bishnu Majhi & Khuman Adhikari | Nepali Lok Dohori,done,2026-05-29 10:37:54.055773,2026-05-29 10:38:51.543981
1351873193d4430eb04e99d8057c587e,513.4,517.8,4.4,134,0,1,2026-05-29 10:38:51.525053,0499477be06c4eb9aba603ccc8d9480d,https://youtu.be/h8Fe6ay2hRg?si=iSq37eAfMpjXQd5b,h8Fe6ay2hRg,Marchhu Ma Jalaunu | Bishnu Majhi & Khuman Adhikari | Nepali Lok Dohori,done,2026-05-29 10:37:54.055773,2026-05-29 10:38:51.543981
e38d706e7c684a7594c359b22e707a17,529.533,532.533,3.0,141,0,1,2026-05-29 10:38:51.525053,0499477be06c4eb9aba603ccc8d9480d,https://youtu.be/h8Fe6ay2hRg?si=iSq37eAfMpjXQd5b,h8Fe6ay2hRg,Marchhu Ma Jalaunu | Bishnu Majhi & Khuman Adhikari | Nepali Lok Dohori,done,2026-05-29 10:37:54.055773,2026-05-29 10:38:51.543981
5b644e2f1f754533a1cfe5c5aa223b74,535.4,539.867,4.467,144,0,1,2026-05-29 10:38:51.525558,0499477be06c4eb9aba603ccc8d9480d,https://youtu.be/h8Fe6ay2hRg?si=iSq37eAfMpjXQd5b,h8Fe6ay2hRg,Marchhu Ma Jalaunu | Bishnu Majhi & Khuman Adhikari | Nepali Lok Dohori,done,2026-05-29 10:37:54.055773,2026-05-29 10:38:51.543981
43d778b2550c44e6a9c9a5affe0d1e68,546.533,556.0,9.467,149,0,1,2026-05-29 10:38:51.525558,0499477be06c4eb9aba603ccc8d9480d,https://youtu.be/h8Fe6ay2hRg?si=iSq37eAfMpjXQd5b,h8Fe6ay2hRg,Marchhu Ma Jalaunu | Bishnu Majhi & Khuman Adhikari | Nepali Lok Dohori,done,2026-05-29 10:37:54.055773,2026-05-29 10:38:51.543981
3900fdcd93364055b1490bc181453a23,558.933,568.933,10.0,151,0,1,2026-05-29 10:38:51.525558,0499477be06c4eb9aba603ccc8d9480d,https://youtu.be/h8Fe6ay2hRg?si=iSq37eAfMpjXQd5b,h8Fe6ay2hRg,Marchhu Ma Jalaunu | Bishnu Majhi & Khuman Adhikari | Nepali Lok Dohori,done,2026-05-29 10:37:54.055773,2026-05-29 10:38:51.543981
2e0d4fa61c0c40849ab48f77af7a200e,0.0,3.2,3.2,0,0,1,2026-06-02 10:12:31.626349,0143ff0b4b95499db2626ee5d3101306,https://youtu.be/BJYsGc5X0Ak?si=wZJsURA-8P7ovqoY,BJYsGc5X0Ak,Narendra Pyasi's Nepali Song | Timi Binako Jeevan | Bhuwan Kc | Jharna Thapa | Nepali Adhunik Song,done,2026-06-02 10:11:24.956293,2026-06-02 10:12:31.637373
8e2e168e11a840cabebaddeabaa9da22,3.2,8.733,5.533,1,0,1,2026-06-02 10:12:31.626349,0143ff0b4b95499db2626ee5d3101306,https://youtu.be/BJYsGc5X0Ak?si=wZJsURA-8P7ovqoY,BJYsGc5X0Ak,Narendra Pyasi's Nepali Song | Timi Binako Jeevan | Bhuwan Kc | Jharna Thapa | Nepali Adhunik Song,done,2026-06-02 10:11:24.956293,2026-06-02 10:12:31.637373
71b0b5d83b8840b9ab58b58398fd302e,8.733,12.067,3.333,2,0,1,2026-06-02 10:12:31.626349,0143ff0b4b95499db2626ee5d3101306,https://youtu.be/BJYsGc5X0Ak?si=wZJsURA-8P7ovqoY,BJYsGc5X0Ak,Narendra Pyasi's Nepali Song | Timi Binako Jeevan | Bhuwan Kc | Jharna Thapa | Nepali Adhunik Song,done,2026-06-02 10:11:24.956293,2026-06-02 10:12:31.637373
a4b19905add2460b861b959893ff8254,12.067,15.067,3.0,3,0,1,2026-06-02 10:12:31.626349,0143ff0b4b95499db2626ee5d3101306,https://youtu.be/BJYsGc5X0Ak?si=wZJsURA-8P7ovqoY,BJYsGc5X0Ak,Narendra Pyasi's Nepali Song | Timi Binako Jeevan | Bhuwan Kc | Jharna Thapa | Nepali Adhunik Song,done,2026-06-02 10:11:24.956293,2026-06-02 10:12:31.637373
536e45119628418ba805b5cab2e3f4b1,15.067,18.133,3.067,4,0,1,2026-06-02 10:12:31.626349,0143ff0b4b95499db2626ee5d3101306,https://youtu.be/BJYsGc5X0Ak?si=wZJsURA-8P7ovqoY,BJYsGc5X0Ak,Narendra Pyasi's Nepali Song | Timi Binako Jeevan | Bhuwan Kc | Jharna Thapa | Nepali Adhunik Song,done,2026-06-02 10:11:24.956293,2026-06-02 10:12:31.637373
e23ffb8c9984478286a3082db4d76691,18.133,22.267,4.133,5,0,1,2026-06-02 10:12:31.626349,0143ff0b4b95499db2626ee5d3101306,https://youtu.be/BJYsGc5X0Ak?si=wZJsURA-8P7ovqoY,BJYsGc5X0Ak,Narendra Pyasi's Nepali Song | Timi Binako Jeevan | Bhuwan Kc | Jharna Thapa | Nepali Adhunik Song,done,2026-06-02 10:11:24.956293,2026-06-02 10:12:31.637373
3b53f3499a164154b8ebc62f6c8b5eb7,24.0,27.333,3.333,7,0,1,2026-06-02 10:12:31.626349,0143ff0b4b95499db2626ee5d3101306,https://youtu.be/BJYsGc5X0Ak?si=wZJsURA-8P7ovqoY,BJYsGc5X0Ak,Narendra Pyasi's Nepali Song | Timi Binako Jeevan | Bhuwan Kc | Jharna Thapa | Nepali Adhunik Song,done,2026-06-02 10:11:24.956293,2026-06-02 10:12:31.637373
046e5a76833343218100b79b9ebb7814,27.333,31.4,4.067,8,0,1,2026-06-02 10:12:31.626349,0143ff0b4b95499db2626ee5d3101306,https://youtu.be/BJYsGc5X0Ak?si=wZJsURA-8P7ovqoY,BJYsGc5X0Ak,Narendra Pyasi's Nepali Song | Timi Binako Jeevan | Bhuwan Kc | Jharna Thapa | Nepali Adhunik Song,done,2026-06-02 10:11:24.956293,2026-06-02 10:12:31.637373
48fa85cf4fd84843aa22da3fdf7ea658,40.733,43.8,3.067,13,0,1,2026-06-02 10:12:31.626888,0143ff0b4b95499db2626ee5d3101306,https://youtu.be/BJYsGc5X0Ak?si=wZJsURA-8P7ovqoY,BJYsGc5X0Ak,Narendra Pyasi's Nepali Song | Timi Binako Jeevan | Bhuwan Kc | Jharna Thapa | Nepali Adhunik Song,done,2026-06-02 10:11:24.956293,2026-06-02 10:12:31.637373
c485e1bd565145d582aefb9db97f48ee,54.0,59.6,5.6,19,0,1,2026-06-02 10:12:31.626888,0143ff0b4b95499db2626ee5d3101306,https://youtu.be/BJYsGc5X0Ak?si=wZJsURA-8P7ovqoY,BJYsGc5X0Ak,Narendra Pyasi's Nepali Song | Timi Binako Jeevan | Bhuwan Kc | Jharna Thapa | Nepali Adhunik Song,done,2026-06-02 10:11:24.956293,2026-06-02 10:12:31.637373
bf459d996a384db59f519775ff21e69d,65.0,68.533,3.533,23,0,1,2026-06-02 10:12:31.626888,0143ff0b4b95499db2626ee5d3101306,https://youtu.be/BJYsGc5X0Ak?si=wZJsURA-8P7ovqoY,BJYsGc5X0Ak,Narendra Pyasi's Nepali Song | Timi Binako Jeevan | Bhuwan Kc | Jharna Thapa | Nepali Adhunik Song,done,2026-06-02 10:11:24.956293,2026-06-02 10:12:31.637373
cfc582d918d24547b2a7d2a9d76ce0c7,75.333,80.867,5.533,27,0,1,2026-06-02 10:12:31.626888,0143ff0b4b95499db2626ee5d3101306,https://youtu.be/BJYsGc5X0Ak?si=wZJsURA-8P7ovqoY,BJYsGc5X0Ak,Narendra Pyasi's Nepali Song | Timi Binako Jeevan | Bhuwan Kc | Jharna Thapa | Nepali Adhunik Song,done,2026-06-02 10:11:24.956293,2026-06-02 10:12:31.637373
c662103dec75442ab4aecf80fc41bf35,80.867,86.4,5.533,28,0,1,2026-06-02 10:12:31.626888,0143ff0b4b95499db2626ee5d3101306,https://youtu.be/BJYsGc5X0Ak?si=wZJsURA-8P7ovqoY,BJYsGc5X0Ak,Narendra Pyasi's Nepali Song | Timi Binako Jeevan | Bhuwan Kc | Jharna Thapa | Nepali Adhunik Song,done,2026-06-02 10:11:24.956293,2026-06-02 10:12:31.637373
384e10f7ae654c4b88b4d215e6f1ffcb,86.4,89.933,3.533,29,0,1,2026-06-02 10:12:31.626888,0143ff0b4b95499db2626ee5d3101306,https://youtu.be/BJYsGc5X0Ak?si=wZJsURA-8P7ovqoY,BJYsGc5X0Ak,Narendra Pyasi's Nepali Song | Timi Binako Jeevan | Bhuwan Kc | Jharna Thapa | Nepali Adhunik Song,done,2026-06-02 10:11:24.956293,2026-06-02 10:12:31.637373
39db0a7fb5f147c393e26e4ebcb94aa6,89.933,93.867,3.933,30,0,1,2026-06-02 10:12:31.626888,0143ff0b4b95499db2626ee5d3101306,https://youtu.be/BJYsGc5X0Ak?si=wZJsURA-8P7ovqoY,BJYsGc5X0Ak,Narendra Pyasi's Nepali Song | Timi Binako Jeevan | Bhuwan Kc | Jharna Thapa | Nepali Adhunik Song,done,2026-06-02 10:11:24.956293,2026-06-02 10:12:31.637373
86cde49eb5954954829b4fbb51b528d7,93.867,98.133,4.267,31,0,1,2026-06-02 10:12:31.626888,0143ff0b4b95499db2626ee5d3101306,https://youtu.be/BJYsGc5X0Ak?si=wZJsURA-8P7ovqoY,BJYsGc5X0Ak,Narendra Pyasi's Nepali Song | Timi Binako Jeevan | Bhuwan Kc | Jharna Thapa | Nepali Adhunik Song,done,2026-06-02 10:11:24.956293,2026-06-02 10:12:31.637373
9fd80f7e050b46c0b447c33c381dde4b,98.133,102.2,4.067,32,0,1,2026-06-02 10:12:31.626888,0143ff0b4b95499db2626ee5d3101306,https://youtu.be/BJYsGc5X0Ak?si=wZJsURA-8P7ovqoY,BJYsGc5X0Ak,Narendra Pyasi's Nepali Song | Timi Binako Jeevan | Bhuwan Kc | Jharna Thapa | Nepali Adhunik Song,done,2026-06-02 10:11:24.956293,2026-06-02 10:12:31.637373
e2f9e4a0d68a40f78036c9d17b53b77c,106.933,109.933,3.0,36,0,1,2026-06-02 10:12:31.626888,0143ff0b4b95499db2626ee5d3101306,https://youtu.be/BJYsGc5X0Ak?si=wZJsURA-8P7ovqoY,BJYsGc5X0Ak,Narendra Pyasi's Nepali Song | Timi Binako Jeevan | Bhuwan Kc | Jharna Thapa | Nepali Adhunik Song,done,2026-06-02 10:11:24.956293,2026-06-02 10:12:31.637373
a0da93c796904309be22120d56128f0b,118.8,125.8,7.0,42,0,1,2026-06-02 10:12:31.626888,0143ff0b4b95499db2626ee5d3101306,https://youtu.be/BJYsGc5X0Ak?si=wZJsURA-8P7ovqoY,BJYsGc5X0Ak,Narendra Pyasi's Nepali Song | Timi Binako Jeevan | Bhuwan Kc | Jharna Thapa | Nepali Adhunik Song,done,2026-06-02 10:11:24.956293,2026-06-02 10:12:31.637373
79513f3ebf324c118bad7813355cfcec,146.8,150.4,3.6,53,0,1,2026-06-02 10:12:31.626888,0143ff0b4b95499db2626ee5d3101306,https://youtu.be/BJYsGc5X0Ak?si=wZJsURA-8P7ovqoY,BJYsGc5X0Ak,Narendra Pyasi's Nepali Song | Timi Binako Jeevan | Bhuwan Kc | Jharna Thapa | Nepali Adhunik Song,done,2026-06-02 10:11:24.956293,2026-06-02 10:12:31.637373
8cec74efb9ea4ea7b24ca559b10601c3,154.933,159.133,4.2,57,0,1,2026-06-02 10:12:31.626888,0143ff0b4b95499db2626ee5d3101306,https://youtu.be/BJYsGc5X0Ak?si=wZJsURA-8P7ovqoY,BJYsGc5X0Ak,Narendra Pyasi's Nepali Song | Timi Binako Jeevan | Bhuwan Kc | Jharna Thapa | Nepali Adhunik Song,done,2026-06-02 10:11:24.956293,2026-06-02 10:12:31.637373
f48a4be1a5f4405db570e47389bdc470,159.133,164.2,5.067,58,0,1,2026-06-02 10:12:31.626888,0143ff0b4b95499db2626ee5d3101306,https://youtu.be/BJYsGc5X0Ak?si=wZJsURA-8P7ovqoY,BJYsGc5X0Ak,Narendra Pyasi's Nepali Song | Timi Binako Jeevan | Bhuwan Kc | Jharna Thapa | Nepali Adhunik Song,done,2026-06-02 10:11:24.956293,2026-06-02 10:12:31.637373
828d0b40d8ad487088b962a267440122,165.933,172.533,6.6,60,0,1,2026-06-02 10:12:31.626888,0143ff0b4b95499db2626ee5d3101306,https://youtu.be/BJYsGc5X0Ak?si=wZJsURA-8P7ovqoY,BJYsGc5X0Ak,Narendra Pyasi's Nepali Song | Timi Binako Jeevan | Bhuwan Kc | Jharna Thapa | Nepali Adhunik Song,done,2026-06-02 10:11:24.956293,2026-06-02 10:12:31.637373
2b6fbae2531d4dfe9b880f4f1a38b4b9,172.533,177.267,4.733,61,0,1,2026-06-02 10:12:31.626888,0143ff0b4b95499db2626ee5d3101306,https://youtu.be/BJYsGc5X0Ak?si=wZJsURA-8P7ovqoY,BJYsGc5X0Ak,Narendra Pyasi's Nepali Song | Timi Binako Jeevan | Bhuwan Kc | Jharna Thapa | Nepali Adhunik Song,done,2026-06-02 10:11:24.956293,2026-06-02 10:12:31.637373
adf1bcddf81a44c7b69951663f08167f,177.267,182.733,5.467,62,0,1,2026-06-02 10:12:31.626888,0143ff0b4b95499db2626ee5d3101306,https://youtu.be/BJYsGc5X0Ak?si=wZJsURA-8P7ovqoY,BJYsGc5X0Ak,Narendra Pyasi's Nepali Song | Timi Binako Jeevan | Bhuwan Kc | Jharna Thapa | Nepali Adhunik Song,done,2026-06-02 10:11:24.956293,2026-06-02 10:12:31.637373
077c5aaebb4a49f68582f0a35a1afb70,182.733,187.333,4.6,63,0,1,2026-06-02 10:12:31.626888,0143ff0b4b95499db2626ee5d3101306,https://youtu.be/BJYsGc5X0Ak?si=wZJsURA-8P7ovqoY,BJYsGc5X0Ak,Narendra Pyasi's Nepali Song | Timi Binako Jeevan | Bhuwan Kc | Jharna Thapa | Nepali Adhunik Song,done,2026-06-02 10:11:24.956293,2026-06-02 10:12:31.637373
b9acd5fe636e46b49eb02faffa774500,199.8,203.2,3.4,71,0,1,2026-06-02 10:12:31.626888,0143ff0b4b95499db2626ee5d3101306,https://youtu.be/BJYsGc5X0Ak?si=wZJsURA-8P7ovqoY,BJYsGc5X0Ak,Narendra Pyasi's Nepali Song | Timi Binako Jeevan | Bhuwan Kc | Jharna Thapa | Nepali Adhunik Song,done,2026-06-02 10:11:24.956293,2026-06-02 10:12:31.637373
f0da9edb32384e7ea4a2f393efcecd15,206.0,210.333,4.333,73,0,1,2026-06-02 10:12:31.626888,0143ff0b4b95499db2626ee5d3101306,https://youtu.be/BJYsGc5X0Ak?si=wZJsURA-8P7ovqoY,BJYsGc5X0Ak,Narendra Pyasi's Nepali Song | Timi Binako Jeevan | Bhuwan Kc | Jharna Thapa | Nepali Adhunik Song,done,2026-06-02 10:11:24.956293,2026-06-02 10:12:31.637373
40ed9961e03844299fe13912225e9eaa,210.333,216.133,5.8,74,0,1,2026-06-02 10:12:31.626888,0143ff0b4b95499db2626ee5d3101306,https://youtu.be/BJYsGc5X0Ak?si=wZJsURA-8P7ovqoY,BJYsGc5X0Ak,Narendra Pyasi's Nepali Song | Timi Binako Jeevan | Bhuwan Kc | Jharna Thapa | Nepali Adhunik Song,done,2026-06-02 10:11:24.956293,2026-06-02 10:12:31.637373
12e219ce2369494f85be11f5bd4b9aba,221.467,229.467,8.0,78,0,1,2026-06-02 10:12:31.626888,0143ff0b4b95499db2626ee5d3101306,https://youtu.be/BJYsGc5X0Ak?si=wZJsURA-8P7ovqoY,BJYsGc5X0Ak,Narendra Pyasi's Nepali Song | Timi Binako Jeevan | Bhuwan Kc | Jharna Thapa | Nepali Adhunik Song,done,2026-06-02 10:11:24.956293,2026-06-02 10:12:31.637373
a6fef624a046473ab94e230d75dda271,229.467,239.467,10.0,79,0,1,2026-06-02 10:12:31.626888,0143ff0b4b95499db2626ee5d3101306,https://youtu.be/BJYsGc5X0Ak?si=wZJsURA-8P7ovqoY,BJYsGc5X0Ak,Narendra Pyasi's Nepali Song | Timi Binako Jeevan | Bhuwan Kc | Jharna Thapa | Nepali Adhunik Song,done,2026-06-02 10:11:24.956293,2026-06-02 10:12:31.637373
d2cdbe7d5e69489c8d528b4a4a1ba730,240.6,250.6,10.0,80,0,1,2026-06-02 10:12:31.626888,0143ff0b4b95499db2626ee5d3101306,https://youtu.be/BJYsGc5X0Ak?si=wZJsURA-8P7ovqoY,BJYsGc5X0Ak,Narendra Pyasi's Nepali Song | Timi Binako Jeevan | Bhuwan Kc | Jharna Thapa | Nepali Adhunik Song,done,2026-06-02 10:11:24.956293,2026-06-02 10:12:31.637373
6de7a5f03c704585a31d54e86a7573cf,250.733,254.067,3.333,81,0,1,2026-06-02 10:12:31.626888,0143ff0b4b95499db2626ee5d3101306,https://youtu.be/BJYsGc5X0Ak?si=wZJsURA-8P7ovqoY,BJYsGc5X0Ak,Narendra Pyasi's Nepali Song | Timi Binako Jeevan | Bhuwan Kc | Jharna Thapa | Nepali Adhunik Song,done,2026-06-02 10:11:24.956293,2026-06-02 10:12:31.637373
b64a02fb011f4a02a6471a9031236d04,255.533,262.0,6.467,83,0,1,2026-06-02 10:12:31.626888,0143ff0b4b95499db2626ee5d3101306,https://youtu.be/BJYsGc5X0Ak?si=wZJsURA-8P7ovqoY,BJYsGc5X0Ak,Narendra Pyasi's Nepali Song | Timi Binako Jeevan | Bhuwan Kc | Jharna Thapa | Nepali Adhunik Song,done,2026-06-02 10:11:24.956293,2026-06-02 10:12:31.637373
5fc1695a852d4105a29918176d325ab2,266.4,272.8,6.4,86,0,1,2026-06-02 10:12:31.626888,0143ff0b4b95499db2626ee5d3101306,https://youtu.be/BJYsGc5X0Ak?si=wZJsURA-8P7ovqoY,BJYsGc5X0Ak,Narendra Pyasi's Nepali Song | Timi Binako Jeevan | Bhuwan Kc | Jharna Thapa | Nepali Adhunik Song,done,2026-06-02 10:11:24.956293,2026-06-02 10:12:31.637373
7705d908272e436184b81a7566431a2d,272.8,282.8,10.0,87,0,1,2026-06-02 10:12:31.626888,0143ff0b4b95499db2626ee5d3101306,https://youtu.be/BJYsGc5X0Ak?si=wZJsURA-8P7ovqoY,BJYsGc5X0Ak,Narendra Pyasi's Nepali Song | Timi Binako Jeevan | Bhuwan Kc | Jharna Thapa | Nepali Adhunik Song,done,2026-06-02 10:11:24.956293,2026-06-02 10:12:31.637373
808585a264784b4f9996cb6d9c18c3db,286.067,296.067,10.0,89,0,1,2026-06-02 10:12:31.626888,0143ff0b4b95499db2626ee5d3101306,https://youtu.be/BJYsGc5X0Ak?si=wZJsURA-8P7ovqoY,BJYsGc5X0Ak,Narendra Pyasi's Nepali Song | Timi Binako Jeevan | Bhuwan Kc | Jharna Thapa | Nepali Adhunik Song,done,2026-06-02 10:11:24.956293,2026-06-02 10:12:31.637373
4600ffbd00c04654ac5349a9dbd7d131,0.0,3.333,3.333,0,0,1,2026-05-29 11:24:06.686760,468369f2503e475faa471e18bf65de1b,https://youtu.be/Hnpb8qwaRKA?si=_XNDGb9c_euil1ju,Hnpb8qwaRKA,"Nepali Lok Dohori Song | Dherai Maya | Bishnu Majhi, Khuman Adhikari & Cholendra Paudel",done,2026-05-29 11:23:34.764605,2026-05-29 11:24:06.695969
428980f6ae8b49c1bce261325a4fd0e7,10.8,16.0,5.2,6,0,1,2026-05-29 11:24:06.686760,468369f2503e475faa471e18bf65de1b,https://youtu.be/Hnpb8qwaRKA?si=_XNDGb9c_euil1ju,Hnpb8qwaRKA,"Nepali Lok Dohori Song | Dherai Maya | Bishnu Majhi, Khuman Adhikari & Cholendra Paudel",done,2026-05-29 11:23:34.764605,2026-05-29 11:24:06.695969
bd5824a564c54ad7b493978fc5b65c1e,21.2,24.2,3.0,9,0,1,2026-05-29 11:24:06.686760,468369f2503e475faa471e18bf65de1b,https://youtu.be/Hnpb8qwaRKA?si=_XNDGb9c_euil1ju,Hnpb8qwaRKA,"Nepali Lok Dohori Song | Dherai Maya | Bishnu Majhi, Khuman Adhikari & Cholendra Paudel",done,2026-05-29 11:23:34.764605,2026-05-29 11:24:06.695969
2b3e4398c815451ab0d91c1b3939379c,36.133,40.6,4.467,18,0,1,2026-05-29 11:24:06.686760,468369f2503e475faa471e18bf65de1b,https://youtu.be/Hnpb8qwaRKA?si=_XNDGb9c_euil1ju,Hnpb8qwaRKA,"Nepali Lok Dohori Song | Dherai Maya | Bishnu Majhi, Khuman Adhikari & Cholendra Paudel",done,2026-05-29 11:23:34.764605,2026-05-29 11:24:06.695969
443a92fb89674bafbf4937f1994626b0,46.6,51.067,4.467,23,0,1,2026-05-29 11:24:06.687270,468369f2503e475faa471e18bf65de1b,https://youtu.be/Hnpb8qwaRKA?si=_XNDGb9c_euil1ju,Hnpb8qwaRKA,"Nepali Lok Dohori Song | Dherai Maya | Bishnu Majhi, Khuman Adhikari & Cholendra Paudel",done,2026-05-29 11:23:34.764605,2026-05-29 11:24:06.695969
c0c44c9d886944e5a08ccc25c7417f06,60.0,63.0,3.0,30,0,1,2026-05-29 11:24:06.687270,468369f2503e475faa471e18bf65de1b,https://youtu.be/Hnpb8qwaRKA?si=_XNDGb9c_euil1ju,Hnpb8qwaRKA,"Nepali Lok Dohori Song | Dherai Maya | Bishnu Majhi, Khuman Adhikari & Cholendra Paudel",done,2026-05-29 11:23:34.764605,2026-05-29 11:24:06.695969
9e73c4ca55b544b1b49af0b042a7d932,64.533,67.533,3.0,32,0,1,2026-05-29 11:24:06.687322,468369f2503e475faa471e18bf65de1b,https://youtu.be/Hnpb8qwaRKA?si=_XNDGb9c_euil1ju,Hnpb8qwaRKA,"Nepali Lok Dohori Song | Dherai Maya | Bishnu Majhi, Khuman Adhikari & Cholendra Paudel",done,2026-05-29 11:23:34.764605,2026-05-29 11:24:06.695969
717a3498a97f4d6e98c5ba32dd1fbb9d,72.0,75.6,3.6,36,0,1,2026-05-29 11:24:06.687322,468369f2503e475faa471e18bf65de1b,https://youtu.be/Hnpb8qwaRKA?si=_XNDGb9c_euil1ju,Hnpb8qwaRKA,"Nepali Lok Dohori Song | Dherai Maya | Bishnu Majhi, Khuman Adhikari & Cholendra Paudel",done,2026-05-29 11:23:34.764605,2026-05-29 11:24:06.695969
be746e3f4936448e87ff6cc69da4d09e,80.933,83.933,3.0,40,0,1,2026-05-29 11:24:06.687322,468369f2503e475faa471e18bf65de1b,https://youtu.be/Hnpb8qwaRKA?si=_XNDGb9c_euil1ju,Hnpb8qwaRKA,"Nepali Lok Dohori Song | Dherai Maya | Bishnu Majhi, Khuman Adhikari & Cholendra Paudel",done,2026-05-29 11:23:34.764605,2026-05-29 11:24:06.695969
fcac7a785a774374a1556ad1f9a4c9b2,83.933,86.933,3.0,41,0,1,2026-05-29 11:24:06.687322,468369f2503e475faa471e18bf65de1b,https://youtu.be/Hnpb8qwaRKA?si=_XNDGb9c_euil1ju,Hnpb8qwaRKA,"Nepali Lok Dohori Song | Dherai Maya | Bishnu Majhi, Khuman Adhikari & Cholendra Paudel",done,2026-05-29 11:23:34.764605,2026-05-29 11:24:06.695969
b7062a6235844153bb3841cd78b9aaab,100.333,103.333,3.0,50,0,1,2026-05-29 11:24:06.687322,468369f2503e475faa471e18bf65de1b,https://youtu.be/Hnpb8qwaRKA?si=_XNDGb9c_euil1ju,Hnpb8qwaRKA,"Nepali Lok Dohori Song | Dherai Maya | Bishnu Majhi, Khuman Adhikari & Cholendra Paudel",done,2026-05-29 11:23:34.764605,2026-05-29 11:24:06.695969
840ca6986c4f4970a9c96aa2bd7d46a5,103.333,107.8,4.467,51,0,1,2026-05-29 11:24:06.687322,468369f2503e475faa471e18bf65de1b,https://youtu.be/Hnpb8qwaRKA?si=_XNDGb9c_euil1ju,Hnpb8qwaRKA,"Nepali Lok Dohori Song | Dherai Maya | Bishnu Majhi, Khuman Adhikari & Cholendra Paudel",done,2026-05-29 11:23:34.764605,2026-05-29 11:24:06.695969
c9aeba165c6848fbbcc82a9b845758d0,115.267,118.267,3.0,56,0,1,2026-05-29 11:24:06.687322,468369f2503e475faa471e18bf65de1b,https://youtu.be/Hnpb8qwaRKA?si=_XNDGb9c_euil1ju,Hnpb8qwaRKA,"Nepali Lok Dohori Song | Dherai Maya | Bishnu Majhi, Khuman Adhikari & Cholendra Paudel",done,2026-05-29 11:23:34.764605,2026-05-29 11:24:06.695969
75ed4243f2f24af3858f42284404b160,122.733,127.2,4.467,60,0,1,2026-05-29 11:24:06.687322,468369f2503e475faa471e18bf65de1b,https://youtu.be/Hnpb8qwaRKA?si=_XNDGb9c_euil1ju,Hnpb8qwaRKA,"Nepali Lok Dohori Song | Dherai Maya | Bishnu Majhi, Khuman Adhikari & Cholendra Paudel",done,2026-05-29 11:23:34.764605,2026-05-29 11:24:06.695969
df1538166498437bbbf0278a1abe2f4e,139.133,142.133,3.0,67,0,1,2026-05-29 11:24:06.687322,468369f2503e475faa471e18bf65de1b,https://youtu.be/Hnpb8qwaRKA?si=_XNDGb9c_euil1ju,Hnpb8qwaRKA,"Nepali Lok Dohori Song | Dherai Maya | Bishnu Majhi, Khuman Adhikari & Cholendra Paudel",done,2026-05-29 11:23:34.764605,2026-05-29 11:24:06.695969
303876d303f548e5a1310040876d1972,143.6,147.333,3.733,69,0,1,2026-05-29 11:24:06.687322,468369f2503e475faa471e18bf65de1b,https://youtu.be/Hnpb8qwaRKA?si=_XNDGb9c_euil1ju,Hnpb8qwaRKA,"Nepali Lok Dohori Song | Dherai Maya | Bishnu Majhi, Khuman Adhikari & Cholendra Paudel",done,2026-05-29 11:23:34.764605,2026-05-29 11:24:06.695969
aba0c1a6f15345848a80c9e8d90399fe,152.533,155.533,3.0,73,0,1,2026-05-29 11:24:06.687322,468369f2503e475faa471e18bf65de1b,https://youtu.be/Hnpb8qwaRKA?si=_XNDGb9c_euil1ju,Hnpb8qwaRKA,"Nepali Lok Dohori Song | Dherai Maya | Bishnu Majhi, Khuman Adhikari & Cholendra Paudel",done,2026-05-29 11:23:34.764605,2026-05-29 11:24:06.695969
369fbe9975c2418ba9fb24d822c2a31c,158.533,161.533,3.0,76,0,1,2026-05-29 11:24:06.687322,468369f2503e475faa471e18bf65de1b,https://youtu.be/Hnpb8qwaRKA?si=_XNDGb9c_euil1ju,Hnpb8qwaRKA,"Nepali Lok Dohori Song | Dherai Maya | Bishnu Majhi, Khuman Adhikari & Cholendra Paudel",done,2026-05-29 11:23:34.764605,2026-05-29 11:24:06.695969
fe5c6fd68cfd4ebaa21179f9fe2a266b,163.0,169.0,6.0,78,0,1,2026-05-29 11:24:06.687322,468369f2503e475faa471e18bf65de1b,https://youtu.be/Hnpb8qwaRKA?si=_XNDGb9c_euil1ju,Hnpb8qwaRKA,"Nepali Lok Dohori Song | Dherai Maya | Bishnu Majhi, Khuman Adhikari & Cholendra Paudel",done,2026-05-29 11:23:34.764605,2026-05-29 11:24:06.695969
36e73c62814548778a8c45c0a94190ab,174.267,184.267,10.0,82,0,1,2026-05-29 11:24:06.687322,468369f2503e475faa471e18bf65de1b,https://youtu.be/Hnpb8qwaRKA?si=_XNDGb9c_euil1ju,Hnpb8qwaRKA,"Nepali Lok Dohori Song | Dherai Maya | Bishnu Majhi, Khuman Adhikari & Cholendra Paudel",done,2026-05-29 11:23:34.764605,2026-05-29 11:24:06.695969
51ca0c1943b9468f8f264d2bd504c2e7,188.4,191.4,3.0,83,0,1,2026-05-29 11:24:06.687322,468369f2503e475faa471e18bf65de1b,https://youtu.be/Hnpb8qwaRKA?si=_XNDGb9c_euil1ju,Hnpb8qwaRKA,"Nepali Lok Dohori Song | Dherai Maya | Bishnu Majhi, Khuman Adhikari & Cholendra Paudel",done,2026-05-29 11:23:34.764605,2026-05-29 11:24:06.695969
5cf38b979c1a4157b86dd0eb634332c9,191.4,194.4,3.0,84,0,1,2026-05-29 11:24:06.687322,468369f2503e475faa471e18bf65de1b,https://youtu.be/Hnpb8qwaRKA?si=_XNDGb9c_euil1ju,Hnpb8qwaRKA,"Nepali Lok Dohori Song | Dherai Maya | Bishnu Majhi, Khuman Adhikari & Cholendra Paudel",done,2026-05-29 11:23:34.764605,2026-05-29 11:24:06.695969
81c539109f4040959e201d9db2485687,194.4,197.4,3.0,85,0,1,2026-05-29 11:24:06.687322,468369f2503e475faa471e18bf65de1b,https://youtu.be/Hnpb8qwaRKA?si=_XNDGb9c_euil1ju,Hnpb8qwaRKA,"Nepali Lok Dohori Song | Dherai Maya | Bishnu Majhi, Khuman Adhikari & Cholendra Paudel",done,2026-05-29 11:23:34.764605,2026-05-29 11:24:06.695969
87b9ca53376946cea931db7c9fd1af05,197.4,200.4,3.0,86,0,1,2026-05-29 11:24:06.687322,468369f2503e475faa471e18bf65de1b,https://youtu.be/Hnpb8qwaRKA?si=_XNDGb9c_euil1ju,Hnpb8qwaRKA,"Nepali Lok Dohori Song | Dherai Maya | Bishnu Majhi, Khuman Adhikari & Cholendra Paudel",done,2026-05-29 11:23:34.764605,2026-05-29 11:24:06.695969
2f5bec6807f34aba8308be1fca059a38,200.4,205.6,5.2,87,0,1,2026-05-29 11:24:06.687322,468369f2503e475faa471e18bf65de1b,https://youtu.be/Hnpb8qwaRKA?si=_XNDGb9c_euil1ju,Hnpb8qwaRKA,"Nepali Lok Dohori Song | Dherai Maya | Bishnu Majhi, Khuman Adhikari & Cholendra Paudel",done,2026-05-29 11:23:34.764605,2026-05-29 11:24:06.695969
1cd1da2764e24e7196419aab55044de8,205.6,208.667,3.067,88,0,1,2026-05-29 11:24:06.687322,468369f2503e475faa471e18bf65de1b,https://youtu.be/Hnpb8qwaRKA?si=_XNDGb9c_euil1ju,Hnpb8qwaRKA,"Nepali Lok Dohori Song | Dherai Maya | Bishnu Majhi, Khuman Adhikari & Cholendra Paudel",done,2026-05-29 11:23:34.764605,2026-05-29 11:24:06.695969
8de9bd7e623b429f93e0b53701c2e9a4,216.067,220.733,4.667,92,0,1,2026-05-29 11:24:06.687322,468369f2503e475faa471e18bf65de1b,https://youtu.be/Hnpb8qwaRKA?si=_XNDGb9c_euil1ju,Hnpb8qwaRKA,"Nepali Lok Dohori Song | Dherai Maya | Bishnu Majhi, Khuman Adhikari & Cholendra Paudel",done,2026-05-29 11:23:34.764605,2026-05-29 11:24:06.695969
f275fc9927f9403db7988b3433efe79b,222.733,225.8,3.067,94,0,1,2026-05-29 11:24:06.687322,468369f2503e475faa471e18bf65de1b,https://youtu.be/Hnpb8qwaRKA?si=_XNDGb9c_euil1ju,Hnpb8qwaRKA,"Nepali Lok Dohori Song | Dherai Maya | Bishnu Majhi, Khuman Adhikari & Cholendra Paudel",done,2026-05-29 11:23:34.764605,2026-05-29 11:24:06.695969
7e661b3d82cd40faab07df1dc52efe78,228.8,233.8,5.0,97,0,1,2026-05-29 11:24:06.687322,468369f2503e475faa471e18bf65de1b,https://youtu.be/Hnpb8qwaRKA?si=_XNDGb9c_euil1ju,Hnpb8qwaRKA,"Nepali Lok Dohori Song | Dherai Maya | Bishnu Majhi, Khuman Adhikari & Cholendra Paudel",done,2026-05-29 11:23:34.764605,2026-05-29 11:24:06.695969
342740bd0ff74fcdbde2bc6cad0da414,238.467,242.933,4.467,100,0,1,2026-05-29 11:24:06.687322,468369f2503e475faa471e18bf65de1b,https://youtu.be/Hnpb8qwaRKA?si=_XNDGb9c_euil1ju,Hnpb8qwaRKA,"Nepali Lok Dohori Song | Dherai Maya | Bishnu Majhi, Khuman Adhikari & Cholendra Paudel",done,2026-05-29 11:23:34.764605,2026-05-29 11:24:06.695969
4f2e89286fa340fc8c4bb853f9cc2af1,254.933,260.133,5.2,108,0,1,2026-05-29 11:24:06.687322,468369f2503e475faa471e18bf65de1b,https://youtu.be/Hnpb8qwaRKA?si=_XNDGb9c_euil1ju,Hnpb8qwaRKA,"Nepali Lok Dohori Song | Dherai Maya | Bishnu Majhi, Khuman Adhikari & Cholendra Paudel",done,2026-05-29 11:23:34.764605,2026-05-29 11:24:06.695969
a562af49e0e4434589b3c23aceeae092,260.133,263.133,3.0,109,0,1,2026-05-29 11:24:06.687322,468369f2503e475faa471e18bf65de1b,https://youtu.be/Hnpb8qwaRKA?si=_XNDGb9c_euil1ju,Hnpb8qwaRKA,"Nepali Lok Dohori Song | Dherai Maya | Bishnu Majhi, Khuman Adhikari & Cholendra Paudel",done,2026-05-29 11:23:34.764605,2026-05-29 11:24:06.695969
36bc6346a8994d73ba429d34c5f018a3,270.533,276.533,6.0,115,0,1,2026-05-29 11:24:06.687322,468369f2503e475faa471e18bf65de1b,https://youtu.be/Hnpb8qwaRKA?si=_XNDGb9c_euil1ju,Hnpb8qwaRKA,"Nepali Lok Dohori Song | Dherai Maya | Bishnu Majhi, Khuman Adhikari & Cholendra Paudel",done,2026-05-29 11:23:34.764605,2026-05-29 11:24:06.695969
425c0d36105e4d57af0fe6d8810c4fa1,278.0,287.0,9.0,117,0,1,2026-05-29 11:24:06.687322,468369f2503e475faa471e18bf65de1b,https://youtu.be/Hnpb8qwaRKA?si=_XNDGb9c_euil1ju,Hnpb8qwaRKA,"Nepali Lok Dohori Song | Dherai Maya | Bishnu Majhi, Khuman Adhikari & Cholendra Paudel",done,2026-05-29 11:23:34.764605,2026-05-29 11:24:06.695969
f43e1eb532c64627be141c6d5973b756,287.0,296.0,9.0,118,0,1,2026-05-29 11:24:06.687322,468369f2503e475faa471e18bf65de1b,https://youtu.be/Hnpb8qwaRKA?si=_XNDGb9c_euil1ju,Hnpb8qwaRKA,"Nepali Lok Dohori Song | Dherai Maya | Bishnu Majhi, Khuman Adhikari & Cholendra Paudel",done,2026-05-29 11:23:34.764605,2026-05-29 11:24:06.695969
7cd89c9cd71247debe8345d1b82aed64,296.0,303.4,7.4,119,0,1,2026-05-29 11:24:06.687827,468369f2503e475faa471e18bf65de1b,https://youtu.be/Hnpb8qwaRKA?si=_XNDGb9c_euil1ju,Hnpb8qwaRKA,"Nepali Lok Dohori Song | Dherai Maya | Bishnu Majhi, Khuman Adhikari & Cholendra Paudel",done,2026-05-29 11:23:34.764605,2026-05-29 11:24:06.695969
b8b3f1220748424d801fe03c43829270,303.4,309.4,6.0,120,0,1,2026-05-29 11:24:06.687827,468369f2503e475faa471e18bf65de1b,https://youtu.be/Hnpb8qwaRKA?si=_XNDGb9c_euil1ju,Hnpb8qwaRKA,"Nepali Lok Dohori Song | Dherai Maya | Bishnu Majhi, Khuman Adhikari & Cholendra Paudel",done,2026-05-29 11:23:34.764605,2026-05-29 11:24:06.695969
7ea9fc58fb414a389da54fe6a811c613,312.333,316.133,3.8,122,0,1,2026-05-29 11:24:06.687885,468369f2503e475faa471e18bf65de1b,https://youtu.be/Hnpb8qwaRKA?si=_XNDGb9c_euil1ju,Hnpb8qwaRKA,"Nepali Lok Dohori Song | Dherai Maya | Bishnu Majhi, Khuman Adhikari & Cholendra Paudel",done,2026-05-29 11:23:34.764605,2026-05-29 11:24:06.695969
5c45761015ab42cfa5f7088e50dea991,316.133,326.133,10.0,123,0,1,2026-05-29 11:24:06.687885,468369f2503e475faa471e18bf65de1b,https://youtu.be/Hnpb8qwaRKA?si=_XNDGb9c_euil1ju,Hnpb8qwaRKA,"Nepali Lok Dohori Song | Dherai Maya | Bishnu Majhi, Khuman Adhikari & Cholendra Paudel",done,2026-05-29 11:23:34.764605,2026-05-29 11:24:06.695969
40bc5748e0d8464a8c425241f7d36f7a,331.8,336.267,4.467,126,0,1,2026-05-29 11:24:06.687885,468369f2503e475faa471e18bf65de1b,https://youtu.be/Hnpb8qwaRKA?si=_XNDGb9c_euil1ju,Hnpb8qwaRKA,"Nepali Lok Dohori Song | Dherai Maya | Bishnu Majhi, Khuman Adhikari & Cholendra Paudel",done,2026-05-29 11:23:34.764605,2026-05-29 11:24:06.695969
8d4d3b99356f4f16a238c9d672279f63,342.2,345.2,3.0,131,0,1,2026-05-29 11:24:06.687885,468369f2503e475faa471e18bf65de1b,https://youtu.be/Hnpb8qwaRKA?si=_XNDGb9c_euil1ju,Hnpb8qwaRKA,"Nepali Lok Dohori Song | Dherai Maya | Bishnu Majhi, Khuman Adhikari & Cholendra Paudel",done,2026-05-29 11:23:34.764605,2026-05-29 11:24:06.695969
0829e43898784ec89962dec1a42314fb,346.733,349.733,3.0,133,0,1,2026-05-29 11:24:06.687885,468369f2503e475faa471e18bf65de1b,https://youtu.be/Hnpb8qwaRKA?si=_XNDGb9c_euil1ju,Hnpb8qwaRKA,"Nepali Lok Dohori Song | Dherai Maya | Bishnu Majhi, Khuman Adhikari & Cholendra Paudel",done,2026-05-29 11:23:34.764605,2026-05-29 11:24:06.695969
b04b548c99574aff886f7d026f749ce3,349.733,354.133,4.4,134,0,1,2026-05-29 11:24:06.687885,468369f2503e475faa471e18bf65de1b,https://youtu.be/Hnpb8qwaRKA?si=_XNDGb9c_euil1ju,Hnpb8qwaRKA,"Nepali Lok Dohori Song | Dherai Maya | Bishnu Majhi, Khuman Adhikari & Cholendra Paudel",done,2026-05-29 11:23:34.764605,2026-05-29 11:24:06.695969
650389f5850748778185b107920c9fd7,354.133,358.6,4.467,135,0,1,2026-05-29 11:24:06.687885,468369f2503e475faa471e18bf65de1b,https://youtu.be/Hnpb8qwaRKA?si=_XNDGb9c_euil1ju,Hnpb8qwaRKA,"Nepali Lok Dohori Song | Dherai Maya | Bishnu Majhi, Khuman Adhikari & Cholendra Paudel",done,2026-05-29 11:23:34.764605,2026-05-29 11:24:06.695969
f54a52e8280040cc9341c6b9d575eb01,360.133,364.533,4.4,137,0,1,2026-05-29 11:24:06.687885,468369f2503e475faa471e18bf65de1b,https://youtu.be/Hnpb8qwaRKA?si=_XNDGb9c_euil1ju,Hnpb8qwaRKA,"Nepali Lok Dohori Song | Dherai Maya | Bishnu Majhi, Khuman Adhikari & Cholendra Paudel",done,2026-05-29 11:23:34.764605,2026-05-29 11:24:06.695969
a5b865a5d500435abf9f675ea1ade1a6,364.533,369.867,5.333,138,0,1,2026-05-29 11:24:06.687885,468369f2503e475faa471e18bf65de1b,https://youtu.be/Hnpb8qwaRKA?si=_XNDGb9c_euil1ju,Hnpb8qwaRKA,"Nepali Lok Dohori Song | Dherai Maya | Bishnu Majhi, Khuman Adhikari & Cholendra Paudel",done,2026-05-29 11:23:34.764605,2026-05-29 11:24:06.695969
f96aee0b2dd34a2db0a0407cb4669748,369.867,376.6,6.733,139,0,1,2026-05-29 11:24:06.687885,468369f2503e475faa471e18bf65de1b,https://youtu.be/Hnpb8qwaRKA?si=_XNDGb9c_euil1ju,Hnpb8qwaRKA,"Nepali Lok Dohori Song | Dherai Maya | Bishnu Majhi, Khuman Adhikari & Cholendra Paudel",done,2026-05-29 11:23:34.764605,2026-05-29 11:24:06.695969
740c0aa5a9ff48eaafaacd04ce98713f,381.0,385.467,4.467,143,0,1,2026-05-29 11:24:06.687885,468369f2503e475faa471e18bf65de1b,https://youtu.be/Hnpb8qwaRKA?si=_XNDGb9c_euil1ju,Hnpb8qwaRKA,"Nepali Lok Dohori Song | Dherai Maya | Bishnu Majhi, Khuman Adhikari & Cholendra Paudel",done,2026-05-29 11:23:34.764605,2026-05-29 11:24:06.695969
15c2f5c5f916455981456338661e716e,387.0,390.0,3.0,145,0,1,2026-05-29 11:24:06.687885,468369f2503e475faa471e18bf65de1b,https://youtu.be/Hnpb8qwaRKA?si=_XNDGb9c_euil1ju,Hnpb8qwaRKA,"Nepali Lok Dohori Song | Dherai Maya | Bishnu Majhi, Khuman Adhikari & Cholendra Paudel",done,2026-05-29 11:23:34.764605,2026-05-29 11:24:06.695969
a74deed17cb2438e8c9113cbc8ac6e28,391.533,394.533,3.0,147,0,1,2026-05-29 11:24:06.687885,468369f2503e475faa471e18bf65de1b,https://youtu.be/Hnpb8qwaRKA?si=_XNDGb9c_euil1ju,Hnpb8qwaRKA,"Nepali Lok Dohori Song | Dherai Maya | Bishnu Majhi, Khuman Adhikari & Cholendra Paudel",done,2026-05-29 11:23:34.764605,2026-05-29 11:24:06.695969
7e27e6d622f74334994a1401e71f41bb,399.0,402.0,3.0,150,0,1,2026-05-29 11:24:06.687885,468369f2503e475faa471e18bf65de1b,https://youtu.be/Hnpb8qwaRKA?si=_XNDGb9c_euil1ju,Hnpb8qwaRKA,"Nepali Lok Dohori Song | Dherai Maya | Bishnu Majhi, Khuman Adhikari & Cholendra Paudel",done,2026-05-29 11:23:34.764605,2026-05-29 11:24:06.695969
3a631bfb998548219a82a1794aedac71,402.0,405.0,3.0,151,0,1,2026-05-29 11:24:06.687885,468369f2503e475faa471e18bf65de1b,https://youtu.be/Hnpb8qwaRKA?si=_XNDGb9c_euil1ju,Hnpb8qwaRKA,"Nepali Lok Dohori Song | Dherai Maya | Bishnu Majhi, Khuman Adhikari & Cholendra Paudel",done,2026-05-29 11:23:34.764605,2026-05-29 11:24:06.695969
f59f909ca3854680a2de9fd2753a25e2,409.467,417.6,8.133,155,0,1,2026-05-29 11:24:06.687885,468369f2503e475faa471e18bf65de1b,https://youtu.be/Hnpb8qwaRKA?si=_XNDGb9c_euil1ju,Hnpb8qwaRKA,"Nepali Lok Dohori Song | Dherai Maya | Bishnu Majhi, Khuman Adhikari & Cholendra Paudel",done,2026-05-29 11:23:34.764605,2026-05-29 11:24:06.695969
172d70a40d724da5b7a629ba96c91fcb,422.867,425.867,3.0,159,0,1,2026-05-29 11:24:06.687885,468369f2503e475faa471e18bf65de1b,https://youtu.be/Hnpb8qwaRKA?si=_XNDGb9c_euil1ju,Hnpb8qwaRKA,"Nepali Lok Dohori Song | Dherai Maya | Bishnu Majhi, Khuman Adhikari & Cholendra Paudel",done,2026-05-29 11:23:34.764605,2026-05-29 11:24:06.695969
831cc5514e524ab09760413a5acbf187,427.333,430.333,3.0,161,0,1,2026-05-29 11:24:06.687885,468369f2503e475faa471e18bf65de1b,https://youtu.be/Hnpb8qwaRKA?si=_XNDGb9c_euil1ju,Hnpb8qwaRKA,"Nepali Lok Dohori Song | Dherai Maya | Bishnu Majhi, Khuman Adhikari & Cholendra Paudel",done,2026-05-29 11:23:34.764605,2026-05-29 11:24:06.695969
ed366964b1774ef3913e1290ac1a9fa9,439.2,442.333,3.133,168,0,1,2026-05-29 11:24:06.687885,468369f2503e475faa471e18bf65de1b,https://youtu.be/Hnpb8qwaRKA?si=_XNDGb9c_euil1ju,Hnpb8qwaRKA,"Nepali Lok Dohori Song | Dherai Maya | Bishnu Majhi, Khuman Adhikari & Cholendra Paudel",done,2026-05-29 11:23:34.764605,2026-05-29 11:24:06.695969
600be1eb53d14ce8951d6e41252a1b8d,445.267,450.533,5.267,170,0,1,2026-05-29 11:24:06.687885,468369f2503e475faa471e18bf65de1b,https://youtu.be/Hnpb8qwaRKA?si=_XNDGb9c_euil1ju,Hnpb8qwaRKA,"Nepali Lok Dohori Song | Dherai Maya | Bishnu Majhi, Khuman Adhikari & Cholendra Paudel",done,2026-05-29 11:23:34.764605,2026-05-29 11:24:06.695969
554248cb3b5c4554888bd57ea3ea2b99,450.533,454.2,3.667,171,0,1,2026-05-29 11:24:06.687885,468369f2503e475faa471e18bf65de1b,https://youtu.be/Hnpb8qwaRKA?si=_XNDGb9c_euil1ju,Hnpb8qwaRKA,"Nepali Lok Dohori Song | Dherai Maya | Bishnu Majhi, Khuman Adhikari & Cholendra Paudel",done,2026-05-29 11:23:34.764605,2026-05-29 11:24:06.695969
2994dd55dadf4881b7e8aa4a2efed410,455.733,464.733,9.0,173,0,1,2026-05-29 11:24:06.687885,468369f2503e475faa471e18bf65de1b,https://youtu.be/Hnpb8qwaRKA?si=_XNDGb9c_euil1ju,Hnpb8qwaRKA,"Nepali Lok Dohori Song | Dherai Maya | Bishnu Majhi, Khuman Adhikari & Cholendra Paudel",done,2026-05-29 11:23:34.764605,2026-05-29 11:24:06.695969
7a2ae41bfb78462aad3b06fb5908ee76,464.733,472.133,7.4,174,0,1,2026-05-29 11:24:06.687885,468369f2503e475faa471e18bf65de1b,https://youtu.be/Hnpb8qwaRKA?si=_XNDGb9c_euil1ju,Hnpb8qwaRKA,"Nepali Lok Dohori Song | Dherai Maya | Bishnu Majhi, Khuman Adhikari & Cholendra Paudel",done,2026-05-29 11:23:34.764605,2026-05-29 11:24:06.695969
f025831b95c44a709fd22421b7783a5a,475.133,478.133,3.0,177,0,1,2026-05-29 11:24:06.687885,468369f2503e475faa471e18bf65de1b,https://youtu.be/Hnpb8qwaRKA?si=_XNDGb9c_euil1ju,Hnpb8qwaRKA,"Nepali Lok Dohori Song | Dherai Maya | Bishnu Majhi, Khuman Adhikari & Cholendra Paudel",done,2026-05-29 11:23:34.764605,2026-05-29 11:24:06.695969
151941afa48a4f149c444c71cf3766b0,478.133,482.6,4.467,178,0,1,2026-05-29 11:24:06.687885,468369f2503e475faa471e18bf65de1b,https://youtu.be/Hnpb8qwaRKA?si=_XNDGb9c_euil1ju,Hnpb8qwaRKA,"Nepali Lok Dohori Song | Dherai Maya | Bishnu Majhi, Khuman Adhikari & Cholendra Paudel",done,2026-05-29 11:23:34.764605,2026-05-29 11:24:06.695969
0a76d60ecdde4cd58d7f844bd3b96b53,482.6,485.6,3.0,179,0,1,2026-05-29 11:24:06.687885,468369f2503e475faa471e18bf65de1b,https://youtu.be/Hnpb8qwaRKA?si=_XNDGb9c_euil1ju,Hnpb8qwaRKA,"Nepali Lok Dohori Song | Dherai Maya | Bishnu Majhi, Khuman Adhikari & Cholendra Paudel",done,2026-05-29 11:23:34.764605,2026-05-29 11:24:06.695969
3cfcd7c00c2e42c8a8bbd944464cc3c4,490.067,493.067,3.0,182,0,1,2026-05-29 11:24:06.687885,468369f2503e475faa471e18bf65de1b,https://youtu.be/Hnpb8qwaRKA?si=_XNDGb9c_euil1ju,Hnpb8qwaRKA,"Nepali Lok Dohori Song | Dherai Maya | Bishnu Majhi, Khuman Adhikari & Cholendra Paudel",done,2026-05-29 11:23:34.764605,2026-05-29 11:24:06.695969
c71ab918113d4a8898912474c6824661,495.333,499.0,3.667,184,0,1,2026-05-29 11:24:06.687885,468369f2503e475faa471e18bf65de1b,https://youtu.be/Hnpb8qwaRKA?si=_XNDGb9c_euil1ju,Hnpb8qwaRKA,"Nepali Lok Dohori Song | Dherai Maya | Bishnu Majhi, Khuman Adhikari & Cholendra Paudel",done,2026-05-29 11:23:34.764605,2026-05-29 11:24:06.695969
c1e10fed805a4f3d8cbc40af57c9fbee,499.0,502.0,3.0,185,0,1,2026-05-29 11:24:06.687885,468369f2503e475faa471e18bf65de1b,https://youtu.be/Hnpb8qwaRKA?si=_XNDGb9c_euil1ju,Hnpb8qwaRKA,"Nepali Lok Dohori Song | Dherai Maya | Bishnu Majhi, Khuman Adhikari & Cholendra Paudel",done,2026-05-29 11:23:34.764605,2026-05-29 11:24:06.695969
daf3539959f144ba86a4a949a0af3906,502.0,506.533,4.533,186,0,1,2026-05-29 11:24:06.687885,468369f2503e475faa471e18bf65de1b,https://youtu.be/Hnpb8qwaRKA?si=_XNDGb9c_euil1ju,Hnpb8qwaRKA,"Nepali Lok Dohori Song | Dherai Maya | Bishnu Majhi, Khuman Adhikari & Cholendra Paudel",done,2026-05-29 11:23:34.764605,2026-05-29 11:24:06.695969
ad537e26c3694b1c99875951fd450f5c,506.533,512.4,5.867,187,0,1,2026-05-29 11:24:06.687885,468369f2503e475faa471e18bf65de1b,https://youtu.be/Hnpb8qwaRKA?si=_XNDGb9c_euil1ju,Hnpb8qwaRKA,"Nepali Lok Dohori Song | Dherai Maya | Bishnu Majhi, Khuman Adhikari & Cholendra Paudel",done,2026-05-29 11:23:34.764605,2026-05-29 11:24:06.695969
de478850215c46d5aa202a31bb2e2fb8,512.4,515.4,3.0,188,0,1,2026-05-29 11:24:06.687885,468369f2503e475faa471e18bf65de1b,https://youtu.be/Hnpb8qwaRKA?si=_XNDGb9c_euil1ju,Hnpb8qwaRKA,"Nepali Lok Dohori Song | Dherai Maya | Bishnu Majhi, Khuman Adhikari & Cholendra Paudel",done,2026-05-29 11:23:34.764605,2026-05-29 11:24:06.695969
d7e44d1b759947d4bed05aadee08069c,518.4,521.4,3.0,191,0,1,2026-05-29 11:24:06.688389,468369f2503e475faa471e18bf65de1b,https://youtu.be/Hnpb8qwaRKA?si=_XNDGb9c_euil1ju,Hnpb8qwaRKA,"Nepali Lok Dohori Song | Dherai Maya | Bishnu Majhi, Khuman Adhikari & Cholendra Paudel",done,2026-05-29 11:23:34.764605,2026-05-29 11:24:06.695969
c7b1dc4c8f7a4bbe97d264cd4007859c,525.867,528.933,3.067,194,0,1,2026-05-29 11:24:06.688389,468369f2503e475faa471e18bf65de1b,https://youtu.be/Hnpb8qwaRKA?si=_XNDGb9c_euil1ju,Hnpb8qwaRKA,"Nepali Lok Dohori Song | Dherai Maya | Bishnu Majhi, Khuman Adhikari & Cholendra Paudel",done,2026-05-29 11:23:34.764605,2026-05-29 11:24:06.695969
09a30e92b4834cfd83be9bfc7c2fe6d3,540.8,543.8,3.0,201,0,1,2026-05-29 11:24:06.688389,468369f2503e475faa471e18bf65de1b,https://youtu.be/Hnpb8qwaRKA?si=_XNDGb9c_euil1ju,Hnpb8qwaRKA,"Nepali Lok Dohori Song | Dherai Maya | Bishnu Majhi, Khuman Adhikari & Cholendra Paudel",done,2026-05-29 11:23:34.764605,2026-05-29 11:24:06.695969
b0e438ea44874223a04bf6019528a615,543.8,553.8,10.0,202,0,1,2026-05-29 11:24:06.688389,468369f2503e475faa471e18bf65de1b,https://youtu.be/Hnpb8qwaRKA?si=_XNDGb9c_euil1ju,Hnpb8qwaRKA,"Nepali Lok Dohori Song | Dherai Maya | Bishnu Majhi, Khuman Adhikari & Cholendra Paudel",done,2026-05-29 11:23:34.764605,2026-05-29 11:24:06.695969
9ba22625685a4cd4bfb07882265a182a,2.4,6.333,3.933,1,0,1,2026-05-29 11:16:23.388581,cd3bf13737fc45acacf55b9035c4e405,https://youtu.be/DleDyvALYvk?si=BBYIQ4mqk_aBLMV5,DleDyvALYvk,Nepali Lok Dohori | Timi Matra Mero Chahana - Khuman Adhikari & Devi Gharti,done,2026-05-29 11:15:25.543324,2026-05-29 11:16:23.408149
b0416866ea0f4ae4bedf7155899e6240,6.333,9.467,3.133,2,0,1,2026-05-29 11:16:23.388581,cd3bf13737fc45acacf55b9035c4e405,https://youtu.be/DleDyvALYvk?si=BBYIQ4mqk_aBLMV5,DleDyvALYvk,Nepali Lok Dohori | Timi Matra Mero Chahana - Khuman Adhikari & Devi Gharti,done,2026-05-29 11:15:25.543324,2026-05-29 11:16:23.408149
5491c73c0629451493ad4f5f37111b03,9.467,14.2,4.733,3,0,1,2026-05-29 11:16:23.388581,cd3bf13737fc45acacf55b9035c4e405,https://youtu.be/DleDyvALYvk?si=BBYIQ4mqk_aBLMV5,DleDyvALYvk,Nepali Lok Dohori | Timi Matra Mero Chahana - Khuman Adhikari & Devi Gharti,done,2026-05-29 11:15:25.543324,2026-05-29 11:16:23.408149
66d9a1154c9b43b8a05a772d49c37a0e,14.2,17.333,3.133,4,0,1,2026-05-29 11:16:23.388581,cd3bf13737fc45acacf55b9035c4e405,https://youtu.be/DleDyvALYvk?si=BBYIQ4mqk_aBLMV5,DleDyvALYvk,Nepali Lok Dohori | Timi Matra Mero Chahana - Khuman Adhikari & Devi Gharti,done,2026-05-29 11:15:25.543324,2026-05-29 11:16:23.408149
92b2d9a28dd947719d6362ab44b81e4f,17.333,20.467,3.133,5,0,1,2026-05-29 11:16:23.388581,cd3bf13737fc45acacf55b9035c4e405,https://youtu.be/DleDyvALYvk?si=BBYIQ4mqk_aBLMV5,DleDyvALYvk,Nepali Lok Dohori | Timi Matra Mero Chahana - Khuman Adhikari & Devi Gharti,done,2026-05-29 11:15:25.543324,2026-05-29 11:16:23.408149
18c40af9f5fe46c7bddbed1cb935c23b,20.467,23.6,3.133,6,0,1,2026-05-29 11:16:23.388581,cd3bf13737fc45acacf55b9035c4e405,https://youtu.be/DleDyvALYvk?si=BBYIQ4mqk_aBLMV5,DleDyvALYvk,Nepali Lok Dohori | Timi Matra Mero Chahana - Khuman Adhikari & Devi Gharti,done,2026-05-29 11:15:25.543324,2026-05-29 11:16:23.408149
1d0ad62fb80e4a48b7a86172aded4929,23.6,26.733,3.133,7,0,1,2026-05-29 11:16:23.388581,cd3bf13737fc45acacf55b9035c4e405,https://youtu.be/DleDyvALYvk?si=BBYIQ4mqk_aBLMV5,DleDyvALYvk,Nepali Lok Dohori | Timi Matra Mero Chahana - Khuman Adhikari & Devi Gharti,done,2026-05-29 11:15:25.543324,2026-05-29 11:16:23.408149
1e779a8102dd40b1b344191b12f2e545,63.0,66.267,3.267,25,0,1,2026-05-29 11:16:23.388581,cd3bf13737fc45acacf55b9035c4e405,https://youtu.be/DleDyvALYvk?si=BBYIQ4mqk_aBLMV5,DleDyvALYvk,Nepali Lok Dohori | Timi Matra Mero Chahana - Khuman Adhikari & Devi Gharti,done,2026-05-29 11:15:25.543324,2026-05-29 11:16:23.408149
2536c52a9f0549ce9df2c39acef75f69,66.267,69.467,3.2,26,0,1,2026-05-29 11:16:23.388581,cd3bf13737fc45acacf55b9035c4e405,https://youtu.be/DleDyvALYvk?si=BBYIQ4mqk_aBLMV5,DleDyvALYvk,Nepali Lok Dohori | Timi Matra Mero Chahana - Khuman Adhikari & Devi Gharti,done,2026-05-29 11:15:25.543324,2026-05-29 11:16:23.408149
82c46dd0e0a843979707d7a8d37ee182,69.467,72.933,3.467,27,0,1,2026-05-29 11:16:23.388581,cd3bf13737fc45acacf55b9035c4e405,https://youtu.be/DleDyvALYvk?si=BBYIQ4mqk_aBLMV5,DleDyvALYvk,Nepali Lok Dohori | Timi Matra Mero Chahana - Khuman Adhikari & Devi Gharti,done,2026-05-29 11:15:25.543324,2026-05-29 11:16:23.408149
f1236729663e4515a484f6ede202f1f2,76.267,79.4,3.133,30,0,1,2026-05-29 11:16:23.388581,cd3bf13737fc45acacf55b9035c4e405,https://youtu.be/DleDyvALYvk?si=BBYIQ4mqk_aBLMV5,DleDyvALYvk,Nepali Lok Dohori | Timi Matra Mero Chahana - Khuman Adhikari & Devi Gharti,done,2026-05-29 11:15:25.543324,2026-05-29 11:16:23.408149
17bbc31e17b94dd4bc7b337d0b821bc8,79.4,84.133,4.733,31,0,1,2026-05-29 11:16:23.388581,cd3bf13737fc45acacf55b9035c4e405,https://youtu.be/DleDyvALYvk?si=BBYIQ4mqk_aBLMV5,DleDyvALYvk,Nepali Lok Dohori | Timi Matra Mero Chahana - Khuman Adhikari & Devi Gharti,done,2026-05-29 11:15:25.543324,2026-05-29 11:16:23.408149
bc827b12ac414bfd8121924e172cf839,90.333,93.533,3.2,36,0,1,2026-05-29 11:16:23.388581,cd3bf13737fc45acacf55b9035c4e405,https://youtu.be/DleDyvALYvk?si=BBYIQ4mqk_aBLMV5,DleDyvALYvk,Nepali Lok Dohori | Timi Matra Mero Chahana - Khuman Adhikari & Devi Gharti,done,2026-05-29 11:15:25.543324,2026-05-29 11:16:23.408149
0e04eb8d0345420f96b8306011117445,93.533,96.533,3.0,37,0,1,2026-05-29 11:16:23.388581,cd3bf13737fc45acacf55b9035c4e405,https://youtu.be/DleDyvALYvk?si=BBYIQ4mqk_aBLMV5,DleDyvALYvk,Nepali Lok Dohori | Timi Matra Mero Chahana - Khuman Adhikari & Devi Gharti,done,2026-05-29 11:15:25.543324,2026-05-29 11:16:23.408149
64209d20f76343eea86b943bd319ddd3,102.867,106.0,3.133,42,0,1,2026-05-29 11:16:23.388581,cd3bf13737fc45acacf55b9035c4e405,https://youtu.be/DleDyvALYvk?si=BBYIQ4mqk_aBLMV5,DleDyvALYvk,Nepali Lok Dohori | Timi Matra Mero Chahana - Khuman Adhikari & Devi Gharti,done,2026-05-29 11:15:25.543324,2026-05-29 11:16:23.408149
f458c9a9939648259307e550fc5bf283,106.0,114.933,8.933,43,0,1,2026-05-29 11:16:23.388581,cd3bf13737fc45acacf55b9035c4e405,https://youtu.be/DleDyvALYvk?si=BBYIQ4mqk_aBLMV5,DleDyvALYvk,Nepali Lok Dohori | Timi Matra Mero Chahana - Khuman Adhikari & Devi Gharti,done,2026-05-29 11:15:25.543324,2026-05-29 11:16:23.408149
d21ede12aa734129b092b2d9fb568997,116.933,121.6,4.667,45,0,1,2026-05-29 11:16:23.388581,cd3bf13737fc45acacf55b9035c4e405,https://youtu.be/DleDyvALYvk?si=BBYIQ4mqk_aBLMV5,DleDyvALYvk,Nepali Lok Dohori | Timi Matra Mero Chahana - Khuman Adhikari & Devi Gharti,done,2026-05-29 11:15:25.543324,2026-05-29 11:16:23.408149
41cd7a7a06b44557b19981eef6f5b798,121.6,124.8,3.2,46,0,1,2026-05-29 11:16:23.388581,cd3bf13737fc45acacf55b9035c4e405,https://youtu.be/DleDyvALYvk?si=BBYIQ4mqk_aBLMV5,DleDyvALYvk,Nepali Lok Dohori | Timi Matra Mero Chahana - Khuman Adhikari & Devi Gharti,done,2026-05-29 11:15:25.543324,2026-05-29 11:16:23.408149
efbeead817ee4086aadadb5aacd7b5c6,129.467,132.6,3.133,50,0,1,2026-05-29 11:16:23.388581,cd3bf13737fc45acacf55b9035c4e405,https://youtu.be/DleDyvALYvk?si=BBYIQ4mqk_aBLMV5,DleDyvALYvk,Nepali Lok Dohori | Timi Matra Mero Chahana - Khuman Adhikari & Devi Gharti,done,2026-05-29 11:15:25.543324,2026-05-29 11:16:23.408149
8f76fa239e8d4d199c4fb5aecb38211c,134.2,138.0,3.8,52,0,1,2026-05-29 11:16:23.388581,cd3bf13737fc45acacf55b9035c4e405,https://youtu.be/DleDyvALYvk?si=BBYIQ4mqk_aBLMV5,DleDyvALYvk,Nepali Lok Dohori | Timi Matra Mero Chahana - Khuman Adhikari & Devi Gharti,done,2026-05-29 11:15:25.543324,2026-05-29 11:16:23.408149
339e1a680eef4c6cb17bca600166b611,141.733,145.4,3.667,55,0,1,2026-05-29 11:16:23.388581,cd3bf13737fc45acacf55b9035c4e405,https://youtu.be/DleDyvALYvk?si=BBYIQ4mqk_aBLMV5,DleDyvALYvk,Nepali Lok Dohori | Timi Matra Mero Chahana - Khuman Adhikari & Devi Gharti,done,2026-05-29 11:15:25.543324,2026-05-29 11:16:23.408149
537e5a6c2fb34a45ad06feb772a7b8f1,165.933,169.6,3.667,66,0,1,2026-05-29 11:16:23.389115,cd3bf13737fc45acacf55b9035c4e405,https://youtu.be/DleDyvALYvk?si=BBYIQ4mqk_aBLMV5,DleDyvALYvk,Nepali Lok Dohori | Timi Matra Mero Chahana - Khuman Adhikari & Devi Gharti,done,2026-05-29 11:15:25.543324,2026-05-29 11:16:23.408149
6f7649dd35294f368cdb0dfd3a8fab14,169.6,175.933,6.333,67,0,1,2026-05-29 11:16:23.389115,cd3bf13737fc45acacf55b9035c4e405,https://youtu.be/DleDyvALYvk?si=BBYIQ4mqk_aBLMV5,DleDyvALYvk,Nepali Lok Dohori | Timi Matra Mero Chahana - Khuman Adhikari & Devi Gharti,done,2026-05-29 11:15:25.543324,2026-05-29 11:16:23.408149
13b205bc9f754b1f9c25cf4bb3b0d7b7,175.933,180.6,4.667,68,0,1,2026-05-29 11:16:23.389115,cd3bf13737fc45acacf55b9035c4e405,https://youtu.be/DleDyvALYvk?si=BBYIQ4mqk_aBLMV5,DleDyvALYvk,Nepali Lok Dohori | Timi Matra Mero Chahana - Khuman Adhikari & Devi Gharti,done,2026-05-29 11:15:25.543324,2026-05-29 11:16:23.408149
79bcaf2d21ff433da84c4070b0127d79,180.6,183.733,3.133,69,0,1,2026-05-29 11:16:23.389115,cd3bf13737fc45acacf55b9035c4e405,https://youtu.be/DleDyvALYvk?si=BBYIQ4mqk_aBLMV5,DleDyvALYvk,Nepali Lok Dohori | Timi Matra Mero Chahana - Khuman Adhikari & Devi Gharti,done,2026-05-29 11:15:25.543324,2026-05-29 11:16:23.408149
d4461a61600949f28bb0abc1a79dac84,186.867,189.933,3.067,72,0,1,2026-05-29 11:16:23.389115,cd3bf13737fc45acacf55b9035c4e405,https://youtu.be/DleDyvALYvk?si=BBYIQ4mqk_aBLMV5,DleDyvALYvk,Nepali Lok Dohori | Timi Matra Mero Chahana - Khuman Adhikari & Devi Gharti,done,2026-05-29 11:15:25.543324,2026-05-29 11:16:23.408149
814cd1e4fca641cc993f962a4b82c2b1,189.933,193.133,3.2,73,0,1,2026-05-29 11:16:23.389115,cd3bf13737fc45acacf55b9035c4e405,https://youtu.be/DleDyvALYvk?si=BBYIQ4mqk_aBLMV5,DleDyvALYvk,Nepali Lok Dohori | Timi Matra Mero Chahana - Khuman Adhikari & Devi Gharti,done,2026-05-29 11:15:25.543324,2026-05-29 11:16:23.408149
375b6065480f464c8a42d2ee6d2752c4,193.133,196.267,3.133,74,0,1,2026-05-29 11:16:23.389115,cd3bf13737fc45acacf55b9035c4e405,https://youtu.be/DleDyvALYvk?si=BBYIQ4mqk_aBLMV5,DleDyvALYvk,Nepali Lok Dohori | Timi Matra Mero Chahana - Khuman Adhikari & Devi Gharti,done,2026-05-29 11:15:25.543324,2026-05-29 11:16:23.408149
fb47a887efea48859ac2f928e75d5054,202.533,210.333,7.8,79,0,1,2026-05-29 11:16:23.389115,cd3bf13737fc45acacf55b9035c4e405,https://youtu.be/DleDyvALYvk?si=BBYIQ4mqk_aBLMV5,DleDyvALYvk,Nepali Lok Dohori | Timi Matra Mero Chahana - Khuman Adhikari & Devi Gharti,done,2026-05-29 11:15:25.543324,2026-05-29 11:16:23.408149
ef3e9772a26948a68ebbd09c79a4cb73,211.933,216.6,4.667,81,0,1,2026-05-29 11:16:23.389115,cd3bf13737fc45acacf55b9035c4e405,https://youtu.be/DleDyvALYvk?si=BBYIQ4mqk_aBLMV5,DleDyvALYvk,Nepali Lok Dohori | Timi Matra Mero Chahana - Khuman Adhikari & Devi Gharti,done,2026-05-29 11:15:25.543324,2026-05-29 11:16:23.408149
e3769a39170d4afe852aeab511684c3c,216.6,220.533,3.933,82,0,1,2026-05-29 11:16:23.389115,cd3bf13737fc45acacf55b9035c4e405,https://youtu.be/DleDyvALYvk?si=BBYIQ4mqk_aBLMV5,DleDyvALYvk,Nepali Lok Dohori | Timi Matra Mero Chahana - Khuman Adhikari & Devi Gharti,done,2026-05-29 11:15:25.543324,2026-05-29 11:16:23.408149
10412f6f7f7d42a2aa5295f20ecff930,220.533,224.4,3.867,83,0,1,2026-05-29 11:16:23.389115,cd3bf13737fc45acacf55b9035c4e405,https://youtu.be/DleDyvALYvk?si=BBYIQ4mqk_aBLMV5,DleDyvALYvk,Nepali Lok Dohori | Timi Matra Mero Chahana - Khuman Adhikari & Devi Gharti,done,2026-05-29 11:15:25.543324,2026-05-29 11:16:23.408149
2ff46e8fd7cc429187613ecd13959573,224.4,229.133,4.733,84,0,1,2026-05-29 11:16:23.389115,cd3bf13737fc45acacf55b9035c4e405,https://youtu.be/DleDyvALYvk?si=BBYIQ4mqk_aBLMV5,DleDyvALYvk,Nepali Lok Dohori | Timi Matra Mero Chahana - Khuman Adhikari & Devi Gharti,done,2026-05-29 11:15:25.543324,2026-05-29 11:16:23.408149
d53a22c0a43c469a8ad3ed5d7d682ca1,234.467,238.267,3.8,87,0,1,2026-05-29 11:16:23.389115,cd3bf13737fc45acacf55b9035c4e405,https://youtu.be/DleDyvALYvk?si=BBYIQ4mqk_aBLMV5,DleDyvALYvk,Nepali Lok Dohori | Timi Matra Mero Chahana - Khuman Adhikari & Devi Gharti,done,2026-05-29 11:15:25.543324,2026-05-29 11:16:23.408149
7dfdfc8354dc453086997a101d4d92f0,239.4,243.667,4.267,89,0,1,2026-05-29 11:16:23.389115,cd3bf13737fc45acacf55b9035c4e405,https://youtu.be/DleDyvALYvk?si=BBYIQ4mqk_aBLMV5,DleDyvALYvk,Nepali Lok Dohori | Timi Matra Mero Chahana - Khuman Adhikari & Devi Gharti,done,2026-05-29 11:15:25.543324,2026-05-29 11:16:23.408149
ce7cb7fbd1ad406499ab30d1601fa56a,262.4,266.0,3.6,101,0,1,2026-05-29 11:16:23.389115,cd3bf13737fc45acacf55b9035c4e405,https://youtu.be/DleDyvALYvk?si=BBYIQ4mqk_aBLMV5,DleDyvALYvk,Nepali Lok Dohori | Timi Matra Mero Chahana - Khuman Adhikari & Devi Gharti,done,2026-05-29 11:15:25.543324,2026-05-29 11:16:23.408149
66dfcfe312af414c89a1ae1b7a9d474a,266.0,269.333,3.333,102,0,1,2026-05-29 11:16:23.389115,cd3bf13737fc45acacf55b9035c4e405,https://youtu.be/DleDyvALYvk?si=BBYIQ4mqk_aBLMV5,DleDyvALYvk,Nepali Lok Dohori | Timi Matra Mero Chahana - Khuman Adhikari & Devi Gharti,done,2026-05-29 11:15:25.543324,2026-05-29 11:16:23.408149
e9ae71caf9f0405f86e6da70fc8539cb,269.333,272.4,3.067,103,0,1,2026-05-29 11:16:23.389115,cd3bf13737fc45acacf55b9035c4e405,https://youtu.be/DleDyvALYvk?si=BBYIQ4mqk_aBLMV5,DleDyvALYvk,Nepali Lok Dohori | Timi Matra Mero Chahana - Khuman Adhikari & Devi Gharti,done,2026-05-29 11:15:25.543324,2026-05-29 11:16:23.408149
ae0f1609d46547538a6a25a2c3cf5987,283.4,286.533,3.133,111,0,1,2026-05-29 11:16:23.389115,cd3bf13737fc45acacf55b9035c4e405,https://youtu.be/DleDyvALYvk?si=BBYIQ4mqk_aBLMV5,DleDyvALYvk,Nepali Lok Dohori | Timi Matra Mero Chahana - Khuman Adhikari & Devi Gharti,done,2026-05-29 11:15:25.543324,2026-05-29 11:16:23.408149
b3cecd5cab344be4813019e5e4753237,286.533,289.733,3.2,112,0,1,2026-05-29 11:16:23.389115,cd3bf13737fc45acacf55b9035c4e405,https://youtu.be/DleDyvALYvk?si=BBYIQ4mqk_aBLMV5,DleDyvALYvk,Nepali Lok Dohori | Timi Matra Mero Chahana - Khuman Adhikari & Devi Gharti,done,2026-05-29 11:15:25.543324,2026-05-29 11:16:23.408149
2c06fb9ae22540b5914bf0500b5f053c,289.733,292.8,3.067,113,0,1,2026-05-29 11:16:23.389115,cd3bf13737fc45acacf55b9035c4e405,https://youtu.be/DleDyvALYvk?si=BBYIQ4mqk_aBLMV5,DleDyvALYvk,Nepali Lok Dohori | Timi Matra Mero Chahana - Khuman Adhikari & Devi Gharti,done,2026-05-29 11:15:25.543324,2026-05-29 11:16:23.408149
faa71ddb20c64346a85a85bfdda8078e,292.8,295.933,3.133,114,0,1,2026-05-29 11:16:23.389115,cd3bf13737fc45acacf55b9035c4e405,https://youtu.be/DleDyvALYvk?si=BBYIQ4mqk_aBLMV5,DleDyvALYvk,Nepali Lok Dohori | Timi Matra Mero Chahana - Khuman Adhikari & Devi Gharti,done,2026-05-29 11:15:25.543324,2026-05-29 11:16:23.408149
95db92bd6ced40b2bd1560e6d8daf30f,295.933,299.0,3.067,115,0,1,2026-05-29 11:16:23.389115,cd3bf13737fc45acacf55b9035c4e405,https://youtu.be/DleDyvALYvk?si=BBYIQ4mqk_aBLMV5,DleDyvALYvk,Nepali Lok Dohori | Timi Matra Mero Chahana - Khuman Adhikari & Devi Gharti,done,2026-05-29 11:15:25.543324,2026-05-29 11:16:23.408149
2547db21b3c24e5d8025ab4e5ac005bb,299.0,303.733,4.733,116,0,1,2026-05-29 11:16:23.389115,cd3bf13737fc45acacf55b9035c4e405,https://youtu.be/DleDyvALYvk?si=BBYIQ4mqk_aBLMV5,DleDyvALYvk,Nepali Lok Dohori | Timi Matra Mero Chahana - Khuman Adhikari & Devi Gharti,done,2026-05-29 11:15:25.543324,2026-05-29 11:16:23.408149
26def132ee8840a48eeebc1b59268aec,310.0,313.133,3.133,120,0,1,2026-05-29 11:16:23.389115,cd3bf13737fc45acacf55b9035c4e405,https://youtu.be/DleDyvALYvk?si=BBYIQ4mqk_aBLMV5,DleDyvALYvk,Nepali Lok Dohori | Timi Matra Mero Chahana - Khuman Adhikari & Devi Gharti,done,2026-05-29 11:15:25.543324,2026-05-29 11:16:23.408149
5aef42080b104db19fe555d025cac789,317.8,322.533,4.733,124,0,1,2026-05-29 11:16:23.389115,cd3bf13737fc45acacf55b9035c4e405,https://youtu.be/DleDyvALYvk?si=BBYIQ4mqk_aBLMV5,DleDyvALYvk,Nepali Lok Dohori | Timi Matra Mero Chahana - Khuman Adhikari & Devi Gharti,done,2026-05-29 11:15:25.543324,2026-05-29 11:16:23.408149
1e64c4ecdbb64103a59633b907fcb2d1,322.533,327.2,4.667,125,0,1,2026-05-29 11:16:23.389115,cd3bf13737fc45acacf55b9035c4e405,https://youtu.be/DleDyvALYvk?si=BBYIQ4mqk_aBLMV5,DleDyvALYvk,Nepali Lok Dohori | Timi Matra Mero Chahana - Khuman Adhikari & Devi Gharti,done,2026-05-29 11:15:25.543324,2026-05-29 11:16:23.408149
14b14899f85b4127aab1fa077c0a0ddd,362.733,365.933,3.2,146,0,1,2026-05-29 11:16:23.389115,cd3bf13737fc45acacf55b9035c4e405,https://youtu.be/DleDyvALYvk?si=BBYIQ4mqk_aBLMV5,DleDyvALYvk,Nepali Lok Dohori | Timi Matra Mero Chahana - Khuman Adhikari & Devi Gharti,done,2026-05-29 11:15:25.543324,2026-05-29 11:16:23.408149
cd171c687ca34d76b4988f69c49a78ad,365.933,368.933,3.0,147,0,1,2026-05-29 11:16:23.389115,cd3bf13737fc45acacf55b9035c4e405,https://youtu.be/DleDyvALYvk?si=BBYIQ4mqk_aBLMV5,DleDyvALYvk,Nepali Lok Dohori | Timi Matra Mero Chahana - Khuman Adhikari & Devi Gharti,done,2026-05-29 11:15:25.543324,2026-05-29 11:16:23.408149
e4ede508f2a84304a7a868255a64b45c,368.933,373.733,4.8,148,0,1,2026-05-29 11:16:23.389115,cd3bf13737fc45acacf55b9035c4e405,https://youtu.be/DleDyvALYvk?si=BBYIQ4mqk_aBLMV5,DleDyvALYvk,Nepali Lok Dohori | Timi Matra Mero Chahana - Khuman Adhikari & Devi Gharti,done,2026-05-29 11:15:25.543324,2026-05-29 11:16:23.408149
82defde58ebf4e2aad0dac72710b2e54,373.733,376.8,3.067,149,0,1,2026-05-29 11:16:23.389115,cd3bf13737fc45acacf55b9035c4e405,https://youtu.be/DleDyvALYvk?si=BBYIQ4mqk_aBLMV5,DleDyvALYvk,Nepali Lok Dohori | Timi Matra Mero Chahana - Khuman Adhikari & Devi Gharti,done,2026-05-29 11:15:25.543324,2026-05-29 11:16:23.408149
2baae109fe704fceb7d861befbc37dd4,376.8,379.933,3.133,150,0,1,2026-05-29 11:16:23.389115,cd3bf13737fc45acacf55b9035c4e405,https://youtu.be/DleDyvALYvk?si=BBYIQ4mqk_aBLMV5,DleDyvALYvk,Nepali Lok Dohori | Timi Matra Mero Chahana - Khuman Adhikari & Devi Gharti,done,2026-05-29 11:15:25.543324,2026-05-29 11:16:23.408149
9d489e3cfb69405f83d1e8eb4d179c69,379.933,383.133,3.2,151,0,1,2026-05-29 11:16:23.389115,cd3bf13737fc45acacf55b9035c4e405,https://youtu.be/DleDyvALYvk?si=BBYIQ4mqk_aBLMV5,DleDyvALYvk,Nepali Lok Dohori | Timi Matra Mero Chahana - Khuman Adhikari & Devi Gharti,done,2026-05-29 11:15:25.543324,2026-05-29 11:16:23.408149
aad74b8658b041a394074ff91e302dd0,383.133,386.2,3.067,152,0,1,2026-05-29 11:16:23.389646,cd3bf13737fc45acacf55b9035c4e405,https://youtu.be/DleDyvALYvk?si=BBYIQ4mqk_aBLMV5,DleDyvALYvk,Nepali Lok Dohori | Timi Matra Mero Chahana - Khuman Adhikari & Devi Gharti,done,2026-05-29 11:15:25.543324,2026-05-29 11:16:23.408149
5c3abfbe51a74f63b5f9268c09898d95,386.2,389.333,3.133,153,0,1,2026-05-29 11:16:23.389646,cd3bf13737fc45acacf55b9035c4e405,https://youtu.be/DleDyvALYvk?si=BBYIQ4mqk_aBLMV5,DleDyvALYvk,Nepali Lok Dohori | Timi Matra Mero Chahana - Khuman Adhikari & Devi Gharti,done,2026-05-29 11:15:25.543324,2026-05-29 11:16:23.408149
ebd7297b781b4ec698de2e6696a9461c,389.333,392.4,3.067,154,0,1,2026-05-29 11:16:23.389646,cd3bf13737fc45acacf55b9035c4e405,https://youtu.be/DleDyvALYvk?si=BBYIQ4mqk_aBLMV5,DleDyvALYvk,Nepali Lok Dohori | Timi Matra Mero Chahana - Khuman Adhikari & Devi Gharti,done,2026-05-29 11:15:25.543324,2026-05-29 11:16:23.408149
61b0d2e8d8a14d0d984aa106ada51940,392.4,395.6,3.2,155,0,1,2026-05-29 11:16:23.389646,cd3bf13737fc45acacf55b9035c4e405,https://youtu.be/DleDyvALYvk?si=BBYIQ4mqk_aBLMV5,DleDyvALYvk,Nepali Lok Dohori | Timi Matra Mero Chahana - Khuman Adhikari & Devi Gharti,done,2026-05-29 11:15:25.543324,2026-05-29 11:16:23.408149
78c8658294b14d008d158663cec4ec9b,395.6,400.267,4.667,156,0,1,2026-05-29 11:16:23.389646,cd3bf13737fc45acacf55b9035c4e405,https://youtu.be/DleDyvALYvk?si=BBYIQ4mqk_aBLMV5,DleDyvALYvk,Nepali Lok Dohori | Timi Matra Mero Chahana - Khuman Adhikari & Devi Gharti,done,2026-05-29 11:15:25.543324,2026-05-29 11:16:23.408149
04b166f4ddce4420b816c27da01a1940,400.267,404.933,4.667,157,0,1,2026-05-29 11:16:23.389646,cd3bf13737fc45acacf55b9035c4e405,https://youtu.be/DleDyvALYvk?si=BBYIQ4mqk_aBLMV5,DleDyvALYvk,Nepali Lok Dohori | Timi Matra Mero Chahana - Khuman Adhikari & Devi Gharti,done,2026-05-29 11:15:25.543324,2026-05-29 11:16:23.408149
fac32a39a4cc4efd996ae17cd37fafc0,404.933,409.667,4.733,158,0,1,2026-05-29 11:16:23.389646,cd3bf13737fc45acacf55b9035c4e405,https://youtu.be/DleDyvALYvk?si=BBYIQ4mqk_aBLMV5,DleDyvALYvk,Nepali Lok Dohori | Timi Matra Mero Chahana - Khuman Adhikari & Devi Gharti,done,2026-05-29 11:15:25.543324,2026-05-29 11:16:23.408149
8f3ee0b0542841cb97d83d3f5ed3900e,409.667,414.4,4.733,159,0,1,2026-05-29 11:16:23.389646,cd3bf13737fc45acacf55b9035c4e405,https://youtu.be/DleDyvALYvk?si=BBYIQ4mqk_aBLMV5,DleDyvALYvk,Nepali Lok Dohori | Timi Matra Mero Chahana - Khuman Adhikari & Devi Gharti,done,2026-05-29 11:15:25.543324,2026-05-29 11:16:23.408149
e08e5804cc654ddaaad6fc101f0576b9,419.067,422.2,3.133,163,0,1,2026-05-29 11:16:23.389646,cd3bf13737fc45acacf55b9035c4e405,https://youtu.be/DleDyvALYvk?si=BBYIQ4mqk_aBLMV5,DleDyvALYvk,Nepali Lok Dohori | Timi Matra Mero Chahana - Khuman Adhikari & Devi Gharti,done,2026-05-29 11:15:25.543324,2026-05-29 11:16:23.408149
529ba2a90aa643cd87824530800b97f0,422.2,425.667,3.467,164,0,1,2026-05-29 11:16:23.389646,cd3bf13737fc45acacf55b9035c4e405,https://youtu.be/DleDyvALYvk?si=BBYIQ4mqk_aBLMV5,DleDyvALYvk,Nepali Lok Dohori | Timi Matra Mero Chahana - Khuman Adhikari & Devi Gharti,done,2026-05-29 11:15:25.543324,2026-05-29 11:16:23.408149
43fb4f8602c74d8c80466bd369e9e66c,427.133,431.333,4.2,166,0,1,2026-05-29 11:16:23.389646,cd3bf13737fc45acacf55b9035c4e405,https://youtu.be/DleDyvALYvk?si=BBYIQ4mqk_aBLMV5,DleDyvALYvk,Nepali Lok Dohori | Timi Matra Mero Chahana - Khuman Adhikari & Devi Gharti,done,2026-05-29 11:15:25.543324,2026-05-29 11:16:23.408149
286ad1ec79684dda81956ed6772f6a69,431.333,434.933,3.6,167,0,1,2026-05-29 11:16:23.389646,cd3bf13737fc45acacf55b9035c4e405,https://youtu.be/DleDyvALYvk?si=BBYIQ4mqk_aBLMV5,DleDyvALYvk,Nepali Lok Dohori | Timi Matra Mero Chahana - Khuman Adhikari & Devi Gharti,done,2026-05-29 11:15:25.543324,2026-05-29 11:16:23.408149
d1f2598b3d604f92a68b9f1f39715a3c,434.933,438.6,3.667,168,0,1,2026-05-29 11:16:23.389646,cd3bf13737fc45acacf55b9035c4e405,https://youtu.be/DleDyvALYvk?si=BBYIQ4mqk_aBLMV5,DleDyvALYvk,Nepali Lok Dohori | Timi Matra Mero Chahana - Khuman Adhikari & Devi Gharti,done,2026-05-29 11:15:25.543324,2026-05-29 11:16:23.408149
5717cc917df44ec98590b1d5ca7eaea8,445.733,449.2,3.467,173,0,1,2026-05-29 11:16:23.389646,cd3bf13737fc45acacf55b9035c4e405,https://youtu.be/DleDyvALYvk?si=BBYIQ4mqk_aBLMV5,DleDyvALYvk,Nepali Lok Dohori | Timi Matra Mero Chahana - Khuman Adhikari & Devi Gharti,done,2026-05-29 11:15:25.543324,2026-05-29 11:16:23.408149
3a113821610f4768b86b00f6147d5ea1,454.867,458.133,3.267,178,0,1,2026-05-29 11:16:23.389646,cd3bf13737fc45acacf55b9035c4e405,https://youtu.be/DleDyvALYvk?si=BBYIQ4mqk_aBLMV5,DleDyvALYvk,Nepali Lok Dohori | Timi Matra Mero Chahana - Khuman Adhikari & Devi Gharti,done,2026-05-29 11:15:25.543324,2026-05-29 11:16:23.408149
7187b25926464b7ea7294d1e25570731,462.4,465.533,3.133,182,0,1,2026-05-29 11:16:23.389646,cd3bf13737fc45acacf55b9035c4e405,https://youtu.be/DleDyvALYvk?si=BBYIQ4mqk_aBLMV5,DleDyvALYvk,Nepali Lok Dohori | Timi Matra Mero Chahana - Khuman Adhikari & Devi Gharti,done,2026-05-29 11:15:25.543324,2026-05-29 11:16:23.408149
d051ef91e9db45c58ea147eafd19fa3a,467.2,470.267,3.067,184,0,1,2026-05-29 11:16:23.389646,cd3bf13737fc45acacf55b9035c4e405,https://youtu.be/DleDyvALYvk?si=BBYIQ4mqk_aBLMV5,DleDyvALYvk,Nepali Lok Dohori | Timi Matra Mero Chahana - Khuman Adhikari & Devi Gharti,done,2026-05-29 11:15:25.543324,2026-05-29 11:16:23.408149
69fdd0c29691425c8b2fef41542c8c81,470.267,473.4,3.133,185,0,1,2026-05-29 11:16:23.389646,cd3bf13737fc45acacf55b9035c4e405,https://youtu.be/DleDyvALYvk?si=BBYIQ4mqk_aBLMV5,DleDyvALYvk,Nepali Lok Dohori | Timi Matra Mero Chahana - Khuman Adhikari & Devi Gharti,done,2026-05-29 11:15:25.543324,2026-05-29 11:16:23.408149
8296185c181541e79fb26a6125c9aeb4,473.4,476.4,3.0,186,0,1,2026-05-29 11:16:23.389646,cd3bf13737fc45acacf55b9035c4e405,https://youtu.be/DleDyvALYvk?si=BBYIQ4mqk_aBLMV5,DleDyvALYvk,Nepali Lok Dohori | Timi Matra Mero Chahana - Khuman Adhikari & Devi Gharti,done,2026-05-29 11:15:25.543324,2026-05-29 11:16:23.408149
b471f7c595f34061a4e839933c7a0700,484.333,489.0,4.667,192,0,1,2026-05-29 11:16:23.389646,cd3bf13737fc45acacf55b9035c4e405,https://youtu.be/DleDyvALYvk?si=BBYIQ4mqk_aBLMV5,DleDyvALYvk,Nepali Lok Dohori | Timi Matra Mero Chahana - Khuman Adhikari & Devi Gharti,done,2026-05-29 11:15:25.543324,2026-05-29 11:16:23.408149
9d04866632f54d76b2c6688f07e6e6fb,489.0,492.133,3.133,193,0,1,2026-05-29 11:16:23.389646,cd3bf13737fc45acacf55b9035c4e405,https://youtu.be/DleDyvALYvk?si=BBYIQ4mqk_aBLMV5,DleDyvALYvk,Nepali Lok Dohori | Timi Matra Mero Chahana - Khuman Adhikari & Devi Gharti,done,2026-05-29 11:15:25.543324,2026-05-29 11:16:23.408149
9c243caa785b4b17ae42223420982fbf,492.133,495.267,3.133,194,0,1,2026-05-29 11:16:23.389646,cd3bf13737fc45acacf55b9035c4e405,https://youtu.be/DleDyvALYvk?si=BBYIQ4mqk_aBLMV5,DleDyvALYvk,Nepali Lok Dohori | Timi Matra Mero Chahana - Khuman Adhikari & Devi Gharti,done,2026-05-29 11:15:25.543324,2026-05-29 11:16:23.408149
1090fc4286fc4db2853d7d971e253ecc,496.8,499.933,3.133,196,0,1,2026-05-29 11:16:23.389646,cd3bf13737fc45acacf55b9035c4e405,https://youtu.be/DleDyvALYvk?si=BBYIQ4mqk_aBLMV5,DleDyvALYvk,Nepali Lok Dohori | Timi Matra Mero Chahana - Khuman Adhikari & Devi Gharti,done,2026-05-29 11:15:25.543324,2026-05-29 11:16:23.408149
f28398b42af4490b95e5ad31c5b214e4,499.933,504.667,4.733,197,0,1,2026-05-29 11:16:23.389646,cd3bf13737fc45acacf55b9035c4e405,https://youtu.be/DleDyvALYvk?si=BBYIQ4mqk_aBLMV5,DleDyvALYvk,Nepali Lok Dohori | Timi Matra Mero Chahana - Khuman Adhikari & Devi Gharti,done,2026-05-29 11:15:25.543324,2026-05-29 11:16:23.408149
df8693ddb28a49a8b917b53617f69565,504.667,507.8,3.133,198,0,1,2026-05-29 11:16:23.389646,cd3bf13737fc45acacf55b9035c4e405,https://youtu.be/DleDyvALYvk?si=BBYIQ4mqk_aBLMV5,DleDyvALYvk,Nepali Lok Dohori | Timi Matra Mero Chahana - Khuman Adhikari & Devi Gharti,done,2026-05-29 11:15:25.543324,2026-05-29 11:16:23.408149
50b693100f7b42b5b3bb9f2c8b2a320b,510.133,515.533,5.4,200,0,1,2026-05-29 11:16:23.389646,cd3bf13737fc45acacf55b9035c4e405,https://youtu.be/DleDyvALYvk?si=BBYIQ4mqk_aBLMV5,DleDyvALYvk,Nepali Lok Dohori | Timi Matra Mero Chahana - Khuman Adhikari & Devi Gharti,done,2026-05-29 11:15:25.543324,2026-05-29 11:16:23.408149
0ab27ca7a2b04447af74441502231691,524.133,527.867,3.733,206,0,1,2026-05-29 11:16:23.389646,cd3bf13737fc45acacf55b9035c4e405,https://youtu.be/DleDyvALYvk?si=BBYIQ4mqk_aBLMV5,DleDyvALYvk,Nepali Lok Dohori | Timi Matra Mero Chahana - Khuman Adhikari & Devi Gharti,done,2026-05-29 11:15:25.543324,2026-05-29 11:16:23.408149
476de1c55b4b430db6298b8988d77d87,527.867,531.533,3.667,207,0,1,2026-05-29 11:16:23.389646,cd3bf13737fc45acacf55b9035c4e405,https://youtu.be/DleDyvALYvk?si=BBYIQ4mqk_aBLMV5,DleDyvALYvk,Nepali Lok Dohori | Timi Matra Mero Chahana - Khuman Adhikari & Devi Gharti,done,2026-05-29 11:15:25.543324,2026-05-29 11:16:23.408149
c2aecf79dae64575807e75ecf74a6c37,534.267,537.8,3.533,209,0,1,2026-05-29 11:16:23.389646,cd3bf13737fc45acacf55b9035c4e405,https://youtu.be/DleDyvALYvk?si=BBYIQ4mqk_aBLMV5,DleDyvALYvk,Nepali Lok Dohori | Timi Matra Mero Chahana - Khuman Adhikari & Devi Gharti,done,2026-05-29 11:15:25.543324,2026-05-29 11:16:23.408149
f16ad17a9c5a4c708542e075b89197d0,545.533,549.0,3.467,214,0,1,2026-05-29 11:16:23.389646,cd3bf13737fc45acacf55b9035c4e405,https://youtu.be/DleDyvALYvk?si=BBYIQ4mqk_aBLMV5,DleDyvALYvk,Nepali Lok Dohori | Timi Matra Mero Chahana - Khuman Adhikari & Devi Gharti,done,2026-05-29 11:15:25.543324,2026-05-29 11:16:23.408149
ef01ff687b2e4debb330d9267d0ba442,552.533,555.8,3.267,218,0,1,2026-05-29 11:16:23.389646,cd3bf13737fc45acacf55b9035c4e405,https://youtu.be/DleDyvALYvk?si=BBYIQ4mqk_aBLMV5,DleDyvALYvk,Nepali Lok Dohori | Timi Matra Mero Chahana - Khuman Adhikari & Devi Gharti,done,2026-05-29 11:15:25.543324,2026-05-29 11:16:23.408149
97834f3354a84c66b57def93c125bbc0,559.0,562.0,3.0,221,0,1,2026-05-29 11:16:23.389646,cd3bf13737fc45acacf55b9035c4e405,https://youtu.be/DleDyvALYvk?si=BBYIQ4mqk_aBLMV5,DleDyvALYvk,Nepali Lok Dohori | Timi Matra Mero Chahana - Khuman Adhikari & Devi Gharti,done,2026-05-29 11:15:25.543324,2026-05-29 11:16:23.408149
260d9f33ff2d45ef8f8348e35d13d360,562.0,565.2,3.2,222,0,1,2026-05-29 11:16:23.389646,cd3bf13737fc45acacf55b9035c4e405,https://youtu.be/DleDyvALYvk?si=BBYIQ4mqk_aBLMV5,DleDyvALYvk,Nepali Lok Dohori | Timi Matra Mero Chahana - Khuman Adhikari & Devi Gharti,done,2026-05-29 11:15:25.543324,2026-05-29 11:16:23.408149
9ef589cf7c8f4927b3678509228459fc,566.8,569.867,3.067,224,0,1,2026-05-29 11:16:23.389646,cd3bf13737fc45acacf55b9035c4e405,https://youtu.be/DleDyvALYvk?si=BBYIQ4mqk_aBLMV5,DleDyvALYvk,Nepali Lok Dohori | Timi Matra Mero Chahana - Khuman Adhikari & Devi Gharti,done,2026-05-29 11:15:25.543324,2026-05-29 11:16:23.408149
cd3567e1f54340e19e29220f15acc50e,569.867,573.0,3.133,225,0,1,2026-05-29 11:16:23.389646,cd3bf13737fc45acacf55b9035c4e405,https://youtu.be/DleDyvALYvk?si=BBYIQ4mqk_aBLMV5,DleDyvALYvk,Nepali Lok Dohori | Timi Matra Mero Chahana - Khuman Adhikari & Devi Gharti,done,2026-05-29 11:15:25.543324,2026-05-29 11:16:23.408149
739eb7a051f84e56b7afe1e5575fdf25,573.0,576.133,3.133,226,0,1,2026-05-29 11:16:23.390179,cd3bf13737fc45acacf55b9035c4e405,https://youtu.be/DleDyvALYvk?si=BBYIQ4mqk_aBLMV5,DleDyvALYvk,Nepali Lok Dohori | Timi Matra Mero Chahana - Khuman Adhikari & Devi Gharti,done,2026-05-29 11:15:25.543324,2026-05-29 11:16:23.408149
28de2a1e969c4f20928da2b13c52b9e8,582.4,585.533,3.133,231,0,1,2026-05-29 11:16:23.390179,cd3bf13737fc45acacf55b9035c4e405,https://youtu.be/DleDyvALYvk?si=BBYIQ4mqk_aBLMV5,DleDyvALYvk,Nepali Lok Dohori | Timi Matra Mero Chahana - Khuman Adhikari & Devi Gharti,done,2026-05-29 11:15:25.543324,2026-05-29 11:16:23.408149
d07b19cf25564bbca1ee72db9692d920,585.533,588.667,3.133,232,0,1,2026-05-29 11:16:23.390179,cd3bf13737fc45acacf55b9035c4e405,https://youtu.be/DleDyvALYvk?si=BBYIQ4mqk_aBLMV5,DleDyvALYvk,Nepali Lok Dohori | Timi Matra Mero Chahana - Khuman Adhikari & Devi Gharti,done,2026-05-29 11:15:25.543324,2026-05-29 11:16:23.408149
2496c4d6cd9248d9b920b5daa3d44a70,588.667,591.8,3.133,233,0,1,2026-05-29 11:16:23.390179,cd3bf13737fc45acacf55b9035c4e405,https://youtu.be/DleDyvALYvk?si=BBYIQ4mqk_aBLMV5,DleDyvALYvk,Nepali Lok Dohori | Timi Matra Mero Chahana - Khuman Adhikari & Devi Gharti,done,2026-05-29 11:15:25.543324,2026-05-29 11:16:23.408149
fd4c4329d41f4333b51f266da247ece7,593.333,596.467,3.133,235,0,1,2026-05-29 11:16:23.390179,cd3bf13737fc45acacf55b9035c4e405,https://youtu.be/DleDyvALYvk?si=BBYIQ4mqk_aBLMV5,DleDyvALYvk,Nepali Lok Dohori | Timi Matra Mero Chahana - Khuman Adhikari & Devi Gharti,done,2026-05-29 11:15:25.543324,2026-05-29 11:16:23.408149
ddc862d3f1fb4c0eaa62158bc9bdeb5e,598.0,601.2,3.2,237,0,1,2026-05-29 11:16:23.390179,cd3bf13737fc45acacf55b9035c4e405,https://youtu.be/DleDyvALYvk?si=BBYIQ4mqk_aBLMV5,DleDyvALYvk,Nepali Lok Dohori | Timi Matra Mero Chahana - Khuman Adhikari & Devi Gharti,done,2026-05-29 11:15:25.543324,2026-05-29 11:16:23.408149
95066d7fbb1a47fe98016f8c397dd412,601.2,604.333,3.133,238,0,1,2026-05-29 11:16:23.390179,cd3bf13737fc45acacf55b9035c4e405,https://youtu.be/DleDyvALYvk?si=BBYIQ4mqk_aBLMV5,DleDyvALYvk,Nepali Lok Dohori | Timi Matra Mero Chahana - Khuman Adhikari & Devi Gharti,done,2026-05-29 11:15:25.543324,2026-05-29 11:16:23.408149
90e82398f4294747a7ecef51bcfcbc61,604.333,607.467,3.133,239,0,1,2026-05-29 11:16:23.390179,cd3bf13737fc45acacf55b9035c4e405,https://youtu.be/DleDyvALYvk?si=BBYIQ4mqk_aBLMV5,DleDyvALYvk,Nepali Lok Dohori | Timi Matra Mero Chahana - Khuman Adhikari & Devi Gharti,done,2026-05-29 11:15:25.543324,2026-05-29 11:16:23.408149
09304cac28284372906ec2c1d8244a6d,607.467,610.6,3.133,240,0,1,2026-05-29 11:16:23.390179,cd3bf13737fc45acacf55b9035c4e405,https://youtu.be/DleDyvALYvk?si=BBYIQ4mqk_aBLMV5,DleDyvALYvk,Nepali Lok Dohori | Timi Matra Mero Chahana - Khuman Adhikari & Devi Gharti,done,2026-05-29 11:15:25.543324,2026-05-29 11:16:23.408149
57b9d657a2f3424f8f2a8e5b90228772,610.6,614.533,3.933,241,0,1,2026-05-29 11:16:23.390179,cd3bf13737fc45acacf55b9035c4e405,https://youtu.be/DleDyvALYvk?si=BBYIQ4mqk_aBLMV5,DleDyvALYvk,Nepali Lok Dohori | Timi Matra Mero Chahana - Khuman Adhikari & Devi Gharti,done,2026-05-29 11:15:25.543324,2026-05-29 11:16:23.408149
2d8b2a318eb94519b2df8349dc072016,614.533,617.533,3.0,242,0,1,2026-05-29 11:16:23.390179,cd3bf13737fc45acacf55b9035c4e405,https://youtu.be/DleDyvALYvk?si=BBYIQ4mqk_aBLMV5,DleDyvALYvk,Nepali Lok Dohori | Timi Matra Mero Chahana - Khuman Adhikari & Devi Gharti,done,2026-05-29 11:15:25.543324,2026-05-29 11:16:23.408149
00452d13e7964501be8288b592fd02b4,647.933,652.2,4.267,259,0,1,2026-05-29 11:16:23.390179,cd3bf13737fc45acacf55b9035c4e405,https://youtu.be/DleDyvALYvk?si=BBYIQ4mqk_aBLMV5,DleDyvALYvk,Nepali Lok Dohori | Timi Matra Mero Chahana - Khuman Adhikari & Devi Gharti,done,2026-05-29 11:15:25.543324,2026-05-29 11:16:23.408149
192c17c0be7949faaf886b4e3e7f208c,652.2,655.4,3.2,260,0,1,2026-05-29 11:16:23.390179,cd3bf13737fc45acacf55b9035c4e405,https://youtu.be/DleDyvALYvk?si=BBYIQ4mqk_aBLMV5,DleDyvALYvk,Nepali Lok Dohori | Timi Matra Mero Chahana - Khuman Adhikari & Devi Gharti,done,2026-05-29 11:15:25.543324,2026-05-29 11:16:23.408149
548ba2787d9e4e1a8bede1935cc91f31,655.4,658.533,3.133,261,0,1,2026-05-29 11:16:23.390179,cd3bf13737fc45acacf55b9035c4e405,https://youtu.be/DleDyvALYvk?si=BBYIQ4mqk_aBLMV5,DleDyvALYvk,Nepali Lok Dohori | Timi Matra Mero Chahana - Khuman Adhikari & Devi Gharti,done,2026-05-29 11:15:25.543324,2026-05-29 11:16:23.408149
cbd18e8df4964dfca6157a0182e351af,658.533,661.8,3.267,262,0,1,2026-05-29 11:16:23.390179,cd3bf13737fc45acacf55b9035c4e405,https://youtu.be/DleDyvALYvk?si=BBYIQ4mqk_aBLMV5,DleDyvALYvk,Nepali Lok Dohori | Timi Matra Mero Chahana - Khuman Adhikari & Devi Gharti,done,2026-05-29 11:15:25.543324,2026-05-29 11:16:23.408149
fcc9bb959c2e45a68a01cfa5b0205ec6,663.333,666.467,3.133,264,0,1,2026-05-29 11:16:23.390179,cd3bf13737fc45acacf55b9035c4e405,https://youtu.be/DleDyvALYvk?si=BBYIQ4mqk_aBLMV5,DleDyvALYvk,Nepali Lok Dohori | Timi Matra Mero Chahana - Khuman Adhikari & Devi Gharti,done,2026-05-29 11:15:25.543324,2026-05-29 11:16:23.408149
babf5247bf6645a7b20c3605dcb79d36,666.467,669.533,3.067,265,0,1,2026-05-29 11:16:23.390179,cd3bf13737fc45acacf55b9035c4e405,https://youtu.be/DleDyvALYvk?si=BBYIQ4mqk_aBLMV5,DleDyvALYvk,Nepali Lok Dohori | Timi Matra Mero Chahana - Khuman Adhikari & Devi Gharti,done,2026-05-29 11:15:25.543324,2026-05-29 11:16:23.408149
4d015c4e94e44230b513378cae3e0d58,669.533,672.667,3.133,266,0,1,2026-05-29 11:16:23.390179,cd3bf13737fc45acacf55b9035c4e405,https://youtu.be/DleDyvALYvk?si=BBYIQ4mqk_aBLMV5,DleDyvALYvk,Nepali Lok Dohori | Timi Matra Mero Chahana - Khuman Adhikari & Devi Gharti,done,2026-05-29 11:15:25.543324,2026-05-29 11:16:23.408149
58cc567386e649c7bfba62631c36f1ed,675.8,678.933,3.133,269,0,1,2026-05-29 11:16:23.390179,cd3bf13737fc45acacf55b9035c4e405,https://youtu.be/DleDyvALYvk?si=BBYIQ4mqk_aBLMV5,DleDyvALYvk,Nepali Lok Dohori | Timi Matra Mero Chahana - Khuman Adhikari & Devi Gharti,done,2026-05-29 11:15:25.543324,2026-05-29 11:16:23.408149
c0fac562a87c43ae88d67d3fc4354d1d,678.933,685.2,6.267,270,0,1,2026-05-29 11:16:23.390179,cd3bf13737fc45acacf55b9035c4e405,https://youtu.be/DleDyvALYvk?si=BBYIQ4mqk_aBLMV5,DleDyvALYvk,Nepali Lok Dohori | Timi Matra Mero Chahana - Khuman Adhikari & Devi Gharti,done,2026-05-29 11:15:25.543324,2026-05-29 11:16:23.408149
f74b34005f314776890aa783240f0fb4,702.4,705.6,3.2,282,0,1,2026-05-29 11:16:23.390179,cd3bf13737fc45acacf55b9035c4e405,https://youtu.be/DleDyvALYvk?si=BBYIQ4mqk_aBLMV5,DleDyvALYvk,Nepali Lok Dohori | Timi Matra Mero Chahana - Khuman Adhikari & Devi Gharti,done,2026-05-29 11:15:25.543324,2026-05-29 11:16:23.408149
ae67feb1ee6c48f295c72cd0ba7c30d4,705.6,708.667,3.067,283,0,1,2026-05-29 11:16:23.390179,cd3bf13737fc45acacf55b9035c4e405,https://youtu.be/DleDyvALYvk?si=BBYIQ4mqk_aBLMV5,DleDyvALYvk,Nepali Lok Dohori | Timi Matra Mero Chahana - Khuman Adhikari & Devi Gharti,done,2026-05-29 11:15:25.543324,2026-05-29 11:16:23.408149
c7b74d48105b470eb020e8082eb13cd0,738.733,741.933,3.2,302,0,1,2026-05-29 11:16:23.390179,cd3bf13737fc45acacf55b9035c4e405,https://youtu.be/DleDyvALYvk?si=BBYIQ4mqk_aBLMV5,DleDyvALYvk,Nepali Lok Dohori | Timi Matra Mero Chahana - Khuman Adhikari & Devi Gharti,done,2026-05-29 11:15:25.543324,2026-05-29 11:16:23.408149
4dd102888b1b441aae79f4873d453fed,741.933,745.133,3.2,303,0,1,2026-05-29 11:16:23.396647,cd3bf13737fc45acacf55b9035c4e405,https://youtu.be/DleDyvALYvk?si=BBYIQ4mqk_aBLMV5,DleDyvALYvk,Nepali Lok Dohori | Timi Matra Mero Chahana - Khuman Adhikari & Devi Gharti,done,2026-05-29 11:15:25.543324,2026-05-29 11:16:23.408149
94f652e9f52045e98abc3582379865e6,745.133,748.733,3.6,304,0,1,2026-05-29 11:16:23.396647,cd3bf13737fc45acacf55b9035c4e405,https://youtu.be/DleDyvALYvk?si=BBYIQ4mqk_aBLMV5,DleDyvALYvk,Nepali Lok Dohori | Timi Matra Mero Chahana - Khuman Adhikari & Devi Gharti,done,2026-05-29 11:15:25.543324,2026-05-29 11:16:23.408149
e4c933ae85c14891b22da5fd0de1473e,748.733,755.133,6.4,305,0,1,2026-05-29 11:16:23.396647,cd3bf13737fc45acacf55b9035c4e405,https://youtu.be/DleDyvALYvk?si=BBYIQ4mqk_aBLMV5,DleDyvALYvk,Nepali Lok Dohori | Timi Matra Mero Chahana - Khuman Adhikari & Devi Gharti,done,2026-05-29 11:15:25.543324,2026-05-29 11:16:23.408149
0d78ad2d16334854b2b84ca68a4fd656,755.133,764.533,9.4,306,0,1,2026-05-29 11:16:23.396647,cd3bf13737fc45acacf55b9035c4e405,https://youtu.be/DleDyvALYvk?si=BBYIQ4mqk_aBLMV5,DleDyvALYvk,Nepali Lok Dohori | Timi Matra Mero Chahana - Khuman Adhikari & Devi Gharti,done,2026-05-29 11:15:25.543324,2026-05-29 11:16:23.408149
94bfd271e53f4cada7ab968d5b79f75e,765.533,769.2,3.667,308,0,1,2026-05-29 11:16:23.396647,cd3bf13737fc45acacf55b9035c4e405,https://youtu.be/DleDyvALYvk?si=BBYIQ4mqk_aBLMV5,DleDyvALYvk,Nepali Lok Dohori | Timi Matra Mero Chahana - Khuman Adhikari & Devi Gharti,done,2026-05-29 11:15:25.543324,2026-05-29 11:16:23.408149
fded03a392e640e8aa824da828664b9f,775.4,778.6,3.2,312,0,1,2026-05-29 11:16:23.396647,cd3bf13737fc45acacf55b9035c4e405,https://youtu.be/DleDyvALYvk?si=BBYIQ4mqk_aBLMV5,DleDyvALYvk,Nepali Lok Dohori | Timi Matra Mero Chahana - Khuman Adhikari & Devi Gharti,done,2026-05-29 11:15:25.543324,2026-05-29 11:16:23.408149
d2c8b17d86494a5a8b5874d43c0288f9,778.6,781.733,3.133,313,0,1,2026-05-29 11:16:23.396647,cd3bf13737fc45acacf55b9035c4e405,https://youtu.be/DleDyvALYvk?si=BBYIQ4mqk_aBLMV5,DleDyvALYvk,Nepali Lok Dohori | Timi Matra Mero Chahana - Khuman Adhikari & Devi Gharti,done,2026-05-29 11:15:25.543324,2026-05-29 11:16:23.408149
2a9e132fc516476f982a0a5a6dd91385,781.733,786.4,4.667,314,0,1,2026-05-29 11:16:23.396647,cd3bf13737fc45acacf55b9035c4e405,https://youtu.be/DleDyvALYvk?si=BBYIQ4mqk_aBLMV5,DleDyvALYvk,Nepali Lok Dohori | Timi Matra Mero Chahana - Khuman Adhikari & Devi Gharti,done,2026-05-29 11:15:25.543324,2026-05-29 11:16:23.408149
351735852a55484689e9ebdce25ac34b,786.4,789.533,3.133,315,0,1,2026-05-29 11:16:23.396647,cd3bf13737fc45acacf55b9035c4e405,https://youtu.be/DleDyvALYvk?si=BBYIQ4mqk_aBLMV5,DleDyvALYvk,Nepali Lok Dohori | Timi Matra Mero Chahana - Khuman Adhikari & Devi Gharti,done,2026-05-29 11:15:25.543324,2026-05-29 11:16:23.408149
1f66c4863b6d41bfb482363dcbdcfdcf,791.133,794.267,3.133,317,0,1,2026-05-29 11:16:23.396647,cd3bf13737fc45acacf55b9035c4e405,https://youtu.be/DleDyvALYvk?si=BBYIQ4mqk_aBLMV5,DleDyvALYvk,Nepali Lok Dohori | Timi Matra Mero Chahana - Khuman Adhikari & Devi Gharti,done,2026-05-29 11:15:25.543324,2026-05-29 11:16:23.408149
c4bbb526f09c4ecea49195ecd686f47b,794.267,797.4,3.133,318,0,1,2026-05-29 11:16:23.396647,cd3bf13737fc45acacf55b9035c4e405,https://youtu.be/DleDyvALYvk?si=BBYIQ4mqk_aBLMV5,DleDyvALYvk,Nepali Lok Dohori | Timi Matra Mero Chahana - Khuman Adhikari & Devi Gharti,done,2026-05-29 11:15:25.543324,2026-05-29 11:16:23.408149
989e4572eece4011b1b78393a9e17a6e,797.4,800.533,3.133,319,0,1,2026-05-29 11:16:23.396647,cd3bf13737fc45acacf55b9035c4e405,https://youtu.be/DleDyvALYvk?si=BBYIQ4mqk_aBLMV5,DleDyvALYvk,Nepali Lok Dohori | Timi Matra Mero Chahana - Khuman Adhikari & Devi Gharti,done,2026-05-29 11:15:25.543324,2026-05-29 11:16:23.408149
f2a5a86350674d2a830cda8c15d2dc47,800.533,803.667,3.133,320,0,1,2026-05-29 11:16:23.396647,cd3bf13737fc45acacf55b9035c4e405,https://youtu.be/DleDyvALYvk?si=BBYIQ4mqk_aBLMV5,DleDyvALYvk,Nepali Lok Dohori | Timi Matra Mero Chahana - Khuman Adhikari & Devi Gharti,done,2026-05-29 11:15:25.543324,2026-05-29 11:16:23.408149
94328d40e23645cdb914cd3653495f40,805.2,808.333,3.133,322,0,1,2026-05-29 11:16:23.396647,cd3bf13737fc45acacf55b9035c4e405,https://youtu.be/DleDyvALYvk?si=BBYIQ4mqk_aBLMV5,DleDyvALYvk,Nepali Lok Dohori | Timi Matra Mero Chahana - Khuman Adhikari & Devi Gharti,done,2026-05-29 11:15:25.543324,2026-05-29 11:16:23.408149
a54af29c81f34236a09ef781649f37b2,841.0,845.4,4.4,339,0,1,2026-05-29 11:16:23.396647,cd3bf13737fc45acacf55b9035c4e405,https://youtu.be/DleDyvALYvk?si=BBYIQ4mqk_aBLMV5,DleDyvALYvk,Nepali Lok Dohori | Timi Matra Mero Chahana - Khuman Adhikari & Devi Gharti,done,2026-05-29 11:15:25.543324,2026-05-29 11:16:23.408149
5806e73b98cb43a49c2fbfdcc5ea0811,845.4,848.533,3.133,340,0,1,2026-05-29 11:16:23.396647,cd3bf13737fc45acacf55b9035c4e405,https://youtu.be/DleDyvALYvk?si=BBYIQ4mqk_aBLMV5,DleDyvALYvk,Nepali Lok Dohori | Timi Matra Mero Chahana - Khuman Adhikari & Devi Gharti,done,2026-05-29 11:15:25.543324,2026-05-29 11:16:23.408149
8b1f5a0b768841c298d63b4d4d155376,848.533,851.667,3.133,341,0,1,2026-05-29 11:16:23.396647,cd3bf13737fc45acacf55b9035c4e405,https://youtu.be/DleDyvALYvk?si=BBYIQ4mqk_aBLMV5,DleDyvALYvk,Nepali Lok Dohori | Timi Matra Mero Chahana - Khuman Adhikari & Devi Gharti,done,2026-05-29 11:15:25.543324,2026-05-29 11:16:23.408149
ba5cb604baa84dd2a18034cca892ba52,851.667,854.8,3.133,342,0,1,2026-05-29 11:16:23.396647,cd3bf13737fc45acacf55b9035c4e405,https://youtu.be/DleDyvALYvk?si=BBYIQ4mqk_aBLMV5,DleDyvALYvk,Nepali Lok Dohori | Timi Matra Mero Chahana - Khuman Adhikari & Devi Gharti,done,2026-05-29 11:15:25.543324,2026-05-29 11:16:23.408149
8dc3bc04008b4ec09948f7773af27d9c,854.8,858.0,3.2,343,0,1,2026-05-29 11:16:23.397182,cd3bf13737fc45acacf55b9035c4e405,https://youtu.be/DleDyvALYvk?si=BBYIQ4mqk_aBLMV5,DleDyvALYvk,Nepali Lok Dohori | Timi Matra Mero Chahana - Khuman Adhikari & Devi Gharti,done,2026-05-29 11:15:25.543324,2026-05-29 11:16:23.408149
f3e8711c3d3045f88697388cdeacb1e2,861.133,865.733,4.6,346,0,1,2026-05-29 11:16:23.397182,cd3bf13737fc45acacf55b9035c4e405,https://youtu.be/DleDyvALYvk?si=BBYIQ4mqk_aBLMV5,DleDyvALYvk,Nepali Lok Dohori | Timi Matra Mero Chahana - Khuman Adhikari & Devi Gharti,done,2026-05-29 11:15:25.543324,2026-05-29 11:16:23.408149
afda0d6151734f08bc9939406d4ba6db,865.733,868.933,3.2,347,0,1,2026-05-29 11:16:23.397182,cd3bf13737fc45acacf55b9035c4e405,https://youtu.be/DleDyvALYvk?si=BBYIQ4mqk_aBLMV5,DleDyvALYvk,Nepali Lok Dohori | Timi Matra Mero Chahana - Khuman Adhikari & Devi Gharti,done,2026-05-29 11:15:25.543324,2026-05-29 11:16:23.408149
b6809bcbe3ff4492bc972fcdf200b3da,872.0,875.133,3.133,350,0,1,2026-05-29 11:16:23.397182,cd3bf13737fc45acacf55b9035c4e405,https://youtu.be/DleDyvALYvk?si=BBYIQ4mqk_aBLMV5,DleDyvALYvk,Nepali Lok Dohori | Timi Matra Mero Chahana - Khuman Adhikari & Devi Gharti,done,2026-05-29 11:15:25.543324,2026-05-29 11:16:23.408149
574175a9542b43d1bd8be6e7d3a9236e,875.133,878.333,3.2,351,0,1,2026-05-29 11:16:23.397182,cd3bf13737fc45acacf55b9035c4e405,https://youtu.be/DleDyvALYvk?si=BBYIQ4mqk_aBLMV5,DleDyvALYvk,Nepali Lok Dohori | Timi Matra Mero Chahana - Khuman Adhikari & Devi Gharti,done,2026-05-29 11:15:25.543324,2026-05-29 11:16:23.408149
33773ea9ff6d48419f95f5745d86359f,886.133,890.8,4.667,357,0,1,2026-05-29 11:16:23.397182,cd3bf13737fc45acacf55b9035c4e405,https://youtu.be/DleDyvALYvk?si=BBYIQ4mqk_aBLMV5,DleDyvALYvk,Nepali Lok Dohori | Timi Matra Mero Chahana - Khuman Adhikari & Devi Gharti,done,2026-05-29 11:15:25.543324,2026-05-29 11:16:23.408149
c5e12091e4af4e3889b655f2e8fbbbba,897.067,900.2,3.133,362,0,1,2026-05-29 11:16:23.397182,cd3bf13737fc45acacf55b9035c4e405,https://youtu.be/DleDyvALYvk?si=BBYIQ4mqk_aBLMV5,DleDyvALYvk,Nepali Lok Dohori | Timi Matra Mero Chahana - Khuman Adhikari & Devi Gharti,done,2026-05-29 11:15:25.543324,2026-05-29 11:16:23.408149
f46ecfbb58784e9ebb07503474b59f65,905.667,910.2,4.533,366,0,1,2026-05-29 11:16:23.397182,cd3bf13737fc45acacf55b9035c4e405,https://youtu.be/DleDyvALYvk?si=BBYIQ4mqk_aBLMV5,DleDyvALYvk,Nepali Lok Dohori | Timi Matra Mero Chahana - Khuman Adhikari & Devi Gharti,done,2026-05-29 11:15:25.543324,2026-05-29 11:16:23.408149
0b4a88c870154a5e88735c3026adaa7e,910.2,914.0,3.8,367,0,1,2026-05-29 11:16:23.397182,cd3bf13737fc45acacf55b9035c4e405,https://youtu.be/DleDyvALYvk?si=BBYIQ4mqk_aBLMV5,DleDyvALYvk,Nepali Lok Dohori | Timi Matra Mero Chahana - Khuman Adhikari & Devi Gharti,done,2026-05-29 11:15:25.543324,2026-05-29 11:16:23.408149
38512fe2cd4e4c578ed3f9ea1bfe75a0,914.0,917.6,3.6,368,0,1,2026-05-29 11:16:23.397182,cd3bf13737fc45acacf55b9035c4e405,https://youtu.be/DleDyvALYvk?si=BBYIQ4mqk_aBLMV5,DleDyvALYvk,Nepali Lok Dohori | Timi Matra Mero Chahana - Khuman Adhikari & Devi Gharti,done,2026-05-29 11:15:25.543324,2026-05-29 11:16:23.408149
94d1fde74a4a4d38a1184a736ec748d3,919.533,925.333,5.8,370,0,1,2026-05-29 11:16:23.397182,cd3bf13737fc45acacf55b9035c4e405,https://youtu.be/DleDyvALYvk?si=BBYIQ4mqk_aBLMV5,DleDyvALYvk,Nepali Lok Dohori | Timi Matra Mero Chahana - Khuman Adhikari & Devi Gharti,done,2026-05-29 11:15:25.543324,2026-05-29 11:16:23.408149
7bcafce1da8d4a169429ca0a266b38ed,938.733,941.867,3.133,378,0,1,2026-05-29 11:16:23.397182,cd3bf13737fc45acacf55b9035c4e405,https://youtu.be/DleDyvALYvk?si=BBYIQ4mqk_aBLMV5,DleDyvALYvk,Nepali Lok Dohori | Timi Matra Mero Chahana - Khuman Adhikari & Devi Gharti,done,2026-05-29 11:15:25.543324,2026-05-29 11:16:23.408149
a14cf504b1a64f2ca7ad32c340058f75,941.867,945.133,3.267,379,0,1,2026-05-29 11:16:23.397182,cd3bf13737fc45acacf55b9035c4e405,https://youtu.be/DleDyvALYvk?si=BBYIQ4mqk_aBLMV5,DleDyvALYvk,Nepali Lok Dohori | Timi Matra Mero Chahana - Khuman Adhikari & Devi Gharti,done,2026-05-29 11:15:25.543324,2026-05-29 11:16:23.408149
897801e4f74645cf9fceaf54adff1533,945.133,948.2,3.067,380,0,1,2026-05-29 11:16:23.397182,cd3bf13737fc45acacf55b9035c4e405,https://youtu.be/DleDyvALYvk?si=BBYIQ4mqk_aBLMV5,DleDyvALYvk,Nepali Lok Dohori | Timi Matra Mero Chahana - Khuman Adhikari & Devi Gharti,done,2026-05-29 11:15:25.543324,2026-05-29 11:16:23.408149
71872d8f3c4c4e42be96fbd0e5da87ea,948.2,951.333,3.133,381,0,1,2026-05-29 11:16:23.397182,cd3bf13737fc45acacf55b9035c4e405,https://youtu.be/DleDyvALYvk?si=BBYIQ4mqk_aBLMV5,DleDyvALYvk,Nepali Lok Dohori | Timi Matra Mero Chahana - Khuman Adhikari & Devi Gharti,done,2026-05-29 11:15:25.543324,2026-05-29 11:16:23.408149
67f9f1e21dcf4a89bb764b20606aeb0f,959.2,962.2,3.0,387,0,1,2026-05-29 11:16:23.397182,cd3bf13737fc45acacf55b9035c4e405,https://youtu.be/DleDyvALYvk?si=BBYIQ4mqk_aBLMV5,DleDyvALYvk,Nepali Lok Dohori | Timi Matra Mero Chahana - Khuman Adhikari & Devi Gharti,done,2026-05-29 11:15:25.543324,2026-05-29 11:16:23.408149
657ef7925aca49cfafab237002a53916,962.2,965.4,3.2,388,0,1,2026-05-29 11:16:23.397182,cd3bf13737fc45acacf55b9035c4e405,https://youtu.be/DleDyvALYvk?si=BBYIQ4mqk_aBLMV5,DleDyvALYvk,Nepali Lok Dohori | Timi Matra Mero Chahana - Khuman Adhikari & Devi Gharti,done,2026-05-29 11:15:25.543324,2026-05-29 11:16:23.408149
e3839b3f5acc490989570eaa8bebc6da,965.4,968.533,3.133,389,0,1,2026-05-29 11:16:23.397182,cd3bf13737fc45acacf55b9035c4e405,https://youtu.be/DleDyvALYvk?si=BBYIQ4mqk_aBLMV5,DleDyvALYvk,Nepali Lok Dohori | Timi Matra Mero Chahana - Khuman Adhikari & Devi Gharti,done,2026-05-29 11:15:25.543324,2026-05-29 11:16:23.408149
6f209324662840fa84b93701f26f48de,968.533,971.667,3.133,390,0,1,2026-05-29 11:16:23.397182,cd3bf13737fc45acacf55b9035c4e405,https://youtu.be/DleDyvALYvk?si=BBYIQ4mqk_aBLMV5,DleDyvALYvk,Nepali Lok Dohori | Timi Matra Mero Chahana - Khuman Adhikari & Devi Gharti,done,2026-05-29 11:15:25.543324,2026-05-29 11:16:23.408149
aba6789e2d754f97bd5c27d9e2aa9bc5,971.667,974.8,3.133,391,0,1,2026-05-29 11:16:23.397182,cd3bf13737fc45acacf55b9035c4e405,https://youtu.be/DleDyvALYvk?si=BBYIQ4mqk_aBLMV5,DleDyvALYvk,Nepali Lok Dohori | Timi Matra Mero Chahana - Khuman Adhikari & Devi Gharti,done,2026-05-29 11:15:25.543324,2026-05-29 11:16:23.408149
bf7de808b3364113af350a2d45f74fbd,974.8,979.467,4.667,392,0,1,2026-05-29 11:16:23.397182,cd3bf13737fc45acacf55b9035c4e405,https://youtu.be/DleDyvALYvk?si=BBYIQ4mqk_aBLMV5,DleDyvALYvk,Nepali Lok Dohori | Timi Matra Mero Chahana - Khuman Adhikari & Devi Gharti,done,2026-05-29 11:15:25.543324,2026-05-29 11:16:23.408149
ff07aaeb5b5e431fa7bdfdea7c3e64e9,979.467,982.533,3.067,393,0,1,2026-05-29 11:16:23.397182,cd3bf13737fc45acacf55b9035c4e405,https://youtu.be/DleDyvALYvk?si=BBYIQ4mqk_aBLMV5,DleDyvALYvk,Nepali Lok Dohori | Timi Matra Mero Chahana - Khuman Adhikari & Devi Gharti,done,2026-05-29 11:15:25.543324,2026-05-29 11:16:23.408149
212b3f0749be446bbe342daa797e491a,984.2,987.333,3.133,395,0,1,2026-05-29 11:16:23.397182,cd3bf13737fc45acacf55b9035c4e405,https://youtu.be/DleDyvALYvk?si=BBYIQ4mqk_aBLMV5,DleDyvALYvk,Nepali Lok Dohori | Timi Matra Mero Chahana - Khuman Adhikari & Devi Gharti,done,2026-05-29 11:15:25.543324,2026-05-29 11:16:23.408149
3c17dfd8129a441dbfb68b56453bf75c,987.333,990.467,3.133,396,0,1,2026-05-29 11:16:23.397182,cd3bf13737fc45acacf55b9035c4e405,https://youtu.be/DleDyvALYvk?si=BBYIQ4mqk_aBLMV5,DleDyvALYvk,Nepali Lok Dohori | Timi Matra Mero Chahana - Khuman Adhikari & Devi Gharti,done,2026-05-29 11:15:25.543324,2026-05-29 11:16:23.408149
37739ae85d9f4f09862febd3d19c825e,990.467,993.6,3.133,397,0,1,2026-05-29 11:16:23.397182,cd3bf13737fc45acacf55b9035c4e405,https://youtu.be/DleDyvALYvk?si=BBYIQ4mqk_aBLMV5,DleDyvALYvk,Nepali Lok Dohori | Timi Matra Mero Chahana - Khuman Adhikari & Devi Gharti,done,2026-05-29 11:15:25.543324,2026-05-29 11:16:23.408149
6e147c58dd7c4cfbbe8f54223b4b69bd,993.6,997.8,4.2,398,0,1,2026-05-29 11:16:23.397182,cd3bf13737fc45acacf55b9035c4e405,https://youtu.be/DleDyvALYvk?si=BBYIQ4mqk_aBLMV5,DleDyvALYvk,Nepali Lok Dohori | Timi Matra Mero Chahana - Khuman Adhikari & Devi Gharti,done,2026-05-29 11:15:25.543324,2026-05-29 11:16:23.408149
a177ce175c8d46eb978aae769a26fd93,997.8,1002.933,5.133,399,0,1,2026-05-29 11:16:23.397182,cd3bf13737fc45acacf55b9035c4e405,https://youtu.be/DleDyvALYvk?si=BBYIQ4mqk_aBLMV5,DleDyvALYvk,Nepali Lok Dohori | Timi Matra Mero Chahana - Khuman Adhikari & Devi Gharti,done,2026-05-29 11:15:25.543324,2026-05-29 11:16:23.408149
949c80d34e1f4ae7a50c6066dc123b0a,1002.933,1006.733,3.8,400,0,1,2026-05-29 11:16:23.397182,cd3bf13737fc45acacf55b9035c4e405,https://youtu.be/DleDyvALYvk?si=BBYIQ4mqk_aBLMV5,DleDyvALYvk,Nepali Lok Dohori | Timi Matra Mero Chahana - Khuman Adhikari & Devi Gharti,done,2026-05-29 11:15:25.543324,2026-05-29 11:16:23.408149
ba668fcd62eb44b1945099b41505be3f,1006.733,1010.133,3.4,401,0,1,2026-05-29 11:16:23.397182,cd3bf13737fc45acacf55b9035c4e405,https://youtu.be/DleDyvALYvk?si=BBYIQ4mqk_aBLMV5,DleDyvALYvk,Nepali Lok Dohori | Timi Matra Mero Chahana - Khuman Adhikari & Devi Gharti,done,2026-05-29 11:15:25.543324,2026-05-29 11:16:23.408149
9a79803862054638a1b018755cde1520,1010.133,1014.133,4.0,402,0,1,2026-05-29 11:16:23.397182,cd3bf13737fc45acacf55b9035c4e405,https://youtu.be/DleDyvALYvk?si=BBYIQ4mqk_aBLMV5,DleDyvALYvk,Nepali Lok Dohori | Timi Matra Mero Chahana - Khuman Adhikari & Devi Gharti,done,2026-05-29 11:15:25.543324,2026-05-29 11:16:23.408149
ab85ad35a3ca4067a53aeec7e5c66e0c,1014.133,1017.8,3.667,403,0,1,2026-05-29 11:16:23.397182,cd3bf13737fc45acacf55b9035c4e405,https://youtu.be/DleDyvALYvk?si=BBYIQ4mqk_aBLMV5,DleDyvALYvk,Nepali Lok Dohori | Timi Matra Mero Chahana - Khuman Adhikari & Devi Gharti,done,2026-05-29 11:15:25.543324,2026-05-29 11:16:23.408149
b452f1c570af4938bcfa2d053ca949c5,1030.933,1035.333,4.4,409,0,1,2026-05-29 11:16:23.397182,cd3bf13737fc45acacf55b9035c4e405,https://youtu.be/DleDyvALYvk?si=BBYIQ4mqk_aBLMV5,DleDyvALYvk,Nepali Lok Dohori | Timi Matra Mero Chahana - Khuman Adhikari & Devi Gharti,done,2026-05-29 11:15:25.543324,2026-05-29 11:16:23.408149
3b67840307ad4169a7f8bec34f172504,1035.333,1038.4,3.067,410,0,1,2026-05-29 11:16:23.397182,cd3bf13737fc45acacf55b9035c4e405,https://youtu.be/DleDyvALYvk?si=BBYIQ4mqk_aBLMV5,DleDyvALYvk,Nepali Lok Dohori | Timi Matra Mero Chahana - Khuman Adhikari & Devi Gharti,done,2026-05-29 11:15:25.543324,2026-05-29 11:16:23.408149
dbc8837865c849c589615f6dfe37028a,1038.4,1041.6,3.2,411,0,1,2026-05-29 11:16:23.397182,cd3bf13737fc45acacf55b9035c4e405,https://youtu.be/DleDyvALYvk?si=BBYIQ4mqk_aBLMV5,DleDyvALYvk,Nepali Lok Dohori | Timi Matra Mero Chahana - Khuman Adhikari & Devi Gharti,done,2026-05-29 11:15:25.543324,2026-05-29 11:16:23.408149
4128647e6d0f46629f3ed49642db78db,1041.6,1044.667,3.067,412,0,1,2026-05-29 11:16:23.397182,cd3bf13737fc45acacf55b9035c4e405,https://youtu.be/DleDyvALYvk?si=BBYIQ4mqk_aBLMV5,DleDyvALYvk,Nepali Lok Dohori | Timi Matra Mero Chahana - Khuman Adhikari & Devi Gharti,done,2026-05-29 11:15:25.543324,2026-05-29 11:16:23.408149
518d17a32d524f188ec6b0311f883663,1044.667,1047.933,3.267,413,0,1,2026-05-29 11:16:23.397715,cd3bf13737fc45acacf55b9035c4e405,https://youtu.be/DleDyvALYvk?si=BBYIQ4mqk_aBLMV5,DleDyvALYvk,Nepali Lok Dohori | Timi Matra Mero Chahana - Khuman Adhikari & Devi Gharti,done,2026-05-29 11:15:25.543324,2026-05-29 11:16:23.408149
1b6c7448436c4c5581c0c11964e70fa1,1049.4,1052.6,3.2,415,0,1,2026-05-29 11:16:23.397715,cd3bf13737fc45acacf55b9035c4e405,https://youtu.be/DleDyvALYvk?si=BBYIQ4mqk_aBLMV5,DleDyvALYvk,Nepali Lok Dohori | Timi Matra Mero Chahana - Khuman Adhikari & Devi Gharti,done,2026-05-29 11:15:25.543324,2026-05-29 11:16:23.408149
3ddfcae20e1540ac8245a8aa3b33422a,1052.6,1055.667,3.067,416,0,1,2026-05-29 11:16:23.397715,cd3bf13737fc45acacf55b9035c4e405,https://youtu.be/DleDyvALYvk?si=BBYIQ4mqk_aBLMV5,DleDyvALYvk,Nepali Lok Dohori | Timi Matra Mero Chahana - Khuman Adhikari & Devi Gharti,done,2026-05-29 11:15:25.543324,2026-05-29 11:16:23.408149
28cdad78a7da4b7cb90fb56219e15a61,1055.667,1058.8,3.133,417,0,1,2026-05-29 11:16:23.397715,cd3bf13737fc45acacf55b9035c4e405,https://youtu.be/DleDyvALYvk?si=BBYIQ4mqk_aBLMV5,DleDyvALYvk,Nepali Lok Dohori | Timi Matra Mero Chahana - Khuman Adhikari & Devi Gharti,done,2026-05-29 11:15:25.543324,2026-05-29 11:16:23.408149
2c17641969ad470f969a2497f5152cf0,1058.8,1061.933,3.133,418,0,1,2026-05-29 11:16:23.397715,cd3bf13737fc45acacf55b9035c4e405,https://youtu.be/DleDyvALYvk?si=BBYIQ4mqk_aBLMV5,DleDyvALYvk,Nepali Lok Dohori | Timi Matra Mero Chahana - Khuman Adhikari & Devi Gharti,done,2026-05-29 11:15:25.543324,2026-05-29 11:16:23.408149
0b5417d066584746bef388297492c9e8,1061.933,1065.067,3.133,419,0,1,2026-05-29 11:16:23.397715,cd3bf13737fc45acacf55b9035c4e405,https://youtu.be/DleDyvALYvk?si=BBYIQ4mqk_aBLMV5,DleDyvALYvk,Nepali Lok Dohori | Timi Matra Mero Chahana - Khuman Adhikari & Devi Gharti,done,2026-05-29 11:15:25.543324,2026-05-29 11:16:23.408149
a77c75c5e9934aea8dec508f4a672d5a,1065.067,1068.2,3.133,420,0,1,2026-05-29 11:16:23.397715,cd3bf13737fc45acacf55b9035c4e405,https://youtu.be/DleDyvALYvk?si=BBYIQ4mqk_aBLMV5,DleDyvALYvk,Nepali Lok Dohori | Timi Matra Mero Chahana - Khuman Adhikari & Devi Gharti,done,2026-05-29 11:15:25.543324,2026-05-29 11:16:23.408149
ca3dad55c44b4b09ae158bd313bb5e3b,1071.333,1074.4,3.067,423,0,1,2026-05-29 11:16:23.397715,cd3bf13737fc45acacf55b9035c4e405,https://youtu.be/DleDyvALYvk?si=BBYIQ4mqk_aBLMV5,DleDyvALYvk,Nepali Lok Dohori | Timi Matra Mero Chahana - Khuman Adhikari & Devi Gharti,done,2026-05-29 11:15:25.543324,2026-05-29 11:16:23.408149
9b0464a9a338426db9c88bd0d67c4ebc,1076.0,1079.2,3.2,425,0,1,2026-05-29 11:16:23.397715,cd3bf13737fc45acacf55b9035c4e405,https://youtu.be/DleDyvALYvk?si=BBYIQ4mqk_aBLMV5,DleDyvALYvk,Nepali Lok Dohori | Timi Matra Mero Chahana - Khuman Adhikari & Devi Gharti,done,2026-05-29 11:15:25.543324,2026-05-29 11:16:23.408149
0a206d0e54e44574b87d0abda747894b,1080.733,1083.867,3.133,427,0,1,2026-05-29 11:16:23.397715,cd3bf13737fc45acacf55b9035c4e405,https://youtu.be/DleDyvALYvk?si=BBYIQ4mqk_aBLMV5,DleDyvALYvk,Nepali Lok Dohori | Timi Matra Mero Chahana - Khuman Adhikari & Devi Gharti,done,2026-05-29 11:15:25.543324,2026-05-29 11:16:23.408149
85955d4e36e04a4ea663c7aacc08bf18,1083.867,1087.0,3.133,428,0,1,2026-05-29 11:16:23.397715,cd3bf13737fc45acacf55b9035c4e405,https://youtu.be/DleDyvALYvk?si=BBYIQ4mqk_aBLMV5,DleDyvALYvk,Nepali Lok Dohori | Timi Matra Mero Chahana - Khuman Adhikari & Devi Gharti,done,2026-05-29 11:15:25.543324,2026-05-29 11:16:23.408149
bb6791a13d794b27a2d5a25b99234afc,1090.133,1094.8,4.667,431,0,1,2026-05-29 11:16:23.397715,cd3bf13737fc45acacf55b9035c4e405,https://youtu.be/DleDyvALYvk?si=BBYIQ4mqk_aBLMV5,DleDyvALYvk,Nepali Lok Dohori | Timi Matra Mero Chahana - Khuman Adhikari & Devi Gharti,done,2026-05-29 11:15:25.543324,2026-05-29 11:16:23.408149
c18340621da641be8cbc4076ce8d4081,1094.8,1097.933,3.133,432,0,1,2026-05-29 11:16:23.397715,cd3bf13737fc45acacf55b9035c4e405,https://youtu.be/DleDyvALYvk?si=BBYIQ4mqk_aBLMV5,DleDyvALYvk,Nepali Lok Dohori | Timi Matra Mero Chahana - Khuman Adhikari & Devi Gharti,done,2026-05-29 11:15:25.543324,2026-05-29 11:16:23.408149
e0ec8fa493724efaab6f2fe906189a3e,1110.733,1114.333,3.6,440,0,1,2026-05-29 11:16:23.397715,cd3bf13737fc45acacf55b9035c4e405,https://youtu.be/DleDyvALYvk?si=BBYIQ4mqk_aBLMV5,DleDyvALYvk,Nepali Lok Dohori | Timi Matra Mero Chahana - Khuman Adhikari & Devi Gharti,done,2026-05-29 11:15:25.543324,2026-05-29 11:16:23.408149
578169d6c0ab45f3b553d0726440cecf,1130.6,1135.067,4.467,449,0,1,2026-05-29 11:16:23.397715,cd3bf13737fc45acacf55b9035c4e405,https://youtu.be/DleDyvALYvk?si=BBYIQ4mqk_aBLMV5,DleDyvALYvk,Nepali Lok Dohori | Timi Matra Mero Chahana - Khuman Adhikari & Devi Gharti,done,2026-05-29 11:15:25.543324,2026-05-29 11:16:23.408149
5cd8dc4d42fc43f9bdd0a4228217600e,1135.067,1138.133,3.067,450,0,1,2026-05-29 11:16:23.397715,cd3bf13737fc45acacf55b9035c4e405,https://youtu.be/DleDyvALYvk?si=BBYIQ4mqk_aBLMV5,DleDyvALYvk,Nepali Lok Dohori | Timi Matra Mero Chahana - Khuman Adhikari & Devi Gharti,done,2026-05-29 11:15:25.543324,2026-05-29 11:16:23.408149
4b13c7fa099042f399a8820ab8eb6b9f,1138.133,1141.2,3.067,451,0,1,2026-05-29 11:16:23.397715,cd3bf13737fc45acacf55b9035c4e405,https://youtu.be/DleDyvALYvk?si=BBYIQ4mqk_aBLMV5,DleDyvALYvk,Nepali Lok Dohori | Timi Matra Mero Chahana - Khuman Adhikari & Devi Gharti,done,2026-05-29 11:15:25.543324,2026-05-29 11:16:23.408149
3113a9574e4945b2b345c7be3776a2cd,1145.2,1149.133,3.933,454,0,1,2026-05-29 11:16:23.397715,cd3bf13737fc45acacf55b9035c4e405,https://youtu.be/DleDyvALYvk?si=BBYIQ4mqk_aBLMV5,DleDyvALYvk,Nepali Lok Dohori | Timi Matra Mero Chahana - Khuman Adhikari & Devi Gharti,done,2026-05-29 11:15:25.543324,2026-05-29 11:16:23.408149
1e1191069b0e47368cde1f2a4448f8a6,1149.133,1152.133,3.0,455,0,1,2026-05-29 11:16:23.397715,cd3bf13737fc45acacf55b9035c4e405,https://youtu.be/DleDyvALYvk?si=BBYIQ4mqk_aBLMV5,DleDyvALYvk,Nepali Lok Dohori | Timi Matra Mero Chahana - Khuman Adhikari & Devi Gharti,done,2026-05-29 11:15:25.543324,2026-05-29 11:16:23.408149
73ccbaab9bd0456e9e8c5dfba8f00e2e,1152.133,1155.333,3.2,456,0,1,2026-05-29 11:16:23.397715,cd3bf13737fc45acacf55b9035c4e405,https://youtu.be/DleDyvALYvk?si=BBYIQ4mqk_aBLMV5,DleDyvALYvk,Nepali Lok Dohori | Timi Matra Mero Chahana - Khuman Adhikari & Devi Gharti,done,2026-05-29 11:15:25.543324,2026-05-29 11:16:23.408149
b040e035bda94a6d93a0760c3d256cbe,1155.333,1158.533,3.2,457,0,1,2026-05-29 11:16:23.397715,cd3bf13737fc45acacf55b9035c4e405,https://youtu.be/DleDyvALYvk?si=BBYIQ4mqk_aBLMV5,DleDyvALYvk,Nepali Lok Dohori | Timi Matra Mero Chahana - Khuman Adhikari & Devi Gharti,done,2026-05-29 11:15:25.543324,2026-05-29 11:16:23.408149
f2be46b2b249427cb54e0801830f9cd5,1160.0,1164.667,4.667,459,0,1,2026-05-29 11:16:23.397715,cd3bf13737fc45acacf55b9035c4e405,https://youtu.be/DleDyvALYvk?si=BBYIQ4mqk_aBLMV5,DleDyvALYvk,Nepali Lok Dohori | Timi Matra Mero Chahana - Khuman Adhikari & Devi Gharti,done,2026-05-29 11:15:25.543324,2026-05-29 11:16:23.408149
f034483a3868441db821c2d3fae2c304,1164.667,1167.867,3.2,460,0,1,2026-05-29 11:16:23.397715,cd3bf13737fc45acacf55b9035c4e405,https://youtu.be/DleDyvALYvk?si=BBYIQ4mqk_aBLMV5,DleDyvALYvk,Nepali Lok Dohori | Timi Matra Mero Chahana - Khuman Adhikari & Devi Gharti,done,2026-05-29 11:15:25.543324,2026-05-29 11:16:23.408149
bf044d015e264e73be077d48a396bc8e,1167.867,1171.0,3.133,461,0,1,2026-05-29 11:16:23.397715,cd3bf13737fc45acacf55b9035c4e405,https://youtu.be/DleDyvALYvk?si=BBYIQ4mqk_aBLMV5,DleDyvALYvk,Nepali Lok Dohori | Timi Matra Mero Chahana - Khuman Adhikari & Devi Gharti,done,2026-05-29 11:15:25.543324,2026-05-29 11:16:23.408149
6a548a2854f74589adec6dce57e2696d,1172.6,1175.6,3.0,463,0,1,2026-05-29 11:16:23.397715,cd3bf13737fc45acacf55b9035c4e405,https://youtu.be/DleDyvALYvk?si=BBYIQ4mqk_aBLMV5,DleDyvALYvk,Nepali Lok Dohori | Timi Matra Mero Chahana - Khuman Adhikari & Devi Gharti,done,2026-05-29 11:15:25.543324,2026-05-29 11:16:23.408149
22ffee3be7974b999c50987285009e16,1175.6,1180.4,4.8,464,0,1,2026-05-29 11:16:23.397715,cd3bf13737fc45acacf55b9035c4e405,https://youtu.be/DleDyvALYvk?si=BBYIQ4mqk_aBLMV5,DleDyvALYvk,Nepali Lok Dohori | Timi Matra Mero Chahana - Khuman Adhikari & Devi Gharti,done,2026-05-29 11:15:25.543324,2026-05-29 11:16:23.408149
279fb9a493354b97b5698e1e27da2862,1181.933,1185.133,3.2,466,0,1,2026-05-29 11:16:23.397715,cd3bf13737fc45acacf55b9035c4e405,https://youtu.be/DleDyvALYvk?si=BBYIQ4mqk_aBLMV5,DleDyvALYvk,Nepali Lok Dohori | Timi Matra Mero Chahana - Khuman Adhikari & Devi Gharti,done,2026-05-29 11:15:25.543324,2026-05-29 11:16:23.408149
58f4eb7722244847a660312524672643,1186.667,1189.8,3.133,468,0,1,2026-05-29 11:16:23.397715,cd3bf13737fc45acacf55b9035c4e405,https://youtu.be/DleDyvALYvk?si=BBYIQ4mqk_aBLMV5,DleDyvALYvk,Nepali Lok Dohori | Timi Matra Mero Chahana - Khuman Adhikari & Devi Gharti,done,2026-05-29 11:15:25.543324,2026-05-29 11:16:23.408149
41e5a75cc6f94e1483137b54cf3ce528,1189.8,1192.933,3.133,469,0,1,2026-05-29 11:16:23.397715,cd3bf13737fc45acacf55b9035c4e405,https://youtu.be/DleDyvALYvk?si=BBYIQ4mqk_aBLMV5,DleDyvALYvk,Nepali Lok Dohori | Timi Matra Mero Chahana - Khuman Adhikari & Devi Gharti,done,2026-05-29 11:15:25.543324,2026-05-29 11:16:23.408149
d72fe9e1c2224a4898bc07f693474728,1192.933,1196.0,3.067,470,0,1,2026-05-29 11:16:23.397715,cd3bf13737fc45acacf55b9035c4e405,https://youtu.be/DleDyvALYvk?si=BBYIQ4mqk_aBLMV5,DleDyvALYvk,Nepali Lok Dohori | Timi Matra Mero Chahana - Khuman Adhikari & Devi Gharti,done,2026-05-29 11:15:25.543324,2026-05-29 11:16:23.408149
b1542bd86a8247e09ec0c272aeabae8d,1198.933,1202.133,3.2,473,0,1,2026-05-29 11:16:23.397715,cd3bf13737fc45acacf55b9035c4e405,https://youtu.be/DleDyvALYvk?si=BBYIQ4mqk_aBLMV5,DleDyvALYvk,Nepali Lok Dohori | Timi Matra Mero Chahana - Khuman Adhikari & Devi Gharti,done,2026-05-29 11:15:25.543324,2026-05-29 11:16:23.408149
67c2994b1ba446879fb5d96d17768c3a,1203.6,1207.2,3.6,475,0,1,2026-05-29 11:16:23.397715,cd3bf13737fc45acacf55b9035c4e405,https://youtu.be/DleDyvALYvk?si=BBYIQ4mqk_aBLMV5,DleDyvALYvk,Nepali Lok Dohori | Timi Matra Mero Chahana - Khuman Adhikari & Devi Gharti,done,2026-05-29 11:15:25.543324,2026-05-29 11:16:23.408149
083c7f52817f4490bf6bc9c766f03234,1207.2,1210.867,3.667,476,0,1,2026-05-29 11:16:23.397715,cd3bf13737fc45acacf55b9035c4e405,https://youtu.be/DleDyvALYvk?si=BBYIQ4mqk_aBLMV5,DleDyvALYvk,Nepali Lok Dohori | Timi Matra Mero Chahana - Khuman Adhikari & Devi Gharti,done,2026-05-29 11:15:25.543324,2026-05-29 11:16:23.408149
234de47e8da6410490ddf57c1b1b987a,1227.133,1231.467,4.333,486,0,1,2026-05-29 11:16:23.397715,cd3bf13737fc45acacf55b9035c4e405,https://youtu.be/DleDyvALYvk?si=BBYIQ4mqk_aBLMV5,DleDyvALYvk,Nepali Lok Dohori | Timi Matra Mero Chahana - Khuman Adhikari & Devi Gharti,done,2026-05-29 11:15:25.543324,2026-05-29 11:16:23.408149
cc05334e23bb47cfa0feaabed2ce36fd,1231.467,1234.667,3.2,487,0,1,2026-05-29 11:16:23.397715,cd3bf13737fc45acacf55b9035c4e405,https://youtu.be/DleDyvALYvk?si=BBYIQ4mqk_aBLMV5,DleDyvALYvk,Nepali Lok Dohori | Timi Matra Mero Chahana - Khuman Adhikari & Devi Gharti,done,2026-05-29 11:15:25.543324,2026-05-29 11:16:23.408149
40b2d0d1b1104b5b97d340e7b3f0c7ee,1234.667,1237.8,3.133,488,0,1,2026-05-29 11:16:23.397715,cd3bf13737fc45acacf55b9035c4e405,https://youtu.be/DleDyvALYvk?si=BBYIQ4mqk_aBLMV5,DleDyvALYvk,Nepali Lok Dohori | Timi Matra Mero Chahana - Khuman Adhikari & Devi Gharti,done,2026-05-29 11:15:25.543324,2026-05-29 11:16:23.408149
9c8559b5a5644ac7b435d02871502c37,1239.467,1242.467,3.0,490,0,1,2026-05-29 11:16:23.398248,cd3bf13737fc45acacf55b9035c4e405,https://youtu.be/DleDyvALYvk?si=BBYIQ4mqk_aBLMV5,DleDyvALYvk,Nepali Lok Dohori | Timi Matra Mero Chahana - Khuman Adhikari & Devi Gharti,done,2026-05-29 11:15:25.543324,2026-05-29 11:16:23.408149
b2eb08b208bf4330a684970180620ab8,1248.2,1251.867,3.667,495,0,1,2026-05-29 11:16:23.398248,cd3bf13737fc45acacf55b9035c4e405,https://youtu.be/DleDyvALYvk?si=BBYIQ4mqk_aBLMV5,DleDyvALYvk,Nepali Lok Dohori | Timi Matra Mero Chahana - Khuman Adhikari & Devi Gharti,done,2026-05-29 11:15:25.543324,2026-05-29 11:16:23.408149
3ad4c4e99fd349f1bf8d97ecd380af0b,1253.4,1256.6,3.2,497,0,1,2026-05-29 11:16:23.398248,cd3bf13737fc45acacf55b9035c4e405,https://youtu.be/DleDyvALYvk?si=BBYIQ4mqk_aBLMV5,DleDyvALYvk,Nepali Lok Dohori | Timi Matra Mero Chahana - Khuman Adhikari & Devi Gharti,done,2026-05-29 11:15:25.543324,2026-05-29 11:16:23.408149
cfda171d16b84794823e4118c7b03bad,1256.6,1261.2,4.6,498,0,1,2026-05-29 11:16:23.398248,cd3bf13737fc45acacf55b9035c4e405,https://youtu.be/DleDyvALYvk?si=BBYIQ4mqk_aBLMV5,DleDyvALYvk,Nepali Lok Dohori | Timi Matra Mero Chahana - Khuman Adhikari & Devi Gharti,done,2026-05-29 11:15:25.543324,2026-05-29 11:16:23.408149
f880ed2798504899936b8e54dde3d2bb,1261.2,1264.333,3.133,499,0,1,2026-05-29 11:16:23.398248,cd3bf13737fc45acacf55b9035c4e405,https://youtu.be/DleDyvALYvk?si=BBYIQ4mqk_aBLMV5,DleDyvALYvk,Nepali Lok Dohori | Timi Matra Mero Chahana - Khuman Adhikari & Devi Gharti,done,2026-05-29 11:15:25.543324,2026-05-29 11:16:23.408149
eeca1c1629b246cab18581ac89b65f5d,1269.133,1272.2,3.067,503,0,1,2026-05-29 11:16:23.398248,cd3bf13737fc45acacf55b9035c4e405,https://youtu.be/DleDyvALYvk?si=BBYIQ4mqk_aBLMV5,DleDyvALYvk,Nepali Lok Dohori | Timi Matra Mero Chahana - Khuman Adhikari & Devi Gharti,done,2026-05-29 11:15:25.543324,2026-05-29 11:16:23.408149
3c1421ef30e44977a1c5226c18813163,1273.8,1276.933,3.133,505,0,1,2026-05-29 11:16:23.398248,cd3bf13737fc45acacf55b9035c4e405,https://youtu.be/DleDyvALYvk?si=BBYIQ4mqk_aBLMV5,DleDyvALYvk,Nepali Lok Dohori | Timi Matra Mero Chahana - Khuman Adhikari & Devi Gharti,done,2026-05-29 11:15:25.543324,2026-05-29 11:16:23.408149
bc361bc01af34b76b417dd5b360fb571,1276.933,1280.133,3.2,506,0,1,2026-05-29 11:16:23.398248,cd3bf13737fc45acacf55b9035c4e405,https://youtu.be/DleDyvALYvk?si=BBYIQ4mqk_aBLMV5,DleDyvALYvk,Nepali Lok Dohori | Timi Matra Mero Chahana - Khuman Adhikari & Devi Gharti,done,2026-05-29 11:15:25.543324,2026-05-29 11:16:23.408149
7a21ec1d7ddd4f06bcc5afe205da25f9,1280.133,1283.2,3.067,507,0,1,2026-05-29 11:16:23.398248,cd3bf13737fc45acacf55b9035c4e405,https://youtu.be/DleDyvALYvk?si=BBYIQ4mqk_aBLMV5,DleDyvALYvk,Nepali Lok Dohori | Timi Matra Mero Chahana - Khuman Adhikari & Devi Gharti,done,2026-05-29 11:15:25.543324,2026-05-29 11:16:23.408149
50f261491f6544a39456d511253dbd67,1283.2,1286.333,3.133,508,0,1,2026-05-29 11:16:23.398248,cd3bf13737fc45acacf55b9035c4e405,https://youtu.be/DleDyvALYvk?si=BBYIQ4mqk_aBLMV5,DleDyvALYvk,Nepali Lok Dohori | Timi Matra Mero Chahana - Khuman Adhikari & Devi Gharti,done,2026-05-29 11:15:25.543324,2026-05-29 11:16:23.408149
ef0eaa5bc7394a3f9a6fa2f469754af5,1286.333,1289.4,3.067,509,0,1,2026-05-29 11:16:23.398248,cd3bf13737fc45acacf55b9035c4e405,https://youtu.be/DleDyvALYvk?si=BBYIQ4mqk_aBLMV5,DleDyvALYvk,Nepali Lok Dohori | Timi Matra Mero Chahana - Khuman Adhikari & Devi Gharti,done,2026-05-29 11:15:25.543324,2026-05-29 11:16:23.408149
79af705e94a2457784c7a209eb3f77dc,1291.0,1296.4,5.4,511,0,1,2026-05-29 11:16:23.398248,cd3bf13737fc45acacf55b9035c4e405,https://youtu.be/DleDyvALYvk?si=BBYIQ4mqk_aBLMV5,DleDyvALYvk,Nepali Lok Dohori | Timi Matra Mero Chahana - Khuman Adhikari & Devi Gharti,done,2026-05-29 11:15:25.543324,2026-05-29 11:16:23.408149
ad7b8d7bbb8d44eda910494f90022850,1296.4,1300.133,3.733,512,0,1,2026-05-29 11:16:23.398248,cd3bf13737fc45acacf55b9035c4e405,https://youtu.be/DleDyvALYvk?si=BBYIQ4mqk_aBLMV5,DleDyvALYvk,Nepali Lok Dohori | Timi Matra Mero Chahana - Khuman Adhikari & Devi Gharti,done,2026-05-29 11:15:25.543324,2026-05-29 11:16:23.408149
0894782348384c8cacc66fc465dcecce,1300.133,1303.8,3.667,513,0,1,2026-05-29 11:16:23.398248,cd3bf13737fc45acacf55b9035c4e405,https://youtu.be/DleDyvALYvk?si=BBYIQ4mqk_aBLMV5,DleDyvALYvk,Nepali Lok Dohori | Timi Matra Mero Chahana - Khuman Adhikari & Devi Gharti,done,2026-05-29 11:15:25.543324,2026-05-29 11:16:23.408149
2f50934a31ff478ba0dea6c0517005b1,1303.8,1307.4,3.6,514,0,1,2026-05-29 11:16:23.398248,cd3bf13737fc45acacf55b9035c4e405,https://youtu.be/DleDyvALYvk?si=BBYIQ4mqk_aBLMV5,DleDyvALYvk,Nepali Lok Dohori | Timi Matra Mero Chahana - Khuman Adhikari & Devi Gharti,done,2026-05-29 11:15:25.543324,2026-05-29 11:16:23.408149
b3d021cd366c48dcb71315b1116765ca,1316.733,1320.533,3.8,521,0,1,2026-05-29 11:16:23.398248,cd3bf13737fc45acacf55b9035c4e405,https://youtu.be/DleDyvALYvk?si=BBYIQ4mqk_aBLMV5,DleDyvALYvk,Nepali Lok Dohori | Timi Matra Mero Chahana - Khuman Adhikari & Devi Gharti,done,2026-05-29 11:15:25.543324,2026-05-29 11:16:23.408149
7ec61cd3c6df4f48b93c9d9372e4819a,1324.933,1327.933,3.0,525,0,1,2026-05-29 11:16:23.398248,cd3bf13737fc45acacf55b9035c4e405,https://youtu.be/DleDyvALYvk?si=BBYIQ4mqk_aBLMV5,DleDyvALYvk,Nepali Lok Dohori | Timi Matra Mero Chahana - Khuman Adhikari & Devi Gharti,done,2026-05-29 11:15:25.543324,2026-05-29 11:16:23.408149
eb8b3e85afa7455a9df3ae9d3f26e0f6,1327.933,1331.333,3.4,526,0,1,2026-05-29 11:16:23.398248,cd3bf13737fc45acacf55b9035c4e405,https://youtu.be/DleDyvALYvk?si=BBYIQ4mqk_aBLMV5,DleDyvALYvk,Nepali Lok Dohori | Timi Matra Mero Chahana - Khuman Adhikari & Devi Gharti,done,2026-05-29 11:15:25.543324,2026-05-29 11:16:23.408149
933a674a370243e99c5876ff07840580,1331.333,1334.333,3.0,527,0,1,2026-05-29 11:16:23.398248,cd3bf13737fc45acacf55b9035c4e405,https://youtu.be/DleDyvALYvk?si=BBYIQ4mqk_aBLMV5,DleDyvALYvk,Nepali Lok Dohori | Timi Matra Mero Chahana - Khuman Adhikari & Devi Gharti,done,2026-05-29 11:15:25.543324,2026-05-29 11:16:23.408149
63340098c4c142dba340e019b6495f32,1334.333,1342.133,7.8,528,0,1,2026-05-29 11:16:23.398248,cd3bf13737fc45acacf55b9035c4e405,https://youtu.be/DleDyvALYvk?si=BBYIQ4mqk_aBLMV5,DleDyvALYvk,Nepali Lok Dohori | Timi Matra Mero Chahana - Khuman Adhikari & Devi Gharti,done,2026-05-29 11:15:25.543324,2026-05-29 11:16:23.408149
99e008c5fe0547449d391fab3ba833fc,1344.733,1353.133,8.4,531,0,1,2026-05-29 11:16:23.398248,cd3bf13737fc45acacf55b9035c4e405,https://youtu.be/DleDyvALYvk?si=BBYIQ4mqk_aBLMV5,DleDyvALYvk,Nepali Lok Dohori | Timi Matra Mero Chahana - Khuman Adhikari & Devi Gharti,done,2026-05-29 11:15:25.543324,2026-05-29 11:16:23.408149
6bacd5779b2a464bb1e387787c0b45ae,1354.6,1357.8,3.2,533,0,1,2026-05-29 11:16:23.398248,cd3bf13737fc45acacf55b9035c4e405,https://youtu.be/DleDyvALYvk?si=BBYIQ4mqk_aBLMV5,DleDyvALYvk,Nepali Lok Dohori | Timi Matra Mero Chahana - Khuman Adhikari & Devi Gharti,done,2026-05-29 11:15:25.543324,2026-05-29 11:16:23.408149
275fb1cb26a449d48764232c63e8846e,1357.8,1360.933,3.133,534,0,1,2026-05-29 11:16:23.401273,cd3bf13737fc45acacf55b9035c4e405,https://youtu.be/DleDyvALYvk?si=BBYIQ4mqk_aBLMV5,DleDyvALYvk,Nepali Lok Dohori | Timi Matra Mero Chahana - Khuman Adhikari & Devi Gharti,done,2026-05-29 11:15:25.543324,2026-05-29 11:16:23.408149
9b0df668f9e44cbcba251c3ef699a64a,1360.933,1365.6,4.667,535,0,1,2026-05-29 11:16:23.401273,cd3bf13737fc45acacf55b9035c4e405,https://youtu.be/DleDyvALYvk?si=BBYIQ4mqk_aBLMV5,DleDyvALYvk,Nepali Lok Dohori | Timi Matra Mero Chahana - Khuman Adhikari & Devi Gharti,done,2026-05-29 11:15:25.543324,2026-05-29 11:16:23.408149
7bcadaf75c26406d9af8443226fb6148,1365.6,1368.733,3.133,536,0,1,2026-05-29 11:16:23.401273,cd3bf13737fc45acacf55b9035c4e405,https://youtu.be/DleDyvALYvk?si=BBYIQ4mqk_aBLMV5,DleDyvALYvk,Nepali Lok Dohori | Timi Matra Mero Chahana - Khuman Adhikari & Devi Gharti,done,2026-05-29 11:15:25.543324,2026-05-29 11:16:23.408149
cda3a4d4649f45b4afd7f8d02b4a82da,1370.333,1373.467,3.133,538,0,1,2026-05-29 11:16:23.401273,cd3bf13737fc45acacf55b9035c4e405,https://youtu.be/DleDyvALYvk?si=BBYIQ4mqk_aBLMV5,DleDyvALYvk,Nepali Lok Dohori | Timi Matra Mero Chahana - Khuman Adhikari & Devi Gharti,done,2026-05-29 11:15:25.543324,2026-05-29 11:16:23.408149
36643a86edb74b3d8262a840cbe130c5,1379.733,1382.867,3.133,543,0,1,2026-05-29 11:16:23.401273,cd3bf13737fc45acacf55b9035c4e405,https://youtu.be/DleDyvALYvk?si=BBYIQ4mqk_aBLMV5,DleDyvALYvk,Nepali Lok Dohori | Timi Matra Mero Chahana - Khuman Adhikari & Devi Gharti,done,2026-05-29 11:15:25.543324,2026-05-29 11:16:23.408149
77f32c80b4634e46b1d25f8e461b0b0e,1384.4,1389.133,4.733,545,0,1,2026-05-29 11:16:23.401273,cd3bf13737fc45acacf55b9035c4e405,https://youtu.be/DleDyvALYvk?si=BBYIQ4mqk_aBLMV5,DleDyvALYvk,Nepali Lok Dohori | Timi Matra Mero Chahana - Khuman Adhikari & Devi Gharti,done,2026-05-29 11:15:25.543324,2026-05-29 11:16:23.408149
f25c0931dddc4f3cb469d1bf23454c8b,1389.133,1392.933,3.8,546,0,1,2026-05-29 11:16:23.401273,cd3bf13737fc45acacf55b9035c4e405,https://youtu.be/DleDyvALYvk?si=BBYIQ4mqk_aBLMV5,DleDyvALYvk,Nepali Lok Dohori | Timi Matra Mero Chahana - Khuman Adhikari & Devi Gharti,done,2026-05-29 11:15:25.543324,2026-05-29 11:16:23.408149
5dea5761925549f08f9ea91881b82680,1392.933,1396.667,3.733,547,0,1,2026-05-29 11:16:23.401273,cd3bf13737fc45acacf55b9035c4e405,https://youtu.be/DleDyvALYvk?si=BBYIQ4mqk_aBLMV5,DleDyvALYvk,Nepali Lok Dohori | Timi Matra Mero Chahana - Khuman Adhikari & Devi Gharti,done,2026-05-29 11:15:25.543324,2026-05-29 11:16:23.408149
a9a1b913ea4a4eb3bbd0df17023280e4,1396.667,1400.333,3.667,548,0,1,2026-05-29 11:16:23.401273,cd3bf13737fc45acacf55b9035c4e405,https://youtu.be/DleDyvALYvk?si=BBYIQ4mqk_aBLMV5,DleDyvALYvk,Nepali Lok Dohori | Timi Matra Mero Chahana - Khuman Adhikari & Devi Gharti,done,2026-05-29 11:15:25.543324,2026-05-29 11:16:23.408149
6bb62a7461fc4424b09ebfa25a5ebed5,1400.333,1403.933,3.6,549,0,1,2026-05-29 11:16:23.401273,cd3bf13737fc45acacf55b9035c4e405,https://youtu.be/DleDyvALYvk?si=BBYIQ4mqk_aBLMV5,DleDyvALYvk,Nepali Lok Dohori | Timi Matra Mero Chahana - Khuman Adhikari & Devi Gharti,done,2026-05-29 11:15:25.543324,2026-05-29 11:16:23.408149
a5b995b903974e759856228e8afed3db,1411.933,1420.2,8.267,553,0,1,2026-05-29 11:16:23.402274,cd3bf13737fc45acacf55b9035c4e405,https://youtu.be/DleDyvALYvk?si=BBYIQ4mqk_aBLMV5,DleDyvALYvk,Nepali Lok Dohori | Timi Matra Mero Chahana - Khuman Adhikari & Devi Gharti,done,2026-05-29 11:15:25.543324,2026-05-29 11:16:23.408149
b67d7f0cfaa648b7b3f152f601d2b9af,0.0,4.067,4.067,0,0,1,2026-05-29 10:25:28.621963,26a7a63c9fb34b8da5cceca39d6a8196,https://youtu.be/IC_mZ-3HSDI?si=uvxn39lQcWyutOAL,IC_mZ-3HSDI,"New Maruni Song | Ghintang Ghintang Maruni - Bhanu Oli, Balaram Samal & Indira Rai",done,2026-05-29 10:25:10.346488,2026-05-29 10:25:28.629930
fe02577aea1c4d6aac7fb5a06f8f6c23,4.067,9.867,5.8,1,0,1,2026-05-29 10:25:28.621963,26a7a63c9fb34b8da5cceca39d6a8196,https://youtu.be/IC_mZ-3HSDI?si=uvxn39lQcWyutOAL,IC_mZ-3HSDI,"New Maruni Song | Ghintang Ghintang Maruni - Bhanu Oli, Balaram Samal & Indira Rai",done,2026-05-29 10:25:10.346488,2026-05-29 10:25:28.629930
abd18d715fd04470aed76e554ae8ff8d,12.2,22.2,10.0,3,0,1,2026-05-29 10:25:28.621963,26a7a63c9fb34b8da5cceca39d6a8196,https://youtu.be/IC_mZ-3HSDI?si=uvxn39lQcWyutOAL,IC_mZ-3HSDI,"New Maruni Song | Ghintang Ghintang Maruni - Bhanu Oli, Balaram Samal & Indira Rai",done,2026-05-29 10:25:10.346488,2026-05-29 10:25:28.629930
9d14611ca2c54938950831d4a946ef12,24.4,30.2,5.8,4,0,1,2026-05-29 10:25:28.621963,26a7a63c9fb34b8da5cceca39d6a8196,https://youtu.be/IC_mZ-3HSDI?si=uvxn39lQcWyutOAL,IC_mZ-3HSDI,"New Maruni Song | Ghintang Ghintang Maruni - Bhanu Oli, Balaram Samal & Indira Rai",done,2026-05-29 10:25:10.346488,2026-05-29 10:25:28.629930
80a2dd4bba1a46e68137b6e46d164300,30.2,33.8,3.6,5,0,1,2026-05-29 10:25:28.621963,26a7a63c9fb34b8da5cceca39d6a8196,https://youtu.be/IC_mZ-3HSDI?si=uvxn39lQcWyutOAL,IC_mZ-3HSDI,"New Maruni Song | Ghintang Ghintang Maruni - Bhanu Oli, Balaram Samal & Indira Rai",done,2026-05-29 10:25:10.346488,2026-05-29 10:25:28.629930
219e08382c8140919aebd00576b09775,33.8,37.267,3.467,6,0,1,2026-05-29 10:25:28.621963,26a7a63c9fb34b8da5cceca39d6a8196,https://youtu.be/IC_mZ-3HSDI?si=uvxn39lQcWyutOAL,IC_mZ-3HSDI,"New Maruni Song | Ghintang Ghintang Maruni - Bhanu Oli, Balaram Samal & Indira Rai",done,2026-05-29 10:25:10.346488,2026-05-29 10:25:28.629930
e0b0a33732a340789a2037d1f5c9d6bb,37.267,41.0,3.733,7,0,1,2026-05-29 10:25:28.621963,26a7a63c9fb34b8da5cceca39d6a8196,https://youtu.be/IC_mZ-3HSDI?si=uvxn39lQcWyutOAL,IC_mZ-3HSDI,"New Maruni Song | Ghintang Ghintang Maruni - Bhanu Oli, Balaram Samal & Indira Rai",done,2026-05-29 10:25:10.346488,2026-05-29 10:25:28.629930
6d1254cc166f4f629870c6882aa322f8,43.533,48.667,5.133,9,0,1,2026-05-29 10:25:28.621963,26a7a63c9fb34b8da5cceca39d6a8196,https://youtu.be/IC_mZ-3HSDI?si=uvxn39lQcWyutOAL,IC_mZ-3HSDI,"New Maruni Song | Ghintang Ghintang Maruni - Bhanu Oli, Balaram Samal & Indira Rai",done,2026-05-29 10:25:10.346488,2026-05-29 10:25:28.629930
40c0d550aa65418696e3ebe739f1e7fe,52.733,56.067,3.333,12,0,1,2026-05-29 10:25:28.621963,26a7a63c9fb34b8da5cceca39d6a8196,https://youtu.be/IC_mZ-3HSDI?si=uvxn39lQcWyutOAL,IC_mZ-3HSDI,"New Maruni Song | Ghintang Ghintang Maruni - Bhanu Oli, Balaram Samal & Indira Rai",done,2026-05-29 10:25:10.346488,2026-05-29 10:25:28.629930
b65134b332b04a389ced634138f72e26,57.733,61.667,3.933,14,0,1,2026-05-29 10:25:28.621963,26a7a63c9fb34b8da5cceca39d6a8196,https://youtu.be/IC_mZ-3HSDI?si=uvxn39lQcWyutOAL,IC_mZ-3HSDI,"New Maruni Song | Ghintang Ghintang Maruni - Bhanu Oli, Balaram Samal & Indira Rai",done,2026-05-29 10:25:10.346488,2026-05-29 10:25:28.629930
82f56d3b99f446e9a6894215a095c0ef,72.133,78.8,6.667,20,0,1,2026-05-29 10:25:28.621963,26a7a63c9fb34b8da5cceca39d6a8196,https://youtu.be/IC_mZ-3HSDI?si=uvxn39lQcWyutOAL,IC_mZ-3HSDI,"New Maruni Song | Ghintang Ghintang Maruni - Bhanu Oli, Balaram Samal & Indira Rai",done,2026-05-29 10:25:10.346488,2026-05-29 10:25:28.629930
558df26fb787478dac157953469d1a8f,88.0,91.333,3.333,26,0,1,2026-05-29 10:25:28.621963,26a7a63c9fb34b8da5cceca39d6a8196,https://youtu.be/IC_mZ-3HSDI?si=uvxn39lQcWyutOAL,IC_mZ-3HSDI,"New Maruni Song | Ghintang Ghintang Maruni - Bhanu Oli, Balaram Samal & Indira Rai",done,2026-05-29 10:25:10.346488,2026-05-29 10:25:28.629930
4d6269d9808143a1a552286f8833020f,91.333,94.4,3.067,27,0,1,2026-05-29 10:25:28.621963,26a7a63c9fb34b8da5cceca39d6a8196,https://youtu.be/IC_mZ-3HSDI?si=uvxn39lQcWyutOAL,IC_mZ-3HSDI,"New Maruni Song | Ghintang Ghintang Maruni - Bhanu Oli, Balaram Samal & Indira Rai",done,2026-05-29 10:25:10.346488,2026-05-29 10:25:28.629930
1bf870994ee049d2b514b95353c45f0f,96.667,100.4,3.733,29,0,1,2026-05-29 10:25:28.621963,26a7a63c9fb34b8da5cceca39d6a8196,https://youtu.be/IC_mZ-3HSDI?si=uvxn39lQcWyutOAL,IC_mZ-3HSDI,"New Maruni Song | Ghintang Ghintang Maruni - Bhanu Oli, Balaram Samal & Indira Rai",done,2026-05-29 10:25:10.346488,2026-05-29 10:25:28.629930
a6fc2e291cb94c0893e8e1903177cfd7,101.733,108.4,6.667,31,0,1,2026-05-29 10:25:28.621963,26a7a63c9fb34b8da5cceca39d6a8196,https://youtu.be/IC_mZ-3HSDI?si=uvxn39lQcWyutOAL,IC_mZ-3HSDI,"New Maruni Song | Ghintang Ghintang Maruni - Bhanu Oli, Balaram Samal & Indira Rai",done,2026-05-29 10:25:10.346488,2026-05-29 10:25:28.629930
9470f4fc127f4dd29399ad2f0dc2b6de,108.4,112.533,4.133,32,0,1,2026-05-29 10:25:28.621963,26a7a63c9fb34b8da5cceca39d6a8196,https://youtu.be/IC_mZ-3HSDI?si=uvxn39lQcWyutOAL,IC_mZ-3HSDI,"New Maruni Song | Ghintang Ghintang Maruni - Bhanu Oli, Balaram Samal & Indira Rai",done,2026-05-29 10:25:10.346488,2026-05-29 10:25:28.629930
eae0eb61875746bcb5c622e61052eeb5,117.333,121.4,4.067,35,0,1,2026-05-29 10:25:28.621963,26a7a63c9fb34b8da5cceca39d6a8196,https://youtu.be/IC_mZ-3HSDI?si=uvxn39lQcWyutOAL,IC_mZ-3HSDI,"New Maruni Song | Ghintang Ghintang Maruni - Bhanu Oli, Balaram Samal & Indira Rai",done,2026-05-29 10:25:10.346488,2026-05-29 10:25:28.629930
04fac2fcabaa4274a6e4d95210e8f7ea,121.4,125.467,4.067,36,0,1,2026-05-29 10:25:28.621963,26a7a63c9fb34b8da5cceca39d6a8196,https://youtu.be/IC_mZ-3HSDI?si=uvxn39lQcWyutOAL,IC_mZ-3HSDI,"New Maruni Song | Ghintang Ghintang Maruni - Bhanu Oli, Balaram Samal & Indira Rai",done,2026-05-29 10:25:10.346488,2026-05-29 10:25:28.629930
08006fbf045d408887112d7788b331f8,125.467,128.533,3.067,37,0,1,2026-05-29 10:25:28.621963,26a7a63c9fb34b8da5cceca39d6a8196,https://youtu.be/IC_mZ-3HSDI?si=uvxn39lQcWyutOAL,IC_mZ-3HSDI,"New Maruni Song | Ghintang Ghintang Maruni - Bhanu Oli, Balaram Samal & Indira Rai",done,2026-05-29 10:25:10.346488,2026-05-29 10:25:28.629930
3a0d8afa85bf4fb1b5ac64cbe49a0c1d,147.4,150.733,3.333,48,0,1,2026-05-29 10:25:28.621963,26a7a63c9fb34b8da5cceca39d6a8196,https://youtu.be/IC_mZ-3HSDI?si=uvxn39lQcWyutOAL,IC_mZ-3HSDI,"New Maruni Song | Ghintang Ghintang Maruni - Bhanu Oli, Balaram Samal & Indira Rai",done,2026-05-29 10:25:10.346488,2026-05-29 10:25:28.629930
a327b58280204f6899ce2e0398f2a20e,153.4,156.733,3.333,51,0,1,2026-05-29 10:25:28.621963,26a7a63c9fb34b8da5cceca39d6a8196,https://youtu.be/IC_mZ-3HSDI?si=uvxn39lQcWyutOAL,IC_mZ-3HSDI,"New Maruni Song | Ghintang Ghintang Maruni - Bhanu Oli, Balaram Samal & Indira Rai",done,2026-05-29 10:25:10.346488,2026-05-29 10:25:28.629930
96316daafbc847f7aeee1fff2d740a74,160.733,164.333,3.6,55,0,1,2026-05-29 10:25:28.621963,26a7a63c9fb34b8da5cceca39d6a8196,https://youtu.be/IC_mZ-3HSDI?si=uvxn39lQcWyutOAL,IC_mZ-3HSDI,"New Maruni Song | Ghintang Ghintang Maruni - Bhanu Oli, Balaram Samal & Indira Rai",done,2026-05-29 10:25:10.346488,2026-05-29 10:25:28.629930
78a3496238d648eca5aedb37ec4fff4f,166.0,169.533,3.533,57,0,1,2026-05-29 10:25:28.621963,26a7a63c9fb34b8da5cceca39d6a8196,https://youtu.be/IC_mZ-3HSDI?si=uvxn39lQcWyutOAL,IC_mZ-3HSDI,"New Maruni Song | Ghintang Ghintang Maruni - Bhanu Oli, Balaram Samal & Indira Rai",done,2026-05-29 10:25:10.346488,2026-05-29 10:25:28.629930
6dc55356634843c8870d51cb5b2da09b,169.533,173.533,4.0,58,0,1,2026-05-29 10:25:28.621963,26a7a63c9fb34b8da5cceca39d6a8196,https://youtu.be/IC_mZ-3HSDI?si=uvxn39lQcWyutOAL,IC_mZ-3HSDI,"New Maruni Song | Ghintang Ghintang Maruni - Bhanu Oli, Balaram Samal & Indira Rai",done,2026-05-29 10:25:10.346488,2026-05-29 10:25:28.629930
2e01ca62e3114823ae880d3a32ed497f,173.533,176.867,3.333,59,0,1,2026-05-29 10:25:28.621963,26a7a63c9fb34b8da5cceca39d6a8196,https://youtu.be/IC_mZ-3HSDI?si=uvxn39lQcWyutOAL,IC_mZ-3HSDI,"New Maruni Song | Ghintang Ghintang Maruni - Bhanu Oli, Balaram Samal & Indira Rai",done,2026-05-29 10:25:10.346488,2026-05-29 10:25:28.629930
ec83550c29cf4ed4a0a1e14f1270e4e3,176.867,180.0,3.133,60,0,1,2026-05-29 10:25:28.621963,26a7a63c9fb34b8da5cceca39d6a8196,https://youtu.be/IC_mZ-3HSDI?si=uvxn39lQcWyutOAL,IC_mZ-3HSDI,"New Maruni Song | Ghintang Ghintang Maruni - Bhanu Oli, Balaram Samal & Indira Rai",done,2026-05-29 10:25:10.346488,2026-05-29 10:25:28.629930
9b54df5d2df243d0b8485c6c35045267,180.0,185.6,5.6,61,0,1,2026-05-29 10:25:28.621963,26a7a63c9fb34b8da5cceca39d6a8196,https://youtu.be/IC_mZ-3HSDI?si=uvxn39lQcWyutOAL,IC_mZ-3HSDI,"New Maruni Song | Ghintang Ghintang Maruni - Bhanu Oli, Balaram Samal & Indira Rai",done,2026-05-29 10:25:10.346488,2026-05-29 10:25:28.629930
def4d620033f40d29981f8d6659cbe1a,189.667,194.0,4.333,65,0,1,2026-05-29 10:25:28.621963,26a7a63c9fb34b8da5cceca39d6a8196,https://youtu.be/IC_mZ-3HSDI?si=uvxn39lQcWyutOAL,IC_mZ-3HSDI,"New Maruni Song | Ghintang Ghintang Maruni - Bhanu Oli, Balaram Samal & Indira Rai",done,2026-05-29 10:25:10.346488,2026-05-29 10:25:28.629930
d76c642360734d71ac27f63f10f5edae,195.133,198.867,3.733,67,0,1,2026-05-29 10:25:28.621963,26a7a63c9fb34b8da5cceca39d6a8196,https://youtu.be/IC_mZ-3HSDI?si=uvxn39lQcWyutOAL,IC_mZ-3HSDI,"New Maruni Song | Ghintang Ghintang Maruni - Bhanu Oli, Balaram Samal & Indira Rai",done,2026-05-29 10:25:10.346488,2026-05-29 10:25:28.629930
f9d083e70fc44c8fb8b9176463b4763c,200.2,203.533,3.333,69,0,1,2026-05-29 10:25:28.622970,26a7a63c9fb34b8da5cceca39d6a8196,https://youtu.be/IC_mZ-3HSDI?si=uvxn39lQcWyutOAL,IC_mZ-3HSDI,"New Maruni Song | Ghintang Ghintang Maruni - Bhanu Oli, Balaram Samal & Indira Rai",done,2026-05-29 10:25:10.346488,2026-05-29 10:25:28.629930
7d6e962e8aa8458c9b82ec3da9732056,208.6,213.933,5.333,73,0,1,2026-05-29 10:25:28.622970,26a7a63c9fb34b8da5cceca39d6a8196,https://youtu.be/IC_mZ-3HSDI?si=uvxn39lQcWyutOAL,IC_mZ-3HSDI,"New Maruni Song | Ghintang Ghintang Maruni - Bhanu Oli, Balaram Samal & Indira Rai",done,2026-05-29 10:25:10.346488,2026-05-29 10:25:28.629930
2e2a54ffd8934a138ec59be4c9beec6d,213.933,217.0,3.067,74,0,1,2026-05-29 10:25:28.622970,26a7a63c9fb34b8da5cceca39d6a8196,https://youtu.be/IC_mZ-3HSDI?si=uvxn39lQcWyutOAL,IC_mZ-3HSDI,"New Maruni Song | Ghintang Ghintang Maruni - Bhanu Oli, Balaram Samal & Indira Rai",done,2026-05-29 10:25:10.346488,2026-05-29 10:25:28.629930
392b18b8077941238e8f0ad446958504,217.0,221.333,4.333,75,0,1,2026-05-29 10:25:28.622970,26a7a63c9fb34b8da5cceca39d6a8196,https://youtu.be/IC_mZ-3HSDI?si=uvxn39lQcWyutOAL,IC_mZ-3HSDI,"New Maruni Song | Ghintang Ghintang Maruni - Bhanu Oli, Balaram Samal & Indira Rai",done,2026-05-29 10:25:10.346488,2026-05-29 10:25:28.629930
c22d466586d841469d44fe993cd785a9,221.333,224.933,3.6,76,0,1,2026-05-29 10:25:28.622970,26a7a63c9fb34b8da5cceca39d6a8196,https://youtu.be/IC_mZ-3HSDI?si=uvxn39lQcWyutOAL,IC_mZ-3HSDI,"New Maruni Song | Ghintang Ghintang Maruni - Bhanu Oli, Balaram Samal & Indira Rai",done,2026-05-29 10:25:10.346488,2026-05-29 10:25:28.629930
7c21bd7a7f8844f5849500d509b66d7e,224.933,228.0,3.067,77,0,1,2026-05-29 10:25:28.622970,26a7a63c9fb34b8da5cceca39d6a8196,https://youtu.be/IC_mZ-3HSDI?si=uvxn39lQcWyutOAL,IC_mZ-3HSDI,"New Maruni Song | Ghintang Ghintang Maruni - Bhanu Oli, Balaram Samal & Indira Rai",done,2026-05-29 10:25:10.346488,2026-05-29 10:25:28.629930
872e37a87a664f32bbaae6f98bed0bea,230.4,234.067,3.667,79,0,1,2026-05-29 10:25:28.622970,26a7a63c9fb34b8da5cceca39d6a8196,https://youtu.be/IC_mZ-3HSDI?si=uvxn39lQcWyutOAL,IC_mZ-3HSDI,"New Maruni Song | Ghintang Ghintang Maruni - Bhanu Oli, Balaram Samal & Indira Rai",done,2026-05-29 10:25:10.346488,2026-05-29 10:25:28.629930
ec77a07747d7488cab0a34dff81ae545,240.4,245.733,5.333,83,0,1,2026-05-29 10:25:28.622970,26a7a63c9fb34b8da5cceca39d6a8196,https://youtu.be/IC_mZ-3HSDI?si=uvxn39lQcWyutOAL,IC_mZ-3HSDI,"New Maruni Song | Ghintang Ghintang Maruni - Bhanu Oli, Balaram Samal & Indira Rai",done,2026-05-29 10:25:10.346488,2026-05-29 10:25:28.629930
546ebe827d3e45fbae3c21822a83ff80,257.333,263.4,6.067,91,0,1,2026-05-29 10:25:28.622970,26a7a63c9fb34b8da5cceca39d6a8196,https://youtu.be/IC_mZ-3HSDI?si=uvxn39lQcWyutOAL,IC_mZ-3HSDI,"New Maruni Song | Ghintang Ghintang Maruni - Bhanu Oli, Balaram Samal & Indira Rai",done,2026-05-29 10:25:10.346488,2026-05-29 10:25:28.629930
050291db558f49df853bf244336d54b1,267.867,271.133,3.267,94,0,1,2026-05-29 10:25:28.622970,26a7a63c9fb34b8da5cceca39d6a8196,https://youtu.be/IC_mZ-3HSDI?si=uvxn39lQcWyutOAL,IC_mZ-3HSDI,"New Maruni Song | Ghintang Ghintang Maruni - Bhanu Oli, Balaram Samal & Indira Rai",done,2026-05-29 10:25:10.346488,2026-05-29 10:25:28.629930
9b2f057f317d4e36bc0c90f20d6e36ec,277.6,281.6,4.0,99,0,1,2026-05-29 10:25:28.622970,26a7a63c9fb34b8da5cceca39d6a8196,https://youtu.be/IC_mZ-3HSDI?si=uvxn39lQcWyutOAL,IC_mZ-3HSDI,"New Maruni Song | Ghintang Ghintang Maruni - Bhanu Oli, Balaram Samal & Indira Rai",done,2026-05-29 10:25:10.346488,2026-05-29 10:25:28.629930
b3d4d1df5e4e474daf3e98a27a13b8c4,281.6,285.333,3.733,100,0,1,2026-05-29 10:25:28.622970,26a7a63c9fb34b8da5cceca39d6a8196,https://youtu.be/IC_mZ-3HSDI?si=uvxn39lQcWyutOAL,IC_mZ-3HSDI,"New Maruni Song | Ghintang Ghintang Maruni - Bhanu Oli, Balaram Samal & Indira Rai",done,2026-05-29 10:25:10.346488,2026-05-29 10:25:28.629930
e002c44f41f84b3a900d960adf0a0c0b,285.333,292.333,7.0,101,0,1,2026-05-29 10:25:28.622970,26a7a63c9fb34b8da5cceca39d6a8196,https://youtu.be/IC_mZ-3HSDI?si=uvxn39lQcWyutOAL,IC_mZ-3HSDI,"New Maruni Song | Ghintang Ghintang Maruni - Bhanu Oli, Balaram Samal & Indira Rai",done,2026-05-29 10:25:10.346488,2026-05-29 10:25:28.629930
29d28ef2d1e24046a115ad14e467900e,292.333,297.267,4.933,102,0,1,2026-05-29 10:25:28.622970,26a7a63c9fb34b8da5cceca39d6a8196,https://youtu.be/IC_mZ-3HSDI?si=uvxn39lQcWyutOAL,IC_mZ-3HSDI,"New Maruni Song | Ghintang Ghintang Maruni - Bhanu Oli, Balaram Samal & Indira Rai",done,2026-05-29 10:25:10.346488,2026-05-29 10:25:28.629930
e60d0cf3bfcd4a759255b14aa533e2f8,313.4,317.133,3.733,111,0,1,2026-05-29 10:25:28.622970,26a7a63c9fb34b8da5cceca39d6a8196,https://youtu.be/IC_mZ-3HSDI?si=uvxn39lQcWyutOAL,IC_mZ-3HSDI,"New Maruni Song | Ghintang Ghintang Maruni - Bhanu Oli, Balaram Samal & Indira Rai",done,2026-05-29 10:25:10.346488,2026-05-29 10:25:28.629930
a7d3dae0ebf0462fae8e33c9421ae78d,324.2,328.933,4.733,116,0,1,2026-05-29 10:25:28.622970,26a7a63c9fb34b8da5cceca39d6a8196,https://youtu.be/IC_mZ-3HSDI?si=uvxn39lQcWyutOAL,IC_mZ-3HSDI,"New Maruni Song | Ghintang Ghintang Maruni - Bhanu Oli, Balaram Samal & Indira Rai",done,2026-05-29 10:25:10.346488,2026-05-29 10:25:28.629930
dfc4adb6e78e4357a6c14056d28cb1ef,328.933,332.2,3.267,117,0,1,2026-05-29 10:25:28.622970,26a7a63c9fb34b8da5cceca39d6a8196,https://youtu.be/IC_mZ-3HSDI?si=uvxn39lQcWyutOAL,IC_mZ-3HSDI,"New Maruni Song | Ghintang Ghintang Maruni - Bhanu Oli, Balaram Samal & Indira Rai",done,2026-05-29 10:25:10.346488,2026-05-29 10:25:28.629930
118da09f6ac24bc28215b7e54bffc4b5,332.2,335.467,3.267,118,0,1,2026-05-29 10:25:28.622970,26a7a63c9fb34b8da5cceca39d6a8196,https://youtu.be/IC_mZ-3HSDI?si=uvxn39lQcWyutOAL,IC_mZ-3HSDI,"New Maruni Song | Ghintang Ghintang Maruni - Bhanu Oli, Balaram Samal & Indira Rai",done,2026-05-29 10:25:10.346488,2026-05-29 10:25:28.629930
3e1526269e424c36a513c860ee38c9e8,6.333,11.333,5.0,3,0,1,2026-05-29 11:25:48.609790,f0ac2526578046c596060732792b5534,https://youtu.be/Io9iVz9Xdzg?si=gTkK3hZutr4DG4UJ,Io9iVz9Xdzg,New Nepali Lok Dohori | Ghaite Bagh Hu Ma - Raju Pariyar,done,2026-05-29 11:23:57.514495,2026-05-29 11:25:48.620359
a97b2bbf219b47daa21d5ab8173a1784,17.667,21.2,3.533,7,0,1,2026-05-29 11:25:48.609790,f0ac2526578046c596060732792b5534,https://youtu.be/Io9iVz9Xdzg?si=gTkK3hZutr4DG4UJ,Io9iVz9Xdzg,New Nepali Lok Dohori | Ghaite Bagh Hu Ma - Raju Pariyar,done,2026-05-29 11:23:57.514495,2026-05-29 11:25:48.620359
763ac0af531c4591b8b0835324d61192,41.0,44.6,3.6,22,0,1,2026-05-29 11:25:48.609790,f0ac2526578046c596060732792b5534,https://youtu.be/Io9iVz9Xdzg?si=gTkK3hZutr4DG4UJ,Io9iVz9Xdzg,New Nepali Lok Dohori | Ghaite Bagh Hu Ma - Raju Pariyar,done,2026-05-29 11:23:57.514495,2026-05-29 11:25:48.620359
49d59d1a0e664bc1aeeade4ce5574f04,53.733,58.4,4.667,27,0,1,2026-05-29 11:25:48.609790,f0ac2526578046c596060732792b5534,https://youtu.be/Io9iVz9Xdzg?si=gTkK3hZutr4DG4UJ,Io9iVz9Xdzg,New Nepali Lok Dohori | Ghaite Bagh Hu Ma - Raju Pariyar,done,2026-05-29 11:23:57.514495,2026-05-29 11:25:48.620359
a201753d0fee48108e077d0d4f93b721,79.6,84.267,4.667,43,0,1,2026-05-29 11:25:48.609790,f0ac2526578046c596060732792b5534,https://youtu.be/Io9iVz9Xdzg?si=gTkK3hZutr4DG4UJ,Io9iVz9Xdzg,New Nepali Lok Dohori | Ghaite Bagh Hu Ma - Raju Pariyar,done,2026-05-29 11:23:57.514495,2026-05-29 11:25:48.620359
621ed8ccc3c54007b23800ac3bc8f17e,105.333,110.0,4.667,55,0,1,2026-05-29 11:25:48.609790,f0ac2526578046c596060732792b5534,https://youtu.be/Io9iVz9Xdzg?si=gTkK3hZutr4DG4UJ,Io9iVz9Xdzg,New Nepali Lok Dohori | Ghaite Bagh Hu Ma - Raju Pariyar,done,2026-05-29 11:23:57.514495,2026-05-29 11:25:48.620359
a965fd15d6bc401caba20c58a88433c2,114.667,119.333,4.667,59,0,1,2026-05-29 11:25:48.609790,f0ac2526578046c596060732792b5534,https://youtu.be/Io9iVz9Xdzg?si=gTkK3hZutr4DG4UJ,Io9iVz9Xdzg,New Nepali Lok Dohori | Ghaite Bagh Hu Ma - Raju Pariyar,done,2026-05-29 11:23:57.514495,2026-05-29 11:25:48.620359
02454fbc11774a52a385132433ebf8b4,142.733,146.2,3.467,72,0,1,2026-05-29 11:25:48.609790,f0ac2526578046c596060732792b5534,https://youtu.be/Io9iVz9Xdzg?si=gTkK3hZutr4DG4UJ,Io9iVz9Xdzg,New Nepali Lok Dohori | Ghaite Bagh Hu Ma - Raju Pariyar,done,2026-05-29 11:23:57.514495,2026-05-29 11:25:48.620359
50fcde17c2ea4b1fa2aec1efcf06c361,154.2,159.0,4.8,77,0,1,2026-05-29 11:25:48.609790,f0ac2526578046c596060732792b5534,https://youtu.be/Io9iVz9Xdzg?si=gTkK3hZutr4DG4UJ,Io9iVz9Xdzg,New Nepali Lok Dohori | Ghaite Bagh Hu Ma - Raju Pariyar,done,2026-05-29 11:23:57.514495,2026-05-29 11:25:48.620359
8765b5d650ca4eef9097615eb8224f9f,168.4,174.333,5.933,85,0,1,2026-05-29 11:25:48.609790,f0ac2526578046c596060732792b5534,https://youtu.be/Io9iVz9Xdzg?si=gTkK3hZutr4DG4UJ,Io9iVz9Xdzg,New Nepali Lok Dohori | Ghaite Bagh Hu Ma - Raju Pariyar,done,2026-05-29 11:23:57.514495,2026-05-29 11:25:48.620359
b1e0a03b1530486c974d5393e6262581,177.733,182.533,4.8,88,0,1,2026-05-29 11:25:48.609790,f0ac2526578046c596060732792b5534,https://youtu.be/Io9iVz9Xdzg?si=gTkK3hZutr4DG4UJ,Io9iVz9Xdzg,New Nepali Lok Dohori | Ghaite Bagh Hu Ma - Raju Pariyar,done,2026-05-29 11:23:57.514495,2026-05-29 11:25:48.620359
e1a2d4948ceb448a8452d4c3e8ff0de9,182.533,187.133,4.6,89,0,1,2026-05-29 11:25:48.609790,f0ac2526578046c596060732792b5534,https://youtu.be/Io9iVz9Xdzg?si=gTkK3hZutr4DG4UJ,Io9iVz9Xdzg,New Nepali Lok Dohori | Ghaite Bagh Hu Ma - Raju Pariyar,done,2026-05-29 11:23:57.514495,2026-05-29 11:25:48.620359
0897bc88c22d41b7934cee6f55eacfd8,208.2,211.667,3.467,100,0,1,2026-05-29 11:25:48.609790,f0ac2526578046c596060732792b5534,https://youtu.be/Io9iVz9Xdzg?si=gTkK3hZutr4DG4UJ,Io9iVz9Xdzg,New Nepali Lok Dohori | Ghaite Bagh Hu Ma - Raju Pariyar,done,2026-05-29 11:23:57.514495,2026-05-29 11:25:48.620359
994dd5fed9c7434baeec03425921b68d,215.2,218.733,3.533,103,0,1,2026-05-29 11:25:48.609790,f0ac2526578046c596060732792b5534,https://youtu.be/Io9iVz9Xdzg?si=gTkK3hZutr4DG4UJ,Io9iVz9Xdzg,New Nepali Lok Dohori | Ghaite Bagh Hu Ma - Raju Pariyar,done,2026-05-29 11:23:57.514495,2026-05-29 11:25:48.620359
e0461f9063c742648768aa9b8f5f3b8d,224.6,233.933,9.333,108,0,1,2026-05-29 11:25:48.609790,f0ac2526578046c596060732792b5534,https://youtu.be/Io9iVz9Xdzg?si=gTkK3hZutr4DG4UJ,Io9iVz9Xdzg,New Nepali Lok Dohori | Ghaite Bagh Hu Ma - Raju Pariyar,done,2026-05-29 11:23:57.514495,2026-05-29 11:25:48.620359
956fe876f08d4f8aad521956d85e48d1,236.267,240.933,4.667,111,0,1,2026-05-29 11:25:48.609790,f0ac2526578046c596060732792b5534,https://youtu.be/Io9iVz9Xdzg?si=gTkK3hZutr4DG4UJ,Io9iVz9Xdzg,New Nepali Lok Dohori | Ghaite Bagh Hu Ma - Raju Pariyar,done,2026-05-29 11:23:57.514495,2026-05-29 11:25:48.620359
a3fe23a3a66148318b9fb9b938f02d9e,240.933,244.4,3.467,112,0,1,2026-05-29 11:25:48.609790,f0ac2526578046c596060732792b5534,https://youtu.be/Io9iVz9Xdzg?si=gTkK3hZutr4DG4UJ,Io9iVz9Xdzg,New Nepali Lok Dohori | Ghaite Bagh Hu Ma - Raju Pariyar,done,2026-05-29 11:23:57.514495,2026-05-29 11:25:48.620359
2134c9e2e71f44d496ed877a03611f3b,251.467,254.933,3.467,117,0,1,2026-05-29 11:25:48.609790,f0ac2526578046c596060732792b5534,https://youtu.be/Io9iVz9Xdzg?si=gTkK3hZutr4DG4UJ,Io9iVz9Xdzg,New Nepali Lok Dohori | Ghaite Bagh Hu Ma - Raju Pariyar,done,2026-05-29 11:23:57.514495,2026-05-29 11:25:48.620359
e5d224a6ef7a4b3cbb68b4075d496ad6,274.8,279.467,4.667,129,0,1,2026-05-29 11:25:48.609790,f0ac2526578046c596060732792b5534,https://youtu.be/Io9iVz9Xdzg?si=gTkK3hZutr4DG4UJ,Io9iVz9Xdzg,New Nepali Lok Dohori | Ghaite Bagh Hu Ma - Raju Pariyar,done,2026-05-29 11:23:57.514495,2026-05-29 11:25:48.620359
be3fd2ce8029467c8b5dbe0d29352613,280.667,285.333,4.667,131,0,1,2026-05-29 11:25:48.609790,f0ac2526578046c596060732792b5534,https://youtu.be/Io9iVz9Xdzg?si=gTkK3hZutr4DG4UJ,Io9iVz9Xdzg,New Nepali Lok Dohori | Ghaite Bagh Hu Ma - Raju Pariyar,done,2026-05-29 11:23:57.514495,2026-05-29 11:25:48.620359
f50b57d575f545b7b8690f72f5ec57fc,286.933,290.0,3.067,133,0,1,2026-05-29 11:25:48.609790,f0ac2526578046c596060732792b5534,https://youtu.be/Io9iVz9Xdzg?si=gTkK3hZutr4DG4UJ,Io9iVz9Xdzg,New Nepali Lok Dohori | Ghaite Bagh Hu Ma - Raju Pariyar,done,2026-05-29 11:23:57.514495,2026-05-29 11:25:48.620359
57408a5654b040ff8866d3ba25222e22,292.333,296.933,4.6,135,0,1,2026-05-29 11:25:48.609790,f0ac2526578046c596060732792b5534,https://youtu.be/Io9iVz9Xdzg?si=gTkK3hZutr4DG4UJ,Io9iVz9Xdzg,New Nepali Lok Dohori | Ghaite Bagh Hu Ma - Raju Pariyar,done,2026-05-29 11:23:57.514495,2026-05-29 11:25:48.620359
9bb9ad835d7d417ea1168b16a506e4e8,300.533,308.733,8.2,138,0,1,2026-05-29 11:25:48.609790,f0ac2526578046c596060732792b5534,https://youtu.be/Io9iVz9Xdzg?si=gTkK3hZutr4DG4UJ,Io9iVz9Xdzg,New Nepali Lok Dohori | Ghaite Bagh Hu Ma - Raju Pariyar,done,2026-05-29 11:23:57.514495,2026-05-29 11:25:48.620359
e485415f2f164f44b1dd0e7dc08ae9a6,308.733,318.067,9.333,139,0,1,2026-05-29 11:25:48.609790,f0ac2526578046c596060732792b5534,https://youtu.be/Io9iVz9Xdzg?si=gTkK3hZutr4DG4UJ,Io9iVz9Xdzg,New Nepali Lok Dohori | Ghaite Bagh Hu Ma - Raju Pariyar,done,2026-05-29 11:23:57.514495,2026-05-29 11:25:48.620359
bb3fc814651b43efbc0a47471d3e1870,323.333,327.4,4.067,142,0,1,2026-05-29 11:25:48.609790,f0ac2526578046c596060732792b5534,https://youtu.be/Io9iVz9Xdzg?si=gTkK3hZutr4DG4UJ,Io9iVz9Xdzg,New Nepali Lok Dohori | Ghaite Bagh Hu Ma - Raju Pariyar,done,2026-05-29 11:23:57.514495,2026-05-29 11:25:48.620359
ce28d221012e4590889a23236d4d2be0,336.8,340.267,3.467,148,0,1,2026-05-29 11:25:48.609790,f0ac2526578046c596060732792b5534,https://youtu.be/Io9iVz9Xdzg?si=gTkK3hZutr4DG4UJ,Io9iVz9Xdzg,New Nepali Lok Dohori | Ghaite Bagh Hu Ma - Raju Pariyar,done,2026-05-29 11:23:57.514495,2026-05-29 11:25:48.620359
e58164fd435b44c99e44206249dc0276,343.0,346.933,3.933,150,0,1,2026-05-29 11:25:48.609790,f0ac2526578046c596060732792b5534,https://youtu.be/Io9iVz9Xdzg?si=gTkK3hZutr4DG4UJ,Io9iVz9Xdzg,New Nepali Lok Dohori | Ghaite Bagh Hu Ma - Raju Pariyar,done,2026-05-29 11:23:57.514495,2026-05-29 11:25:48.620359
a00123fd5b514dee81855ad03a513387,348.533,353.133,4.6,152,0,1,2026-05-29 11:25:48.609790,f0ac2526578046c596060732792b5534,https://youtu.be/Io9iVz9Xdzg?si=gTkK3hZutr4DG4UJ,Io9iVz9Xdzg,New Nepali Lok Dohori | Ghaite Bagh Hu Ma - Raju Pariyar,done,2026-05-29 11:23:57.514495,2026-05-29 11:25:48.620359
8a261d0b85dd442da5ea76f8b9afd20b,357.8,364.0,6.2,156,0,1,2026-05-29 11:25:48.609790,f0ac2526578046c596060732792b5534,https://youtu.be/Io9iVz9Xdzg?si=gTkK3hZutr4DG4UJ,Io9iVz9Xdzg,New Nepali Lok Dohori | Ghaite Bagh Hu Ma - Raju Pariyar,done,2026-05-29 11:23:57.514495,2026-05-29 11:25:48.620359
9ea3f9e16fef437eb54b5ce032767e29,369.533,374.2,4.667,160,0,1,2026-05-29 11:25:48.609790,f0ac2526578046c596060732792b5534,https://youtu.be/Io9iVz9Xdzg?si=gTkK3hZutr4DG4UJ,Io9iVz9Xdzg,New Nepali Lok Dohori | Ghaite Bagh Hu Ma - Raju Pariyar,done,2026-05-29 11:23:57.514495,2026-05-29 11:25:48.620359
b7d5d8d1721a422f90534dd88c909537,374.2,378.867,4.667,161,0,1,2026-05-29 11:25:48.609790,f0ac2526578046c596060732792b5534,https://youtu.be/Io9iVz9Xdzg?si=gTkK3hZutr4DG4UJ,Io9iVz9Xdzg,New Nepali Lok Dohori | Ghaite Bagh Hu Ma - Raju Pariyar,done,2026-05-29 11:23:57.514495,2026-05-29 11:25:48.620359
f24c2879daca41e9bb1de09c52baa19d,378.867,387.0,8.133,162,0,1,2026-05-29 11:25:48.609790,f0ac2526578046c596060732792b5534,https://youtu.be/Io9iVz9Xdzg?si=gTkK3hZutr4DG4UJ,Io9iVz9Xdzg,New Nepali Lok Dohori | Ghaite Bagh Hu Ma - Raju Pariyar,done,2026-05-29 11:23:57.514495,2026-05-29 11:25:48.620359
5e27309ebd1d418f80a00138018f848a,387.0,396.4,9.4,163,0,1,2026-05-29 11:25:48.609790,f0ac2526578046c596060732792b5534,https://youtu.be/Io9iVz9Xdzg?si=gTkK3hZutr4DG4UJ,Io9iVz9Xdzg,New Nepali Lok Dohori | Ghaite Bagh Hu Ma - Raju Pariyar,done,2026-05-29 11:23:57.514495,2026-05-29 11:25:48.620359
43148c45fbdf47a8916b6065f83c7ca3,403.8,412.733,8.933,168,0,1,2026-05-29 11:25:48.609790,f0ac2526578046c596060732792b5534,https://youtu.be/Io9iVz9Xdzg?si=gTkK3hZutr4DG4UJ,Io9iVz9Xdzg,New Nepali Lok Dohori | Ghaite Bagh Hu Ma - Raju Pariyar,done,2026-05-29 11:23:57.514495,2026-05-29 11:25:48.620359
1d089a4500bf48e2bd9d89cb9af6a873,412.733,418.6,5.867,169,0,1,2026-05-29 11:25:48.609790,f0ac2526578046c596060732792b5534,https://youtu.be/Io9iVz9Xdzg?si=gTkK3hZutr4DG4UJ,Io9iVz9Xdzg,New Nepali Lok Dohori | Ghaite Bagh Hu Ma - Raju Pariyar,done,2026-05-29 11:23:57.514495,2026-05-29 11:25:48.620359
b96fd8b829704d458be3729529a54a40,418.6,427.867,9.267,170,0,1,2026-05-29 11:25:48.609790,f0ac2526578046c596060732792b5534,https://youtu.be/Io9iVz9Xdzg?si=gTkK3hZutr4DG4UJ,Io9iVz9Xdzg,New Nepali Lok Dohori | Ghaite Bagh Hu Ma - Raju Pariyar,done,2026-05-29 11:23:57.514495,2026-05-29 11:25:48.620359
5938d7a3555b4e1ea92e01aed3422788,430.333,440.333,10.0,172,0,1,2026-05-29 11:25:48.609790,f0ac2526578046c596060732792b5534,https://youtu.be/Io9iVz9Xdzg?si=gTkK3hZutr4DG4UJ,Io9iVz9Xdzg,New Nepali Lok Dohori | Ghaite Bagh Hu Ma - Raju Pariyar,done,2026-05-29 11:23:57.514495,2026-05-29 11:25:48.620359
11e9eb75bc3d49558c1650d45c58129d,5.533,9.133,3.6,3,0,1,2026-05-29 11:07:50.209665,5f9a701d8f9a4d0ca415ca558f50028c,https://youtu.be/4v_fXb-MnhY?si=XvLWm6tqpv9s-9PP,4v_fXb-MnhY,New Nepali Lok Dohori | Timi Sagar Tara - Khuman Adhikari & Bishnu Majhi,done,2026-05-29 11:05:33.510291,2026-05-29 11:07:50.218691
b679e91ff37c48e3aacbf56c92967857,17.0,23.4,6.4,8,0,1,2026-05-29 11:07:50.209665,5f9a701d8f9a4d0ca415ca558f50028c,https://youtu.be/4v_fXb-MnhY?si=XvLWm6tqpv9s-9PP,4v_fXb-MnhY,New Nepali Lok Dohori | Timi Sagar Tara - Khuman Adhikari & Bishnu Majhi,done,2026-05-29 11:05:33.510291,2026-05-29 11:07:50.218691
9393dead3a0640269d0d7dbaa4f6e80c,23.4,33.4,10.0,9,0,1,2026-05-29 11:07:50.209665,5f9a701d8f9a4d0ca415ca558f50028c,https://youtu.be/4v_fXb-MnhY?si=XvLWm6tqpv9s-9PP,4v_fXb-MnhY,New Nepali Lok Dohori | Timi Sagar Tara - Khuman Adhikari & Bishnu Majhi,done,2026-05-29 11:05:33.510291,2026-05-29 11:07:50.218691
631d7cde3cdc4db6a0b85ed253e6025f,36.067,39.6,3.533,11,0,1,2026-05-29 11:07:50.209665,5f9a701d8f9a4d0ca415ca558f50028c,https://youtu.be/4v_fXb-MnhY?si=XvLWm6tqpv9s-9PP,4v_fXb-MnhY,New Nepali Lok Dohori | Timi Sagar Tara - Khuman Adhikari & Bishnu Majhi,done,2026-05-29 11:05:33.510291,2026-05-29 11:07:50.218691
e6ed6dc225d1402b84c44e0181ca21d5,41.533,46.8,5.267,13,0,1,2026-05-29 11:07:50.209665,5f9a701d8f9a4d0ca415ca558f50028c,https://youtu.be/4v_fXb-MnhY?si=XvLWm6tqpv9s-9PP,4v_fXb-MnhY,New Nepali Lok Dohori | Timi Sagar Tara - Khuman Adhikari & Bishnu Majhi,done,2026-05-29 11:05:33.510291,2026-05-29 11:07:50.218691
cb632783263146329e981b5429f7ce54,46.8,50.133,3.333,14,0,1,2026-05-29 11:07:50.209665,5f9a701d8f9a4d0ca415ca558f50028c,https://youtu.be/4v_fXb-MnhY?si=XvLWm6tqpv9s-9PP,4v_fXb-MnhY,New Nepali Lok Dohori | Timi Sagar Tara - Khuman Adhikari & Bishnu Majhi,done,2026-05-29 11:05:33.510291,2026-05-29 11:07:50.218691
68dd8b2e14064b0e9c168c4db43f0265,70.267,73.867,3.6,25,0,1,2026-05-29 11:07:50.209665,5f9a701d8f9a4d0ca415ca558f50028c,https://youtu.be/4v_fXb-MnhY?si=XvLWm6tqpv9s-9PP,4v_fXb-MnhY,New Nepali Lok Dohori | Timi Sagar Tara - Khuman Adhikari & Bishnu Majhi,done,2026-05-29 11:05:33.510291,2026-05-29 11:07:50.218691
a97ded1d8bc94425ab74a614280e902f,99.0,102.667,3.667,40,0,1,2026-05-29 11:07:50.209665,5f9a701d8f9a4d0ca415ca558f50028c,https://youtu.be/4v_fXb-MnhY?si=XvLWm6tqpv9s-9PP,4v_fXb-MnhY,New Nepali Lok Dohori | Timi Sagar Tara - Khuman Adhikari & Bishnu Majhi,done,2026-05-29 11:05:33.510291,2026-05-29 11:07:50.218691
a12c187ef90941fd898708db7a9f9cac,109.867,113.533,3.667,45,0,1,2026-05-29 11:07:50.209665,5f9a701d8f9a4d0ca415ca558f50028c,https://youtu.be/4v_fXb-MnhY?si=XvLWm6tqpv9s-9PP,4v_fXb-MnhY,New Nepali Lok Dohori | Timi Sagar Tara - Khuman Adhikari & Bishnu Majhi,done,2026-05-29 11:05:33.510291,2026-05-29 11:07:50.218691
268a6137a0be44e5a7bc235721d3cfea,113.533,117.067,3.533,46,0,1,2026-05-29 11:07:50.209665,5f9a701d8f9a4d0ca415ca558f50028c,https://youtu.be/4v_fXb-MnhY?si=XvLWm6tqpv9s-9PP,4v_fXb-MnhY,New Nepali Lok Dohori | Timi Sagar Tara - Khuman Adhikari & Bishnu Majhi,done,2026-05-29 11:05:33.510291,2026-05-29 11:07:50.218691
9bb6c352fb764654ac7537bc14259b46,118.933,122.533,3.6,48,0,1,2026-05-29 11:07:50.209665,5f9a701d8f9a4d0ca415ca558f50028c,https://youtu.be/4v_fXb-MnhY?si=XvLWm6tqpv9s-9PP,4v_fXb-MnhY,New Nepali Lok Dohori | Timi Sagar Tara - Khuman Adhikari & Bishnu Majhi,done,2026-05-29 11:05:33.510291,2026-05-29 11:07:50.218691
8c01a96437714529ae17e77bf4b8ee28,122.533,126.133,3.6,49,0,1,2026-05-29 11:07:50.209665,5f9a701d8f9a4d0ca415ca558f50028c,https://youtu.be/4v_fXb-MnhY?si=XvLWm6tqpv9s-9PP,4v_fXb-MnhY,New Nepali Lok Dohori | Timi Sagar Tara - Khuman Adhikari & Bishnu Majhi,done,2026-05-29 11:05:33.510291,2026-05-29 11:07:50.218691
accf7c10f5114f9c90f060cf3e60b022,129.067,133.2,4.133,52,0,1,2026-05-29 11:07:50.209665,5f9a701d8f9a4d0ca415ca558f50028c,https://youtu.be/4v_fXb-MnhY?si=XvLWm6tqpv9s-9PP,4v_fXb-MnhY,New Nepali Lok Dohori | Timi Sagar Tara - Khuman Adhikari & Bishnu Majhi,done,2026-05-29 11:05:33.510291,2026-05-29 11:07:50.218691
8eea05bc8e8c48afaa79d2ffb04a2034,143.467,147.733,4.267,58,0,1,2026-05-29 11:07:50.209665,5f9a701d8f9a4d0ca415ca558f50028c,https://youtu.be/4v_fXb-MnhY?si=XvLWm6tqpv9s-9PP,4v_fXb-MnhY,New Nepali Lok Dohori | Timi Sagar Tara - Khuman Adhikari & Bishnu Majhi,done,2026-05-29 11:05:33.510291,2026-05-29 11:07:50.218691
ca88937fef394f4b958b6cb593d660f7,147.733,151.267,3.533,59,0,1,2026-05-29 11:07:50.209665,5f9a701d8f9a4d0ca415ca558f50028c,https://youtu.be/4v_fXb-MnhY?si=XvLWm6tqpv9s-9PP,4v_fXb-MnhY,New Nepali Lok Dohori | Timi Sagar Tara - Khuman Adhikari & Bishnu Majhi,done,2026-05-29 11:05:33.510291,2026-05-29 11:07:50.218691
622e33e6d6ef4482818011e7d4addba1,153.133,158.467,5.333,61,0,1,2026-05-29 11:07:50.209665,5f9a701d8f9a4d0ca415ca558f50028c,https://youtu.be/4v_fXb-MnhY?si=XvLWm6tqpv9s-9PP,4v_fXb-MnhY,New Nepali Lok Dohori | Timi Sagar Tara - Khuman Adhikari & Bishnu Majhi,done,2026-05-29 11:05:33.510291,2026-05-29 11:07:50.218691
1328fe8d76224632aeda70d5e340762e,158.467,163.333,4.867,62,0,1,2026-05-29 11:07:50.209665,5f9a701d8f9a4d0ca415ca558f50028c,https://youtu.be/4v_fXb-MnhY?si=XvLWm6tqpv9s-9PP,4v_fXb-MnhY,New Nepali Lok Dohori | Timi Sagar Tara - Khuman Adhikari & Bishnu Majhi,done,2026-05-29 11:05:33.510291,2026-05-29 11:07:50.218691
2dd1a146bb824a17983c400f71f92b4b,163.333,169.2,5.867,63,0,1,2026-05-29 11:07:50.209665,5f9a701d8f9a4d0ca415ca558f50028c,https://youtu.be/4v_fXb-MnhY?si=XvLWm6tqpv9s-9PP,4v_fXb-MnhY,New Nepali Lok Dohori | Timi Sagar Tara - Khuman Adhikari & Bishnu Majhi,done,2026-05-29 11:05:33.510291,2026-05-29 11:07:50.218691
0b801bebd4a242aa94547e3c45ae7ecb,174.6,178.333,3.733,67,0,1,2026-05-29 11:07:50.209665,5f9a701d8f9a4d0ca415ca558f50028c,https://youtu.be/4v_fXb-MnhY?si=XvLWm6tqpv9s-9PP,4v_fXb-MnhY,New Nepali Lok Dohori | Timi Sagar Tara - Khuman Adhikari & Bishnu Majhi,done,2026-05-29 11:05:33.510291,2026-05-29 11:07:50.218691
d5bc48dcbecb48d69752ed468d061e21,178.333,181.933,3.6,68,0,1,2026-05-29 11:07:50.209665,5f9a701d8f9a4d0ca415ca558f50028c,https://youtu.be/4v_fXb-MnhY?si=XvLWm6tqpv9s-9PP,4v_fXb-MnhY,New Nepali Lok Dohori | Timi Sagar Tara - Khuman Adhikari & Bishnu Majhi,done,2026-05-29 11:05:33.510291,2026-05-29 11:07:50.218691
2aad3f020c3249e7badd469fd04ce8dc,183.733,190.0,6.267,70,0,1,2026-05-29 11:07:50.210199,5f9a701d8f9a4d0ca415ca558f50028c,https://youtu.be/4v_fXb-MnhY?si=XvLWm6tqpv9s-9PP,4v_fXb-MnhY,New Nepali Lok Dohori | Timi Sagar Tara - Khuman Adhikari & Bishnu Majhi,done,2026-05-29 11:05:33.510291,2026-05-29 11:07:50.218691
e9a59a843a4d48439c84f0d8dc3cc1f1,190.0,194.467,4.467,71,0,1,2026-05-29 11:07:50.210199,5f9a701d8f9a4d0ca415ca558f50028c,https://youtu.be/4v_fXb-MnhY?si=XvLWm6tqpv9s-9PP,4v_fXb-MnhY,New Nepali Lok Dohori | Timi Sagar Tara - Khuman Adhikari & Bishnu Majhi,done,2026-05-29 11:05:33.510291,2026-05-29 11:07:50.218691
36dae7c4958b47b4b2d29fb5a7d997f3,199.933,207.133,7.2,75,0,1,2026-05-29 11:07:50.210199,5f9a701d8f9a4d0ca415ca558f50028c,https://youtu.be/4v_fXb-MnhY?si=XvLWm6tqpv9s-9PP,4v_fXb-MnhY,New Nepali Lok Dohori | Timi Sagar Tara - Khuman Adhikari & Bishnu Majhi,done,2026-05-29 11:05:33.510291,2026-05-29 11:07:50.218691
5277f2466f8747839a4e08a0e974dd9d,214.333,217.867,3.533,80,0,1,2026-05-29 11:07:50.210199,5f9a701d8f9a4d0ca415ca558f50028c,https://youtu.be/4v_fXb-MnhY?si=XvLWm6tqpv9s-9PP,4v_fXb-MnhY,New Nepali Lok Dohori | Timi Sagar Tara - Khuman Adhikari & Bishnu Majhi,done,2026-05-29 11:05:33.510291,2026-05-29 11:07:50.218691
97217d1814e24006ae8c7e1cdaec1408,217.867,221.533,3.667,81,0,1,2026-05-29 11:07:50.210199,5f9a701d8f9a4d0ca415ca558f50028c,https://youtu.be/4v_fXb-MnhY?si=XvLWm6tqpv9s-9PP,4v_fXb-MnhY,New Nepali Lok Dohori | Timi Sagar Tara - Khuman Adhikari & Bishnu Majhi,done,2026-05-29 11:05:33.510291,2026-05-29 11:07:50.218691
b8c052407ea940bba2c773134a70ce70,221.533,225.133,3.6,82,0,1,2026-05-29 11:07:50.210199,5f9a701d8f9a4d0ca415ca558f50028c,https://youtu.be/4v_fXb-MnhY?si=XvLWm6tqpv9s-9PP,4v_fXb-MnhY,New Nepali Lok Dohori | Timi Sagar Tara - Khuman Adhikari & Bishnu Majhi,done,2026-05-29 11:05:33.510291,2026-05-29 11:07:50.218691
95f83cbcb102473299b6219e62218ef8,225.133,228.867,3.733,83,0,1,2026-05-29 11:07:50.210199,5f9a701d8f9a4d0ca415ca558f50028c,https://youtu.be/4v_fXb-MnhY?si=XvLWm6tqpv9s-9PP,4v_fXb-MnhY,New Nepali Lok Dohori | Timi Sagar Tara - Khuman Adhikari & Bishnu Majhi,done,2026-05-29 11:05:33.510291,2026-05-29 11:07:50.218691
b22c7fe3a86f46678e45625bdafaf0e0,228.867,232.2,3.333,84,0,1,2026-05-29 11:07:50.210199,5f9a701d8f9a4d0ca415ca558f50028c,https://youtu.be/4v_fXb-MnhY?si=XvLWm6tqpv9s-9PP,4v_fXb-MnhY,New Nepali Lok Dohori | Timi Sagar Tara - Khuman Adhikari & Bishnu Majhi,done,2026-05-29 11:05:33.510291,2026-05-29 11:07:50.218691
3811b0de717b4298a013034cc5c909ab,232.2,241.8,9.6,85,0,1,2026-05-29 11:07:50.210199,5f9a701d8f9a4d0ca415ca558f50028c,https://youtu.be/4v_fXb-MnhY?si=XvLWm6tqpv9s-9PP,4v_fXb-MnhY,New Nepali Lok Dohori | Timi Sagar Tara - Khuman Adhikari & Bishnu Majhi,done,2026-05-29 11:05:33.510291,2026-05-29 11:07:50.218691
419d20ef88974d399d7e15e65b8ab19a,252.133,255.733,3.6,91,0,1,2026-05-29 11:07:50.210199,5f9a701d8f9a4d0ca415ca558f50028c,https://youtu.be/4v_fXb-MnhY?si=XvLWm6tqpv9s-9PP,4v_fXb-MnhY,New Nepali Lok Dohori | Timi Sagar Tara - Khuman Adhikari & Bishnu Majhi,done,2026-05-29 11:05:33.510291,2026-05-29 11:07:50.218691
3c9ca00ef6f2402c9806be53230ec781,263.8,268.333,4.533,96,0,1,2026-05-29 11:07:50.210199,5f9a701d8f9a4d0ca415ca558f50028c,https://youtu.be/4v_fXb-MnhY?si=XvLWm6tqpv9s-9PP,4v_fXb-MnhY,New Nepali Lok Dohori | Timi Sagar Tara - Khuman Adhikari & Bishnu Majhi,done,2026-05-29 11:05:33.510291,2026-05-29 11:07:50.218691
89f2b66ff848455389e602560be67cea,295.267,298.933,3.667,111,0,1,2026-05-29 11:07:50.210199,5f9a701d8f9a4d0ca415ca558f50028c,https://youtu.be/4v_fXb-MnhY?si=XvLWm6tqpv9s-9PP,4v_fXb-MnhY,New Nepali Lok Dohori | Timi Sagar Tara - Khuman Adhikari & Bishnu Majhi,done,2026-05-29 11:05:33.510291,2026-05-29 11:07:50.218691
1f2452c64c5b4bb9a0cb1e7f2eda75c9,302.467,306.133,3.667,114,0,1,2026-05-29 11:07:50.210199,5f9a701d8f9a4d0ca415ca558f50028c,https://youtu.be/4v_fXb-MnhY?si=XvLWm6tqpv9s-9PP,4v_fXb-MnhY,New Nepali Lok Dohori | Timi Sagar Tara - Khuman Adhikari & Bishnu Majhi,done,2026-05-29 11:05:33.510291,2026-05-29 11:07:50.218691
24cc99e48c8149e79f9c899bff5493ca,394.333,397.733,3.4,163,0,1,2026-05-29 11:07:50.210199,5f9a701d8f9a4d0ca415ca558f50028c,https://youtu.be/4v_fXb-MnhY?si=XvLWm6tqpv9s-9PP,4v_fXb-MnhY,New Nepali Lok Dohori | Timi Sagar Tara - Khuman Adhikari & Bishnu Majhi,done,2026-05-29 11:05:33.510291,2026-05-29 11:07:50.218691
06498cbcfee5453e9e068ea35b3b4e5e,399.733,403.267,3.533,165,0,1,2026-05-29 11:07:50.210199,5f9a701d8f9a4d0ca415ca558f50028c,https://youtu.be/4v_fXb-MnhY?si=XvLWm6tqpv9s-9PP,4v_fXb-MnhY,New Nepali Lok Dohori | Timi Sagar Tara - Khuman Adhikari & Bishnu Majhi,done,2026-05-29 11:05:33.510291,2026-05-29 11:07:50.218691
c8befc7f98884f75b5bf062eaad152e8,403.267,406.933,3.667,166,0,1,2026-05-29 11:07:50.210199,5f9a701d8f9a4d0ca415ca558f50028c,https://youtu.be/4v_fXb-MnhY?si=XvLWm6tqpv9s-9PP,4v_fXb-MnhY,New Nepali Lok Dohori | Timi Sagar Tara - Khuman Adhikari & Bishnu Majhi,done,2026-05-29 11:05:33.510291,2026-05-29 11:07:50.218691
a6ec73e4968f4db3aa2392a5b3e78b15,406.933,414.0,7.067,167,0,1,2026-05-29 11:07:50.210199,5f9a701d8f9a4d0ca415ca558f50028c,https://youtu.be/4v_fXb-MnhY?si=XvLWm6tqpv9s-9PP,4v_fXb-MnhY,New Nepali Lok Dohori | Timi Sagar Tara - Khuman Adhikari & Bishnu Majhi,done,2026-05-29 11:05:33.510291,2026-05-29 11:07:50.218691
6d1ddd35476d4d7aaf877739c6e2d17b,414.0,424.0,10.0,168,0,1,2026-05-29 11:07:50.210199,5f9a701d8f9a4d0ca415ca558f50028c,https://youtu.be/4v_fXb-MnhY?si=XvLWm6tqpv9s-9PP,4v_fXb-MnhY,New Nepali Lok Dohori | Timi Sagar Tara - Khuman Adhikari & Bishnu Majhi,done,2026-05-29 11:05:33.510291,2026-05-29 11:07:50.218691
bb3503e0b9fd412c8cf31eedaced8fb8,424.867,428.4,3.533,169,0,1,2026-05-29 11:07:50.210199,5f9a701d8f9a4d0ca415ca558f50028c,https://youtu.be/4v_fXb-MnhY?si=XvLWm6tqpv9s-9PP,4v_fXb-MnhY,New Nepali Lok Dohori | Timi Sagar Tara - Khuman Adhikari & Bishnu Majhi,done,2026-05-29 11:05:33.510291,2026-05-29 11:07:50.218691
0f3fce0df3b34aa7a823141feae12ab9,430.333,433.933,3.6,171,0,1,2026-05-29 11:07:50.210199,5f9a701d8f9a4d0ca415ca558f50028c,https://youtu.be/4v_fXb-MnhY?si=XvLWm6tqpv9s-9PP,4v_fXb-MnhY,New Nepali Lok Dohori | Timi Sagar Tara - Khuman Adhikari & Bishnu Majhi,done,2026-05-29 11:05:33.510291,2026-05-29 11:07:50.218691
e4270a4b6f674e358108f9beb04b36f0,464.4,468.067,3.667,189,0,1,2026-05-29 11:07:50.210199,5f9a701d8f9a4d0ca415ca558f50028c,https://youtu.be/4v_fXb-MnhY?si=XvLWm6tqpv9s-9PP,4v_fXb-MnhY,New Nepali Lok Dohori | Timi Sagar Tara - Khuman Adhikari & Bishnu Majhi,done,2026-05-29 11:05:33.510291,2026-05-29 11:07:50.218691
2da1cdc0627246d9a6f32527f9e6bdc0,469.933,473.467,3.533,191,0,1,2026-05-29 11:07:50.210199,5f9a701d8f9a4d0ca415ca558f50028c,https://youtu.be/4v_fXb-MnhY?si=XvLWm6tqpv9s-9PP,4v_fXb-MnhY,New Nepali Lok Dohori | Timi Sagar Tara - Khuman Adhikari & Bishnu Majhi,done,2026-05-29 11:05:33.510291,2026-05-29 11:07:50.218691
93b142259c8a4bbba23184441805b4c2,521.2,525.733,4.533,218,0,1,2026-05-29 11:07:50.210199,5f9a701d8f9a4d0ca415ca558f50028c,https://youtu.be/4v_fXb-MnhY?si=XvLWm6tqpv9s-9PP,4v_fXb-MnhY,New Nepali Lok Dohori | Timi Sagar Tara - Khuman Adhikari & Bishnu Majhi,done,2026-05-29 11:05:33.510291,2026-05-29 11:07:50.218691
5e09f5651ed84d349e986cdd1d876085,525.733,529.333,3.6,219,0,1,2026-05-29 11:07:50.210199,5f9a701d8f9a4d0ca415ca558f50028c,https://youtu.be/4v_fXb-MnhY?si=XvLWm6tqpv9s-9PP,4v_fXb-MnhY,New Nepali Lok Dohori | Timi Sagar Tara - Khuman Adhikari & Bishnu Majhi,done,2026-05-29 11:05:33.510291,2026-05-29 11:07:50.218691
bb1272767b6242cab298ca57bb9dc03f,536.533,540.067,3.533,224,0,1,2026-05-29 11:07:50.210199,5f9a701d8f9a4d0ca415ca558f50028c,https://youtu.be/4v_fXb-MnhY?si=XvLWm6tqpv9s-9PP,4v_fXb-MnhY,New Nepali Lok Dohori | Timi Sagar Tara - Khuman Adhikari & Bishnu Majhi,done,2026-05-29 11:05:33.510291,2026-05-29 11:07:50.218691
6503e926a5344a6d805e7a680295b402,540.067,543.733,3.667,225,0,1,2026-05-29 11:07:50.210199,5f9a701d8f9a4d0ca415ca558f50028c,https://youtu.be/4v_fXb-MnhY?si=XvLWm6tqpv9s-9PP,4v_fXb-MnhY,New Nepali Lok Dohori | Timi Sagar Tara - Khuman Adhikari & Bishnu Majhi,done,2026-05-29 11:05:33.510291,2026-05-29 11:07:50.218691
42fbebcad1674d0e97b6ed0e6731d7dd,547.267,556.267,9.0,228,0,1,2026-05-29 11:07:50.210199,5f9a701d8f9a4d0ca415ca558f50028c,https://youtu.be/4v_fXb-MnhY?si=XvLWm6tqpv9s-9PP,4v_fXb-MnhY,New Nepali Lok Dohori | Timi Sagar Tara - Khuman Adhikari & Bishnu Majhi,done,2026-05-29 11:05:33.510291,2026-05-29 11:07:50.218691
c0ccb8625d00407db123a449aea88d34,556.267,559.933,3.667,229,0,1,2026-05-29 11:07:50.210199,5f9a701d8f9a4d0ca415ca558f50028c,https://youtu.be/4v_fXb-MnhY?si=XvLWm6tqpv9s-9PP,4v_fXb-MnhY,New Nepali Lok Dohori | Timi Sagar Tara - Khuman Adhikari & Bishnu Majhi,done,2026-05-29 11:05:33.510291,2026-05-29 11:07:50.218691
63461526fbe7489ab24e726ce7f64f06,567.133,570.733,3.6,234,0,1,2026-05-29 11:07:50.210199,5f9a701d8f9a4d0ca415ca558f50028c,https://youtu.be/4v_fXb-MnhY?si=XvLWm6tqpv9s-9PP,4v_fXb-MnhY,New Nepali Lok Dohori | Timi Sagar Tara - Khuman Adhikari & Bishnu Majhi,done,2026-05-29 11:05:33.510291,2026-05-29 11:07:50.218691
4dd4c89356a34198ba325405cdcaeccb,572.533,577.933,5.4,236,0,1,2026-05-29 11:07:50.210199,5f9a701d8f9a4d0ca415ca558f50028c,https://youtu.be/4v_fXb-MnhY?si=XvLWm6tqpv9s-9PP,4v_fXb-MnhY,New Nepali Lok Dohori | Timi Sagar Tara - Khuman Adhikari & Bishnu Majhi,done,2026-05-29 11:05:33.510291,2026-05-29 11:07:50.218691
2ca68bdcba954ce0af2128eee7a27d7e,577.933,583.267,5.333,237,0,1,2026-05-29 11:07:50.210199,5f9a701d8f9a4d0ca415ca558f50028c,https://youtu.be/4v_fXb-MnhY?si=XvLWm6tqpv9s-9PP,4v_fXb-MnhY,New Nepali Lok Dohori | Timi Sagar Tara - Khuman Adhikari & Bishnu Majhi,done,2026-05-29 11:05:33.510291,2026-05-29 11:07:50.218691
89cd97c6967f4c1e9af04b3678cdf717,588.733,598.733,10.0,241,0,1,2026-05-29 11:07:50.210199,5f9a701d8f9a4d0ca415ca558f50028c,https://youtu.be/4v_fXb-MnhY?si=XvLWm6tqpv9s-9PP,4v_fXb-MnhY,New Nepali Lok Dohori | Timi Sagar Tara - Khuman Adhikari & Bishnu Majhi,done,2026-05-29 11:05:33.510291,2026-05-29 11:07:50.218691
cb8256b73a304f929f10e897627e5e70,0.0,6.533,6.533,0,0,1,2026-06-02 10:18:03.762261,5608828cd73147dea90b8a5fe51f1653,https://youtu.be/5M_5AnWZhSs?si=CeIcStRJ6uddEPkH,5M_5AnWZhSs,New Nepali Song | Maile K Biraye - Anju Panta | Keki Adhikari,done,2026-06-02 10:16:10.701817,2026-06-02 10:18:03.777102
35ca33716f2d4b3690fb285061ad6d62,6.533,10.133,3.6,1,0,1,2026-06-02 10:18:03.762261,5608828cd73147dea90b8a5fe51f1653,https://youtu.be/5M_5AnWZhSs?si=CeIcStRJ6uddEPkH,5M_5AnWZhSs,New Nepali Song | Maile K Biraye - Anju Panta | Keki Adhikari,done,2026-06-02 10:16:10.701817,2026-06-02 10:18:03.777102
b06e7fd02f6a491db10687644cd5a441,19.333,24.733,5.4,7,0,1,2026-06-02 10:18:03.762792,5608828cd73147dea90b8a5fe51f1653,https://youtu.be/5M_5AnWZhSs?si=CeIcStRJ6uddEPkH,5M_5AnWZhSs,New Nepali Song | Maile K Biraye - Anju Panta | Keki Adhikari,done,2026-06-02 10:16:10.701817,2026-06-02 10:18:03.777102
0a027f959b4a4e879de8cc0c2ccd148b,28.133,31.867,3.733,10,0,1,2026-06-02 10:18:03.762792,5608828cd73147dea90b8a5fe51f1653,https://youtu.be/5M_5AnWZhSs?si=CeIcStRJ6uddEPkH,5M_5AnWZhSs,New Nepali Song | Maile K Biraye - Anju Panta | Keki Adhikari,done,2026-06-02 10:16:10.701817,2026-06-02 10:18:03.777102
4db22603e9a7497d8d9cb7c997ac18b4,33.533,37.2,3.667,12,0,1,2026-06-02 10:18:03.762792,5608828cd73147dea90b8a5fe51f1653,https://youtu.be/5M_5AnWZhSs?si=CeIcStRJ6uddEPkH,5M_5AnWZhSs,New Nepali Song | Maile K Biraye - Anju Panta | Keki Adhikari,done,2026-06-02 10:16:10.701817,2026-06-02 10:18:03.777102
bc7b22c0c30d41a39ba798fe78021aa9,41.533,46.133,4.6,15,0,1,2026-06-02 10:18:03.762792,5608828cd73147dea90b8a5fe51f1653,https://youtu.be/5M_5AnWZhSs?si=CeIcStRJ6uddEPkH,5M_5AnWZhSs,New Nepali Song | Maile K Biraye - Anju Panta | Keki Adhikari,done,2026-06-02 10:16:10.701817,2026-06-02 10:18:03.777102
836e56695d5f41b88e04c8389b344756,53.333,58.6,5.267,20,0,1,2026-06-02 10:18:03.762792,5608828cd73147dea90b8a5fe51f1653,https://youtu.be/5M_5AnWZhSs?si=CeIcStRJ6uddEPkH,5M_5AnWZhSs,New Nepali Song | Maile K Biraye - Anju Panta | Keki Adhikari,done,2026-06-02 10:16:10.701817,2026-06-02 10:18:03.777102
4f52d837abfe4c298adffd0063ad67e0,63.6,67.467,3.867,24,0,1,2026-06-02 10:18:03.762792,5608828cd73147dea90b8a5fe51f1653,https://youtu.be/5M_5AnWZhSs?si=CeIcStRJ6uddEPkH,5M_5AnWZhSs,New Nepali Song | Maile K Biraye - Anju Panta | Keki Adhikari,done,2026-06-02 10:16:10.701817,2026-06-02 10:18:03.777102
77d3cba21bd24c3d9e0f3b14e9e37e80,76.2,86.2,10.0,29,0,1,2026-06-02 10:18:03.762792,5608828cd73147dea90b8a5fe51f1653,https://youtu.be/5M_5AnWZhSs?si=CeIcStRJ6uddEPkH,5M_5AnWZhSs,New Nepali Song | Maile K Biraye - Anju Panta | Keki Adhikari,done,2026-06-02 10:16:10.701817,2026-06-02 10:18:03.777102
5c14a7bff4a24a11ada2ab9696737f90,91.867,97.2,5.333,32,0,1,2026-06-02 10:18:03.762792,5608828cd73147dea90b8a5fe51f1653,https://youtu.be/5M_5AnWZhSs?si=CeIcStRJ6uddEPkH,5M_5AnWZhSs,New Nepali Song | Maile K Biraye - Anju Panta | Keki Adhikari,done,2026-06-02 10:16:10.701817,2026-06-02 10:18:03.777102
66102df81cd346d0940cbe9c14197be8,101.667,105.333,3.667,36,0,1,2026-06-02 10:18:03.762792,5608828cd73147dea90b8a5fe51f1653,https://youtu.be/5M_5AnWZhSs?si=CeIcStRJ6uddEPkH,5M_5AnWZhSs,New Nepali Song | Maile K Biraye - Anju Panta | Keki Adhikari,done,2026-06-02 10:16:10.701817,2026-06-02 10:18:03.777102
462e606c5eff4c0189388a87492ae213,120.933,124.133,3.2,46,0,1,2026-06-02 10:18:03.762792,5608828cd73147dea90b8a5fe51f1653,https://youtu.be/5M_5AnWZhSs?si=CeIcStRJ6uddEPkH,5M_5AnWZhSs,New Nepali Song | Maile K Biraye - Anju Panta | Keki Adhikari,done,2026-06-02 10:16:10.701817,2026-06-02 10:18:03.777102
5b204f3b68ff4ff1b27dd5575cbcc11a,124.133,127.4,3.267,47,0,1,2026-06-02 10:18:03.762792,5608828cd73147dea90b8a5fe51f1653,https://youtu.be/5M_5AnWZhSs?si=CeIcStRJ6uddEPkH,5M_5AnWZhSs,New Nepali Song | Maile K Biraye - Anju Panta | Keki Adhikari,done,2026-06-02 10:16:10.701817,2026-06-02 10:18:03.777102
1961a6388b40434aa609d77b6cfff044,143.8,147.333,3.533,57,0,1,2026-06-02 10:18:03.762792,5608828cd73147dea90b8a5fe51f1653,https://youtu.be/5M_5AnWZhSs?si=CeIcStRJ6uddEPkH,5M_5AnWZhSs,New Nepali Song | Maile K Biraye - Anju Panta | Keki Adhikari,done,2026-06-02 10:16:10.701817,2026-06-02 10:18:03.777102
25f3a4c45f3b47cbb074e9ccce2bdfe0,151.933,157.2,5.267,61,0,1,2026-06-02 10:18:03.762792,5608828cd73147dea90b8a5fe51f1653,https://youtu.be/5M_5AnWZhSs?si=CeIcStRJ6uddEPkH,5M_5AnWZhSs,New Nepali Song | Maile K Biraye - Anju Panta | Keki Adhikari,done,2026-06-02 10:16:10.701817,2026-06-02 10:18:03.777102
60f1f2951172447881b275a9b8566985,161.2,164.267,3.067,64,0,1,2026-06-02 10:18:03.762792,5608828cd73147dea90b8a5fe51f1653,https://youtu.be/5M_5AnWZhSs?si=CeIcStRJ6uddEPkH,5M_5AnWZhSs,New Nepali Song | Maile K Biraye - Anju Panta | Keki Adhikari,done,2026-06-02 10:16:10.701817,2026-06-02 10:18:03.777102
046a129029fe4591aa9461e0b29b75bc,168.8,174.933,6.133,68,0,1,2026-06-02 10:18:03.762792,5608828cd73147dea90b8a5fe51f1653,https://youtu.be/5M_5AnWZhSs?si=CeIcStRJ6uddEPkH,5M_5AnWZhSs,New Nepali Song | Maile K Biraye - Anju Panta | Keki Adhikari,done,2026-06-02 10:16:10.701817,2026-06-02 10:18:03.777102
a616dc7cb3b04446b01685c3d507c577,174.933,178.733,3.8,69,0,1,2026-06-02 10:18:03.762792,5608828cd73147dea90b8a5fe51f1653,https://youtu.be/5M_5AnWZhSs?si=CeIcStRJ6uddEPkH,5M_5AnWZhSs,New Nepali Song | Maile K Biraye - Anju Panta | Keki Adhikari,done,2026-06-02 10:16:10.701817,2026-06-02 10:18:03.777102
e49f1ffa2e0c489b8d2c5f8cd7e63201,178.733,182.2,3.467,70,0,1,2026-06-02 10:18:03.762792,5608828cd73147dea90b8a5fe51f1653,https://youtu.be/5M_5AnWZhSs?si=CeIcStRJ6uddEPkH,5M_5AnWZhSs,New Nepali Song | Maile K Biraye - Anju Panta | Keki Adhikari,done,2026-06-02 10:16:10.701817,2026-06-02 10:18:03.777102
30b01bbba7584a37a8934534b9a5b312,182.2,185.8,3.6,71,0,1,2026-06-02 10:18:03.762792,5608828cd73147dea90b8a5fe51f1653,https://youtu.be/5M_5AnWZhSs?si=CeIcStRJ6uddEPkH,5M_5AnWZhSs,New Nepali Song | Maile K Biraye - Anju Panta | Keki Adhikari,done,2026-06-02 10:16:10.701817,2026-06-02 10:18:03.777102
170e2f0030bb41c08d96d4f0a0e3f790,187.733,191.333,3.6,73,0,1,2026-06-02 10:18:03.762792,5608828cd73147dea90b8a5fe51f1653,https://youtu.be/5M_5AnWZhSs?si=CeIcStRJ6uddEPkH,5M_5AnWZhSs,New Nepali Song | Maile K Biraye - Anju Panta | Keki Adhikari,done,2026-06-02 10:16:10.701817,2026-06-02 10:18:03.777102
be04eee33d324145af31d9976c9e4963,192.6,196.4,3.8,75,0,1,2026-06-02 10:18:03.762792,5608828cd73147dea90b8a5fe51f1653,https://youtu.be/5M_5AnWZhSs?si=CeIcStRJ6uddEPkH,5M_5AnWZhSs,New Nepali Song | Maile K Biraye - Anju Panta | Keki Adhikari,done,2026-06-02 10:16:10.701817,2026-06-02 10:18:03.777102
bb389f0a20aa4d8eaef60a557564f0ea,196.4,200.267,3.867,76,0,1,2026-06-02 10:18:03.762792,5608828cd73147dea90b8a5fe51f1653,https://youtu.be/5M_5AnWZhSs?si=CeIcStRJ6uddEPkH,5M_5AnWZhSs,New Nepali Song | Maile K Biraye - Anju Panta | Keki Adhikari,done,2026-06-02 10:16:10.701817,2026-06-02 10:18:03.777102
aa4ab73d7ee84a7f9009b5d2d040a8b5,200.267,204.733,4.467,77,0,1,2026-06-02 10:18:03.762792,5608828cd73147dea90b8a5fe51f1653,https://youtu.be/5M_5AnWZhSs?si=CeIcStRJ6uddEPkH,5M_5AnWZhSs,New Nepali Song | Maile K Biraye - Anju Panta | Keki Adhikari,done,2026-06-02 10:16:10.701817,2026-06-02 10:18:03.777102
4616b009f607450689d3e47dfc8353f0,206.933,213.667,6.733,79,0,1,2026-06-02 10:18:03.762792,5608828cd73147dea90b8a5fe51f1653,https://youtu.be/5M_5AnWZhSs?si=CeIcStRJ6uddEPkH,5M_5AnWZhSs,New Nepali Song | Maile K Biraye - Anju Panta | Keki Adhikari,done,2026-06-02 10:16:10.701817,2026-06-02 10:18:03.777102
d1fb25de63894198928dcc3f32f5eec1,213.667,217.533,3.867,80,0,1,2026-06-02 10:18:03.762792,5608828cd73147dea90b8a5fe51f1653,https://youtu.be/5M_5AnWZhSs?si=CeIcStRJ6uddEPkH,5M_5AnWZhSs,New Nepali Song | Maile K Biraye - Anju Panta | Keki Adhikari,done,2026-06-02 10:16:10.701817,2026-06-02 10:18:03.777102
c35c46eb3e024141a9ed0189eb0727dd,217.533,221.333,3.8,81,0,1,2026-06-02 10:18:03.762792,5608828cd73147dea90b8a5fe51f1653,https://youtu.be/5M_5AnWZhSs?si=CeIcStRJ6uddEPkH,5M_5AnWZhSs,New Nepali Song | Maile K Biraye - Anju Panta | Keki Adhikari,done,2026-06-02 10:16:10.701817,2026-06-02 10:18:03.777102
675458db656e42f7a5d7355e4bc92961,221.333,224.867,3.533,82,0,1,2026-06-02 10:18:03.762792,5608828cd73147dea90b8a5fe51f1653,https://youtu.be/5M_5AnWZhSs?si=CeIcStRJ6uddEPkH,5M_5AnWZhSs,New Nepali Song | Maile K Biraye - Anju Panta | Keki Adhikari,done,2026-06-02 10:16:10.701817,2026-06-02 10:18:03.777102
213af817c32b409e8ec5ed7e355e5f17,241.4,251.4,10.0,91,0,1,2026-06-02 10:18:03.762792,5608828cd73147dea90b8a5fe51f1653,https://youtu.be/5M_5AnWZhSs?si=CeIcStRJ6uddEPkH,5M_5AnWZhSs,New Nepali Song | Maile K Biraye - Anju Panta | Keki Adhikari,done,2026-06-02 10:16:10.701817,2026-06-02 10:18:03.777102
d34a256b2dfa448f9f21263d653221b3,262.867,269.0,6.133,93,0,1,2026-06-02 10:18:03.762792,5608828cd73147dea90b8a5fe51f1653,https://youtu.be/5M_5AnWZhSs?si=CeIcStRJ6uddEPkH,5M_5AnWZhSs,New Nepali Song | Maile K Biraye - Anju Panta | Keki Adhikari,done,2026-06-02 10:16:10.701817,2026-06-02 10:18:03.777102
03fdb3694cd2430783440e761707729a,270.067,279.0,8.933,95,0,1,2026-06-02 10:18:03.762792,5608828cd73147dea90b8a5fe51f1653,https://youtu.be/5M_5AnWZhSs?si=CeIcStRJ6uddEPkH,5M_5AnWZhSs,New Nepali Song | Maile K Biraye - Anju Panta | Keki Adhikari,done,2026-06-02 10:16:10.701817,2026-06-02 10:18:03.777102
0636118a07e9408f8d338bba416a102a,280.267,286.2,5.933,97,0,1,2026-06-02 10:18:03.762792,5608828cd73147dea90b8a5fe51f1653,https://youtu.be/5M_5AnWZhSs?si=CeIcStRJ6uddEPkH,5M_5AnWZhSs,New Nepali Song | Maile K Biraye - Anju Panta | Keki Adhikari,done,2026-06-02 10:16:10.701817,2026-06-02 10:18:03.777102
e595d9df54a34ce08115b275639ffe99,295.133,305.133,10.0,103,0,1,2026-06-02 10:18:03.762792,5608828cd73147dea90b8a5fe51f1653,https://youtu.be/5M_5AnWZhSs?si=CeIcStRJ6uddEPkH,5M_5AnWZhSs,New Nepali Song | Maile K Biraye - Anju Panta | Keki Adhikari,done,2026-06-02 10:16:10.701817,2026-06-02 10:18:03.777102
3fb1587cd45f4e3e96756bf138789b7c,310.733,314.8,4.067,106,0,1,2026-06-02 10:18:03.762792,5608828cd73147dea90b8a5fe51f1653,https://youtu.be/5M_5AnWZhSs?si=CeIcStRJ6uddEPkH,5M_5AnWZhSs,New Nepali Song | Maile K Biraye - Anju Panta | Keki Adhikari,done,2026-06-02 10:16:10.701817,2026-06-02 10:18:03.777102
a7f2f438872246bf84e298fde8ba208c,314.8,318.4,3.6,107,0,1,2026-06-02 10:18:03.762792,5608828cd73147dea90b8a5fe51f1653,https://youtu.be/5M_5AnWZhSs?si=CeIcStRJ6uddEPkH,5M_5AnWZhSs,New Nepali Song | Maile K Biraye - Anju Panta | Keki Adhikari,done,2026-06-02 10:16:10.701817,2026-06-02 10:18:03.777102
ee0a279f9e634e1188091b555c175f85,322.933,326.933,4.0,110,0,1,2026-06-02 10:18:03.763342,5608828cd73147dea90b8a5fe51f1653,https://youtu.be/5M_5AnWZhSs?si=CeIcStRJ6uddEPkH,5M_5AnWZhSs,New Nepali Song | Maile K Biraye - Anju Panta | Keki Adhikari,done,2026-06-02 10:16:10.701817,2026-06-02 10:18:03.777102
71a59e3a33df4404af3c0aee163fac16,342.6,347.133,4.533,121,0,1,2026-06-02 10:18:03.763342,5608828cd73147dea90b8a5fe51f1653,https://youtu.be/5M_5AnWZhSs?si=CeIcStRJ6uddEPkH,5M_5AnWZhSs,New Nepali Song | Maile K Biraye - Anju Panta | Keki Adhikari,done,2026-06-02 10:16:10.701817,2026-06-02 10:18:03.777102
c9ad1719431843b8901f98fe8c1626ae,348.867,352.467,3.6,123,0,1,2026-06-02 10:18:03.763342,5608828cd73147dea90b8a5fe51f1653,https://youtu.be/5M_5AnWZhSs?si=CeIcStRJ6uddEPkH,5M_5AnWZhSs,New Nepali Song | Maile K Biraye - Anju Panta | Keki Adhikari,done,2026-06-02 10:16:10.701817,2026-06-02 10:18:03.777102
c62adb3ab2da43758f7da3539144fe18,352.467,358.4,5.933,124,0,1,2026-06-02 10:18:03.763342,5608828cd73147dea90b8a5fe51f1653,https://youtu.be/5M_5AnWZhSs?si=CeIcStRJ6uddEPkH,5M_5AnWZhSs,New Nepali Song | Maile K Biraye - Anju Panta | Keki Adhikari,done,2026-06-02 10:16:10.701817,2026-06-02 10:18:03.777102
650519dba8f849d281fb6da0032e9795,2.875,7.75,4.875,1,1,1,2026-05-29 06:58:03.063561,3975d5e40caa4ec781024cc2f8974f48,https://youtu.be/jWOsgaebblE?si=1Ik9cjilLT1RUba8,jWOsgaebblE,"Nyauli Banaima || BARISTHA BALARAM || Movie Official Song 2025 || Bijay Baral, Samriddhi Aryal",done,2026-05-29 06:55:39.728272,2026-05-29 06:58:03.070002
ac136a8aa45543c4aaa6c9ee7aacf8d8,12.583,17.5,4.917,7,1,1,2026-05-29 06:58:03.063561,3975d5e40caa4ec781024cc2f8974f48,https://youtu.be/jWOsgaebblE?si=1Ik9cjilLT1RUba8,jWOsgaebblE,"Nyauli Banaima || BARISTHA BALARAM || Movie Official Song 2025 || Bijay Baral, Samriddhi Aryal",done,2026-05-29 06:55:39.728272,2026-05-29 06:58:03.070002
2a0db2f95c9847aca340a697dfa4311e,17.5,21.0,3.5,8,1,1,2026-05-29 06:58:03.063561,3975d5e40caa4ec781024cc2f8974f48,https://youtu.be/jWOsgaebblE?si=1Ik9cjilLT1RUba8,jWOsgaebblE,"Nyauli Banaima || BARISTHA BALARAM || Movie Official Song 2025 || Bijay Baral, Samriddhi Aryal",done,2026-05-29 06:55:39.728272,2026-05-29 06:58:03.070002
39e291057a7a4e5f8477220743686773,23.25,26.292,3.042,10,1,1,2026-05-29 06:58:03.063561,3975d5e40caa4ec781024cc2f8974f48,https://youtu.be/jWOsgaebblE?si=1Ik9cjilLT1RUba8,jWOsgaebblE,"Nyauli Banaima || BARISTHA BALARAM || Movie Official Song 2025 || Bijay Baral, Samriddhi Aryal",done,2026-05-29 06:55:39.728272,2026-05-29 06:58:03.070002
1178c5148084491b8a42df1690dad6aa,32.0,36.792,4.792,13,1,1,2026-05-29 06:58:03.063561,3975d5e40caa4ec781024cc2f8974f48,https://youtu.be/jWOsgaebblE?si=1Ik9cjilLT1RUba8,jWOsgaebblE,"Nyauli Banaima || BARISTHA BALARAM || Movie Official Song 2025 || Bijay Baral, Samriddhi Aryal",done,2026-05-29 06:55:39.728272,2026-05-29 06:58:03.070002
314e0f185aa1476ea88b8c1175cebbc8,36.792,40.208,3.417,14,1,1,2026-05-29 06:58:03.063561,3975d5e40caa4ec781024cc2f8974f48,https://youtu.be/jWOsgaebblE?si=1Ik9cjilLT1RUba8,jWOsgaebblE,"Nyauli Banaima || BARISTHA BALARAM || Movie Official Song 2025 || Bijay Baral, Samriddhi Aryal",done,2026-05-29 06:55:39.728272,2026-05-29 06:58:03.070002
584bcdb49e0f45f3b91f924e4616bae0,49.208,53.833,4.625,19,1,1,2026-05-29 06:58:03.063561,3975d5e40caa4ec781024cc2f8974f48,https://youtu.be/jWOsgaebblE?si=1Ik9cjilLT1RUba8,jWOsgaebblE,"Nyauli Banaima || BARISTHA BALARAM || Movie Official Song 2025 || Bijay Baral, Samriddhi Aryal",done,2026-05-29 06:55:39.728272,2026-05-29 06:58:03.070002
c05c3f65cb664b238d261f9bcda8abef,58.208,62.292,4.083,22,1,1,2026-05-29 06:58:03.063561,3975d5e40caa4ec781024cc2f8974f48,https://youtu.be/jWOsgaebblE?si=1Ik9cjilLT1RUba8,jWOsgaebblE,"Nyauli Banaima || BARISTHA BALARAM || Movie Official Song 2025 || Bijay Baral, Samriddhi Aryal",done,2026-05-29 06:55:39.728272,2026-05-29 06:58:03.070002
5dd4923813a44c8f8feeb18a65ad6d1b,62.292,72.292,10.0,23,1,1,2026-05-29 06:58:03.063561,3975d5e40caa4ec781024cc2f8974f48,https://youtu.be/jWOsgaebblE?si=1Ik9cjilLT1RUba8,jWOsgaebblE,"Nyauli Banaima || BARISTHA BALARAM || Movie Official Song 2025 || Bijay Baral, Samriddhi Aryal",done,2026-05-29 06:55:39.728272,2026-05-29 06:58:03.070002
ca9faa13f41e48c9b9712b49ff819c5f,78.125,88.125,10.0,24,1,1,2026-05-29 06:58:03.063561,3975d5e40caa4ec781024cc2f8974f48,https://youtu.be/jWOsgaebblE?si=1Ik9cjilLT1RUba8,jWOsgaebblE,"Nyauli Banaima || BARISTHA BALARAM || Movie Official Song 2025 || Bijay Baral, Samriddhi Aryal",done,2026-05-29 06:55:39.728272,2026-05-29 06:58:03.070002
196abde8c30c410da04ce88edaf704f3,89.625,97.625,8.0,25,1,1,2026-05-29 06:58:03.063561,3975d5e40caa4ec781024cc2f8974f48,https://youtu.be/jWOsgaebblE?si=1Ik9cjilLT1RUba8,jWOsgaebblE,"Nyauli Banaima || BARISTHA BALARAM || Movie Official Song 2025 || Bijay Baral, Samriddhi Aryal",done,2026-05-29 06:55:39.728272,2026-05-29 06:58:03.070002
994cabeb583a49a79379ebb25c37d824,102.458,108.917,6.458,28,1,1,2026-05-29 06:58:03.063561,3975d5e40caa4ec781024cc2f8974f48,https://youtu.be/jWOsgaebblE?si=1Ik9cjilLT1RUba8,jWOsgaebblE,"Nyauli Banaima || BARISTHA BALARAM || Movie Official Song 2025 || Bijay Baral, Samriddhi Aryal",done,2026-05-29 06:55:39.728272,2026-05-29 06:58:03.070002
967f7584046341ed9e6e36680a0c6a66,112.75,117.167,4.417,31,1,1,2026-05-29 06:58:03.064109,3975d5e40caa4ec781024cc2f8974f48,https://youtu.be/jWOsgaebblE?si=1Ik9cjilLT1RUba8,jWOsgaebblE,"Nyauli Banaima || BARISTHA BALARAM || Movie Official Song 2025 || Bijay Baral, Samriddhi Aryal",done,2026-05-29 06:55:39.728272,2026-05-29 06:58:03.070002
011aa4642ad14515ade8595b1db15eed,122.917,126.208,3.292,36,1,1,2026-05-29 06:58:03.064109,3975d5e40caa4ec781024cc2f8974f48,https://youtu.be/jWOsgaebblE?si=1Ik9cjilLT1RUba8,jWOsgaebblE,"Nyauli Banaima || BARISTHA BALARAM || Movie Official Song 2025 || Bijay Baral, Samriddhi Aryal",done,2026-05-29 06:55:39.728272,2026-05-29 06:58:03.070002
2fd2aeae59954fdf974c03de27c8e737,130.208,134.75,4.542,39,1,1,2026-05-29 06:58:03.064109,3975d5e40caa4ec781024cc2f8974f48,https://youtu.be/jWOsgaebblE?si=1Ik9cjilLT1RUba8,jWOsgaebblE,"Nyauli Banaima || BARISTHA BALARAM || Movie Official Song 2025 || Bijay Baral, Samriddhi Aryal",done,2026-05-29 06:55:39.728272,2026-05-29 06:58:03.070002
78cf3815f095480ea025d6fb8239d6d7,134.75,139.667,4.917,40,1,1,2026-05-29 06:58:03.064109,3975d5e40caa4ec781024cc2f8974f48,https://youtu.be/jWOsgaebblE?si=1Ik9cjilLT1RUba8,jWOsgaebblE,"Nyauli Banaima || BARISTHA BALARAM || Movie Official Song 2025 || Bijay Baral, Samriddhi Aryal",done,2026-05-29 06:55:39.728272,2026-05-29 06:58:03.070002
b3d1150614dd4948be51175064a5a9ed,139.667,144.375,4.708,41,1,1,2026-05-29 06:58:03.064109,3975d5e40caa4ec781024cc2f8974f48,https://youtu.be/jWOsgaebblE?si=1Ik9cjilLT1RUba8,jWOsgaebblE,"Nyauli Banaima || BARISTHA BALARAM || Movie Official Song 2025 || Bijay Baral, Samriddhi Aryal",done,2026-05-29 06:55:39.728272,2026-05-29 06:58:03.070002
cd13b52639634a67bdca41b473d00acc,144.375,149.208,4.833,42,1,1,2026-05-29 06:58:03.064109,3975d5e40caa4ec781024cc2f8974f48,https://youtu.be/jWOsgaebblE?si=1Ik9cjilLT1RUba8,jWOsgaebblE,"Nyauli Banaima || BARISTHA BALARAM || Movie Official Song 2025 || Bijay Baral, Samriddhi Aryal",done,2026-05-29 06:55:39.728272,2026-05-29 06:58:03.070002
2013b10b53114d87814b1822933ec505,156.042,163.667,7.625,46,1,1,2026-05-29 06:58:03.064109,3975d5e40caa4ec781024cc2f8974f48,https://youtu.be/jWOsgaebblE?si=1Ik9cjilLT1RUba8,jWOsgaebblE,"Nyauli Banaima || BARISTHA BALARAM || Movie Official Song 2025 || Bijay Baral, Samriddhi Aryal",done,2026-05-29 06:55:39.728272,2026-05-29 06:58:03.070002
ca185568ad6a48429040a96b8b3ba9b0,163.667,167.125,3.458,47,1,1,2026-05-29 06:58:03.064109,3975d5e40caa4ec781024cc2f8974f48,https://youtu.be/jWOsgaebblE?si=1Ik9cjilLT1RUba8,jWOsgaebblE,"Nyauli Banaima || BARISTHA BALARAM || Movie Official Song 2025 || Bijay Baral, Samriddhi Aryal",done,2026-05-29 06:55:39.728272,2026-05-29 06:58:03.070002
a3e2401d59724dc6afd8e876a4bfe35e,168.667,173.292,4.625,49,1,1,2026-05-29 06:58:03.064109,3975d5e40caa4ec781024cc2f8974f48,https://youtu.be/jWOsgaebblE?si=1Ik9cjilLT1RUba8,jWOsgaebblE,"Nyauli Banaima || BARISTHA BALARAM || Movie Official Song 2025 || Bijay Baral, Samriddhi Aryal",done,2026-05-29 06:55:39.728272,2026-05-29 06:58:03.070002
ff5e358940ca493e87655ff278b9c474,173.292,177.917,4.625,50,1,1,2026-05-29 06:58:03.064109,3975d5e40caa4ec781024cc2f8974f48,https://youtu.be/jWOsgaebblE?si=1Ik9cjilLT1RUba8,jWOsgaebblE,"Nyauli Banaima || BARISTHA BALARAM || Movie Official Song 2025 || Bijay Baral, Samriddhi Aryal",done,2026-05-29 06:55:39.728272,2026-05-29 06:58:03.070002
5d9f9cfdf7e840d886e7800a804fe274,177.917,182.875,4.958,51,1,1,2026-05-29 06:58:03.064109,3975d5e40caa4ec781024cc2f8974f48,https://youtu.be/jWOsgaebblE?si=1Ik9cjilLT1RUba8,jWOsgaebblE,"Nyauli Banaima || BARISTHA BALARAM || Movie Official Song 2025 || Bijay Baral, Samriddhi Aryal",done,2026-05-29 06:55:39.728272,2026-05-29 06:58:03.070002
c5f622640c2b465aba069e644f32c0bb,182.875,186.833,3.958,52,1,1,2026-05-29 06:58:03.064109,3975d5e40caa4ec781024cc2f8974f48,https://youtu.be/jWOsgaebblE?si=1Ik9cjilLT1RUba8,jWOsgaebblE,"Nyauli Banaima || BARISTHA BALARAM || Movie Official Song 2025 || Bijay Baral, Samriddhi Aryal",done,2026-05-29 06:55:39.728272,2026-05-29 06:58:03.070002
817d9b02daa84c1abfcb9d6a705a08ae,189.208,198.958,9.75,54,1,1,2026-05-29 06:58:03.064109,3975d5e40caa4ec781024cc2f8974f48,https://youtu.be/jWOsgaebblE?si=1Ik9cjilLT1RUba8,jWOsgaebblE,"Nyauli Banaima || BARISTHA BALARAM || Movie Official Song 2025 || Bijay Baral, Samriddhi Aryal",done,2026-05-29 06:55:39.728272,2026-05-29 06:58:03.070002
cd7139a1c80144b6936c1019f4641d69,198.958,205.125,6.167,55,1,1,2026-05-29 06:58:03.064109,3975d5e40caa4ec781024cc2f8974f48,https://youtu.be/jWOsgaebblE?si=1Ik9cjilLT1RUba8,jWOsgaebblE,"Nyauli Banaima || BARISTHA BALARAM || Movie Official Song 2025 || Bijay Baral, Samriddhi Aryal",done,2026-05-29 06:55:39.728272,2026-05-29 06:58:03.070002
78f03cd42714419b801a5626b3b93c39,208.0,215.333,7.333,57,1,1,2026-05-29 06:58:03.064109,3975d5e40caa4ec781024cc2f8974f48,https://youtu.be/jWOsgaebblE?si=1Ik9cjilLT1RUba8,jWOsgaebblE,"Nyauli Banaima || BARISTHA BALARAM || Movie Official Song 2025 || Bijay Baral, Samriddhi Aryal",done,2026-05-29 06:55:39.728272,2026-05-29 06:58:03.070002
f97a1cb8890b48e7b66ba49ea3d477d2,218.0,224.792,6.792,59,1,1,2026-05-29 06:58:03.064109,3975d5e40caa4ec781024cc2f8974f48,https://youtu.be/jWOsgaebblE?si=1Ik9cjilLT1RUba8,jWOsgaebblE,"Nyauli Banaima || BARISTHA BALARAM || Movie Official Song 2025 || Bijay Baral, Samriddhi Aryal",done,2026-05-29 06:55:39.728272,2026-05-29 06:58:03.070002
c36a692f6f004651bb20a83b03bc761b,230.417,234.875,4.458,63,1,1,2026-05-29 06:58:03.064109,3975d5e40caa4ec781024cc2f8974f48,https://youtu.be/jWOsgaebblE?si=1Ik9cjilLT1RUba8,jWOsgaebblE,"Nyauli Banaima || BARISTHA BALARAM || Movie Official Song 2025 || Bijay Baral, Samriddhi Aryal",done,2026-05-29 06:55:39.728272,2026-05-29 06:58:03.070002
01c3a92bc8c94834888307deb3d263c5,234.875,238.0,3.125,64,1,1,2026-05-29 06:58:03.064109,3975d5e40caa4ec781024cc2f8974f48,https://youtu.be/jWOsgaebblE?si=1Ik9cjilLT1RUba8,jWOsgaebblE,"Nyauli Banaima || BARISTHA BALARAM || Movie Official Song 2025 || Bijay Baral, Samriddhi Aryal",done,2026-05-29 06:55:39.728272,2026-05-29 06:58:03.070002
d1d745be20b4466da66b5aa5d1d53b84,238.0,241.708,3.708,65,1,1,2026-05-29 06:58:03.064109,3975d5e40caa4ec781024cc2f8974f48,https://youtu.be/jWOsgaebblE?si=1Ik9cjilLT1RUba8,jWOsgaebblE,"Nyauli Banaima || BARISTHA BALARAM || Movie Official Song 2025 || Bijay Baral, Samriddhi Aryal",done,2026-05-29 06:55:39.728272,2026-05-29 06:58:03.070002
f2644c7182f34036982255068051247d,246.25,250.375,4.125,68,1,1,2026-05-29 06:58:03.064109,3975d5e40caa4ec781024cc2f8974f48,https://youtu.be/jWOsgaebblE?si=1Ik9cjilLT1RUba8,jWOsgaebblE,"Nyauli Banaima || BARISTHA BALARAM || Movie Official Song 2025 || Bijay Baral, Samriddhi Aryal",done,2026-05-29 06:55:39.728272,2026-05-29 06:58:03.070002
1a8bd47fa255418ab8047b9eb95b63c4,250.375,259.833,9.458,69,1,1,2026-05-29 06:58:03.064109,3975d5e40caa4ec781024cc2f8974f48,https://youtu.be/jWOsgaebblE?si=1Ik9cjilLT1RUba8,jWOsgaebblE,"Nyauli Banaima || BARISTHA BALARAM || Movie Official Song 2025 || Bijay Baral, Samriddhi Aryal",done,2026-05-29 06:55:39.728272,2026-05-29 06:58:03.070002
fe83330a8c404879ade01436e77c4fb7,259.833,269.208,9.375,70,1,1,2026-05-29 06:58:03.064109,3975d5e40caa4ec781024cc2f8974f48,https://youtu.be/jWOsgaebblE?si=1Ik9cjilLT1RUba8,jWOsgaebblE,"Nyauli Banaima || BARISTHA BALARAM || Movie Official Song 2025 || Bijay Baral, Samriddhi Aryal",done,2026-05-29 06:55:39.728272,2026-05-29 06:58:03.070002
5ddc2188fd3f4656ad0bf9fa14ae7184,269.208,272.667,3.458,71,1,1,2026-05-29 06:58:03.064109,3975d5e40caa4ec781024cc2f8974f48,https://youtu.be/jWOsgaebblE?si=1Ik9cjilLT1RUba8,jWOsgaebblE,"Nyauli Banaima || BARISTHA BALARAM || Movie Official Song 2025 || Bijay Baral, Samriddhi Aryal",done,2026-05-29 06:55:39.728272,2026-05-29 06:58:03.070002
aef439f3ce8340c9a9d3bc78523379eb,272.667,281.125,8.458,72,1,1,2026-05-29 06:58:03.064109,3975d5e40caa4ec781024cc2f8974f48,https://youtu.be/jWOsgaebblE?si=1Ik9cjilLT1RUba8,jWOsgaebblE,"Nyauli Banaima || BARISTHA BALARAM || Movie Official Song 2025 || Bijay Baral, Samriddhi Aryal",done,2026-05-29 06:55:39.728272,2026-05-29 06:58:03.070002
d5999f6b97ca40c7a9628eb87741295f,2.875,12.875,10.0,1,1,1,2026-05-29 08:49:11.851133,6528b3303a544ff78a48dd18700c3110,https://youtu.be/49l3WFQe0Q4?si=cVRJAnQ4WykDH7x0,49l3WFQe0Q4,"PHOOL HOINA - ""ROSE"" Movie Song || Pradeep Khadka, Miruna Magar || Pratap Das, Prabisha Adhikari",done,2026-05-29 08:45:55.072146,2026-05-29 08:49:11.862036
e0495d415a5f4945b5e10f66cde9e12d,22.708,26.042,3.333,5,1,1,2026-05-29 08:49:11.851664,6528b3303a544ff78a48dd18700c3110,https://youtu.be/49l3WFQe0Q4?si=cVRJAnQ4WykDH7x0,49l3WFQe0Q4,"PHOOL HOINA - ""ROSE"" Movie Song || Pradeep Khadka, Miruna Magar || Pratap Das, Prabisha Adhikari",done,2026-05-29 08:45:55.072146,2026-05-29 08:49:11.862036
e6f9e739f5964e4c9f5dd207567cccb4,26.042,29.083,3.042,6,1,1,2026-05-29 08:49:11.851664,6528b3303a544ff78a48dd18700c3110,https://youtu.be/49l3WFQe0Q4?si=cVRJAnQ4WykDH7x0,49l3WFQe0Q4,"PHOOL HOINA - ""ROSE"" Movie Song || Pradeep Khadka, Miruna Magar || Pratap Das, Prabisha Adhikari",done,2026-05-29 08:45:55.072146,2026-05-29 08:49:11.862036
85ba2beb904e42e08182cc66663ec070,29.083,32.167,3.083,7,1,1,2026-05-29 08:49:11.851664,6528b3303a544ff78a48dd18700c3110,https://youtu.be/49l3WFQe0Q4?si=cVRJAnQ4WykDH7x0,49l3WFQe0Q4,"PHOOL HOINA - ""ROSE"" Movie Song || Pradeep Khadka, Miruna Magar || Pratap Das, Prabisha Adhikari",done,2026-05-29 08:45:55.072146,2026-05-29 08:49:11.862036
5a986b35ced44ede98f4cdedda6f09b4,34.625,37.958,3.333,9,1,1,2026-05-29 08:49:11.851664,6528b3303a544ff78a48dd18700c3110,https://youtu.be/49l3WFQe0Q4?si=cVRJAnQ4WykDH7x0,49l3WFQe0Q4,"PHOOL HOINA - ""ROSE"" Movie Song || Pradeep Khadka, Miruna Magar || Pratap Das, Prabisha Adhikari",done,2026-05-29 08:45:55.072146,2026-05-29 08:49:11.862036
fd178e727c4943ae9b9ad21dace22bbd,37.958,41.0,3.042,10,1,1,2026-05-29 08:49:11.851664,6528b3303a544ff78a48dd18700c3110,https://youtu.be/49l3WFQe0Q4?si=cVRJAnQ4WykDH7x0,49l3WFQe0Q4,"PHOOL HOINA - ""ROSE"" Movie Song || Pradeep Khadka, Miruna Magar || Pratap Das, Prabisha Adhikari",done,2026-05-29 08:45:55.072146,2026-05-29 08:49:11.862036
2ff5f6cd0b4a4ab3893a7deda49f5595,41.0,44.083,3.083,11,1,1,2026-05-29 08:49:11.851664,6528b3303a544ff78a48dd18700c3110,https://youtu.be/49l3WFQe0Q4?si=cVRJAnQ4WykDH7x0,49l3WFQe0Q4,"PHOOL HOINA - ""ROSE"" Movie Song || Pradeep Khadka, Miruna Magar || Pratap Das, Prabisha Adhikari",done,2026-05-29 08:45:55.072146,2026-05-29 08:49:11.862036
b4d7b5aa73534180aed91604d4486f09,47.083,52.542,5.458,14,1,1,2026-05-29 08:49:11.851664,6528b3303a544ff78a48dd18700c3110,https://youtu.be/49l3WFQe0Q4?si=cVRJAnQ4WykDH7x0,49l3WFQe0Q4,"PHOOL HOINA - ""ROSE"" Movie Song || Pradeep Khadka, Miruna Magar || Pratap Das, Prabisha Adhikari",done,2026-05-29 08:45:55.072146,2026-05-29 08:49:11.862036
70339473988944f7a8747d4d3db424dc,52.542,55.875,3.333,15,1,1,2026-05-29 08:49:11.851664,6528b3303a544ff78a48dd18700c3110,https://youtu.be/49l3WFQe0Q4?si=cVRJAnQ4WykDH7x0,49l3WFQe0Q4,"PHOOL HOINA - ""ROSE"" Movie Song || Pradeep Khadka, Miruna Magar || Pratap Das, Prabisha Adhikari",done,2026-05-29 08:45:55.072146,2026-05-29 08:49:11.862036
c82d531f8b9741748aaced3572402fd3,61.167,64.625,3.458,18,1,1,2026-05-29 08:49:11.851664,6528b3303a544ff78a48dd18700c3110,https://youtu.be/49l3WFQe0Q4?si=cVRJAnQ4WykDH7x0,49l3WFQe0Q4,"PHOOL HOINA - ""ROSE"" Movie Song || Pradeep Khadka, Miruna Magar || Pratap Das, Prabisha Adhikari",done,2026-05-29 08:45:55.072146,2026-05-29 08:49:11.862036
7a6acd75cc224894ae3c6ce92f8b4367,70.417,75.458,5.042,22,1,1,2026-05-29 08:49:11.851664,6528b3303a544ff78a48dd18700c3110,https://youtu.be/49l3WFQe0Q4?si=cVRJAnQ4WykDH7x0,49l3WFQe0Q4,"PHOOL HOINA - ""ROSE"" Movie Song || Pradeep Khadka, Miruna Magar || Pratap Das, Prabisha Adhikari",done,2026-05-29 08:45:55.072146,2026-05-29 08:49:11.862036
15a19067b38d4f50ba51890e929ebc04,96.5,100.292,3.792,34,1,1,2026-05-29 08:49:11.851664,6528b3303a544ff78a48dd18700c3110,https://youtu.be/49l3WFQe0Q4?si=cVRJAnQ4WykDH7x0,49l3WFQe0Q4,"PHOOL HOINA - ""ROSE"" Movie Song || Pradeep Khadka, Miruna Magar || Pratap Das, Prabisha Adhikari",done,2026-05-29 08:45:55.072146,2026-05-29 08:49:11.862036
4ffc133eb732455ca0674d7b05e48db6,100.292,104.0,3.708,35,1,1,2026-05-29 08:49:11.851664,6528b3303a544ff78a48dd18700c3110,https://youtu.be/49l3WFQe0Q4?si=cVRJAnQ4WykDH7x0,49l3WFQe0Q4,"PHOOL HOINA - ""ROSE"" Movie Song || Pradeep Khadka, Miruna Magar || Pratap Das, Prabisha Adhikari",done,2026-05-29 08:45:55.072146,2026-05-29 08:49:11.862036
90d0cd08c1dd47eb9cfc1c3929eaaac5,107.042,110.083,3.042,38,1,1,2026-05-29 08:49:11.851664,6528b3303a544ff78a48dd18700c3110,https://youtu.be/49l3WFQe0Q4?si=cVRJAnQ4WykDH7x0,49l3WFQe0Q4,"PHOOL HOINA - ""ROSE"" Movie Song || Pradeep Khadka, Miruna Magar || Pratap Das, Prabisha Adhikari",done,2026-05-29 08:45:55.072146,2026-05-29 08:49:11.862036
78044d1534c440a9b89854a9130855e3,117.167,125.083,7.917,43,1,1,2026-05-29 08:49:11.851664,6528b3303a544ff78a48dd18700c3110,https://youtu.be/49l3WFQe0Q4?si=cVRJAnQ4WykDH7x0,49l3WFQe0Q4,"PHOOL HOINA - ""ROSE"" Movie Song || Pradeep Khadka, Miruna Magar || Pratap Das, Prabisha Adhikari",done,2026-05-29 08:45:55.072146,2026-05-29 08:49:11.862036
6e041dcdd6474536bb586e794672d893,125.083,128.083,3.0,44,1,1,2026-05-29 08:49:11.851664,6528b3303a544ff78a48dd18700c3110,https://youtu.be/49l3WFQe0Q4?si=cVRJAnQ4WykDH7x0,49l3WFQe0Q4,"PHOOL HOINA - ""ROSE"" Movie Song || Pradeep Khadka, Miruna Magar || Pratap Das, Prabisha Adhikari",done,2026-05-29 08:45:55.072146,2026-05-29 08:49:11.862036
58de1fe50a924b30bad21f98692a9f8d,130.5,133.75,3.25,46,1,1,2026-05-29 08:49:11.851664,6528b3303a544ff78a48dd18700c3110,https://youtu.be/49l3WFQe0Q4?si=cVRJAnQ4WykDH7x0,49l3WFQe0Q4,"PHOOL HOINA - ""ROSE"" Movie Song || Pradeep Khadka, Miruna Magar || Pratap Das, Prabisha Adhikari",done,2026-05-29 08:45:55.072146,2026-05-29 08:49:11.862036
08429cc7dc97454d8969dccdca80a979,136.542,139.583,3.042,48,1,1,2026-05-29 08:49:11.851664,6528b3303a544ff78a48dd18700c3110,https://youtu.be/49l3WFQe0Q4?si=cVRJAnQ4WykDH7x0,49l3WFQe0Q4,"PHOOL HOINA - ""ROSE"" Movie Song || Pradeep Khadka, Miruna Magar || Pratap Das, Prabisha Adhikari",done,2026-05-29 08:45:55.072146,2026-05-29 08:49:11.862036
d57574056d904697b3d115fc547792cb,139.583,143.375,3.792,49,1,1,2026-05-29 08:49:11.851664,6528b3303a544ff78a48dd18700c3110,https://youtu.be/49l3WFQe0Q4?si=cVRJAnQ4WykDH7x0,49l3WFQe0Q4,"PHOOL HOINA - ""ROSE"" Movie Song || Pradeep Khadka, Miruna Magar || Pratap Das, Prabisha Adhikari",done,2026-05-29 08:45:55.072146,2026-05-29 08:49:11.862036
191a232671f441afaf87a3d3a75ecf77,152.083,155.083,3.0,55,1,1,2026-05-29 08:49:11.851664,6528b3303a544ff78a48dd18700c3110,https://youtu.be/49l3WFQe0Q4?si=cVRJAnQ4WykDH7x0,49l3WFQe0Q4,"PHOOL HOINA - ""ROSE"" Movie Song || Pradeep Khadka, Miruna Magar || Pratap Das, Prabisha Adhikari",done,2026-05-29 08:45:55.072146,2026-05-29 08:49:11.862036
9ab53d6a526c4b6aa976fc7c22ab4a1d,160.458,164.208,3.75,59,1,1,2026-05-29 08:49:11.852194,6528b3303a544ff78a48dd18700c3110,https://youtu.be/49l3WFQe0Q4?si=cVRJAnQ4WykDH7x0,49l3WFQe0Q4,"PHOOL HOINA - ""ROSE"" Movie Song || Pradeep Khadka, Miruna Magar || Pratap Das, Prabisha Adhikari",done,2026-05-29 08:45:55.072146,2026-05-29 08:49:11.862036
6db3be74298a4e9d82369e79936c4fda,166.083,172.0,5.917,61,1,1,2026-05-29 08:49:11.852194,6528b3303a544ff78a48dd18700c3110,https://youtu.be/49l3WFQe0Q4?si=cVRJAnQ4WykDH7x0,49l3WFQe0Q4,"PHOOL HOINA - ""ROSE"" Movie Song || Pradeep Khadka, Miruna Magar || Pratap Das, Prabisha Adhikari",done,2026-05-29 08:45:55.072146,2026-05-29 08:49:11.862036
c0b8b3c7c7a5451fad35db295c8011bc,172.0,176.125,4.125,62,1,1,2026-05-29 08:49:11.852194,6528b3303a544ff78a48dd18700c3110,https://youtu.be/49l3WFQe0Q4?si=cVRJAnQ4WykDH7x0,49l3WFQe0Q4,"PHOOL HOINA - ""ROSE"" Movie Song || Pradeep Khadka, Miruna Magar || Pratap Das, Prabisha Adhikari",done,2026-05-29 08:45:55.072146,2026-05-29 08:49:11.862036
0d296f67dd81461981b977d04edb0941,179.833,185.0,5.167,65,1,1,2026-05-29 08:49:11.852194,6528b3303a544ff78a48dd18700c3110,https://youtu.be/49l3WFQe0Q4?si=cVRJAnQ4WykDH7x0,49l3WFQe0Q4,"PHOOL HOINA - ""ROSE"" Movie Song || Pradeep Khadka, Miruna Magar || Pratap Das, Prabisha Adhikari",done,2026-05-29 08:45:55.072146,2026-05-29 08:49:11.862036
0bb5a4d2434a435e9b5741c7663dac81,188.125,192.458,4.333,68,1,1,2026-05-29 08:49:11.852194,6528b3303a544ff78a48dd18700c3110,https://youtu.be/49l3WFQe0Q4?si=cVRJAnQ4WykDH7x0,49l3WFQe0Q4,"PHOOL HOINA - ""ROSE"" Movie Song || Pradeep Khadka, Miruna Magar || Pratap Das, Prabisha Adhikari",done,2026-05-29 08:45:55.072146,2026-05-29 08:49:11.862036
b2d2eb54180742629c6cabc07f32fb34,194.083,197.083,3.0,70,1,1,2026-05-29 08:49:11.852194,6528b3303a544ff78a48dd18700c3110,https://youtu.be/49l3WFQe0Q4?si=cVRJAnQ4WykDH7x0,49l3WFQe0Q4,"PHOOL HOINA - ""ROSE"" Movie Song || Pradeep Khadka, Miruna Magar || Pratap Das, Prabisha Adhikari",done,2026-05-29 08:45:55.072146,2026-05-29 08:49:11.862036
26941d07be75466ea059763e61eecd6a,202.625,205.875,3.25,74,1,1,2026-05-29 08:49:11.852194,6528b3303a544ff78a48dd18700c3110,https://youtu.be/49l3WFQe0Q4?si=cVRJAnQ4WykDH7x0,49l3WFQe0Q4,"PHOOL HOINA - ""ROSE"" Movie Song || Pradeep Khadka, Miruna Magar || Pratap Das, Prabisha Adhikari",done,2026-05-29 08:45:55.072146,2026-05-29 08:49:11.862036
fc6317dc161549f295750b69613d278e,208.292,212.5,4.208,76,1,1,2026-05-29 08:49:11.852194,6528b3303a544ff78a48dd18700c3110,https://youtu.be/49l3WFQe0Q4?si=cVRJAnQ4WykDH7x0,49l3WFQe0Q4,"PHOOL HOINA - ""ROSE"" Movie Song || Pradeep Khadka, Miruna Magar || Pratap Das, Prabisha Adhikari",done,2026-05-29 08:45:55.072146,2026-05-29 08:49:11.862036
25b86df6751f45319e80c4c3098dcbf6,217.958,221.042,3.083,80,1,1,2026-05-29 08:49:11.852194,6528b3303a544ff78a48dd18700c3110,https://youtu.be/49l3WFQe0Q4?si=cVRJAnQ4WykDH7x0,49l3WFQe0Q4,"PHOOL HOINA - ""ROSE"" Movie Song || Pradeep Khadka, Miruna Magar || Pratap Das, Prabisha Adhikari",done,2026-05-29 08:45:55.072146,2026-05-29 08:49:11.862036
ad8b093aca44407bb38f113c455a16d7,223.833,230.083,6.25,82,1,1,2026-05-29 08:49:11.852194,6528b3303a544ff78a48dd18700c3110,https://youtu.be/49l3WFQe0Q4?si=cVRJAnQ4WykDH7x0,49l3WFQe0Q4,"PHOOL HOINA - ""ROSE"" Movie Song || Pradeep Khadka, Miruna Magar || Pratap Das, Prabisha Adhikari",done,2026-05-29 08:45:55.072146,2026-05-29 08:49:11.862036
301dc1acf7084f8cad9ba5b0dd5a1e17,243.542,247.292,3.75,89,1,1,2026-05-29 08:49:11.852194,6528b3303a544ff78a48dd18700c3110,https://youtu.be/49l3WFQe0Q4?si=cVRJAnQ4WykDH7x0,49l3WFQe0Q4,"PHOOL HOINA - ""ROSE"" Movie Song || Pradeep Khadka, Miruna Magar || Pratap Das, Prabisha Adhikari",done,2026-05-29 08:45:55.072146,2026-05-29 08:49:11.862036
4925854549df41318883c90abee5066c,247.292,251.208,3.917,90,1,1,2026-05-29 08:49:11.852194,6528b3303a544ff78a48dd18700c3110,https://youtu.be/49l3WFQe0Q4?si=cVRJAnQ4WykDH7x0,49l3WFQe0Q4,"PHOOL HOINA - ""ROSE"" Movie Song || Pradeep Khadka, Miruna Magar || Pratap Das, Prabisha Adhikari",done,2026-05-29 08:45:55.072146,2026-05-29 08:49:11.862036
905b1fd20b6141748a87e197cc5f04c5,254.042,264.042,10.0,92,1,1,2026-05-29 08:49:11.852194,6528b3303a544ff78a48dd18700c3110,https://youtu.be/49l3WFQe0Q4?si=cVRJAnQ4WykDH7x0,49l3WFQe0Q4,"PHOOL HOINA - ""ROSE"" Movie Song || Pradeep Khadka, Miruna Magar || Pratap Das, Prabisha Adhikari",done,2026-05-29 08:45:55.072146,2026-05-29 08:49:11.862036
21de6b4370c846feac6566b4aa576a68,0.0,10.0,10.0,0,1,1,2026-05-29 10:19:12.829202,25fe750a1bb849a0b6d928387418f5aa,https://youtu.be/cCxjAMIB0-k?si=JIx-gx4Y9BvmLqVT,cCxjAMIB0-k,Parkhaima - Raju Lama (Mongolian Heart) | Official Video | Iconic Nepali Pop Song | Music Nepal,done,2026-05-29 10:16:09.590108,2026-05-29 10:19:12.836263
7d4e6c5afacd41a98d4546f0f5091a87,39.24,42.36,3.12,6,1,1,2026-05-29 10:19:12.829202,25fe750a1bb849a0b6d928387418f5aa,https://youtu.be/cCxjAMIB0-k?si=JIx-gx4Y9BvmLqVT,cCxjAMIB0-k,Parkhaima - Raju Lama (Mongolian Heart) | Official Video | Iconic Nepali Pop Song | Music Nepal,done,2026-05-29 10:16:09.590108,2026-05-29 10:19:12.836263
417a90d707954fd0afa22247bd0ac912,45.52,48.56,3.04,9,1,1,2026-05-29 10:19:12.829202,25fe750a1bb849a0b6d928387418f5aa,https://youtu.be/cCxjAMIB0-k?si=JIx-gx4Y9BvmLqVT,cCxjAMIB0-k,Parkhaima - Raju Lama (Mongolian Heart) | Official Video | Iconic Nepali Pop Song | Music Nepal,done,2026-05-29 10:16:09.590108,2026-05-29 10:19:12.836263
be88e95c4e294bf88f7310d98724a466,52.32,60.8,8.48,12,1,1,2026-05-29 10:19:12.829202,25fe750a1bb849a0b6d928387418f5aa,https://youtu.be/cCxjAMIB0-k?si=JIx-gx4Y9BvmLqVT,cCxjAMIB0-k,Parkhaima - Raju Lama (Mongolian Heart) | Official Video | Iconic Nepali Pop Song | Music Nepal,done,2026-05-29 10:16:09.590108,2026-05-29 10:19:12.836263
10b179140d794d688001d11f2db403ad,63.6,67.4,3.8,15,1,1,2026-05-29 10:19:12.829202,25fe750a1bb849a0b6d928387418f5aa,https://youtu.be/cCxjAMIB0-k?si=JIx-gx4Y9BvmLqVT,cCxjAMIB0-k,Parkhaima - Raju Lama (Mongolian Heart) | Official Video | Iconic Nepali Pop Song | Music Nepal,done,2026-05-29 10:16:09.590108,2026-05-29 10:19:12.836263
8d3454993841463dbe22b9a5abc5f2b3,71.4,81.4,10.0,19,1,1,2026-05-29 10:19:12.829202,25fe750a1bb849a0b6d928387418f5aa,https://youtu.be/cCxjAMIB0-k?si=JIx-gx4Y9BvmLqVT,cCxjAMIB0-k,Parkhaima - Raju Lama (Mongolian Heart) | Official Video | Iconic Nepali Pop Song | Music Nepal,done,2026-05-29 10:16:09.590108,2026-05-29 10:19:12.836263
b85310a6403c4b1a8830a8a5c24a2d99,92.2,95.44,3.24,21,1,1,2026-05-29 10:19:12.829202,25fe750a1bb849a0b6d928387418f5aa,https://youtu.be/cCxjAMIB0-k?si=JIx-gx4Y9BvmLqVT,cCxjAMIB0-k,Parkhaima - Raju Lama (Mongolian Heart) | Official Video | Iconic Nepali Pop Song | Music Nepal,done,2026-05-29 10:16:09.590108,2026-05-29 10:19:12.836263
83a66ec051634dc691461bbcd725c576,104.56,109.12,4.56,30,1,1,2026-05-29 10:19:12.829202,25fe750a1bb849a0b6d928387418f5aa,https://youtu.be/cCxjAMIB0-k?si=JIx-gx4Y9BvmLqVT,cCxjAMIB0-k,Parkhaima - Raju Lama (Mongolian Heart) | Official Video | Iconic Nepali Pop Song | Music Nepal,done,2026-05-29 10:16:09.590108,2026-05-29 10:19:12.836263
70278ca5cbf546e0993c6af9280e420f,119.12,124.84,5.72,38,1,1,2026-05-29 10:19:12.829202,25fe750a1bb849a0b6d928387418f5aa,https://youtu.be/cCxjAMIB0-k?si=JIx-gx4Y9BvmLqVT,cCxjAMIB0-k,Parkhaima - Raju Lama (Mongolian Heart) | Official Video | Iconic Nepali Pop Song | Music Nepal,done,2026-05-29 10:16:09.590108,2026-05-29 10:19:12.836263
0571b9fde9d8481a81032f251dca0371,124.84,132.64,7.8,39,1,1,2026-05-29 10:19:12.829202,25fe750a1bb849a0b6d928387418f5aa,https://youtu.be/cCxjAMIB0-k?si=JIx-gx4Y9BvmLqVT,cCxjAMIB0-k,Parkhaima - Raju Lama (Mongolian Heart) | Official Video | Iconic Nepali Pop Song | Music Nepal,done,2026-05-29 10:16:09.590108,2026-05-29 10:19:12.836263
0687b88c613745c9be36e87932cb0a48,136.24,140.48,4.24,42,1,1,2026-05-29 10:19:12.829202,25fe750a1bb849a0b6d928387418f5aa,https://youtu.be/cCxjAMIB0-k?si=JIx-gx4Y9BvmLqVT,cCxjAMIB0-k,Parkhaima - Raju Lama (Mongolian Heart) | Official Video | Iconic Nepali Pop Song | Music Nepal,done,2026-05-29 10:16:09.590108,2026-05-29 10:19:12.836263
b82e963feb4b4a93927af667995130b5,142.16,152.16,10.0,44,1,1,2026-05-29 10:19:12.829202,25fe750a1bb849a0b6d928387418f5aa,https://youtu.be/cCxjAMIB0-k?si=JIx-gx4Y9BvmLqVT,cCxjAMIB0-k,Parkhaima - Raju Lama (Mongolian Heart) | Official Video | Iconic Nepali Pop Song | Music Nepal,done,2026-05-29 10:16:09.590108,2026-05-29 10:19:12.836263
d743b84317ba43ff8977c0830155e385,165.84,174.04,8.2,46,1,1,2026-05-29 10:19:12.829202,25fe750a1bb849a0b6d928387418f5aa,https://youtu.be/cCxjAMIB0-k?si=JIx-gx4Y9BvmLqVT,cCxjAMIB0-k,Parkhaima - Raju Lama (Mongolian Heart) | Official Video | Iconic Nepali Pop Song | Music Nepal,done,2026-05-29 10:16:09.590108,2026-05-29 10:19:12.836263
00aed22633ad4bbd9e6de86931a4d97e,179.12,183.96,4.84,52,1,1,2026-05-29 10:19:12.829202,25fe750a1bb849a0b6d928387418f5aa,https://youtu.be/cCxjAMIB0-k?si=JIx-gx4Y9BvmLqVT,cCxjAMIB0-k,Parkhaima - Raju Lama (Mongolian Heart) | Official Video | Iconic Nepali Pop Song | Music Nepal,done,2026-05-29 10:16:09.590108,2026-05-29 10:19:12.836263
f5857ad3faee42d89feb484db5454f48,183.96,187.56,3.6,53,1,1,2026-05-29 10:19:12.829202,25fe750a1bb849a0b6d928387418f5aa,https://youtu.be/cCxjAMIB0-k?si=JIx-gx4Y9BvmLqVT,cCxjAMIB0-k,Parkhaima - Raju Lama (Mongolian Heart) | Official Video | Iconic Nepali Pop Song | Music Nepal,done,2026-05-29 10:16:09.590108,2026-05-29 10:19:12.836263
ca756393d3aa4ef08c031f24c7b5f941,189.44,197.68,8.24,56,1,1,2026-05-29 10:19:12.829202,25fe750a1bb849a0b6d928387418f5aa,https://youtu.be/cCxjAMIB0-k?si=JIx-gx4Y9BvmLqVT,cCxjAMIB0-k,Parkhaima - Raju Lama (Mongolian Heart) | Official Video | Iconic Nepali Pop Song | Music Nepal,done,2026-05-29 10:16:09.590108,2026-05-29 10:19:12.836263
adc7a40ae57e450282b8e2c2454f2221,199.52,203.88,4.36,58,1,1,2026-05-29 10:19:12.829202,25fe750a1bb849a0b6d928387418f5aa,https://youtu.be/cCxjAMIB0-k?si=JIx-gx4Y9BvmLqVT,cCxjAMIB0-k,Parkhaima - Raju Lama (Mongolian Heart) | Official Video | Iconic Nepali Pop Song | Music Nepal,done,2026-05-29 10:16:09.590108,2026-05-29 10:19:12.836263
29861ffc07ad484cbfa417b11cbf0a75,207.44,214.0,6.56,61,1,1,2026-05-29 10:19:12.830203,25fe750a1bb849a0b6d928387418f5aa,https://youtu.be/cCxjAMIB0-k?si=JIx-gx4Y9BvmLqVT,cCxjAMIB0-k,Parkhaima - Raju Lama (Mongolian Heart) | Official Video | Iconic Nepali Pop Song | Music Nepal,done,2026-05-29 10:16:09.590108,2026-05-29 10:19:12.836263
a113bac193b840b4925937b5abfdc386,214.0,220.08,6.08,62,1,1,2026-05-29 10:19:12.830203,25fe750a1bb849a0b6d928387418f5aa,https://youtu.be/cCxjAMIB0-k?si=JIx-gx4Y9BvmLqVT,cCxjAMIB0-k,Parkhaima - Raju Lama (Mongolian Heart) | Official Video | Iconic Nepali Pop Song | Music Nepal,done,2026-05-29 10:16:09.590108,2026-05-29 10:19:12.836263
a841cc679b72460ca1b1871ba70800ac,220.08,227.12,7.04,63,1,1,2026-05-29 10:19:12.830203,25fe750a1bb849a0b6d928387418f5aa,https://youtu.be/cCxjAMIB0-k?si=JIx-gx4Y9BvmLqVT,cCxjAMIB0-k,Parkhaima - Raju Lama (Mongolian Heart) | Official Video | Iconic Nepali Pop Song | Music Nepal,done,2026-05-29 10:16:09.590108,2026-05-29 10:19:12.836263
c60cffaedf434f4fb9444096eb24358e,228.56,233.2,4.64,65,1,1,2026-05-29 10:19:12.830203,25fe750a1bb849a0b6d928387418f5aa,https://youtu.be/cCxjAMIB0-k?si=JIx-gx4Y9BvmLqVT,cCxjAMIB0-k,Parkhaima - Raju Lama (Mongolian Heart) | Official Video | Iconic Nepali Pop Song | Music Nepal,done,2026-05-29 10:16:09.590108,2026-05-29 10:19:12.836263
13884ae0a9404a5d9595ac178e434250,233.2,243.2,10.0,66,1,1,2026-05-29 10:19:12.830203,25fe750a1bb849a0b6d928387418f5aa,https://youtu.be/cCxjAMIB0-k?si=JIx-gx4Y9BvmLqVT,cCxjAMIB0-k,Parkhaima - Raju Lama (Mongolian Heart) | Official Video | Iconic Nepali Pop Song | Music Nepal,done,2026-05-29 10:16:09.590108,2026-05-29 10:19:12.836263
b6dedb46e34a472fb0570ebb1dd328be,245.04,249.24,4.2,67,1,1,2026-05-29 10:19:12.830203,25fe750a1bb849a0b6d928387418f5aa,https://youtu.be/cCxjAMIB0-k?si=JIx-gx4Y9BvmLqVT,cCxjAMIB0-k,Parkhaima - Raju Lama (Mongolian Heart) | Official Video | Iconic Nepali Pop Song | Music Nepal,done,2026-05-29 10:16:09.590108,2026-05-29 10:19:12.836263
7d042ef4dabc4450b4fab78f949cdbba,249.24,255.16,5.92,68,1,1,2026-05-29 10:19:12.830203,25fe750a1bb849a0b6d928387418f5aa,https://youtu.be/cCxjAMIB0-k?si=JIx-gx4Y9BvmLqVT,cCxjAMIB0-k,Parkhaima - Raju Lama (Mongolian Heart) | Official Video | Iconic Nepali Pop Song | Music Nepal,done,2026-05-29 10:16:09.590108,2026-05-29 10:19:12.836263
985b0a6dc2a048588cdffd1c3e2c0567,256.88,266.88,10.0,70,1,1,2026-05-29 10:19:12.830203,25fe750a1bb849a0b6d928387418f5aa,https://youtu.be/cCxjAMIB0-k?si=JIx-gx4Y9BvmLqVT,cCxjAMIB0-k,Parkhaima - Raju Lama (Mongolian Heart) | Official Video | Iconic Nepali Pop Song | Music Nepal,done,2026-05-29 10:16:09.590108,2026-05-29 10:19:12.836263
556e63b5aa444935a2745a5d498b5391,287.96,297.96,10.0,80,1,1,2026-05-29 10:19:12.830203,25fe750a1bb849a0b6d928387418f5aa,https://youtu.be/cCxjAMIB0-k?si=JIx-gx4Y9BvmLqVT,cCxjAMIB0-k,Parkhaima - Raju Lama (Mongolian Heart) | Official Video | Iconic Nepali Pop Song | Music Nepal,done,2026-05-29 10:16:09.590108,2026-05-29 10:19:12.836263
3e5e121be9954c2f8fb102ce43e6aa20,8.733,12.133,3.4,4,0,1,2026-05-29 11:14:52.994606,a829a9a92cf44f9489454f7bed01c66a,https://youtu.be/BLw34i_m2Us?si=PNsQcX_GM5vqssDh,BLw34i_m2Us,Pashupati Sharma & Muna Thapa Nepali Lok Dohori | Bhanthe Maile Je Dekhana Naparos,done,2026-05-29 11:14:20.563949,2026-05-29 11:14:53.008897
291ba73cc0d941989b4408a300a8effa,12.133,19.133,7.0,5,0,1,2026-05-29 11:14:52.994606,a829a9a92cf44f9489454f7bed01c66a,https://youtu.be/BLw34i_m2Us?si=PNsQcX_GM5vqssDh,BLw34i_m2Us,Pashupati Sharma & Muna Thapa Nepali Lok Dohori | Bhanthe Maile Je Dekhana Naparos,done,2026-05-29 11:14:20.563949,2026-05-29 11:14:53.008897
f7b88f85121b405d869b8ded6acddbdc,19.133,22.533,3.4,6,0,1,2026-05-29 11:14:52.994606,a829a9a92cf44f9489454f7bed01c66a,https://youtu.be/BLw34i_m2Us?si=PNsQcX_GM5vqssDh,BLw34i_m2Us,Pashupati Sharma & Muna Thapa Nepali Lok Dohori | Bhanthe Maile Je Dekhana Naparos,done,2026-05-29 11:14:20.563949,2026-05-29 11:14:53.008897
b7d1d8a9896c4323875c8bab3fc91607,22.533,25.933,3.4,7,0,1,2026-05-29 11:14:52.994606,a829a9a92cf44f9489454f7bed01c66a,https://youtu.be/BLw34i_m2Us?si=PNsQcX_GM5vqssDh,BLw34i_m2Us,Pashupati Sharma & Muna Thapa Nepali Lok Dohori | Bhanthe Maile Je Dekhana Naparos,done,2026-05-29 11:14:20.563949,2026-05-29 11:14:53.008897
032759a0836a4cec9cac5c0ee5f67bd8,32.8,36.2,3.4,12,0,1,2026-05-29 11:14:52.994606,a829a9a92cf44f9489454f7bed01c66a,https://youtu.be/BLw34i_m2Us?si=PNsQcX_GM5vqssDh,BLw34i_m2Us,Pashupati Sharma & Muna Thapa Nepali Lok Dohori | Bhanthe Maile Je Dekhana Naparos,done,2026-05-29 11:14:20.563949,2026-05-29 11:14:53.008897
dadd9a5180be4d09ad9e49a6706a8559,41.4,44.6,3.2,15,0,1,2026-05-29 11:14:52.994606,a829a9a92cf44f9489454f7bed01c66a,https://youtu.be/BLw34i_m2Us?si=PNsQcX_GM5vqssDh,BLw34i_m2Us,Pashupati Sharma & Muna Thapa Nepali Lok Dohori | Bhanthe Maile Je Dekhana Naparos,done,2026-05-29 11:14:20.563949,2026-05-29 11:14:53.008897
53798c6e9dbc4d25a7a020172f20a096,50.933,57.333,6.4,19,0,1,2026-05-29 11:14:52.994606,a829a9a92cf44f9489454f7bed01c66a,https://youtu.be/BLw34i_m2Us?si=PNsQcX_GM5vqssDh,BLw34i_m2Us,Pashupati Sharma & Muna Thapa Nepali Lok Dohori | Bhanthe Maile Je Dekhana Naparos,done,2026-05-29 11:14:20.563949,2026-05-29 11:14:53.008897
c4fe4a5789774c82b339ac67319645eb,57.333,61.0,3.667,20,0,1,2026-05-29 11:14:52.994606,a829a9a92cf44f9489454f7bed01c66a,https://youtu.be/BLw34i_m2Us?si=PNsQcX_GM5vqssDh,BLw34i_m2Us,Pashupati Sharma & Muna Thapa Nepali Lok Dohori | Bhanthe Maile Je Dekhana Naparos,done,2026-05-29 11:14:20.563949,2026-05-29 11:14:53.008897
462dd91e77334cd3a49f082ffd4918a0,64.333,68.533,4.2,23,0,1,2026-05-29 11:14:52.994606,a829a9a92cf44f9489454f7bed01c66a,https://youtu.be/BLw34i_m2Us?si=PNsQcX_GM5vqssDh,BLw34i_m2Us,Pashupati Sharma & Muna Thapa Nepali Lok Dohori | Bhanthe Maile Je Dekhana Naparos,done,2026-05-29 11:14:20.563949,2026-05-29 11:14:53.008897
7fc90a3ed7fe4904a125cfb63828fc24,85.933,90.133,4.2,34,0,1,2026-05-29 11:14:52.994606,a829a9a92cf44f9489454f7bed01c66a,https://youtu.be/BLw34i_m2Us?si=PNsQcX_GM5vqssDh,BLw34i_m2Us,Pashupati Sharma & Muna Thapa Nepali Lok Dohori | Bhanthe Maile Je Dekhana Naparos,done,2026-05-29 11:14:20.563949,2026-05-29 11:14:53.008897
4859abb1de8442d5825b52c321917633,92.733,97.0,4.267,36,0,1,2026-05-29 11:14:52.994606,a829a9a92cf44f9489454f7bed01c66a,https://youtu.be/BLw34i_m2Us?si=PNsQcX_GM5vqssDh,BLw34i_m2Us,Pashupati Sharma & Muna Thapa Nepali Lok Dohori | Bhanthe Maile Je Dekhana Naparos,done,2026-05-29 11:14:20.563949,2026-05-29 11:14:53.008897
c258a8f905934f79a2261ef59ff2ca37,109.8,114.133,4.333,43,0,1,2026-05-29 11:14:52.994606,a829a9a92cf44f9489454f7bed01c66a,https://youtu.be/BLw34i_m2Us?si=PNsQcX_GM5vqssDh,BLw34i_m2Us,Pashupati Sharma & Muna Thapa Nepali Lok Dohori | Bhanthe Maile Je Dekhana Naparos,done,2026-05-29 11:14:20.563949,2026-05-29 11:14:53.008897
d5f1f3a1689646259f8f330561430bfe,120.133,123.533,3.4,47,0,1,2026-05-29 11:14:52.994606,a829a9a92cf44f9489454f7bed01c66a,https://youtu.be/BLw34i_m2Us?si=PNsQcX_GM5vqssDh,BLw34i_m2Us,Pashupati Sharma & Muna Thapa Nepali Lok Dohori | Bhanthe Maile Je Dekhana Naparos,done,2026-05-29 11:14:20.563949,2026-05-29 11:14:53.008897
2ab654e82d0a460b9e0b0bb731cef62d,143.6,148.333,4.733,57,0,1,2026-05-29 11:14:52.994606,a829a9a92cf44f9489454f7bed01c66a,https://youtu.be/BLw34i_m2Us?si=PNsQcX_GM5vqssDh,BLw34i_m2Us,Pashupati Sharma & Muna Thapa Nepali Lok Dohori | Bhanthe Maile Je Dekhana Naparos,done,2026-05-29 11:14:20.563949,2026-05-29 11:14:53.008897
443b606000d447f98f1e393343781499,156.867,160.333,3.467,62,0,1,2026-05-29 11:14:52.994606,a829a9a92cf44f9489454f7bed01c66a,https://youtu.be/BLw34i_m2Us?si=PNsQcX_GM5vqssDh,BLw34i_m2Us,Pashupati Sharma & Muna Thapa Nepali Lok Dohori | Bhanthe Maile Je Dekhana Naparos,done,2026-05-29 11:14:20.563949,2026-05-29 11:14:53.008897
63aef18dd24d4c45829fa7f7ca6c5e60,160.333,163.733,3.4,63,0,1,2026-05-29 11:14:52.994606,a829a9a92cf44f9489454f7bed01c66a,https://youtu.be/BLw34i_m2Us?si=PNsQcX_GM5vqssDh,BLw34i_m2Us,Pashupati Sharma & Muna Thapa Nepali Lok Dohori | Bhanthe Maile Je Dekhana Naparos,done,2026-05-29 11:14:20.563949,2026-05-29 11:14:53.008897
d2d9c12431fd4270a8c5849e4bb81a6c,165.4,169.733,4.333,65,0,1,2026-05-29 11:14:52.994606,a829a9a92cf44f9489454f7bed01c66a,https://youtu.be/BLw34i_m2Us?si=PNsQcX_GM5vqssDh,BLw34i_m2Us,Pashupati Sharma & Muna Thapa Nepali Lok Dohori | Bhanthe Maile Je Dekhana Naparos,done,2026-05-29 11:14:20.563949,2026-05-29 11:14:53.008897
2a2cf176fbdf47cba45b1585745656f3,179.133,182.533,3.4,70,0,1,2026-05-29 11:14:52.994606,a829a9a92cf44f9489454f7bed01c66a,https://youtu.be/BLw34i_m2Us?si=PNsQcX_GM5vqssDh,BLw34i_m2Us,Pashupati Sharma & Muna Thapa Nepali Lok Dohori | Bhanthe Maile Je Dekhana Naparos,done,2026-05-29 11:14:20.563949,2026-05-29 11:14:53.008897
83038e8a521849a48cbb9cd903cc1b7a,184.267,188.533,4.267,72,0,1,2026-05-29 11:14:52.995608,a829a9a92cf44f9489454f7bed01c66a,https://youtu.be/BLw34i_m2Us?si=PNsQcX_GM5vqssDh,BLw34i_m2Us,Pashupati Sharma & Muna Thapa Nepali Lok Dohori | Bhanthe Maile Je Dekhana Naparos,done,2026-05-29 11:14:20.563949,2026-05-29 11:14:53.008897
e51e7049bc884214b9e57ce16b0b151c,194.533,197.933,3.4,76,0,1,2026-05-29 11:14:52.995608,a829a9a92cf44f9489454f7bed01c66a,https://youtu.be/BLw34i_m2Us?si=PNsQcX_GM5vqssDh,BLw34i_m2Us,Pashupati Sharma & Muna Thapa Nepali Lok Dohori | Bhanthe Maile Je Dekhana Naparos,done,2026-05-29 11:14:20.563949,2026-05-29 11:14:53.008897
bcb8865647354cf38ceedb9dc88fb50a,200.533,205.4,4.867,78,0,1,2026-05-29 11:14:52.995608,a829a9a92cf44f9489454f7bed01c66a,https://youtu.be/BLw34i_m2Us?si=PNsQcX_GM5vqssDh,BLw34i_m2Us,Pashupati Sharma & Muna Thapa Nepali Lok Dohori | Bhanthe Maile Je Dekhana Naparos,done,2026-05-29 11:14:20.563949,2026-05-29 11:14:53.008897
ac1f7b1186a64ec8886f70c4c1ba9bb5,206.933,212.8,5.867,80,0,1,2026-05-29 11:14:52.995608,a829a9a92cf44f9489454f7bed01c66a,https://youtu.be/BLw34i_m2Us?si=PNsQcX_GM5vqssDh,BLw34i_m2Us,Pashupati Sharma & Muna Thapa Nepali Lok Dohori | Bhanthe Maile Je Dekhana Naparos,done,2026-05-29 11:14:20.563949,2026-05-29 11:14:53.008897
4316c0a83e66432183044880600564fe,214.2,217.867,3.667,82,0,1,2026-05-29 11:14:52.995608,a829a9a92cf44f9489454f7bed01c66a,https://youtu.be/BLw34i_m2Us?si=PNsQcX_GM5vqssDh,BLw34i_m2Us,Pashupati Sharma & Muna Thapa Nepali Lok Dohori | Bhanthe Maile Je Dekhana Naparos,done,2026-05-29 11:14:20.563949,2026-05-29 11:14:53.008897
2aac7704e19b42fcaafd16fec8037e42,218.933,221.933,3.0,84,0,1,2026-05-29 11:14:52.995608,a829a9a92cf44f9489454f7bed01c66a,https://youtu.be/BLw34i_m2Us?si=PNsQcX_GM5vqssDh,BLw34i_m2Us,Pashupati Sharma & Muna Thapa Nepali Lok Dohori | Bhanthe Maile Je Dekhana Naparos,done,2026-05-29 11:14:20.563949,2026-05-29 11:14:53.008897
d9779c47cedb4c4e8b7b092ad9f13ac5,224.467,229.6,5.133,86,0,1,2026-05-29 11:14:52.995608,a829a9a92cf44f9489454f7bed01c66a,https://youtu.be/BLw34i_m2Us?si=PNsQcX_GM5vqssDh,BLw34i_m2Us,Pashupati Sharma & Muna Thapa Nepali Lok Dohori | Bhanthe Maile Je Dekhana Naparos,done,2026-05-29 11:14:20.563949,2026-05-29 11:14:53.008897
54018c3bcbdf4b76a841308b1e26207b,229.6,233.0,3.4,87,0,1,2026-05-29 11:14:52.995608,a829a9a92cf44f9489454f7bed01c66a,https://youtu.be/BLw34i_m2Us?si=PNsQcX_GM5vqssDh,BLw34i_m2Us,Pashupati Sharma & Muna Thapa Nepali Lok Dohori | Bhanthe Maile Je Dekhana Naparos,done,2026-05-29 11:14:20.563949,2026-05-29 11:14:53.008897
1e94f22df58b4cb5a2ab2d16b294ad7c,235.2,239.133,3.933,89,0,1,2026-05-29 11:14:52.995608,a829a9a92cf44f9489454f7bed01c66a,https://youtu.be/BLw34i_m2Us?si=PNsQcX_GM5vqssDh,BLw34i_m2Us,Pashupati Sharma & Muna Thapa Nepali Lok Dohori | Bhanthe Maile Je Dekhana Naparos,done,2026-05-29 11:14:20.563949,2026-05-29 11:14:53.008897
f4cee08e8eb04e0dbd07098ed3232c54,296.8,300.2,3.4,118,0,1,2026-05-29 11:14:52.995608,a829a9a92cf44f9489454f7bed01c66a,https://youtu.be/BLw34i_m2Us?si=PNsQcX_GM5vqssDh,BLw34i_m2Us,Pashupati Sharma & Muna Thapa Nepali Lok Dohori | Bhanthe Maile Je Dekhana Naparos,done,2026-05-29 11:14:20.563949,2026-05-29 11:14:53.008897
7625dc8ab59142d39f9d84916dc24a5a,307.8,311.2,3.4,123,0,1,2026-05-29 11:14:52.995608,a829a9a92cf44f9489454f7bed01c66a,https://youtu.be/BLw34i_m2Us?si=PNsQcX_GM5vqssDh,BLw34i_m2Us,Pashupati Sharma & Muna Thapa Nepali Lok Dohori | Bhanthe Maile Je Dekhana Naparos,done,2026-05-29 11:14:20.563949,2026-05-29 11:14:53.008897
aa25cdcf1e5943e5b9e3f242cb16e4ad,311.2,314.6,3.4,124,0,1,2026-05-29 11:14:52.995608,a829a9a92cf44f9489454f7bed01c66a,https://youtu.be/BLw34i_m2Us?si=PNsQcX_GM5vqssDh,BLw34i_m2Us,Pashupati Sharma & Muna Thapa Nepali Lok Dohori | Bhanthe Maile Je Dekhana Naparos,done,2026-05-29 11:14:20.563949,2026-05-29 11:14:53.008897
90e202f9c4e6491e8b9be4afeaf0d018,323.133,326.6,3.467,129,0,1,2026-05-29 11:14:52.995608,a829a9a92cf44f9489454f7bed01c66a,https://youtu.be/BLw34i_m2Us?si=PNsQcX_GM5vqssDh,BLw34i_m2Us,Pashupati Sharma & Muna Thapa Nepali Lok Dohori | Bhanthe Maile Je Dekhana Naparos,done,2026-05-29 11:14:20.563949,2026-05-29 11:14:53.008897
e5c5d17c03d14ebfaad6428d74a74a8a,331.667,335.133,3.467,132,0,1,2026-05-29 11:14:52.995608,a829a9a92cf44f9489454f7bed01c66a,https://youtu.be/BLw34i_m2Us?si=PNsQcX_GM5vqssDh,BLw34i_m2Us,Pashupati Sharma & Muna Thapa Nepali Lok Dohori | Bhanthe Maile Je Dekhana Naparos,done,2026-05-29 11:14:20.563949,2026-05-29 11:14:53.008897
ae66647e0ba146bfbce22cd1ecd7cc53,335.133,338.6,3.467,133,0,1,2026-05-29 11:14:52.995608,a829a9a92cf44f9489454f7bed01c66a,https://youtu.be/BLw34i_m2Us?si=PNsQcX_GM5vqssDh,BLw34i_m2Us,Pashupati Sharma & Muna Thapa Nepali Lok Dohori | Bhanthe Maile Je Dekhana Naparos,done,2026-05-29 11:14:20.563949,2026-05-29 11:14:53.008897
9a4c7483e03241a6baa6ca29980ed51c,341.133,345.4,4.267,135,0,1,2026-05-29 11:14:52.995608,a829a9a92cf44f9489454f7bed01c66a,https://youtu.be/BLw34i_m2Us?si=PNsQcX_GM5vqssDh,BLw34i_m2Us,Pashupati Sharma & Muna Thapa Nepali Lok Dohori | Bhanthe Maile Je Dekhana Naparos,done,2026-05-29 11:14:20.563949,2026-05-29 11:14:53.008897
e1c574e02c074e7d8fc1ec8d347a613a,345.4,354.067,8.667,136,0,1,2026-05-29 11:14:52.995608,a829a9a92cf44f9489454f7bed01c66a,https://youtu.be/BLw34i_m2Us?si=PNsQcX_GM5vqssDh,BLw34i_m2Us,Pashupati Sharma & Muna Thapa Nepali Lok Dohori | Bhanthe Maile Je Dekhana Naparos,done,2026-05-29 11:14:20.563949,2026-05-29 11:14:53.008897
891ce71b07214eb2816e1dceb8ac74a7,364.333,369.933,5.6,142,0,1,2026-05-29 11:14:52.995608,a829a9a92cf44f9489454f7bed01c66a,https://youtu.be/BLw34i_m2Us?si=PNsQcX_GM5vqssDh,BLw34i_m2Us,Pashupati Sharma & Muna Thapa Nepali Lok Dohori | Bhanthe Maile Je Dekhana Naparos,done,2026-05-29 11:14:20.563949,2026-05-29 11:14:53.008897
161cc99bbf85467ca5c325fc67b6fa63,369.933,374.133,4.2,143,0,1,2026-05-29 11:14:52.995608,a829a9a92cf44f9489454f7bed01c66a,https://youtu.be/BLw34i_m2Us?si=PNsQcX_GM5vqssDh,BLw34i_m2Us,Pashupati Sharma & Muna Thapa Nepali Lok Dohori | Bhanthe Maile Je Dekhana Naparos,done,2026-05-29 11:14:20.563949,2026-05-29 11:14:53.008897
dda989bc54d64b06b9b13d4d8050eef8,383.333,388.933,5.6,148,0,1,2026-05-29 11:14:52.995608,a829a9a92cf44f9489454f7bed01c66a,https://youtu.be/BLw34i_m2Us?si=PNsQcX_GM5vqssDh,BLw34i_m2Us,Pashupati Sharma & Muna Thapa Nepali Lok Dohori | Bhanthe Maile Je Dekhana Naparos,done,2026-05-29 11:14:20.563949,2026-05-29 11:14:53.008897
556bc3e3913743e2bce6b8424980e2ce,401.533,404.933,3.4,156,0,1,2026-05-29 11:14:52.995608,a829a9a92cf44f9489454f7bed01c66a,https://youtu.be/BLw34i_m2Us?si=PNsQcX_GM5vqssDh,BLw34i_m2Us,Pashupati Sharma & Muna Thapa Nepali Lok Dohori | Bhanthe Maile Je Dekhana Naparos,done,2026-05-29 11:14:20.563949,2026-05-29 11:14:53.008897
181cdd18dbf64db68e54a0d56c9dd781,404.933,409.0,4.067,157,0,1,2026-05-29 11:14:52.995608,a829a9a92cf44f9489454f7bed01c66a,https://youtu.be/BLw34i_m2Us?si=PNsQcX_GM5vqssDh,BLw34i_m2Us,Pashupati Sharma & Muna Thapa Nepali Lok Dohori | Bhanthe Maile Je Dekhana Naparos,done,2026-05-29 11:14:20.563949,2026-05-29 11:14:53.008897
7a8afa7970cb4c79b8354004ced26934,411.733,415.933,4.2,159,0,1,2026-05-29 11:14:52.995608,a829a9a92cf44f9489454f7bed01c66a,https://youtu.be/BLw34i_m2Us?si=PNsQcX_GM5vqssDh,BLw34i_m2Us,Pashupati Sharma & Muna Thapa Nepali Lok Dohori | Bhanthe Maile Je Dekhana Naparos,done,2026-05-29 11:14:20.563949,2026-05-29 11:14:53.008897
14ec3255e1574b7486de8d5c4bd45569,421.933,426.2,4.267,163,0,1,2026-05-29 11:14:52.995608,a829a9a92cf44f9489454f7bed01c66a,https://youtu.be/BLw34i_m2Us?si=PNsQcX_GM5vqssDh,BLw34i_m2Us,Pashupati Sharma & Muna Thapa Nepali Lok Dohori | Bhanthe Maile Je Dekhana Naparos,done,2026-05-29 11:14:20.563949,2026-05-29 11:14:53.008897
062710391a3a48a294e5a100cca8305c,439.067,442.533,3.467,170,0,1,2026-05-29 11:14:52.995608,a829a9a92cf44f9489454f7bed01c66a,https://youtu.be/BLw34i_m2Us?si=PNsQcX_GM5vqssDh,BLw34i_m2Us,Pashupati Sharma & Muna Thapa Nepali Lok Dohori | Bhanthe Maile Je Dekhana Naparos,done,2026-05-29 11:14:20.563949,2026-05-29 11:14:53.008897
fb47e96aac9b4d47b9dc18f8480cbaac,445.067,450.933,5.867,172,0,1,2026-05-29 11:14:52.995608,a829a9a92cf44f9489454f7bed01c66a,https://youtu.be/BLw34i_m2Us?si=PNsQcX_GM5vqssDh,BLw34i_m2Us,Pashupati Sharma & Muna Thapa Nepali Lok Dohori | Bhanthe Maile Je Dekhana Naparos,done,2026-05-29 11:14:20.563949,2026-05-29 11:14:53.008897
d912dab2d5704335b9db44b403a684a1,450.933,454.533,3.6,173,0,1,2026-05-29 11:14:52.995608,a829a9a92cf44f9489454f7bed01c66a,https://youtu.be/BLw34i_m2Us?si=PNsQcX_GM5vqssDh,BLw34i_m2Us,Pashupati Sharma & Muna Thapa Nepali Lok Dohori | Bhanthe Maile Je Dekhana Naparos,done,2026-05-29 11:14:20.563949,2026-05-29 11:14:53.008897
173ff302c214461e8a969b204fec06c1,457.133,463.133,6.0,175,0,1,2026-05-29 11:14:52.995608,a829a9a92cf44f9489454f7bed01c66a,https://youtu.be/BLw34i_m2Us?si=PNsQcX_GM5vqssDh,BLw34i_m2Us,Pashupati Sharma & Muna Thapa Nepali Lok Dohori | Bhanthe Maile Je Dekhana Naparos,done,2026-05-29 11:14:20.563949,2026-05-29 11:14:53.008897
5dff3d68f4d949c599ba7d24491dd9c0,470.667,474.133,3.467,180,0,1,2026-05-29 11:14:52.995608,a829a9a92cf44f9489454f7bed01c66a,https://youtu.be/BLw34i_m2Us?si=PNsQcX_GM5vqssDh,BLw34i_m2Us,Pashupati Sharma & Muna Thapa Nepali Lok Dohori | Bhanthe Maile Je Dekhana Naparos,done,2026-05-29 11:14:20.563949,2026-05-29 11:14:53.008897
ee0a39c3862647dfb604012dd1095c1a,475.8,479.333,3.533,182,0,1,2026-05-29 11:14:52.995608,a829a9a92cf44f9489454f7bed01c66a,https://youtu.be/BLw34i_m2Us?si=PNsQcX_GM5vqssDh,BLw34i_m2Us,Pashupati Sharma & Muna Thapa Nepali Lok Dohori | Bhanthe Maile Je Dekhana Naparos,done,2026-05-29 11:14:20.563949,2026-05-29 11:14:53.008897
217983515fa5468da7b3230860042942,484.333,488.6,4.267,186,0,1,2026-05-29 11:14:52.995608,a829a9a92cf44f9489454f7bed01c66a,https://youtu.be/BLw34i_m2Us?si=PNsQcX_GM5vqssDh,BLw34i_m2Us,Pashupati Sharma & Muna Thapa Nepali Lok Dohori | Bhanthe Maile Je Dekhana Naparos,done,2026-05-29 11:14:20.563949,2026-05-29 11:14:53.008897
e23c31b58cb24c6ca9e10c06aa9ac292,501.533,504.933,3.4,193,0,1,2026-05-29 11:14:52.995608,a829a9a92cf44f9489454f7bed01c66a,https://youtu.be/BLw34i_m2Us?si=PNsQcX_GM5vqssDh,BLw34i_m2Us,Pashupati Sharma & Muna Thapa Nepali Lok Dohori | Bhanthe Maile Je Dekhana Naparos,done,2026-05-29 11:14:20.563949,2026-05-29 11:14:53.008897
7fd88b5ef0104aa884bd6bd4cd6b9251,518.6,524.4,5.8,201,0,1,2026-05-29 11:14:52.995608,a829a9a92cf44f9489454f7bed01c66a,https://youtu.be/BLw34i_m2Us?si=PNsQcX_GM5vqssDh,BLw34i_m2Us,Pashupati Sharma & Muna Thapa Nepali Lok Dohori | Bhanthe Maile Je Dekhana Naparos,done,2026-05-29 11:14:20.563949,2026-05-29 11:14:53.008897
0f1982b158e6441e98bd5ab340c84687,526.133,535.8,9.667,203,0,1,2026-05-29 11:14:52.995608,a829a9a92cf44f9489454f7bed01c66a,https://youtu.be/BLw34i_m2Us?si=PNsQcX_GM5vqssDh,BLw34i_m2Us,Pashupati Sharma & Muna Thapa Nepali Lok Dohori | Bhanthe Maile Je Dekhana Naparos,done,2026-05-29 11:14:20.563949,2026-05-29 11:14:53.008897
edc84958344f4102bc7cbbf4e6bf7242,548.4,552.067,3.667,211,0,1,2026-05-29 11:14:52.995608,a829a9a92cf44f9489454f7bed01c66a,https://youtu.be/BLw34i_m2Us?si=PNsQcX_GM5vqssDh,BLw34i_m2Us,Pashupati Sharma & Muna Thapa Nepali Lok Dohori | Bhanthe Maile Je Dekhana Naparos,done,2026-05-29 11:14:20.563949,2026-05-29 11:14:53.008897
0d4f77cb7e74419588890fc7378d950e,556.733,561.0,4.267,215,0,1,2026-05-29 11:14:52.995608,a829a9a92cf44f9489454f7bed01c66a,https://youtu.be/BLw34i_m2Us?si=PNsQcX_GM5vqssDh,BLw34i_m2Us,Pashupati Sharma & Muna Thapa Nepali Lok Dohori | Bhanthe Maile Je Dekhana Naparos,done,2026-05-29 11:14:20.563949,2026-05-29 11:14:53.008897
575608d3e6ae4d368045ac7dac67c079,561.0,568.6,7.6,216,0,1,2026-05-29 11:14:52.995608,a829a9a92cf44f9489454f7bed01c66a,https://youtu.be/BLw34i_m2Us?si=PNsQcX_GM5vqssDh,BLw34i_m2Us,Pashupati Sharma & Muna Thapa Nepali Lok Dohori | Bhanthe Maile Je Dekhana Naparos,done,2026-05-29 11:14:20.563949,2026-05-29 11:14:53.008897
a20da5290aa24fc2978620e320d00dac,568.6,575.4,6.8,217,0,1,2026-05-29 11:14:52.995608,a829a9a92cf44f9489454f7bed01c66a,https://youtu.be/BLw34i_m2Us?si=PNsQcX_GM5vqssDh,BLw34i_m2Us,Pashupati Sharma & Muna Thapa Nepali Lok Dohori | Bhanthe Maile Je Dekhana Naparos,done,2026-05-29 11:14:20.563949,2026-05-29 11:14:53.008897
b6b9387019ee48cf9b9c864f7e42bfa3,575.4,579.733,4.333,218,0,1,2026-05-29 11:14:52.995608,a829a9a92cf44f9489454f7bed01c66a,https://youtu.be/BLw34i_m2Us?si=PNsQcX_GM5vqssDh,BLw34i_m2Us,Pashupati Sharma & Muna Thapa Nepali Lok Dohori | Bhanthe Maile Je Dekhana Naparos,done,2026-05-29 11:14:20.563949,2026-05-29 11:14:53.008897
1d16d4ddab334e988f4ceed1aaf573ff,581.4,591.4,10.0,220,0,1,2026-05-29 11:14:52.995608,a829a9a92cf44f9489454f7bed01c66a,https://youtu.be/BLw34i_m2Us?si=PNsQcX_GM5vqssDh,BLw34i_m2Us,Pashupati Sharma & Muna Thapa Nepali Lok Dohori | Bhanthe Maile Je Dekhana Naparos,done,2026-05-29 11:14:20.563949,2026-05-29 11:14:53.008897
0cae7194a6834e6ca6ab017c9fa3753e,600.267,603.6,3.333,225,0,1,2026-05-29 11:14:52.995608,a829a9a92cf44f9489454f7bed01c66a,https://youtu.be/BLw34i_m2Us?si=PNsQcX_GM5vqssDh,BLw34i_m2Us,Pashupati Sharma & Muna Thapa Nepali Lok Dohori | Bhanthe Maile Je Dekhana Naparos,done,2026-05-29 11:14:20.563949,2026-05-29 11:14:53.008897
5b3e4cd8c4c2498aa74058fd0b0328e8,604.733,608.8,4.067,227,0,1,2026-05-29 11:14:52.995608,a829a9a92cf44f9489454f7bed01c66a,https://youtu.be/BLw34i_m2Us?si=PNsQcX_GM5vqssDh,BLw34i_m2Us,Pashupati Sharma & Muna Thapa Nepali Lok Dohori | Bhanthe Maile Je Dekhana Naparos,done,2026-05-29 11:14:20.563949,2026-05-29 11:14:53.008897
6b427af0b2964d72a30fb5b24c4e4d63,610.6,613.933,3.333,229,0,1,2026-05-29 11:14:52.995608,a829a9a92cf44f9489454f7bed01c66a,https://youtu.be/BLw34i_m2Us?si=PNsQcX_GM5vqssDh,BLw34i_m2Us,Pashupati Sharma & Muna Thapa Nepali Lok Dohori | Bhanthe Maile Je Dekhana Naparos,done,2026-05-29 11:14:20.563949,2026-05-29 11:14:53.008897
74bbd9c5a62048729f4793ba7e774e94,616.533,620.867,4.333,231,0,1,2026-05-29 11:14:52.995608,a829a9a92cf44f9489454f7bed01c66a,https://youtu.be/BLw34i_m2Us?si=PNsQcX_GM5vqssDh,BLw34i_m2Us,Pashupati Sharma & Muna Thapa Nepali Lok Dohori | Bhanthe Maile Je Dekhana Naparos,done,2026-05-29 11:14:20.563949,2026-05-29 11:14:53.008897
891ce7adecc54e8c81796a567c15065a,625.0,628.467,3.467,234,0,1,2026-05-29 11:14:52.995608,a829a9a92cf44f9489454f7bed01c66a,https://youtu.be/BLw34i_m2Us?si=PNsQcX_GM5vqssDh,BLw34i_m2Us,Pashupati Sharma & Muna Thapa Nepali Lok Dohori | Bhanthe Maile Je Dekhana Naparos,done,2026-05-29 11:14:20.563949,2026-05-29 11:14:53.008897
75f680c0fecd4d749d4ef3e3ca72ead8,637.6,642.133,4.533,239,0,1,2026-05-29 11:14:52.995608,a829a9a92cf44f9489454f7bed01c66a,https://youtu.be/BLw34i_m2Us?si=PNsQcX_GM5vqssDh,BLw34i_m2Us,Pashupati Sharma & Muna Thapa Nepali Lok Dohori | Bhanthe Maile Je Dekhana Naparos,done,2026-05-29 11:14:20.563949,2026-05-29 11:14:53.008897
b0790c7895db4285bb9a41cee08118b6,643.867,647.867,4.0,241,0,1,2026-05-29 11:14:52.995608,a829a9a92cf44f9489454f7bed01c66a,https://youtu.be/BLw34i_m2Us?si=PNsQcX_GM5vqssDh,BLw34i_m2Us,Pashupati Sharma & Muna Thapa Nepali Lok Dohori | Bhanthe Maile Je Dekhana Naparos,done,2026-05-29 11:14:20.563949,2026-05-29 11:14:53.008897
4d0b3129cb134dfe89ff9dea4790d07e,654.933,659.133,4.2,245,0,1,2026-05-29 11:14:52.995608,a829a9a92cf44f9489454f7bed01c66a,https://youtu.be/BLw34i_m2Us?si=PNsQcX_GM5vqssDh,BLw34i_m2Us,Pashupati Sharma & Muna Thapa Nepali Lok Dohori | Bhanthe Maile Je Dekhana Naparos,done,2026-05-29 11:14:20.563949,2026-05-29 11:14:53.008897
9fc34d34890047a195a70178e1f81bd4,661.0,664.333,3.333,247,0,1,2026-05-29 11:14:52.995608,a829a9a92cf44f9489454f7bed01c66a,https://youtu.be/BLw34i_m2Us?si=PNsQcX_GM5vqssDh,BLw34i_m2Us,Pashupati Sharma & Muna Thapa Nepali Lok Dohori | Bhanthe Maile Je Dekhana Naparos,done,2026-05-29 11:14:20.563949,2026-05-29 11:14:53.008897
d4b4309301c2413183410071757fb8a3,664.333,667.533,3.2,248,0,1,2026-05-29 11:14:52.995608,a829a9a92cf44f9489454f7bed01c66a,https://youtu.be/BLw34i_m2Us?si=PNsQcX_GM5vqssDh,BLw34i_m2Us,Pashupati Sharma & Muna Thapa Nepali Lok Dohori | Bhanthe Maile Je Dekhana Naparos,done,2026-05-29 11:14:20.563949,2026-05-29 11:14:53.008897
d92f463ed7be471fa4aab33c7a231355,672.0,679.0,7.0,251,0,1,2026-05-29 11:14:52.995608,a829a9a92cf44f9489454f7bed01c66a,https://youtu.be/BLw34i_m2Us?si=PNsQcX_GM5vqssDh,BLw34i_m2Us,Pashupati Sharma & Muna Thapa Nepali Lok Dohori | Bhanthe Maile Je Dekhana Naparos,done,2026-05-29 11:14:20.563949,2026-05-29 11:14:53.008897
675880f148cf49408891baf34e9cb702,683.867,688.8,4.933,254,0,1,2026-05-29 11:14:52.995608,a829a9a92cf44f9489454f7bed01c66a,https://youtu.be/BLw34i_m2Us?si=PNsQcX_GM5vqssDh,BLw34i_m2Us,Pashupati Sharma & Muna Thapa Nepali Lok Dohori | Bhanthe Maile Je Dekhana Naparos,done,2026-05-29 11:14:20.563949,2026-05-29 11:14:53.008897
0ffadf273aa64696b7b2db2f255e921f,688.8,695.133,6.333,255,0,1,2026-05-29 11:14:52.995608,a829a9a92cf44f9489454f7bed01c66a,https://youtu.be/BLw34i_m2Us?si=PNsQcX_GM5vqssDh,BLw34i_m2Us,Pashupati Sharma & Muna Thapa Nepali Lok Dohori | Bhanthe Maile Je Dekhana Naparos,done,2026-05-29 11:14:20.563949,2026-05-29 11:14:53.008897
6e0497ad60944a8e80bb125dc9d48331,0.0,3.583,3.583,0,1,1,2026-05-29 10:12:54.758361,fab4b0ef729943609f60470721f6e5bd,https://youtu.be/EhLOksRnCU0?si=TZgxmsKDLw7CMZVZ,EhLOksRnCU0,"Phool Pati Bhakera || Superhit Song || Nepali Movie BHAROSA Song || Shree Krishna, Dilip, Arunima",done,2026-05-29 10:10:43.244964,2026-05-29 10:12:54.763171
f70c59e69ef3407aa4e253af902e958d,3.583,13.583,10.0,1,1,1,2026-05-29 10:12:54.758361,fab4b0ef729943609f60470721f6e5bd,https://youtu.be/EhLOksRnCU0?si=TZgxmsKDLw7CMZVZ,EhLOksRnCU0,"Phool Pati Bhakera || Superhit Song || Nepali Movie BHAROSA Song || Shree Krishna, Dilip, Arunima",done,2026-05-29 10:10:43.244964,2026-05-29 10:12:54.763171
d30d2328ccb542658833e5fa3cdd5a41,14.125,19.833,5.708,2,1,1,2026-05-29 10:12:54.758361,fab4b0ef729943609f60470721f6e5bd,https://youtu.be/EhLOksRnCU0?si=TZgxmsKDLw7CMZVZ,EhLOksRnCU0,"Phool Pati Bhakera || Superhit Song || Nepali Movie BHAROSA Song || Shree Krishna, Dilip, Arunima",done,2026-05-29 10:10:43.244964,2026-05-29 10:12:54.763171
2faffb8ebb6d4ffa910915fd8eb3de84,30.625,36.292,5.667,11,1,1,2026-05-29 10:12:54.758361,fab4b0ef729943609f60470721f6e5bd,https://youtu.be/EhLOksRnCU0?si=TZgxmsKDLw7CMZVZ,EhLOksRnCU0,"Phool Pati Bhakera || Superhit Song || Nepali Movie BHAROSA Song || Shree Krishna, Dilip, Arunima",done,2026-05-29 10:10:43.244964,2026-05-29 10:12:54.763171
4cd753008f6a45f1b842062024df16c9,41.833,47.375,5.542,14,1,1,2026-05-29 10:12:54.758361,fab4b0ef729943609f60470721f6e5bd,https://youtu.be/EhLOksRnCU0?si=TZgxmsKDLw7CMZVZ,EhLOksRnCU0,"Phool Pati Bhakera || Superhit Song || Nepali Movie BHAROSA Song || Shree Krishna, Dilip, Arunima",done,2026-05-29 10:10:43.244964,2026-05-29 10:12:54.763171
45c23597eda048118ab85c78d256e4f3,52.75,58.333,5.583,20,1,1,2026-05-29 10:12:54.758361,fab4b0ef729943609f60470721f6e5bd,https://youtu.be/EhLOksRnCU0?si=TZgxmsKDLw7CMZVZ,EhLOksRnCU0,"Phool Pati Bhakera || Superhit Song || Nepali Movie BHAROSA Song || Shree Krishna, Dilip, Arunima",done,2026-05-29 10:10:43.244964,2026-05-29 10:12:54.763171
b213c135de184053aedb2c27bb1a217d,63.833,69.458,5.625,23,1,1,2026-05-29 10:12:54.758361,fab4b0ef729943609f60470721f6e5bd,https://youtu.be/EhLOksRnCU0?si=TZgxmsKDLw7CMZVZ,EhLOksRnCU0,"Phool Pati Bhakera || Superhit Song || Nepali Movie BHAROSA Song || Shree Krishna, Dilip, Arunima",done,2026-05-29 10:10:43.244964,2026-05-29 10:12:54.763171
8267b79b31aa4f3db8ff88f533a3ce4c,69.458,74.917,5.458,24,1,1,2026-05-29 10:12:54.758361,fab4b0ef729943609f60470721f6e5bd,https://youtu.be/EhLOksRnCU0?si=TZgxmsKDLw7CMZVZ,EhLOksRnCU0,"Phool Pati Bhakera || Superhit Song || Nepali Movie BHAROSA Song || Shree Krishna, Dilip, Arunima",done,2026-05-29 10:10:43.244964,2026-05-29 10:12:54.763171
af652fbacb1840229e98fb9c24e38858,80.583,90.292,9.708,29,1,1,2026-05-29 10:12:54.758361,fab4b0ef729943609f60470721f6e5bd,https://youtu.be/EhLOksRnCU0?si=TZgxmsKDLw7CMZVZ,EhLOksRnCU0,"Phool Pati Bhakera || Superhit Song || Nepali Movie BHAROSA Song || Shree Krishna, Dilip, Arunima",done,2026-05-29 10:10:43.244964,2026-05-29 10:12:54.763171
8c14b96bd5f94adea5082d1d23286b30,91.5,99.75,8.25,31,1,1,2026-05-29 10:12:54.758361,fab4b0ef729943609f60470721f6e5bd,https://youtu.be/EhLOksRnCU0?si=TZgxmsKDLw7CMZVZ,EhLOksRnCU0,"Phool Pati Bhakera || Superhit Song || Nepali Movie BHAROSA Song || Shree Krishna, Dilip, Arunima",done,2026-05-29 10:10:43.244964,2026-05-29 10:12:54.763171
70f8bb49238242168ca3bafbe9e93880,102.708,110.792,8.083,34,1,1,2026-05-29 10:12:54.758361,fab4b0ef729943609f60470721f6e5bd,https://youtu.be/EhLOksRnCU0?si=TZgxmsKDLw7CMZVZ,EhLOksRnCU0,"Phool Pati Bhakera || Superhit Song || Nepali Movie BHAROSA Song || Shree Krishna, Dilip, Arunima",done,2026-05-29 10:10:43.244964,2026-05-29 10:12:54.763171
c4fee5524bd14d999e8fed4b687c69af,113.75,119.0,5.25,37,1,1,2026-05-29 10:12:54.758361,fab4b0ef729943609f60470721f6e5bd,https://youtu.be/EhLOksRnCU0?si=TZgxmsKDLw7CMZVZ,EhLOksRnCU0,"Phool Pati Bhakera || Superhit Song || Nepali Movie BHAROSA Song || Shree Krishna, Dilip, Arunima",done,2026-05-29 10:10:43.244964,2026-05-29 10:12:54.763171
0ae776eeae2f4115918af6526e33d4cd,121.458,126.417,4.958,40,1,1,2026-05-29 10:12:54.758361,fab4b0ef729943609f60470721f6e5bd,https://youtu.be/EhLOksRnCU0?si=TZgxmsKDLw7CMZVZ,EhLOksRnCU0,"Phool Pati Bhakera || Superhit Song || Nepali Movie BHAROSA Song || Shree Krishna, Dilip, Arunima",done,2026-05-29 10:10:43.244964,2026-05-29 10:12:54.763171
0dc255510a0f4fde862396e8ffc38c91,126.417,129.542,3.125,41,1,1,2026-05-29 10:12:54.758361,fab4b0ef729943609f60470721f6e5bd,https://youtu.be/EhLOksRnCU0?si=TZgxmsKDLw7CMZVZ,EhLOksRnCU0,"Phool Pati Bhakera || Superhit Song || Nepali Movie BHAROSA Song || Shree Krishna, Dilip, Arunima",done,2026-05-29 10:10:43.244964,2026-05-29 10:12:54.763171
32ab2199e72e402c874bc72c1b24ec0c,131.083,134.25,3.167,43,1,1,2026-05-29 10:12:54.758361,fab4b0ef729943609f60470721f6e5bd,https://youtu.be/EhLOksRnCU0?si=TZgxmsKDLw7CMZVZ,EhLOksRnCU0,"Phool Pati Bhakera || Superhit Song || Nepali Movie BHAROSA Song || Shree Krishna, Dilip, Arunima",done,2026-05-29 10:10:43.244964,2026-05-29 10:12:54.763171
6e6960daf33c4519b8a999634a52e59f,135.792,145.792,10.0,45,1,1,2026-05-29 10:12:54.758361,fab4b0ef729943609f60470721f6e5bd,https://youtu.be/EhLOksRnCU0?si=TZgxmsKDLw7CMZVZ,EhLOksRnCU0,"Phool Pati Bhakera || Superhit Song || Nepali Movie BHAROSA Song || Shree Krishna, Dilip, Arunima",done,2026-05-29 10:10:43.244964,2026-05-29 10:12:54.763171
4938cc0fa23a45d0b87bec4d82d0a985,152.292,162.292,10.0,48,1,1,2026-05-29 10:12:54.758361,fab4b0ef729943609f60470721f6e5bd,https://youtu.be/EhLOksRnCU0?si=TZgxmsKDLw7CMZVZ,EhLOksRnCU0,"Phool Pati Bhakera || Superhit Song || Nepali Movie BHAROSA Song || Shree Krishna, Dilip, Arunima",done,2026-05-29 10:10:43.244964,2026-05-29 10:12:54.763171
0aa7293730054c55b644a389815f74a0,168.5,171.833,3.333,49,1,1,2026-05-29 10:12:54.758361,fab4b0ef729943609f60470721f6e5bd,https://youtu.be/EhLOksRnCU0?si=TZgxmsKDLw7CMZVZ,EhLOksRnCU0,"Phool Pati Bhakera || Superhit Song || Nepali Movie BHAROSA Song || Shree Krishna, Dilip, Arunima",done,2026-05-29 10:10:43.244964,2026-05-29 10:12:54.763171
26dccece8c0648ac8edf9b6c21631cb0,173.417,179.958,6.542,51,1,1,2026-05-29 10:12:54.758361,fab4b0ef729943609f60470721f6e5bd,https://youtu.be/EhLOksRnCU0?si=TZgxmsKDLw7CMZVZ,EhLOksRnCU0,"Phool Pati Bhakera || Superhit Song || Nepali Movie BHAROSA Song || Shree Krishna, Dilip, Arunima",done,2026-05-29 10:10:43.244964,2026-05-29 10:12:54.763171
5c36c8d499614136a28c744c7c5e051b,179.958,188.083,8.125,52,1,1,2026-05-29 10:12:54.758361,fab4b0ef729943609f60470721f6e5bd,https://youtu.be/EhLOksRnCU0?si=TZgxmsKDLw7CMZVZ,EhLOksRnCU0,"Phool Pati Bhakera || Superhit Song || Nepali Movie BHAROSA Song || Shree Krishna, Dilip, Arunima",done,2026-05-29 10:10:43.244964,2026-05-29 10:12:54.763171
8036ed57c20e46a8a57b121eef77a907,188.083,191.167,3.083,53,1,1,2026-05-29 10:12:54.758361,fab4b0ef729943609f60470721f6e5bd,https://youtu.be/EhLOksRnCU0?si=TZgxmsKDLw7CMZVZ,EhLOksRnCU0,"Phool Pati Bhakera || Superhit Song || Nepali Movie BHAROSA Song || Shree Krishna, Dilip, Arunima",done,2026-05-29 10:10:43.244964,2026-05-29 10:12:54.763171
7ccfa16170ff495886990d2517d8f2c9,202.167,212.167,10.0,61,1,1,2026-05-29 10:12:54.758361,fab4b0ef729943609f60470721f6e5bd,https://youtu.be/EhLOksRnCU0?si=TZgxmsKDLw7CMZVZ,EhLOksRnCU0,"Phool Pati Bhakera || Superhit Song || Nepali Movie BHAROSA Song || Shree Krishna, Dilip, Arunima",done,2026-05-29 10:10:43.244964,2026-05-29 10:12:54.763171
4fe96591427a42acb10a177c457f89c4,222.0,228.5,6.5,65,1,1,2026-05-29 10:12:54.758903,fab4b0ef729943609f60470721f6e5bd,https://youtu.be/EhLOksRnCU0?si=TZgxmsKDLw7CMZVZ,EhLOksRnCU0,"Phool Pati Bhakera || Superhit Song || Nepali Movie BHAROSA Song || Shree Krishna, Dilip, Arunima",done,2026-05-29 10:10:43.244964,2026-05-29 10:12:54.763171
1ede1171df634b0b8b1bd3bbc2dbaff3,230.0,235.542,5.542,67,1,1,2026-05-29 10:12:54.758903,fab4b0ef729943609f60470721f6e5bd,https://youtu.be/EhLOksRnCU0?si=TZgxmsKDLw7CMZVZ,EhLOksRnCU0,"Phool Pati Bhakera || Superhit Song || Nepali Movie BHAROSA Song || Shree Krishna, Dilip, Arunima",done,2026-05-29 10:10:43.244964,2026-05-29 10:12:54.763171
aa9d67b00e054e8b9ea528e8b5942b8b,0.0,6.667,6.667,0,1,1,2026-05-29 08:48:04.633695,5aa8d52aaa864b1db52372343f8de3ce,https://youtu.be/p7wDS1VV3n4?si=2nH1sAIu8tzbl1Yv,p7wDS1VV3n4,"RUKUM MAIKOT - New Nepali Movie khusma Song 2024 | Ft. Dhiraj Magar, Upasana Singh Thakuri",done,2026-05-29 08:42:48.330387,2026-05-29 08:48:04.649851
97b8a48aa01a46d8965bd027dfe8d509,6.667,11.667,5.0,1,1,1,2026-05-29 08:48:04.633695,5aa8d52aaa864b1db52372343f8de3ce,https://youtu.be/p7wDS1VV3n4?si=2nH1sAIu8tzbl1Yv,p7wDS1VV3n4,"RUKUM MAIKOT - New Nepali Movie khusma Song 2024 | Ft. Dhiraj Magar, Upasana Singh Thakuri",done,2026-05-29 08:42:48.330387,2026-05-29 08:48:04.649851
995aa83de8e44fa0a331ac5b8dae82a8,11.667,21.667,10.0,2,1,1,2026-05-29 08:48:04.633695,5aa8d52aaa864b1db52372343f8de3ce,https://youtu.be/p7wDS1VV3n4?si=2nH1sAIu8tzbl1Yv,p7wDS1VV3n4,"RUKUM MAIKOT - New Nepali Movie khusma Song 2024 | Ft. Dhiraj Magar, Upasana Singh Thakuri",done,2026-05-29 08:42:48.330387,2026-05-29 08:48:04.649851
425ad65fa3ac4f8a95e623b3596fb197,23.292,29.833,6.542,4,1,1,2026-05-29 08:48:04.633695,5aa8d52aaa864b1db52372343f8de3ce,https://youtu.be/p7wDS1VV3n4?si=2nH1sAIu8tzbl1Yv,p7wDS1VV3n4,"RUKUM MAIKOT - New Nepali Movie khusma Song 2024 | Ft. Dhiraj Magar, Upasana Singh Thakuri",done,2026-05-29 08:42:48.330387,2026-05-29 08:48:04.649851
2399a5f628144e2db0a828e221d6dfa0,37.75,42.042,4.292,9,1,1,2026-05-29 08:48:04.633695,5aa8d52aaa864b1db52372343f8de3ce,https://youtu.be/p7wDS1VV3n4?si=2nH1sAIu8tzbl1Yv,p7wDS1VV3n4,"RUKUM MAIKOT - New Nepali Movie khusma Song 2024 | Ft. Dhiraj Magar, Upasana Singh Thakuri",done,2026-05-29 08:42:48.330387,2026-05-29 08:48:04.649851
78e78451c4a2411895454223da0e7960,43.125,46.125,3.0,11,1,1,2026-05-29 08:48:04.633695,5aa8d52aaa864b1db52372343f8de3ce,https://youtu.be/p7wDS1VV3n4?si=2nH1sAIu8tzbl1Yv,p7wDS1VV3n4,"RUKUM MAIKOT - New Nepali Movie khusma Song 2024 | Ft. Dhiraj Magar, Upasana Singh Thakuri",done,2026-05-29 08:42:48.330387,2026-05-29 08:48:04.649851
97d10d6ff82e4479b2b5b1c4a803b221,54.417,58.583,4.167,16,1,1,2026-05-29 08:48:04.633695,5aa8d52aaa864b1db52372343f8de3ce,https://youtu.be/p7wDS1VV3n4?si=2nH1sAIu8tzbl1Yv,p7wDS1VV3n4,"RUKUM MAIKOT - New Nepali Movie khusma Song 2024 | Ft. Dhiraj Magar, Upasana Singh Thakuri",done,2026-05-29 08:42:48.330387,2026-05-29 08:48:04.649851
f1046d1d170b4f3dbe774381bbf2f3dd,60.875,66.417,5.542,18,1,1,2026-05-29 08:48:04.633695,5aa8d52aaa864b1db52372343f8de3ce,https://youtu.be/p7wDS1VV3n4?si=2nH1sAIu8tzbl1Yv,p7wDS1VV3n4,"RUKUM MAIKOT - New Nepali Movie khusma Song 2024 | Ft. Dhiraj Magar, Upasana Singh Thakuri",done,2026-05-29 08:42:48.330387,2026-05-29 08:48:04.649851
5597f63f1d2243fabfc05629c77d2c8e,70.792,79.125,8.333,22,1,1,2026-05-29 08:48:04.633695,5aa8d52aaa864b1db52372343f8de3ce,https://youtu.be/p7wDS1VV3n4?si=2nH1sAIu8tzbl1Yv,p7wDS1VV3n4,"RUKUM MAIKOT - New Nepali Movie khusma Song 2024 | Ft. Dhiraj Magar, Upasana Singh Thakuri",done,2026-05-29 08:42:48.330387,2026-05-29 08:48:04.649851
83c69115f72447ccba8e43e59bc49c79,81.0,85.25,4.25,24,1,1,2026-05-29 08:48:04.634205,5aa8d52aaa864b1db52372343f8de3ce,https://youtu.be/p7wDS1VV3n4?si=2nH1sAIu8tzbl1Yv,p7wDS1VV3n4,"RUKUM MAIKOT - New Nepali Movie khusma Song 2024 | Ft. Dhiraj Magar, Upasana Singh Thakuri",done,2026-05-29 08:42:48.330387,2026-05-29 08:48:04.649851
65506cacc21a454d8bd4b5bc1a5b87ce,85.25,93.417,8.167,25,1,1,2026-05-29 08:48:04.634205,5aa8d52aaa864b1db52372343f8de3ce,https://youtu.be/p7wDS1VV3n4?si=2nH1sAIu8tzbl1Yv,p7wDS1VV3n4,"RUKUM MAIKOT - New Nepali Movie khusma Song 2024 | Ft. Dhiraj Magar, Upasana Singh Thakuri",done,2026-05-29 08:42:48.330387,2026-05-29 08:48:04.649851
b0c9ad6770c443d5bcfe38d26d893a0d,93.417,97.75,4.333,26,1,1,2026-05-29 08:48:04.634205,5aa8d52aaa864b1db52372343f8de3ce,https://youtu.be/p7wDS1VV3n4?si=2nH1sAIu8tzbl1Yv,p7wDS1VV3n4,"RUKUM MAIKOT - New Nepali Movie khusma Song 2024 | Ft. Dhiraj Magar, Upasana Singh Thakuri",done,2026-05-29 08:42:48.330387,2026-05-29 08:48:04.649851
8122ac49e8754898b2f144307f2cd78f,106.208,109.958,3.75,32,1,1,2026-05-29 08:48:04.634205,5aa8d52aaa864b1db52372343f8de3ce,https://youtu.be/p7wDS1VV3n4?si=2nH1sAIu8tzbl1Yv,p7wDS1VV3n4,"RUKUM MAIKOT - New Nepali Movie khusma Song 2024 | Ft. Dhiraj Magar, Upasana Singh Thakuri",done,2026-05-29 08:42:48.330387,2026-05-29 08:48:04.649851
158be94638174c16abe87712ff91ad25,109.958,114.625,4.667,33,1,1,2026-05-29 08:48:04.634205,5aa8d52aaa864b1db52372343f8de3ce,https://youtu.be/p7wDS1VV3n4?si=2nH1sAIu8tzbl1Yv,p7wDS1VV3n4,"RUKUM MAIKOT - New Nepali Movie khusma Song 2024 | Ft. Dhiraj Magar, Upasana Singh Thakuri",done,2026-05-29 08:42:48.330387,2026-05-29 08:48:04.649851
3ff77e2f47b5459991e7e0ef9653410e,118.375,127.542,9.167,37,1,1,2026-05-29 08:48:04.634205,5aa8d52aaa864b1db52372343f8de3ce,https://youtu.be/p7wDS1VV3n4?si=2nH1sAIu8tzbl1Yv,p7wDS1VV3n4,"RUKUM MAIKOT - New Nepali Movie khusma Song 2024 | Ft. Dhiraj Magar, Upasana Singh Thakuri",done,2026-05-29 08:42:48.330387,2026-05-29 08:48:04.649851
e1588f33ea2b4680a8c0ec15ed85b3a0,130.708,136.958,6.25,40,1,1,2026-05-29 08:48:04.634205,5aa8d52aaa864b1db52372343f8de3ce,https://youtu.be/p7wDS1VV3n4?si=2nH1sAIu8tzbl1Yv,p7wDS1VV3n4,"RUKUM MAIKOT - New Nepali Movie khusma Song 2024 | Ft. Dhiraj Magar, Upasana Singh Thakuri",done,2026-05-29 08:42:48.330387,2026-05-29 08:48:04.649851
a82082b3a2404469b2f191d18bc07361,137.792,141.125,3.333,42,1,1,2026-05-29 08:48:04.634205,5aa8d52aaa864b1db52372343f8de3ce,https://youtu.be/p7wDS1VV3n4?si=2nH1sAIu8tzbl1Yv,p7wDS1VV3n4,"RUKUM MAIKOT - New Nepali Movie khusma Song 2024 | Ft. Dhiraj Magar, Upasana Singh Thakuri",done,2026-05-29 08:42:48.330387,2026-05-29 08:48:04.649851
13af34ee0118494a82ed695ce0586c1d,141.125,145.625,4.5,43,1,1,2026-05-29 08:48:04.634205,5aa8d52aaa864b1db52372343f8de3ce,https://youtu.be/p7wDS1VV3n4?si=2nH1sAIu8tzbl1Yv,p7wDS1VV3n4,"RUKUM MAIKOT - New Nepali Movie khusma Song 2024 | Ft. Dhiraj Magar, Upasana Singh Thakuri",done,2026-05-29 08:42:48.330387,2026-05-29 08:48:04.649851
e00c52498f5448589a3f846bb98fae54,145.625,153.792,8.167,44,1,1,2026-05-29 08:48:04.634205,5aa8d52aaa864b1db52372343f8de3ce,https://youtu.be/p7wDS1VV3n4?si=2nH1sAIu8tzbl1Yv,p7wDS1VV3n4,"RUKUM MAIKOT - New Nepali Movie khusma Song 2024 | Ft. Dhiraj Magar, Upasana Singh Thakuri",done,2026-05-29 08:42:48.330387,2026-05-29 08:48:04.649851
71607b12e9284257918b6c085c3ff7df,153.792,157.5,3.708,45,1,1,2026-05-29 08:48:04.634205,5aa8d52aaa864b1db52372343f8de3ce,https://youtu.be/p7wDS1VV3n4?si=2nH1sAIu8tzbl1Yv,p7wDS1VV3n4,"RUKUM MAIKOT - New Nepali Movie khusma Song 2024 | Ft. Dhiraj Magar, Upasana Singh Thakuri",done,2026-05-29 08:42:48.330387,2026-05-29 08:48:04.649851
8ea1c26b6ce442a4ba033e9ab082cdf0,166.125,176.125,10.0,50,1,1,2026-05-29 08:48:04.634205,5aa8d52aaa864b1db52372343f8de3ce,https://youtu.be/p7wDS1VV3n4?si=2nH1sAIu8tzbl1Yv,p7wDS1VV3n4,"RUKUM MAIKOT - New Nepali Movie khusma Song 2024 | Ft. Dhiraj Magar, Upasana Singh Thakuri",done,2026-05-29 08:42:48.330387,2026-05-29 08:48:04.649851
c3c8547798e34c5fb538228956d9584a,186.583,192.5,5.917,53,1,1,2026-05-29 08:48:04.634205,5aa8d52aaa864b1db52372343f8de3ce,https://youtu.be/p7wDS1VV3n4?si=2nH1sAIu8tzbl1Yv,p7wDS1VV3n4,"RUKUM MAIKOT - New Nepali Movie khusma Song 2024 | Ft. Dhiraj Magar, Upasana Singh Thakuri",done,2026-05-29 08:42:48.330387,2026-05-29 08:48:04.649851
a7b0c534a2f94a908f25fb37db5c0fe0,194.667,198.75,4.083,56,1,1,2026-05-29 08:48:04.634205,5aa8d52aaa864b1db52372343f8de3ce,https://youtu.be/p7wDS1VV3n4?si=2nH1sAIu8tzbl1Yv,p7wDS1VV3n4,"RUKUM MAIKOT - New Nepali Movie khusma Song 2024 | Ft. Dhiraj Magar, Upasana Singh Thakuri",done,2026-05-29 08:42:48.330387,2026-05-29 08:48:04.649851
b50fa27b661546f49cbb202fe292a97b,203.375,213.375,10.0,60,1,1,2026-05-29 08:48:04.634205,5aa8d52aaa864b1db52372343f8de3ce,https://youtu.be/p7wDS1VV3n4?si=2nH1sAIu8tzbl1Yv,p7wDS1VV3n4,"RUKUM MAIKOT - New Nepali Movie khusma Song 2024 | Ft. Dhiraj Magar, Upasana Singh Thakuri",done,2026-05-29 08:42:48.330387,2026-05-29 08:48:04.649851
411a618714ba4123baeb78e8cb787356,220.125,224.958,4.833,61,1,1,2026-05-29 08:48:04.634205,5aa8d52aaa864b1db52372343f8de3ce,https://youtu.be/p7wDS1VV3n4?si=2nH1sAIu8tzbl1Yv,p7wDS1VV3n4,"RUKUM MAIKOT - New Nepali Movie khusma Song 2024 | Ft. Dhiraj Magar, Upasana Singh Thakuri",done,2026-05-29 08:42:48.330387,2026-05-29 08:48:04.649851
5da5d3b392a444cc84c0a3337ffe8695,231.792,239.375,7.583,66,1,1,2026-05-29 08:48:04.634205,5aa8d52aaa864b1db52372343f8de3ce,https://youtu.be/p7wDS1VV3n4?si=2nH1sAIu8tzbl1Yv,p7wDS1VV3n4,"RUKUM MAIKOT - New Nepali Movie khusma Song 2024 | Ft. Dhiraj Magar, Upasana Singh Thakuri",done,2026-05-29 08:42:48.330387,2026-05-29 08:48:04.649851
a266fa33d7f34a3c95fce982b8628809,240.292,248.625,8.333,68,1,1,2026-05-29 08:48:04.634205,5aa8d52aaa864b1db52372343f8de3ce,https://youtu.be/p7wDS1VV3n4?si=2nH1sAIu8tzbl1Yv,p7wDS1VV3n4,"RUKUM MAIKOT - New Nepali Movie khusma Song 2024 | Ft. Dhiraj Magar, Upasana Singh Thakuri",done,2026-05-29 08:42:48.330387,2026-05-29 08:48:04.649851
42e88e37b6874874b5ce438a0f5743d0,248.625,253.083,4.458,69,1,1,2026-05-29 08:48:04.634205,5aa8d52aaa864b1db52372343f8de3ce,https://youtu.be/p7wDS1VV3n4?si=2nH1sAIu8tzbl1Yv,p7wDS1VV3n4,"RUKUM MAIKOT - New Nepali Movie khusma Song 2024 | Ft. Dhiraj Magar, Upasana Singh Thakuri",done,2026-05-29 08:42:48.330387,2026-05-29 08:48:04.649851
9d03bd7f7b5c42c0a630e9d52fd4655f,253.083,261.417,8.333,70,1,1,2026-05-29 08:48:04.634205,5aa8d52aaa864b1db52372343f8de3ce,https://youtu.be/p7wDS1VV3n4?si=2nH1sAIu8tzbl1Yv,p7wDS1VV3n4,"RUKUM MAIKOT - New Nepali Movie khusma Song 2024 | Ft. Dhiraj Magar, Upasana Singh Thakuri",done,2026-05-29 08:42:48.330387,2026-05-29 08:48:04.649851
a3918bfaad4c459d8a277af2dfa78ed9,261.417,267.625,6.208,71,1,1,2026-05-29 08:48:04.634205,5aa8d52aaa864b1db52372343f8de3ce,https://youtu.be/p7wDS1VV3n4?si=2nH1sAIu8tzbl1Yv,p7wDS1VV3n4,"RUKUM MAIKOT - New Nepali Movie khusma Song 2024 | Ft. Dhiraj Magar, Upasana Singh Thakuri",done,2026-05-29 08:42:48.330387,2026-05-29 08:48:04.649851
3d6e712a17224b7a8b84f9ed614c0bfb,269.167,279.167,10.0,73,1,1,2026-05-29 08:48:04.634205,5aa8d52aaa864b1db52372343f8de3ce,https://youtu.be/p7wDS1VV3n4?si=2nH1sAIu8tzbl1Yv,p7wDS1VV3n4,"RUKUM MAIKOT - New Nepali Movie khusma Song 2024 | Ft. Dhiraj Magar, Upasana Singh Thakuri",done,2026-05-29 08:42:48.330387,2026-05-29 08:48:04.649851
2bc4dbbe6b26438c8c49f4eb27a77e29,281.625,289.917,8.292,75,1,1,2026-05-29 08:48:04.634205,5aa8d52aaa864b1db52372343f8de3ce,https://youtu.be/p7wDS1VV3n4?si=2nH1sAIu8tzbl1Yv,p7wDS1VV3n4,"RUKUM MAIKOT - New Nepali Movie khusma Song 2024 | Ft. Dhiraj Magar, Upasana Singh Thakuri",done,2026-05-29 08:42:48.330387,2026-05-29 08:48:04.649851
2ab35e37cd8843008f60d4eeeb0e10ff,292.583,298.167,5.583,78,1,1,2026-05-29 08:48:04.634205,5aa8d52aaa864b1db52372343f8de3ce,https://youtu.be/p7wDS1VV3n4?si=2nH1sAIu8tzbl1Yv,p7wDS1VV3n4,"RUKUM MAIKOT - New Nepali Movie khusma Song 2024 | Ft. Dhiraj Magar, Upasana Singh Thakuri",done,2026-05-29 08:42:48.330387,2026-05-29 08:48:04.649851
a76d0c97ea9140aa8349ce2dfd031afa,298.167,301.292,3.125,79,1,1,2026-05-29 08:48:04.634205,5aa8d52aaa864b1db52372343f8de3ce,https://youtu.be/p7wDS1VV3n4?si=2nH1sAIu8tzbl1Yv,p7wDS1VV3n4,"RUKUM MAIKOT - New Nepali Movie khusma Song 2024 | Ft. Dhiraj Magar, Upasana Singh Thakuri",done,2026-05-29 08:42:48.330387,2026-05-29 08:48:04.649851
de54944911f64592b05232e6a7adca5d,301.292,304.458,3.167,80,1,1,2026-05-29 08:48:04.634205,5aa8d52aaa864b1db52372343f8de3ce,https://youtu.be/p7wDS1VV3n4?si=2nH1sAIu8tzbl1Yv,p7wDS1VV3n4,"RUKUM MAIKOT - New Nepali Movie khusma Song 2024 | Ft. Dhiraj Magar, Upasana Singh Thakuri",done,2026-05-29 08:42:48.330387,2026-05-29 08:48:04.649851
44e371baf88c4b5181440081e801a28f,304.458,311.5,7.042,81,1,1,2026-05-29 08:48:04.634844,5aa8d52aaa864b1db52372343f8de3ce,https://youtu.be/p7wDS1VV3n4?si=2nH1sAIu8tzbl1Yv,p7wDS1VV3n4,"RUKUM MAIKOT - New Nepali Movie khusma Song 2024 | Ft. Dhiraj Magar, Upasana Singh Thakuri",done,2026-05-29 08:42:48.330387,2026-05-29 08:48:04.649851
3c4c76703882473d8c894bef8b063d90,311.5,315.333,3.833,82,1,1,2026-05-29 08:48:04.634844,5aa8d52aaa864b1db52372343f8de3ce,https://youtu.be/p7wDS1VV3n4?si=2nH1sAIu8tzbl1Yv,p7wDS1VV3n4,"RUKUM MAIKOT - New Nepali Movie khusma Song 2024 | Ft. Dhiraj Magar, Upasana Singh Thakuri",done,2026-05-29 08:42:48.330387,2026-05-29 08:48:04.649851
0a57d5299bb941ab93bec8d99a75188c,0.0,6.68,6.68,0,0,1,2026-05-29 10:28:46.968507,b17e773791254d28aae15466738e401c,https://youtu.be/zGF0ZjnUKDw?si=YYYny3KajFC9vl3u,zGF0ZjnUKDw,Rato Rani | Prashant Tamang | Nandita Kc | Nepali Song,done,2026-05-29 10:28:03.007922,2026-05-29 10:28:46.980147
c7977a6badd24dcf9889c0fca8dcf14e,38.64,41.76,3.12,27,0,1,2026-05-29 10:28:46.968507,b17e773791254d28aae15466738e401c,https://youtu.be/zGF0ZjnUKDw?si=YYYny3KajFC9vl3u,zGF0ZjnUKDw,Rato Rani | Prashant Tamang | Nandita Kc | Nepali Song,done,2026-05-29 10:28:03.007922,2026-05-29 10:28:46.980147
38644970339d4be1a643fccfc431dcf2,46.52,50.28,3.76,33,0,1,2026-05-29 10:28:46.968507,b17e773791254d28aae15466738e401c,https://youtu.be/zGF0ZjnUKDw?si=YYYny3KajFC9vl3u,zGF0ZjnUKDw,Rato Rani | Prashant Tamang | Nandita Kc | Nepali Song,done,2026-05-29 10:28:03.007922,2026-05-29 10:28:46.980147
f38669e84d474795a4f7d969128fb128,71.32,81.32,10.0,49,0,1,2026-05-29 10:28:46.968507,b17e773791254d28aae15466738e401c,https://youtu.be/zGF0ZjnUKDw?si=YYYny3KajFC9vl3u,zGF0ZjnUKDw,Rato Rani | Prashant Tamang | Nandita Kc | Nepali Song,done,2026-05-29 10:28:03.007922,2026-05-29 10:28:46.980147
11bffaf0b9334c7190a980765a1c8f32,110.04,114.96,4.92,72,0,1,2026-05-29 10:28:46.968507,b17e773791254d28aae15466738e401c,https://youtu.be/zGF0ZjnUKDw?si=YYYny3KajFC9vl3u,zGF0ZjnUKDw,Rato Rani | Prashant Tamang | Nandita Kc | Nepali Song,done,2026-05-29 10:28:03.007922,2026-05-29 10:28:46.980147
4b7c89ac45e64807b64d8d80874bfd29,121.08,124.64,3.56,78,0,1,2026-05-29 10:28:46.968507,b17e773791254d28aae15466738e401c,https://youtu.be/zGF0ZjnUKDw?si=YYYny3KajFC9vl3u,zGF0ZjnUKDw,Rato Rani | Prashant Tamang | Nandita Kc | Nepali Song,done,2026-05-29 10:28:03.007922,2026-05-29 10:28:46.980147
66c036354b83422281ff2351d98108fd,125.76,129.72,3.96,80,0,1,2026-05-29 10:28:46.968507,b17e773791254d28aae15466738e401c,https://youtu.be/zGF0ZjnUKDw?si=YYYny3KajFC9vl3u,zGF0ZjnUKDw,Rato Rani | Prashant Tamang | Nandita Kc | Nepali Song,done,2026-05-29 10:28:03.007922,2026-05-29 10:28:46.980147
34db37716ba04e2cb8ba28f06619efd1,156.24,159.64,3.4,103,0,1,2026-05-29 10:28:46.968507,b17e773791254d28aae15466738e401c,https://youtu.be/zGF0ZjnUKDw?si=YYYny3KajFC9vl3u,zGF0ZjnUKDw,Rato Rani | Prashant Tamang | Nandita Kc | Nepali Song,done,2026-05-29 10:28:03.007922,2026-05-29 10:28:46.980147
a3877ba5e44a4261b08e8050df90347e,160.32,163.56,3.24,105,0,1,2026-05-29 10:28:46.968507,b17e773791254d28aae15466738e401c,https://youtu.be/zGF0ZjnUKDw?si=YYYny3KajFC9vl3u,zGF0ZjnUKDw,Rato Rani | Prashant Tamang | Nandita Kc | Nepali Song,done,2026-05-29 10:28:03.007922,2026-05-29 10:28:46.980147
3b0201e905d74794b3b9a86520d656e0,165.48,169.44,3.96,108,0,1,2026-05-29 10:28:46.968507,b17e773791254d28aae15466738e401c,https://youtu.be/zGF0ZjnUKDw?si=YYYny3KajFC9vl3u,zGF0ZjnUKDw,Rato Rani | Prashant Tamang | Nandita Kc | Nepali Song,done,2026-05-29 10:28:03.007922,2026-05-29 10:28:46.980147
badc8599e6404a3682440346f78394e0,175.72,178.96,3.24,113,0,1,2026-05-29 10:28:46.968507,b17e773791254d28aae15466738e401c,https://youtu.be/zGF0ZjnUKDw?si=YYYny3KajFC9vl3u,zGF0ZjnUKDw,Rato Rani | Prashant Tamang | Nandita Kc | Nepali Song,done,2026-05-29 10:28:03.007922,2026-05-29 10:28:46.980147
51ac9d99b5eb46dcb15a358b11c3ccc2,178.96,184.72,5.76,114,0,1,2026-05-29 10:28:46.968507,b17e773791254d28aae15466738e401c,https://youtu.be/zGF0ZjnUKDw?si=YYYny3KajFC9vl3u,zGF0ZjnUKDw,Rato Rani | Prashant Tamang | Nandita Kc | Nepali Song,done,2026-05-29 10:28:03.007922,2026-05-29 10:28:46.980147
8f2d63032661422f94ed2c99ed4b1b81,197.4,202.56,5.16,125,0,1,2026-05-29 10:28:46.968507,b17e773791254d28aae15466738e401c,https://youtu.be/zGF0ZjnUKDw?si=YYYny3KajFC9vl3u,zGF0ZjnUKDw,Rato Rani | Prashant Tamang | Nandita Kc | Nepali Song,done,2026-05-29 10:28:03.007922,2026-05-29 10:28:46.980147
b1ba222ab65f4d97bb48e6706bdad06d,203.2,209.36,6.16,127,0,1,2026-05-29 10:28:46.968507,b17e773791254d28aae15466738e401c,https://youtu.be/zGF0ZjnUKDw?si=YYYny3KajFC9vl3u,zGF0ZjnUKDw,Rato Rani | Prashant Tamang | Nandita Kc | Nepali Song,done,2026-05-29 10:28:03.007922,2026-05-29 10:28:46.980147
d3bf1509da88410681d928d6dbb87660,212.36,216.32,3.96,131,0,1,2026-05-29 10:28:46.968507,b17e773791254d28aae15466738e401c,https://youtu.be/zGF0ZjnUKDw?si=YYYny3KajFC9vl3u,zGF0ZjnUKDw,Rato Rani | Prashant Tamang | Nandita Kc | Nepali Song,done,2026-05-29 10:28:03.007922,2026-05-29 10:28:46.980147
3821634f33f547ffaf59db1b6b4760bc,216.32,223.36,7.04,132,0,1,2026-05-29 10:28:46.968507,b17e773791254d28aae15466738e401c,https://youtu.be/zGF0ZjnUKDw?si=YYYny3KajFC9vl3u,zGF0ZjnUKDw,Rato Rani | Prashant Tamang | Nandita Kc | Nepali Song,done,2026-05-29 10:28:03.007922,2026-05-29 10:28:46.980147
324d8b546762452ab9b6e5f4c414f108,223.36,229.4,6.04,133,0,1,2026-05-29 10:28:46.968507,b17e773791254d28aae15466738e401c,https://youtu.be/zGF0ZjnUKDw?si=YYYny3KajFC9vl3u,zGF0ZjnUKDw,Rato Rani | Prashant Tamang | Nandita Kc | Nepali Song,done,2026-05-29 10:28:03.007922,2026-05-29 10:28:46.980147
f616439d2d6943929b74c5373f913655,244.92,254.56,9.64,146,0,1,2026-05-29 10:28:46.968507,b17e773791254d28aae15466738e401c,https://youtu.be/zGF0ZjnUKDw?si=YYYny3KajFC9vl3u,zGF0ZjnUKDw,Rato Rani | Prashant Tamang | Nandita Kc | Nepali Song,done,2026-05-29 10:28:03.007922,2026-05-29 10:28:46.980147
1b58b90eca9745a8ba84b05ef3022412,0.0,10.0,10.0,0,1,1,2026-05-29 10:19:55.508307,5e7eeee8c77747c09605771e55076128,https://youtu.be/5_PvN3RHFb8?si=lC__nt8WBxhzT1Es,5_PvN3RHFb8,SARAK SARAK - D1 ft @Shadowgmusic-Thachani x NAMUNA x PIRTAM | Prod - @iczbeats OFFICIAL M/V,done,2026-05-29 10:16:22.350957,2026-05-29 10:19:55.513195
27ef50b33e874df7a0ad05f685385882,12.917,22.917,10.0,1,1,1,2026-05-29 10:19:55.508307,5e7eeee8c77747c09605771e55076128,https://youtu.be/5_PvN3RHFb8?si=lC__nt8WBxhzT1Es,5_PvN3RHFb8,SARAK SARAK - D1 ft @Shadowgmusic-Thachani x NAMUNA x PIRTAM | Prod - @iczbeats OFFICIAL M/V,done,2026-05-29 10:16:22.350957,2026-05-29 10:19:55.513195
458e9ed9e64b457cb008ea72ce11e4a8,24.375,33.167,8.792,3,1,1,2026-05-29 10:19:55.508307,5e7eeee8c77747c09605771e55076128,https://youtu.be/5_PvN3RHFb8?si=lC__nt8WBxhzT1Es,5_PvN3RHFb8,SARAK SARAK - D1 ft @Shadowgmusic-Thachani x NAMUNA x PIRTAM | Prod - @iczbeats OFFICIAL M/V,done,2026-05-29 10:16:22.350957,2026-05-29 10:19:55.513195
8a881e7852b84c8382cd2d082ea50cff,47.792,54.042,6.25,11,1,1,2026-05-29 10:19:55.508307,5e7eeee8c77747c09605771e55076128,https://youtu.be/5_PvN3RHFb8?si=lC__nt8WBxhzT1Es,5_PvN3RHFb8,SARAK SARAK - D1 ft @Shadowgmusic-Thachani x NAMUNA x PIRTAM | Prod - @iczbeats OFFICIAL M/V,done,2026-05-29 10:16:22.350957,2026-05-29 10:19:55.513195
787e384eb1334590b59ee24f3e7a1f4b,105.667,110.0,4.333,51,1,1,2026-05-29 10:19:55.508307,5e7eeee8c77747c09605771e55076128,https://youtu.be/5_PvN3RHFb8?si=lC__nt8WBxhzT1Es,5_PvN3RHFb8,SARAK SARAK - D1 ft @Shadowgmusic-Thachani x NAMUNA x PIRTAM | Prod - @iczbeats OFFICIAL M/V,done,2026-05-29 10:16:22.350957,2026-05-29 10:19:55.513195
ac53796f60424e8e87697d7595cff943,110.0,114.083,4.083,52,1,1,2026-05-29 10:19:55.508307,5e7eeee8c77747c09605771e55076128,https://youtu.be/5_PvN3RHFb8?si=lC__nt8WBxhzT1Es,5_PvN3RHFb8,SARAK SARAK - D1 ft @Shadowgmusic-Thachani x NAMUNA x PIRTAM | Prod - @iczbeats OFFICIAL M/V,done,2026-05-29 10:16:22.350957,2026-05-29 10:19:55.513195
b3348105e78d4a4dbcba683dc4a23d31,115.667,119.292,3.625,54,1,1,2026-05-29 10:19:55.508307,5e7eeee8c77747c09605771e55076128,https://youtu.be/5_PvN3RHFb8?si=lC__nt8WBxhzT1Es,5_PvN3RHFb8,SARAK SARAK - D1 ft @Shadowgmusic-Thachani x NAMUNA x PIRTAM | Prod - @iczbeats OFFICIAL M/V,done,2026-05-29 10:16:22.350957,2026-05-29 10:19:55.513195
651ea9780d68465db19f329fecabde2c,157.333,160.458,3.125,88,1,1,2026-05-29 10:19:55.508307,5e7eeee8c77747c09605771e55076128,https://youtu.be/5_PvN3RHFb8?si=lC__nt8WBxhzT1Es,5_PvN3RHFb8,SARAK SARAK - D1 ft @Shadowgmusic-Thachani x NAMUNA x PIRTAM | Prod - @iczbeats OFFICIAL M/V,done,2026-05-29 10:16:22.350957,2026-05-29 10:19:55.513195
7ca8a32c9fd544969d86209b98628145,165.708,169.792,4.083,94,1,1,2026-05-29 10:19:55.508307,5e7eeee8c77747c09605771e55076128,https://youtu.be/5_PvN3RHFb8?si=lC__nt8WBxhzT1Es,5_PvN3RHFb8,SARAK SARAK - D1 ft @Shadowgmusic-Thachani x NAMUNA x PIRTAM | Prod - @iczbeats OFFICIAL M/V,done,2026-05-29 10:16:22.350957,2026-05-29 10:19:55.513195
bc1b1130ba644a1c9aed30e5179192f5,242.375,246.208,3.833,153,1,1,2026-05-29 10:19:55.508307,5e7eeee8c77747c09605771e55076128,https://youtu.be/5_PvN3RHFb8?si=lC__nt8WBxhzT1Es,5_PvN3RHFb8,SARAK SARAK - D1 ft @Shadowgmusic-Thachani x NAMUNA x PIRTAM | Prod - @iczbeats OFFICIAL M/V,done,2026-05-29 10:16:22.350957,2026-05-29 10:19:55.513195
70ef6979cf9a4bde9ff522b6196bb88f,246.208,249.417,3.208,154,1,1,2026-05-29 10:19:55.508307,5e7eeee8c77747c09605771e55076128,https://youtu.be/5_PvN3RHFb8?si=lC__nt8WBxhzT1Es,5_PvN3RHFb8,SARAK SARAK - D1 ft @Shadowgmusic-Thachani x NAMUNA x PIRTAM | Prod - @iczbeats OFFICIAL M/V,done,2026-05-29 10:16:22.350957,2026-05-29 10:19:55.513195
2d5e639d8f774eb0a96dab097837fd15,259.125,262.917,3.792,160,1,1,2026-05-29 10:19:55.508307,5e7eeee8c77747c09605771e55076128,https://youtu.be/5_PvN3RHFb8?si=lC__nt8WBxhzT1Es,5_PvN3RHFb8,SARAK SARAK - D1 ft @Shadowgmusic-Thachani x NAMUNA x PIRTAM | Prod - @iczbeats OFFICIAL M/V,done,2026-05-29 10:16:22.350957,2026-05-29 10:19:55.513195
5826f125e40e4fd6b9dd6664c635c1ff,264.167,268.042,3.875,162,1,1,2026-05-29 10:19:55.508307,5e7eeee8c77747c09605771e55076128,https://youtu.be/5_PvN3RHFb8?si=lC__nt8WBxhzT1Es,5_PvN3RHFb8,SARAK SARAK - D1 ft @Shadowgmusic-Thachani x NAMUNA x PIRTAM | Prod - @iczbeats OFFICIAL M/V,done,2026-05-29 10:16:22.350957,2026-05-29 10:19:55.513195
f9a0af961bf74cc4a54c8f3a40b8ee96,272.208,282.208,10.0,165,1,1,2026-05-29 10:19:55.508307,5e7eeee8c77747c09605771e55076128,https://youtu.be/5_PvN3RHFb8?si=lC__nt8WBxhzT1Es,5_PvN3RHFb8,SARAK SARAK - D1 ft @Shadowgmusic-Thachani x NAMUNA x PIRTAM | Prod - @iczbeats OFFICIAL M/V,done,2026-05-29 10:16:22.350957,2026-05-29 10:19:55.513195
0b264328b1464160af0d8cd9259254fa,0.0,3.083,3.083,0,1,1,2026-05-29 08:49:41.258855,07bd6c36438d43c0a5a9eb776aff070d,https://youtu.be/fcBKV-B8iA8?si=AsiujWUigM8dr5rk,fcBKV-B8iA8,ST MAN - KALI KALI FT. YUNG 22 & BIG NORZZA ( OFFICAL MUSIC VIDEO ),done,2026-05-29 08:45:00.037734,2026-05-29 08:49:41.268335
0d829bad040748a394fd49af941e6a76,3.083,10.75,7.667,1,1,1,2026-05-29 08:49:41.258855,07bd6c36438d43c0a5a9eb776aff070d,https://youtu.be/fcBKV-B8iA8?si=AsiujWUigM8dr5rk,fcBKV-B8iA8,ST MAN - KALI KALI FT. YUNG 22 & BIG NORZZA ( OFFICAL MUSIC VIDEO ),done,2026-05-29 08:45:00.037734,2026-05-29 08:49:41.268335
d93461f95cb641dda5a20df7decbf9bb,10.75,13.917,3.167,2,1,1,2026-05-29 08:49:41.258855,07bd6c36438d43c0a5a9eb776aff070d,https://youtu.be/fcBKV-B8iA8?si=AsiujWUigM8dr5rk,fcBKV-B8iA8,ST MAN - KALI KALI FT. YUNG 22 & BIG NORZZA ( OFFICAL MUSIC VIDEO ),done,2026-05-29 08:45:00.037734,2026-05-29 08:49:41.268335
4bc63e4cb40740d9913fc0e424229b0d,13.917,19.375,5.458,3,1,1,2026-05-29 08:49:41.259362,07bd6c36438d43c0a5a9eb776aff070d,https://youtu.be/fcBKV-B8iA8?si=AsiujWUigM8dr5rk,fcBKV-B8iA8,ST MAN - KALI KALI FT. YUNG 22 & BIG NORZZA ( OFFICAL MUSIC VIDEO ),done,2026-05-29 08:45:00.037734,2026-05-29 08:49:41.268335
16c1101472214dab8d9def2684367bfa,19.375,23.625,4.25,4,1,1,2026-05-29 08:49:41.259362,07bd6c36438d43c0a5a9eb776aff070d,https://youtu.be/fcBKV-B8iA8?si=AsiujWUigM8dr5rk,fcBKV-B8iA8,ST MAN - KALI KALI FT. YUNG 22 & BIG NORZZA ( OFFICAL MUSIC VIDEO ),done,2026-05-29 08:45:00.037734,2026-05-29 08:49:41.268335
9872be06b9b04183943a21a215e4a928,43.542,47.25,3.708,17,1,1,2026-05-29 08:49:41.259362,07bd6c36438d43c0a5a9eb776aff070d,https://youtu.be/fcBKV-B8iA8?si=AsiujWUigM8dr5rk,fcBKV-B8iA8,ST MAN - KALI KALI FT. YUNG 22 & BIG NORZZA ( OFFICAL MUSIC VIDEO ),done,2026-05-29 08:45:00.037734,2026-05-29 08:49:41.268335
5c878901fb9241229024eb912cb4aa7b,115.417,118.583,3.167,62,1,1,2026-05-29 08:49:41.259362,07bd6c36438d43c0a5a9eb776aff070d,https://youtu.be/fcBKV-B8iA8?si=AsiujWUigM8dr5rk,fcBKV-B8iA8,ST MAN - KALI KALI FT. YUNG 22 & BIG NORZZA ( OFFICAL MUSIC VIDEO ),done,2026-05-29 08:45:00.037734,2026-05-29 08:49:41.268335
a1e7dbef101f4aa8966fcc6fc8345375,146.417,150.292,3.875,82,1,1,2026-05-29 08:49:41.259362,07bd6c36438d43c0a5a9eb776aff070d,https://youtu.be/fcBKV-B8iA8?si=AsiujWUigM8dr5rk,fcBKV-B8iA8,ST MAN - KALI KALI FT. YUNG 22 & BIG NORZZA ( OFFICAL MUSIC VIDEO ),done,2026-05-29 08:45:00.037734,2026-05-29 08:49:41.268335
c4f339f7d6f4470f8dc3cb44d28afe1e,217.375,221.458,4.083,128,1,1,2026-05-29 08:49:41.259362,07bd6c36438d43c0a5a9eb776aff070d,https://youtu.be/fcBKV-B8iA8?si=AsiujWUigM8dr5rk,fcBKV-B8iA8,ST MAN - KALI KALI FT. YUNG 22 & BIG NORZZA ( OFFICAL MUSIC VIDEO ),done,2026-05-29 08:45:00.037734,2026-05-29 08:49:41.268335
2722605ad7b54b3f8a854f492abeb474,224.292,227.583,3.292,131,1,1,2026-05-29 08:49:41.259362,07bd6c36438d43c0a5a9eb776aff070d,https://youtu.be/fcBKV-B8iA8?si=AsiujWUigM8dr5rk,fcBKV-B8iA8,ST MAN - KALI KALI FT. YUNG 22 & BIG NORZZA ( OFFICAL MUSIC VIDEO ),done,2026-05-29 08:45:00.037734,2026-05-29 08:49:41.268335
3b634ed7d6a743eda9127105ddb7ae42,231.25,235.125,3.875,135,1,1,2026-05-29 08:49:41.259362,07bd6c36438d43c0a5a9eb776aff070d,https://youtu.be/fcBKV-B8iA8?si=AsiujWUigM8dr5rk,fcBKV-B8iA8,ST MAN - KALI KALI FT. YUNG 22 & BIG NORZZA ( OFFICAL MUSIC VIDEO ),done,2026-05-29 08:45:00.037734,2026-05-29 08:49:41.268335
ed46b8625a91446a9a56242660b3eb1a,267.875,273.125,5.25,156,1,1,2026-05-29 08:49:41.259362,07bd6c36438d43c0a5a9eb776aff070d,https://youtu.be/fcBKV-B8iA8?si=AsiujWUigM8dr5rk,fcBKV-B8iA8,ST MAN - KALI KALI FT. YUNG 22 & BIG NORZZA ( OFFICAL MUSIC VIDEO ),done,2026-05-29 08:45:00.037734,2026-05-29 08:49:41.268335
67adc6183cf74291977655603456498e,273.125,281.083,7.958,157,1,1,2026-05-29 08:49:41.259362,07bd6c36438d43c0a5a9eb776aff070d,https://youtu.be/fcBKV-B8iA8?si=AsiujWUigM8dr5rk,fcBKV-B8iA8,ST MAN - KALI KALI FT. YUNG 22 & BIG NORZZA ( OFFICAL MUSIC VIDEO ),done,2026-05-29 08:45:00.037734,2026-05-29 08:49:41.268335
41824dd96f9e480aa1769dec4be23cba,282.833,286.0,3.167,159,1,1,2026-05-29 08:49:41.259362,07bd6c36438d43c0a5a9eb776aff070d,https://youtu.be/fcBKV-B8iA8?si=AsiujWUigM8dr5rk,fcBKV-B8iA8,ST MAN - KALI KALI FT. YUNG 22 & BIG NORZZA ( OFFICAL MUSIC VIDEO ),done,2026-05-29 08:45:00.037734,2026-05-29 08:49:41.268335
9930c43befec4f1292125ae95b26dbb5,286.0,291.708,5.708,160,1,1,2026-05-29 08:49:41.259362,07bd6c36438d43c0a5a9eb776aff070d,https://youtu.be/fcBKV-B8iA8?si=AsiujWUigM8dr5rk,fcBKV-B8iA8,ST MAN - KALI KALI FT. YUNG 22 & BIG NORZZA ( OFFICAL MUSIC VIDEO ),done,2026-05-29 08:45:00.037734,2026-05-29 08:49:41.268335
2c53a9fe86544123863ecfd215463de5,296.5,299.792,3.292,163,1,1,2026-05-29 08:49:41.259362,07bd6c36438d43c0a5a9eb776aff070d,https://youtu.be/fcBKV-B8iA8?si=AsiujWUigM8dr5rk,fcBKV-B8iA8,ST MAN - KALI KALI FT. YUNG 22 & BIG NORZZA ( OFFICAL MUSIC VIDEO ),done,2026-05-29 08:45:00.037734,2026-05-29 08:49:41.268335
4c5c3777c1e140b2914603d3c93ccaad,299.792,303.458,3.667,164,1,1,2026-05-29 08:49:41.259362,07bd6c36438d43c0a5a9eb776aff070d,https://youtu.be/fcBKV-B8iA8?si=AsiujWUigM8dr5rk,fcBKV-B8iA8,ST MAN - KALI KALI FT. YUNG 22 & BIG NORZZA ( OFFICAL MUSIC VIDEO ),done,2026-05-29 08:45:00.037734,2026-05-29 08:49:41.268335
baf7ce99734f4b5cbd310ebb2e4e6537,303.458,307.5,4.042,165,1,1,2026-05-29 08:49:41.259362,07bd6c36438d43c0a5a9eb776aff070d,https://youtu.be/fcBKV-B8iA8?si=AsiujWUigM8dr5rk,fcBKV-B8iA8,ST MAN - KALI KALI FT. YUNG 22 & BIG NORZZA ( OFFICAL MUSIC VIDEO ),done,2026-05-29 08:45:00.037734,2026-05-29 08:49:41.268335
19674b523b744065b716b03b66a5cc4d,307.5,317.5,10.0,166,1,1,2026-05-29 08:49:41.259362,07bd6c36438d43c0a5a9eb776aff070d,https://youtu.be/fcBKV-B8iA8?si=AsiujWUigM8dr5rk,fcBKV-B8iA8,ST MAN - KALI KALI FT. YUNG 22 & BIG NORZZA ( OFFICAL MUSIC VIDEO ),done,2026-05-29 08:45:00.037734,2026-05-29 08:49:41.268335
550d19f1e825454b81ee1e0584343392,5.0,15.0,10.0,3,1,1,2026-05-29 08:49:49.913356,1d131081f3894ac2abe84ef9fdbb3fc0,https://youtu.be/xIZISD1JqoQ?si=5kODx8JowIw-JVIp,xIZISD1JqoQ,Sailo Ma Charghare『Official Music Video』- Bishwo Dong || Ft. Alisha Rai | Bijay Dong | Sushil Waiba,done,2026-05-29 08:45:36.372401,2026-05-29 08:49:49.919132
3b8da94b2bc14ecb9126f0143ee7c98b,41.708,45.125,3.417,14,1,1,2026-05-29 08:49:49.913356,1d131081f3894ac2abe84ef9fdbb3fc0,https://youtu.be/xIZISD1JqoQ?si=5kODx8JowIw-JVIp,xIZISD1JqoQ,Sailo Ma Charghare『Official Music Video』- Bishwo Dong || Ft. Alisha Rai | Bijay Dong | Sushil Waiba,done,2026-05-29 08:45:36.372401,2026-05-29 08:49:49.919132
19eb67abc8a745a2a9ce06c1f344b4a8,46.5,50.208,3.708,16,1,1,2026-05-29 08:49:49.913356,1d131081f3894ac2abe84ef9fdbb3fc0,https://youtu.be/xIZISD1JqoQ?si=5kODx8JowIw-JVIp,xIZISD1JqoQ,Sailo Ma Charghare『Official Music Video』- Bishwo Dong || Ft. Alisha Rai | Bijay Dong | Sushil Waiba,done,2026-05-29 08:45:36.372401,2026-05-29 08:49:49.919132
cbed954a77fc4ac2b04ba1157b7a8cb6,54.0,58.792,4.792,19,1,1,2026-05-29 08:49:49.913356,1d131081f3894ac2abe84ef9fdbb3fc0,https://youtu.be/xIZISD1JqoQ?si=5kODx8JowIw-JVIp,xIZISD1JqoQ,Sailo Ma Charghare『Official Music Video』- Bishwo Dong || Ft. Alisha Rai | Bijay Dong | Sushil Waiba,done,2026-05-29 08:45:36.372401,2026-05-29 08:49:49.919132
a4076df3e69c450aa74d2119f5b1dab0,72.667,75.875,3.208,27,1,1,2026-05-29 08:49:49.913356,1d131081f3894ac2abe84ef9fdbb3fc0,https://youtu.be/xIZISD1JqoQ?si=5kODx8JowIw-JVIp,xIZISD1JqoQ,Sailo Ma Charghare『Official Music Video』- Bishwo Dong || Ft. Alisha Rai | Bijay Dong | Sushil Waiba,done,2026-05-29 08:45:36.372401,2026-05-29 08:49:49.919132
a2259765035a43178d4359ce87e2edfd,121.458,126.458,5.0,57,1,1,2026-05-29 08:49:49.913356,1d131081f3894ac2abe84ef9fdbb3fc0,https://youtu.be/xIZISD1JqoQ?si=5kODx8JowIw-JVIp,xIZISD1JqoQ,Sailo Ma Charghare『Official Music Video』- Bishwo Dong || Ft. Alisha Rai | Bijay Dong | Sushil Waiba,done,2026-05-29 08:45:36.372401,2026-05-29 08:49:49.919132
bbdac6ce04d841319406acd59ef0d1fc,158.958,162.0,3.042,76,1,1,2026-05-29 08:49:49.913356,1d131081f3894ac2abe84ef9fdbb3fc0,https://youtu.be/xIZISD1JqoQ?si=5kODx8JowIw-JVIp,xIZISD1JqoQ,Sailo Ma Charghare『Official Music Video』- Bishwo Dong || Ft. Alisha Rai | Bijay Dong | Sushil Waiba,done,2026-05-29 08:45:36.372401,2026-05-29 08:49:49.919132
84719a2108f54a04baea9cb69b71f9a6,167.458,170.542,3.083,80,1,1,2026-05-29 08:49:49.913356,1d131081f3894ac2abe84ef9fdbb3fc0,https://youtu.be/xIZISD1JqoQ?si=5kODx8JowIw-JVIp,xIZISD1JqoQ,Sailo Ma Charghare『Official Music Video』- Bishwo Dong || Ft. Alisha Rai | Bijay Dong | Sushil Waiba,done,2026-05-29 08:45:36.372401,2026-05-29 08:49:49.919132
78519023286d49bb84c1cb9c5fded3d9,198.25,201.25,3.0,99,1,1,2026-05-29 08:49:49.913356,1d131081f3894ac2abe84ef9fdbb3fc0,https://youtu.be/xIZISD1JqoQ?si=5kODx8JowIw-JVIp,xIZISD1JqoQ,Sailo Ma Charghare『Official Music Video』- Bishwo Dong || Ft. Alisha Rai | Bijay Dong | Sushil Waiba,done,2026-05-29 08:45:36.372401,2026-05-29 08:49:49.919132
5426578fc35141bda274a61bc109f572,201.25,204.25,3.0,100,1,1,2026-05-29 08:49:49.913356,1d131081f3894ac2abe84ef9fdbb3fc0,https://youtu.be/xIZISD1JqoQ?si=5kODx8JowIw-JVIp,xIZISD1JqoQ,Sailo Ma Charghare『Official Music Video』- Bishwo Dong || Ft. Alisha Rai | Bijay Dong | Sushil Waiba,done,2026-05-29 08:45:36.372401,2026-05-29 08:49:49.919132
de0b25092a8b4106bbf77b7c8968e4f1,241.042,244.917,3.875,120,1,1,2026-05-29 08:49:49.913356,1d131081f3894ac2abe84ef9fdbb3fc0,https://youtu.be/xIZISD1JqoQ?si=5kODx8JowIw-JVIp,xIZISD1JqoQ,Sailo Ma Charghare『Official Music Video』- Bishwo Dong || Ft. Alisha Rai | Bijay Dong | Sushil Waiba,done,2026-05-29 08:45:36.372401,2026-05-29 08:49:49.919132
469efce92dff45409176ada423458a91,247.792,251.0,3.208,122,1,1,2026-05-29 08:49:49.913356,1d131081f3894ac2abe84ef9fdbb3fc0,https://youtu.be/xIZISD1JqoQ?si=5kODx8JowIw-JVIp,xIZISD1JqoQ,Sailo Ma Charghare『Official Music Video』- Bishwo Dong || Ft. Alisha Rai | Bijay Dong | Sushil Waiba,done,2026-05-29 08:45:36.372401,2026-05-29 08:49:49.919132
0977de26ee81436994ca58fca147435c,260.208,264.833,4.625,128,1,1,2026-05-29 08:49:49.913356,1d131081f3894ac2abe84ef9fdbb3fc0,https://youtu.be/xIZISD1JqoQ?si=5kODx8JowIw-JVIp,xIZISD1JqoQ,Sailo Ma Charghare『Official Music Video』- Bishwo Dong || Ft. Alisha Rai | Bijay Dong | Sushil Waiba,done,2026-05-29 08:45:36.372401,2026-05-29 08:49:49.919132
dee2950a446240f586e3c54be68a85be,278.375,284.458,6.083,137,1,1,2026-05-29 08:49:49.913356,1d131081f3894ac2abe84ef9fdbb3fc0,https://youtu.be/xIZISD1JqoQ?si=5kODx8JowIw-JVIp,xIZISD1JqoQ,Sailo Ma Charghare『Official Music Video』- Bishwo Dong || Ft. Alisha Rai | Bijay Dong | Sushil Waiba,done,2026-05-29 08:45:36.372401,2026-05-29 08:49:49.919132
1c8d3a3f66fb4622be9fcc69b17e3c3a,284.458,287.542,3.083,138,1,1,2026-05-29 08:49:49.913356,1d131081f3894ac2abe84ef9fdbb3fc0,https://youtu.be/xIZISD1JqoQ?si=5kODx8JowIw-JVIp,xIZISD1JqoQ,Sailo Ma Charghare『Official Music Video』- Bishwo Dong || Ft. Alisha Rai | Bijay Dong | Sushil Waiba,done,2026-05-29 08:45:36.372401,2026-05-29 08:49:49.919132
2b34b7c2bbd9441cac7fe529498f9790,297.333,301.083,3.75,144,1,1,2026-05-29 08:49:49.913356,1d131081f3894ac2abe84ef9fdbb3fc0,https://youtu.be/xIZISD1JqoQ?si=5kODx8JowIw-JVIp,xIZISD1JqoQ,Sailo Ma Charghare『Official Music Video』- Bishwo Dong || Ft. Alisha Rai | Bijay Dong | Sushil Waiba,done,2026-05-29 08:45:36.372401,2026-05-29 08:49:49.919132
5e57456a75774efea18852d7d07df541,304.708,309.625,4.917,147,1,1,2026-05-29 08:49:49.913356,1d131081f3894ac2abe84ef9fdbb3fc0,https://youtu.be/xIZISD1JqoQ?si=5kODx8JowIw-JVIp,xIZISD1JqoQ,Sailo Ma Charghare『Official Music Video』- Bishwo Dong || Ft. Alisha Rai | Bijay Dong | Sushil Waiba,done,2026-05-29 08:45:36.372401,2026-05-29 08:49:49.919132
b27e493edd6247e3826509f7b4a5ef7e,318.042,322.333,4.292,153,1,1,2026-05-29 08:49:49.913356,1d131081f3894ac2abe84ef9fdbb3fc0,https://youtu.be/xIZISD1JqoQ?si=5kODx8JowIw-JVIp,xIZISD1JqoQ,Sailo Ma Charghare『Official Music Video』- Bishwo Dong || Ft. Alisha Rai | Bijay Dong | Sushil Waiba,done,2026-05-29 08:45:36.372401,2026-05-29 08:49:49.919132
abe7b080dd2a4cfcaf1fe4a757fbc272,328.917,332.125,3.208,157,1,1,2026-05-29 08:49:49.913356,1d131081f3894ac2abe84ef9fdbb3fc0,https://youtu.be/xIZISD1JqoQ?si=5kODx8JowIw-JVIp,xIZISD1JqoQ,Sailo Ma Charghare『Official Music Video』- Bishwo Dong || Ft. Alisha Rai | Bijay Dong | Sushil Waiba,done,2026-05-29 08:45:36.372401,2026-05-29 08:49:49.919132
331b8deea41f4b5fa52aae23da243763,333.417,336.708,3.292,159,1,1,2026-05-29 08:49:49.913356,1d131081f3894ac2abe84ef9fdbb3fc0,https://youtu.be/xIZISD1JqoQ?si=5kODx8JowIw-JVIp,xIZISD1JqoQ,Sailo Ma Charghare『Official Music Video』- Bishwo Dong || Ft. Alisha Rai | Bijay Dong | Sushil Waiba,done,2026-05-29 08:45:36.372401,2026-05-29 08:49:49.919132
ca7ca9f5f9694ca29bcef5a05cad4173,337.958,347.958,10.0,161,1,1,2026-05-29 08:49:49.913356,1d131081f3894ac2abe84ef9fdbb3fc0,https://youtu.be/xIZISD1JqoQ?si=5kODx8JowIw-JVIp,xIZISD1JqoQ,Sailo Ma Charghare『Official Music Video』- Bishwo Dong || Ft. Alisha Rai | Bijay Dong | Sushil Waiba,done,2026-05-29 08:45:36.372401,2026-05-29 08:49:49.919132
a42f4d6479bd437cac5ebccab208163a,378.292,381.417,3.125,162,1,1,2026-05-29 08:49:49.913356,1d131081f3894ac2abe84ef9fdbb3fc0,https://youtu.be/xIZISD1JqoQ?si=5kODx8JowIw-JVIp,xIZISD1JqoQ,Sailo Ma Charghare『Official Music Video』- Bishwo Dong || Ft. Alisha Rai | Bijay Dong | Sushil Waiba,done,2026-05-29 08:45:36.372401,2026-05-29 08:49:49.919132
799b8702b382457f9ada84e23a972067,28.733,31.867,3.133,15,0,1,2026-05-29 10:26:32.460900,191f3a2b2e504afc940b518dd94443bf,https://youtu.be/nm0bdMrXWPc?si=u4mzOgOPUsPTLr0A,nm0bdMrXWPc,"Sarama Sara - Bhanu Oli & Satyakala Rai | Album ""LokMala"" | Nepali Lok Dohori",done,2026-05-29 10:26:06.222312,2026-05-29 10:26:32.466900
0a3dd103b3aa44fba9c602e6815032aa,41.933,49.333,7.4,21,0,1,2026-05-29 10:26:32.460900,191f3a2b2e504afc940b518dd94443bf,https://youtu.be/nm0bdMrXWPc?si=u4mzOgOPUsPTLr0A,nm0bdMrXWPc,"Sarama Sara - Bhanu Oli & Satyakala Rai | Album ""LokMala"" | Nepali Lok Dohori",done,2026-05-29 10:26:06.222312,2026-05-29 10:26:32.466900
978eaa8cada54cdd96efef1defa079df,54.133,59.067,4.933,24,0,1,2026-05-29 10:26:32.460900,191f3a2b2e504afc940b518dd94443bf,https://youtu.be/nm0bdMrXWPc?si=u4mzOgOPUsPTLr0A,nm0bdMrXWPc,"Sarama Sara - Bhanu Oli & Satyakala Rai | Album ""LokMala"" | Nepali Lok Dohori",done,2026-05-29 10:26:06.222312,2026-05-29 10:26:32.466900
48daf15b17ea4851af80bd4db250138a,64.0,68.533,4.533,27,0,1,2026-05-29 10:26:32.460900,191f3a2b2e504afc940b518dd94443bf,https://youtu.be/nm0bdMrXWPc?si=u4mzOgOPUsPTLr0A,nm0bdMrXWPc,"Sarama Sara - Bhanu Oli & Satyakala Rai | Album ""LokMala"" | Nepali Lok Dohori",done,2026-05-29 10:26:06.222312,2026-05-29 10:26:32.466900
0b7c24dea01d4f98b256775f3f04c344,82.667,86.0,3.333,38,0,1,2026-05-29 10:26:32.460900,191f3a2b2e504afc940b518dd94443bf,https://youtu.be/nm0bdMrXWPc?si=u4mzOgOPUsPTLr0A,nm0bdMrXWPc,"Sarama Sara - Bhanu Oli & Satyakala Rai | Album ""LokMala"" | Nepali Lok Dohori",done,2026-05-29 10:26:06.222312,2026-05-29 10:26:32.466900
bfdb592d74a545cda94425bdfa4ffd94,87.2,90.933,3.733,40,0,1,2026-05-29 10:26:32.460900,191f3a2b2e504afc940b518dd94443bf,https://youtu.be/nm0bdMrXWPc?si=u4mzOgOPUsPTLr0A,nm0bdMrXWPc,"Sarama Sara - Bhanu Oli & Satyakala Rai | Album ""LokMala"" | Nepali Lok Dohori",done,2026-05-29 10:26:06.222312,2026-05-29 10:26:32.466900
a56c5abc8f78482c9898bc88854715ac,95.733,100.667,4.933,43,0,1,2026-05-29 10:26:32.460900,191f3a2b2e504afc940b518dd94443bf,https://youtu.be/nm0bdMrXWPc?si=u4mzOgOPUsPTLr0A,nm0bdMrXWPc,"Sarama Sara - Bhanu Oli & Satyakala Rai | Album ""LokMala"" | Nepali Lok Dohori",done,2026-05-29 10:26:06.222312,2026-05-29 10:26:32.466900
39371070c79344f89429788e470047e7,103.133,108.0,4.867,45,0,1,2026-05-29 10:26:32.460900,191f3a2b2e504afc940b518dd94443bf,https://youtu.be/nm0bdMrXWPc?si=u4mzOgOPUsPTLr0A,nm0bdMrXWPc,"Sarama Sara - Bhanu Oli & Satyakala Rai | Album ""LokMala"" | Nepali Lok Dohori",done,2026-05-29 10:26:06.222312,2026-05-29 10:26:32.466900
2675beaccd91414da22661792e36c0bd,172.933,176.067,3.133,81,0,1,2026-05-29 10:26:32.460900,191f3a2b2e504afc940b518dd94443bf,https://youtu.be/nm0bdMrXWPc?si=u4mzOgOPUsPTLr0A,nm0bdMrXWPc,"Sarama Sara - Bhanu Oli & Satyakala Rai | Album ""LokMala"" | Nepali Lok Dohori",done,2026-05-29 10:26:06.222312,2026-05-29 10:26:32.466900
92f9f578ecdd444d824f6ce6c8f6444a,227.6,237.6,10.0,111,0,1,2026-05-29 10:26:32.460900,191f3a2b2e504afc940b518dd94443bf,https://youtu.be/nm0bdMrXWPc?si=u4mzOgOPUsPTLr0A,nm0bdMrXWPc,"Sarama Sara - Bhanu Oli & Satyakala Rai | Album ""LokMala"" | Nepali Lok Dohori",done,2026-05-29 10:26:06.222312,2026-05-29 10:26:32.466900
0d8944ba2e554f6a91df13d6ac73a6e1,248.8,253.067,4.267,116,0,1,2026-05-29 10:26:32.460900,191f3a2b2e504afc940b518dd94443bf,https://youtu.be/nm0bdMrXWPc?si=u4mzOgOPUsPTLr0A,nm0bdMrXWPc,"Sarama Sara - Bhanu Oli & Satyakala Rai | Album ""LokMala"" | Nepali Lok Dohori",done,2026-05-29 10:26:06.222312,2026-05-29 10:26:32.466900
b0fdd523cd2b4657a137bc6a82a883db,259.2,262.2,3.0,122,0,1,2026-05-29 10:26:32.460900,191f3a2b2e504afc940b518dd94443bf,https://youtu.be/nm0bdMrXWPc?si=u4mzOgOPUsPTLr0A,nm0bdMrXWPc,"Sarama Sara - Bhanu Oli & Satyakala Rai | Album ""LokMala"" | Nepali Lok Dohori",done,2026-05-29 10:26:06.222312,2026-05-29 10:26:32.466900
d381aba75f364cc4a9ed14f1595d5f45,262.2,267.067,4.867,123,0,1,2026-05-29 10:26:32.460900,191f3a2b2e504afc940b518dd94443bf,https://youtu.be/nm0bdMrXWPc?si=u4mzOgOPUsPTLr0A,nm0bdMrXWPc,"Sarama Sara - Bhanu Oli & Satyakala Rai | Album ""LokMala"" | Nepali Lok Dohori",done,2026-05-29 10:26:06.222312,2026-05-29 10:26:32.466900
48243783004746bfb279f94a015f41df,267.067,271.933,4.867,124,0,1,2026-05-29 10:26:32.460900,191f3a2b2e504afc940b518dd94443bf,https://youtu.be/nm0bdMrXWPc?si=u4mzOgOPUsPTLr0A,nm0bdMrXWPc,"Sarama Sara - Bhanu Oli & Satyakala Rai | Album ""LokMala"" | Nepali Lok Dohori",done,2026-05-29 10:26:06.222312,2026-05-29 10:26:32.466900
c895ea67cbae4e33a12cd2df1b3f837e,281.8,288.333,6.533,130,0,1,2026-05-29 10:26:32.460900,191f3a2b2e504afc940b518dd94443bf,https://youtu.be/nm0bdMrXWPc?si=u4mzOgOPUsPTLr0A,nm0bdMrXWPc,"Sarama Sara - Bhanu Oli & Satyakala Rai | Album ""LokMala"" | Nepali Lok Dohori",done,2026-05-29 10:26:06.222312,2026-05-29 10:26:32.466900
f54fc1e9aebe44a69a4a7e8338db1d3d,288.333,292.6,4.267,131,0,1,2026-05-29 10:26:32.460900,191f3a2b2e504afc940b518dd94443bf,https://youtu.be/nm0bdMrXWPc?si=u4mzOgOPUsPTLr0A,nm0bdMrXWPc,"Sarama Sara - Bhanu Oli & Satyakala Rai | Album ""LokMala"" | Nepali Lok Dohori",done,2026-05-29 10:26:06.222312,2026-05-29 10:26:32.466900
138d56f01ac448478841136729397356,295.067,302.533,7.467,133,0,1,2026-05-29 10:26:32.460900,191f3a2b2e504afc940b518dd94443bf,https://youtu.be/nm0bdMrXWPc?si=u4mzOgOPUsPTLr0A,nm0bdMrXWPc,"Sarama Sara - Bhanu Oli & Satyakala Rai | Album ""LokMala"" | Nepali Lok Dohori",done,2026-05-29 10:26:06.222312,2026-05-29 10:26:32.466900
db75cf6e71ad43fa9188e3633196106b,319.6,323.267,3.667,143,0,1,2026-05-29 10:26:32.460900,191f3a2b2e504afc940b518dd94443bf,https://youtu.be/nm0bdMrXWPc?si=u4mzOgOPUsPTLr0A,nm0bdMrXWPc,"Sarama Sara - Bhanu Oli & Satyakala Rai | Album ""LokMala"" | Nepali Lok Dohori",done,2026-05-29 10:26:06.222312,2026-05-29 10:26:32.466900
f8610e20595d474ab58e4530d2ece158,325.733,329.333,3.6,145,0,1,2026-05-29 10:26:32.460900,191f3a2b2e504afc940b518dd94443bf,https://youtu.be/nm0bdMrXWPc?si=u4mzOgOPUsPTLr0A,nm0bdMrXWPc,"Sarama Sara - Bhanu Oli & Satyakala Rai | Album ""LokMala"" | Nepali Lok Dohori",done,2026-05-29 10:26:06.222312,2026-05-29 10:26:32.466900
698448fca213479da78c282d998cfde9,329.333,332.533,3.2,146,0,1,2026-05-29 10:26:32.460900,191f3a2b2e504afc940b518dd94443bf,https://youtu.be/nm0bdMrXWPc?si=u4mzOgOPUsPTLr0A,nm0bdMrXWPc,"Sarama Sara - Bhanu Oli & Satyakala Rai | Album ""LokMala"" | Nepali Lok Dohori",done,2026-05-29 10:26:06.222312,2026-05-29 10:26:32.466900
c5141649ef3743ebaa7a99b92e088154,351.8,355.133,3.333,155,0,1,2026-05-29 10:26:32.460900,191f3a2b2e504afc940b518dd94443bf,https://youtu.be/nm0bdMrXWPc?si=u4mzOgOPUsPTLr0A,nm0bdMrXWPc,"Sarama Sara - Bhanu Oli & Satyakala Rai | Album ""LokMala"" | Nepali Lok Dohori",done,2026-05-29 10:26:06.222312,2026-05-29 10:26:32.466900
25d552b05c8743d89c7a816ac1bf4fc1,360.0,364.2,4.2,158,0,1,2026-05-29 10:26:32.460900,191f3a2b2e504afc940b518dd94443bf,https://youtu.be/nm0bdMrXWPc?si=u4mzOgOPUsPTLr0A,nm0bdMrXWPc,"Sarama Sara - Bhanu Oli & Satyakala Rai | Album ""LokMala"" | Nepali Lok Dohori",done,2026-05-29 10:26:06.222312,2026-05-29 10:26:32.466900
ef4215f75549432690c0634a0cf0e74f,0.0,3.08,3.08,0,0,1,2026-05-29 11:11:47.648484,a12d4b0b6a7847849d9de2a6290768a9,https://youtu.be/QFGkT0jdI7U?si=YEYbFCT1yDV3SEFA,QFGkT0jdI7U,Sayau Juni - Jagdish Samal & Rajina Rimal | Sushil Chhetri & Hema Shrestha | Nepali Song,done,2026-05-29 11:11:25.147443,2026-05-29 11:11:47.657734
0ca87fe69e164385933087ec81c57ad0,12.04,22.04,10.0,5,0,1,2026-05-29 11:11:47.648484,a12d4b0b6a7847849d9de2a6290768a9,https://youtu.be/QFGkT0jdI7U?si=YEYbFCT1yDV3SEFA,QFGkT0jdI7U,Sayau Juni - Jagdish Samal & Rajina Rimal | Sushil Chhetri & Hema Shrestha | Nepali Song,done,2026-05-29 11:11:25.147443,2026-05-29 11:11:47.657734
039f9cbe15714f098b6438631b263eaf,23.92,27.08,3.16,6,0,1,2026-05-29 11:11:47.648484,a12d4b0b6a7847849d9de2a6290768a9,https://youtu.be/QFGkT0jdI7U?si=YEYbFCT1yDV3SEFA,QFGkT0jdI7U,Sayau Juni - Jagdish Samal & Rajina Rimal | Sushil Chhetri & Hema Shrestha | Nepali Song,done,2026-05-29 11:11:25.147443,2026-05-29 11:11:47.657734
14881f0ce5f04cd3a1534b8474ce3ae6,29.84,39.84,10.0,8,0,1,2026-05-29 11:11:47.648484,a12d4b0b6a7847849d9de2a6290768a9,https://youtu.be/QFGkT0jdI7U?si=YEYbFCT1yDV3SEFA,QFGkT0jdI7U,Sayau Juni - Jagdish Samal & Rajina Rimal | Sushil Chhetri & Hema Shrestha | Nepali Song,done,2026-05-29 11:11:25.147443,2026-05-29 11:11:47.657734
ee9898824b2740b7b60d1f488b7d2d77,40.08,48.0,7.92,9,0,1,2026-05-29 11:11:47.648484,a12d4b0b6a7847849d9de2a6290768a9,https://youtu.be/QFGkT0jdI7U?si=YEYbFCT1yDV3SEFA,QFGkT0jdI7U,Sayau Juni - Jagdish Samal & Rajina Rimal | Sushil Chhetri & Hema Shrestha | Nepali Song,done,2026-05-29 11:11:25.147443,2026-05-29 11:11:47.657734
fad2b9074c27443a93adc569e53598e1,48.0,52.16,4.16,10,0,1,2026-05-29 11:11:47.648484,a12d4b0b6a7847849d9de2a6290768a9,https://youtu.be/QFGkT0jdI7U?si=YEYbFCT1yDV3SEFA,QFGkT0jdI7U,Sayau Juni - Jagdish Samal & Rajina Rimal | Sushil Chhetri & Hema Shrestha | Nepali Song,done,2026-05-29 11:11:25.147443,2026-05-29 11:11:47.657734
b37dffc2ef004b6f81052f7c8e50c94b,52.16,60.96,8.8,11,0,1,2026-05-29 11:11:47.648484,a12d4b0b6a7847849d9de2a6290768a9,https://youtu.be/QFGkT0jdI7U?si=YEYbFCT1yDV3SEFA,QFGkT0jdI7U,Sayau Juni - Jagdish Samal & Rajina Rimal | Sushil Chhetri & Hema Shrestha | Nepali Song,done,2026-05-29 11:11:25.147443,2026-05-29 11:11:47.657734
19ef7cb2889c4c2b95f5bf51d3763c3c,60.96,65.44,4.48,12,0,1,2026-05-29 11:11:47.648484,a12d4b0b6a7847849d9de2a6290768a9,https://youtu.be/QFGkT0jdI7U?si=YEYbFCT1yDV3SEFA,QFGkT0jdI7U,Sayau Juni - Jagdish Samal & Rajina Rimal | Sushil Chhetri & Hema Shrestha | Nepali Song,done,2026-05-29 11:11:25.147443,2026-05-29 11:11:47.657734
ab8df44fddb4425db45a752861e65d1c,65.44,75.44,10.0,13,0,1,2026-05-29 11:11:47.648484,a12d4b0b6a7847849d9de2a6290768a9,https://youtu.be/QFGkT0jdI7U?si=YEYbFCT1yDV3SEFA,QFGkT0jdI7U,Sayau Juni - Jagdish Samal & Rajina Rimal | Sushil Chhetri & Hema Shrestha | Nepali Song,done,2026-05-29 11:11:25.147443,2026-05-29 11:11:47.657734
0214235bd6f4412fa4798c923789e78b,78.08,86.4,8.32,14,0,1,2026-05-29 11:11:47.648484,a12d4b0b6a7847849d9de2a6290768a9,https://youtu.be/QFGkT0jdI7U?si=YEYbFCT1yDV3SEFA,QFGkT0jdI7U,Sayau Juni - Jagdish Samal & Rajina Rimal | Sushil Chhetri & Hema Shrestha | Nepali Song,done,2026-05-29 11:11:25.147443,2026-05-29 11:11:47.657734
8ec047e4f0bf4d09b8d59e2e91fcd024,86.4,94.96,8.56,15,0,1,2026-05-29 11:11:47.648484,a12d4b0b6a7847849d9de2a6290768a9,https://youtu.be/QFGkT0jdI7U?si=YEYbFCT1yDV3SEFA,QFGkT0jdI7U,Sayau Juni - Jagdish Samal & Rajina Rimal | Sushil Chhetri & Hema Shrestha | Nepali Song,done,2026-05-29 11:11:25.147443,2026-05-29 11:11:47.657734
9705ca03908344e9a4b598df75f93216,101.16,108.28,7.12,19,0,1,2026-05-29 11:11:47.648484,a12d4b0b6a7847849d9de2a6290768a9,https://youtu.be/QFGkT0jdI7U?si=YEYbFCT1yDV3SEFA,QFGkT0jdI7U,Sayau Juni - Jagdish Samal & Rajina Rimal | Sushil Chhetri & Hema Shrestha | Nepali Song,done,2026-05-29 11:11:25.147443,2026-05-29 11:11:47.657734
de0f6332975c428382da6d9541e571fa,108.28,118.28,10.0,20,0,1,2026-05-29 11:11:47.648484,a12d4b0b6a7847849d9de2a6290768a9,https://youtu.be/QFGkT0jdI7U?si=YEYbFCT1yDV3SEFA,QFGkT0jdI7U,Sayau Juni - Jagdish Samal & Rajina Rimal | Sushil Chhetri & Hema Shrestha | Nepali Song,done,2026-05-29 11:11:25.147443,2026-05-29 11:11:47.657734
ccea9b5ad65c48cd8ef4f44793cdc524,126.44,130.8,4.36,21,0,1,2026-05-29 11:11:47.648484,a12d4b0b6a7847849d9de2a6290768a9,https://youtu.be/QFGkT0jdI7U?si=YEYbFCT1yDV3SEFA,QFGkT0jdI7U,Sayau Juni - Jagdish Samal & Rajina Rimal | Sushil Chhetri & Hema Shrestha | Nepali Song,done,2026-05-29 11:11:25.147443,2026-05-29 11:11:47.657734
349bc59a93384dca9cac61f06d47ec0a,130.8,135.8,5.0,22,0,1,2026-05-29 11:11:47.648484,a12d4b0b6a7847849d9de2a6290768a9,https://youtu.be/QFGkT0jdI7U?si=YEYbFCT1yDV3SEFA,QFGkT0jdI7U,Sayau Juni - Jagdish Samal & Rajina Rimal | Sushil Chhetri & Hema Shrestha | Nepali Song,done,2026-05-29 11:11:25.147443,2026-05-29 11:11:47.657734
63a3be52e8e741a1ab344d8dbf88d056,144.0,147.0,3.0,27,0,1,2026-05-29 11:11:47.648484,a12d4b0b6a7847849d9de2a6290768a9,https://youtu.be/QFGkT0jdI7U?si=YEYbFCT1yDV3SEFA,QFGkT0jdI7U,Sayau Juni - Jagdish Samal & Rajina Rimal | Sushil Chhetri & Hema Shrestha | Nepali Song,done,2026-05-29 11:11:25.147443,2026-05-29 11:11:47.657734
804c60b57e534f7e8be4f8b3da3c17a6,147.0,154.2,7.2,28,0,1,2026-05-29 11:11:47.648484,a12d4b0b6a7847849d9de2a6290768a9,https://youtu.be/QFGkT0jdI7U?si=YEYbFCT1yDV3SEFA,QFGkT0jdI7U,Sayau Juni - Jagdish Samal & Rajina Rimal | Sushil Chhetri & Hema Shrestha | Nepali Song,done,2026-05-29 11:11:25.147443,2026-05-29 11:11:47.657734
1c008b2cd80d484fb6c99d8900d9390f,154.2,157.6,3.4,29,0,1,2026-05-29 11:11:47.648484,a12d4b0b6a7847849d9de2a6290768a9,https://youtu.be/QFGkT0jdI7U?si=YEYbFCT1yDV3SEFA,QFGkT0jdI7U,Sayau Juni - Jagdish Samal & Rajina Rimal | Sushil Chhetri & Hema Shrestha | Nepali Song,done,2026-05-29 11:11:25.147443,2026-05-29 11:11:47.657734
c7d9fe6f8acf4ac7927386e7e1302179,157.6,165.52,7.92,30,0,1,2026-05-29 11:11:47.648484,a12d4b0b6a7847849d9de2a6290768a9,https://youtu.be/QFGkT0jdI7U?si=YEYbFCT1yDV3SEFA,QFGkT0jdI7U,Sayau Juni - Jagdish Samal & Rajina Rimal | Sushil Chhetri & Hema Shrestha | Nepali Song,done,2026-05-29 11:11:25.147443,2026-05-29 11:11:47.657734
bb09dc9ff00443c78ce5c8d7d85c3be7,165.52,173.28,7.76,31,0,1,2026-05-29 11:11:47.648484,a12d4b0b6a7847849d9de2a6290768a9,https://youtu.be/QFGkT0jdI7U?si=YEYbFCT1yDV3SEFA,QFGkT0jdI7U,Sayau Juni - Jagdish Samal & Rajina Rimal | Sushil Chhetri & Hema Shrestha | Nepali Song,done,2026-05-29 11:11:25.147443,2026-05-29 11:11:47.657734
fdaae2416f964556bb7c15dc7cf6cbb7,174.04,178.04,4.0,33,0,1,2026-05-29 11:11:47.648484,a12d4b0b6a7847849d9de2a6290768a9,https://youtu.be/QFGkT0jdI7U?si=YEYbFCT1yDV3SEFA,QFGkT0jdI7U,Sayau Juni - Jagdish Samal & Rajina Rimal | Sushil Chhetri & Hema Shrestha | Nepali Song,done,2026-05-29 11:11:25.147443,2026-05-29 11:11:47.657734
ed93c0e3c83041779280e0ab08bc916c,178.04,183.56,5.52,34,0,1,2026-05-29 11:11:47.648484,a12d4b0b6a7847849d9de2a6290768a9,https://youtu.be/QFGkT0jdI7U?si=YEYbFCT1yDV3SEFA,QFGkT0jdI7U,Sayau Juni - Jagdish Samal & Rajina Rimal | Sushil Chhetri & Hema Shrestha | Nepali Song,done,2026-05-29 11:11:25.147443,2026-05-29 11:11:47.657734
25cdb6126cf742c2abc6f952231717d7,186.88,193.56,6.68,37,0,1,2026-05-29 11:11:47.648484,a12d4b0b6a7847849d9de2a6290768a9,https://youtu.be/QFGkT0jdI7U?si=YEYbFCT1yDV3SEFA,QFGkT0jdI7U,Sayau Juni - Jagdish Samal & Rajina Rimal | Sushil Chhetri & Hema Shrestha | Nepali Song,done,2026-05-29 11:11:25.147443,2026-05-29 11:11:47.657734
849b2188ce7f4fe18a746acd855dd383,193.56,203.56,10.0,38,0,1,2026-05-29 11:11:47.648484,a12d4b0b6a7847849d9de2a6290768a9,https://youtu.be/QFGkT0jdI7U?si=YEYbFCT1yDV3SEFA,QFGkT0jdI7U,Sayau Juni - Jagdish Samal & Rajina Rimal | Sushil Chhetri & Hema Shrestha | Nepali Song,done,2026-05-29 11:11:25.147443,2026-05-29 11:11:47.657734
a3eecd9ea355471bb6f1457f34c24712,206.12,212.08,5.96,40,0,1,2026-05-29 11:11:47.648484,a12d4b0b6a7847849d9de2a6290768a9,https://youtu.be/QFGkT0jdI7U?si=YEYbFCT1yDV3SEFA,QFGkT0jdI7U,Sayau Juni - Jagdish Samal & Rajina Rimal | Sushil Chhetri & Hema Shrestha | Nepali Song,done,2026-05-29 11:11:25.147443,2026-05-29 11:11:47.657734
e844994887df477e831b8e4140bfb2f1,216.08,226.08,10.0,43,0,1,2026-05-29 11:11:47.648484,a12d4b0b6a7847849d9de2a6290768a9,https://youtu.be/QFGkT0jdI7U?si=YEYbFCT1yDV3SEFA,QFGkT0jdI7U,Sayau Juni - Jagdish Samal & Rajina Rimal | Sushil Chhetri & Hema Shrestha | Nepali Song,done,2026-05-29 11:11:25.147443,2026-05-29 11:11:47.657734
61aa5e953ec84e61ac7be89a89170847,230.76,234.96,4.2,44,0,1,2026-05-29 11:11:47.648484,a12d4b0b6a7847849d9de2a6290768a9,https://youtu.be/QFGkT0jdI7U?si=YEYbFCT1yDV3SEFA,QFGkT0jdI7U,Sayau Juni - Jagdish Samal & Rajina Rimal | Sushil Chhetri & Hema Shrestha | Nepali Song,done,2026-05-29 11:11:25.147443,2026-05-29 11:11:47.657734
608d08ec8cad498581494cb92f2f1284,236.16,239.28,3.12,46,0,1,2026-05-29 11:11:47.648484,a12d4b0b6a7847849d9de2a6290768a9,https://youtu.be/QFGkT0jdI7U?si=YEYbFCT1yDV3SEFA,QFGkT0jdI7U,Sayau Juni - Jagdish Samal & Rajina Rimal | Sushil Chhetri & Hema Shrestha | Nepali Song,done,2026-05-29 11:11:25.147443,2026-05-29 11:11:47.657734
69cf5d5ffb02467bbd4a6ff4d5a154a7,243.6,251.52,7.92,51,0,1,2026-05-29 11:11:47.648484,a12d4b0b6a7847849d9de2a6290768a9,https://youtu.be/QFGkT0jdI7U?si=YEYbFCT1yDV3SEFA,QFGkT0jdI7U,Sayau Juni - Jagdish Samal & Rajina Rimal | Sushil Chhetri & Hema Shrestha | Nepali Song,done,2026-05-29 11:11:25.147443,2026-05-29 11:11:47.657734
796ba0cdbe5c4de2b08bcbde09b8e894,251.52,256.48,4.96,52,0,1,2026-05-29 11:11:47.648484,a12d4b0b6a7847849d9de2a6290768a9,https://youtu.be/QFGkT0jdI7U?si=YEYbFCT1yDV3SEFA,QFGkT0jdI7U,Sayau Juni - Jagdish Samal & Rajina Rimal | Sushil Chhetri & Hema Shrestha | Nepali Song,done,2026-05-29 11:11:25.147443,2026-05-29 11:11:47.657734
250b0b84ff8b43ea84c98c7bdd845afb,258.0,268.0,10.0,54,0,1,2026-05-29 11:11:47.648484,a12d4b0b6a7847849d9de2a6290768a9,https://youtu.be/QFGkT0jdI7U?si=YEYbFCT1yDV3SEFA,QFGkT0jdI7U,Sayau Juni - Jagdish Samal & Rajina Rimal | Sushil Chhetri & Hema Shrestha | Nepali Song,done,2026-05-29 11:11:25.147443,2026-05-29 11:11:47.657734
5d48eb667d274a4b8d92f10d195162f3,271.32,279.44,8.12,55,0,1,2026-05-29 11:11:47.648484,a12d4b0b6a7847849d9de2a6290768a9,https://youtu.be/QFGkT0jdI7U?si=YEYbFCT1yDV3SEFA,QFGkT0jdI7U,Sayau Juni - Jagdish Samal & Rajina Rimal | Sushil Chhetri & Hema Shrestha | Nepali Song,done,2026-05-29 11:11:25.147443,2026-05-29 11:11:47.657734
b01cb6f8cdf14749a255017edf0941bc,279.44,288.08,8.64,56,0,1,2026-05-29 11:11:47.648484,a12d4b0b6a7847849d9de2a6290768a9,https://youtu.be/QFGkT0jdI7U?si=YEYbFCT1yDV3SEFA,QFGkT0jdI7U,Sayau Juni - Jagdish Samal & Rajina Rimal | Sushil Chhetri & Hema Shrestha | Nepali Song,done,2026-05-29 11:11:25.147443,2026-05-29 11:11:47.657734
0778c13dea40420fa033668c549a3917,288.08,291.4,3.32,57,0,1,2026-05-29 11:11:47.648484,a12d4b0b6a7847849d9de2a6290768a9,https://youtu.be/QFGkT0jdI7U?si=YEYbFCT1yDV3SEFA,QFGkT0jdI7U,Sayau Juni - Jagdish Samal & Rajina Rimal | Sushil Chhetri & Hema Shrestha | Nepali Song,done,2026-05-29 11:11:25.147443,2026-05-29 11:11:47.657734
eeb3423ce76f4636891a5d0ac3bfc21b,291.4,301.4,10.0,58,0,1,2026-05-29 11:11:47.648484,a12d4b0b6a7847849d9de2a6290768a9,https://youtu.be/QFGkT0jdI7U?si=YEYbFCT1yDV3SEFA,QFGkT0jdI7U,Sayau Juni - Jagdish Samal & Rajina Rimal | Sushil Chhetri & Hema Shrestha | Nepali Song,done,2026-05-29 11:11:25.147443,2026-05-29 11:11:47.657734
0eaa318b800649b3b27482d5555c472e,303.16,312.0,8.84,59,0,1,2026-05-29 11:11:47.648484,a12d4b0b6a7847849d9de2a6290768a9,https://youtu.be/QFGkT0jdI7U?si=YEYbFCT1yDV3SEFA,QFGkT0jdI7U,Sayau Juni - Jagdish Samal & Rajina Rimal | Sushil Chhetri & Hema Shrestha | Nepali Song,done,2026-05-29 11:11:25.147443,2026-05-29 11:11:47.657734
4aaa907acdd840b7bf79bba94fa91e79,320.0,323.32,3.32,64,0,1,2026-05-29 11:11:47.649492,a12d4b0b6a7847849d9de2a6290768a9,https://youtu.be/QFGkT0jdI7U?si=YEYbFCT1yDV3SEFA,QFGkT0jdI7U,Sayau Juni - Jagdish Samal & Rajina Rimal | Sushil Chhetri & Hema Shrestha | Nepali Song,done,2026-05-29 11:11:25.147443,2026-05-29 11:11:47.657734
91ea0082d547426ca80978bdbee6517b,323.32,330.12,6.8,65,0,1,2026-05-29 11:11:47.649492,a12d4b0b6a7847849d9de2a6290768a9,https://youtu.be/QFGkT0jdI7U?si=YEYbFCT1yDV3SEFA,QFGkT0jdI7U,Sayau Juni - Jagdish Samal & Rajina Rimal | Sushil Chhetri & Hema Shrestha | Nepali Song,done,2026-05-29 11:11:25.147443,2026-05-29 11:11:47.657734
2adf660ee52d4cf9912f39301740d29a,330.12,336.0,5.88,66,0,1,2026-05-29 11:11:47.649492,a12d4b0b6a7847849d9de2a6290768a9,https://youtu.be/QFGkT0jdI7U?si=YEYbFCT1yDV3SEFA,QFGkT0jdI7U,Sayau Juni - Jagdish Samal & Rajina Rimal | Sushil Chhetri & Hema Shrestha | Nepali Song,done,2026-05-29 11:11:25.147443,2026-05-29 11:11:47.657734
b3b70ae8ea334d21ac20856784b380db,336.0,343.0,7.0,67,0,1,2026-05-29 11:11:47.649492,a12d4b0b6a7847849d9de2a6290768a9,https://youtu.be/QFGkT0jdI7U?si=YEYbFCT1yDV3SEFA,QFGkT0jdI7U,Sayau Juni - Jagdish Samal & Rajina Rimal | Sushil Chhetri & Hema Shrestha | Nepali Song,done,2026-05-29 11:11:25.147443,2026-05-29 11:11:47.657734
15bce12574c94e48bff6b34525115077,343.0,352.2,9.2,68,0,1,2026-05-29 11:11:47.649492,a12d4b0b6a7847849d9de2a6290768a9,https://youtu.be/QFGkT0jdI7U?si=YEYbFCT1yDV3SEFA,QFGkT0jdI7U,Sayau Juni - Jagdish Samal & Rajina Rimal | Sushil Chhetri & Hema Shrestha | Nepali Song,done,2026-05-29 11:11:25.147443,2026-05-29 11:11:47.657734
64ca45898453429891fdf5734da44e01,0.0,3.545,3.545,0,1,1,2026-05-29 10:14:56.926936,29a14be8303c43f7b3066519f4c3ea68,https://youtu.be/90F3yetBUbo?si=QNSy647NAYBVFD0Z,90F3yetBUbo,"Simple Simple Kanchhi Ko | ANDAJ Nepali Movie Official Song | Rekha Thapa, Jiban Luitel | Dipak",done,2026-05-29 10:12:45.846745,2026-05-29 10:14:56.935688
5d828dd9ed8843c5bdabce845855d15c,33.533,37.829,4.296,21,1,1,2026-05-29 10:14:56.927022,29a14be8303c43f7b3066519f4c3ea68,https://youtu.be/90F3yetBUbo?si=QNSy647NAYBVFD0Z,90F3yetBUbo,"Simple Simple Kanchhi Ko | ANDAJ Nepali Movie Official Song | Rekha Thapa, Jiban Luitel | Dipak",done,2026-05-29 10:12:45.846745,2026-05-29 10:14:56.935688
133fce779ef4461096172e0f515007ca,42.918,48.215,5.297,27,1,1,2026-05-29 10:14:56.927022,29a14be8303c43f7b3066519f4c3ea68,https://youtu.be/90F3yetBUbo?si=QNSy647NAYBVFD0Z,90F3yetBUbo,"Simple Simple Kanchhi Ko | ANDAJ Nepali Movie Official Song | Rekha Thapa, Jiban Luitel | Dipak",done,2026-05-29 10:12:45.846745,2026-05-29 10:14:56.935688
1e4f5e2670834cdab7ae307543269a64,48.215,52.886,4.671,28,1,1,2026-05-29 10:14:56.927022,29a14be8303c43f7b3066519f4c3ea68,https://youtu.be/90F3yetBUbo?si=QNSy647NAYBVFD0Z,90F3yetBUbo,"Simple Simple Kanchhi Ko | ANDAJ Nepali Movie Official Song | Rekha Thapa, Jiban Luitel | Dipak",done,2026-05-29 10:12:45.846745,2026-05-29 10:14:56.935688
20c386907b664008adc28dd411e66a86,62.938,68.485,5.547,35,1,1,2026-05-29 10:14:56.927022,29a14be8303c43f7b3066519f4c3ea68,https://youtu.be/90F3yetBUbo?si=QNSy647NAYBVFD0Z,90F3yetBUbo,"Simple Simple Kanchhi Ko | ANDAJ Nepali Movie Official Song | Rekha Thapa, Jiban Luitel | Dipak",done,2026-05-29 10:12:45.846745,2026-05-29 10:14:56.935688
26d6743017ee44b5ba2cfe3c50a78df8,107.024,113.447,6.423,63,1,1,2026-05-29 10:14:56.927022,29a14be8303c43f7b3066519f4c3ea68,https://youtu.be/90F3yetBUbo?si=QNSy647NAYBVFD0Z,90F3yetBUbo,"Simple Simple Kanchhi Ko | ANDAJ Nepali Movie Official Song | Rekha Thapa, Jiban Luitel | Dipak",done,2026-05-29 10:12:45.846745,2026-05-29 10:14:56.935688
37d0da4f764742ddae7ffb04e424f9fe,117.909,123.457,5.547,67,1,1,2026-05-29 10:14:56.927022,29a14be8303c43f7b3066519f4c3ea68,https://youtu.be/90F3yetBUbo?si=QNSy647NAYBVFD0Z,90F3yetBUbo,"Simple Simple Kanchhi Ko | ANDAJ Nepali Movie Official Song | Rekha Thapa, Jiban Luitel | Dipak",done,2026-05-29 10:12:45.846745,2026-05-29 10:14:56.935688
d8f4ef57bbc44cd39290bc1f5c50e8ff,127.919,133.467,5.547,70,1,1,2026-05-29 10:14:56.927022,29a14be8303c43f7b3066519f4c3ea68,https://youtu.be/90F3yetBUbo?si=QNSy647NAYBVFD0Z,90F3yetBUbo,"Simple Simple Kanchhi Ko | ANDAJ Nepali Movie Official Song | Rekha Thapa, Jiban Luitel | Dipak",done,2026-05-29 10:12:45.846745,2026-05-29 10:14:56.935688
1935e98d69d449f5bf66a841237649bc,133.467,138.513,5.047,71,1,1,2026-05-29 10:14:56.927022,29a14be8303c43f7b3066519f4c3ea68,https://youtu.be/90F3yetBUbo?si=QNSy647NAYBVFD0Z,90F3yetBUbo,"Simple Simple Kanchhi Ko | ANDAJ Nepali Movie Official Song | Rekha Thapa, Jiban Luitel | Dipak",done,2026-05-29 10:12:45.846745,2026-05-29 10:14:56.935688
3772145cd60b481bb91694654a41b252,138.513,143.56,5.047,72,1,1,2026-05-29 10:14:56.927022,29a14be8303c43f7b3066519f4c3ea68,https://youtu.be/90F3yetBUbo?si=QNSy647NAYBVFD0Z,90F3yetBUbo,"Simple Simple Kanchhi Ko | ANDAJ Nepali Movie Official Song | Rekha Thapa, Jiban Luitel | Dipak",done,2026-05-29 10:12:45.846745,2026-05-29 10:14:56.935688
34479628a3e04ed7aece63118ef4871f,147.814,157.814,10.0,77,1,1,2026-05-29 10:14:56.927022,29a14be8303c43f7b3066519f4c3ea68,https://youtu.be/90F3yetBUbo?si=QNSy647NAYBVFD0Z,90F3yetBUbo,"Simple Simple Kanchhi Ko | ANDAJ Nepali Movie Official Song | Rekha Thapa, Jiban Luitel | Dipak",done,2026-05-29 10:12:45.846745,2026-05-29 10:14:56.935688
a7b4d347d0394a8690ae65e59c8f14c1,167.918,171.254,3.337,84,1,1,2026-05-29 10:14:56.927022,29a14be8303c43f7b3066519f4c3ea68,https://youtu.be/90F3yetBUbo?si=QNSy647NAYBVFD0Z,90F3yetBUbo,"Simple Simple Kanchhi Ko | ANDAJ Nepali Movie Official Song | Rekha Thapa, Jiban Luitel | Dipak",done,2026-05-29 10:12:45.846745,2026-05-29 10:14:56.935688
12bb150695e7483e8402e710620df40e,171.254,176.927,5.672,85,1,1,2026-05-29 10:14:56.927022,29a14be8303c43f7b3066519f4c3ea68,https://youtu.be/90F3yetBUbo?si=QNSy647NAYBVFD0Z,90F3yetBUbo,"Simple Simple Kanchhi Ko | ANDAJ Nepali Movie Official Song | Rekha Thapa, Jiban Luitel | Dipak",done,2026-05-29 10:12:45.846745,2026-05-29 10:14:56.935688
211e0e9056aa400495471ecd1e384449,187.938,193.193,5.255,91,1,1,2026-05-29 10:14:56.927022,29a14be8303c43f7b3066519f4c3ea68,https://youtu.be/90F3yetBUbo?si=QNSy647NAYBVFD0Z,90F3yetBUbo,"Simple Simple Kanchhi Ko | ANDAJ Nepali Movie Official Song | Rekha Thapa, Jiban Luitel | Dipak",done,2026-05-29 10:12:45.846745,2026-05-29 10:14:56.935688
4d6172172752438b86c150d186ed3f26,193.193,198.365,5.172,92,1,1,2026-05-29 10:14:56.927022,29a14be8303c43f7b3066519f4c3ea68,https://youtu.be/90F3yetBUbo?si=QNSy647NAYBVFD0Z,90F3yetBUbo,"Simple Simple Kanchhi Ko | ANDAJ Nepali Movie Official Song | Rekha Thapa, Jiban Luitel | Dipak",done,2026-05-29 10:12:45.846745,2026-05-29 10:14:56.935688
70f76e53304e474d915ad17f7c58abc4,199.449,203.203,3.754,94,1,1,2026-05-29 10:14:56.927022,29a14be8303c43f7b3066519f4c3ea68,https://youtu.be/90F3yetBUbo?si=QNSy647NAYBVFD0Z,90F3yetBUbo,"Simple Simple Kanchhi Ko | ANDAJ Nepali Movie Official Song | Rekha Thapa, Jiban Luitel | Dipak",done,2026-05-29 10:12:45.846745,2026-05-29 10:14:56.935688
42f8069f7a3c4134a9b5054d33bc4db1,208.166,212.879,4.713,99,1,1,2026-05-29 10:14:56.927022,29a14be8303c43f7b3066519f4c3ea68,https://youtu.be/90F3yetBUbo?si=QNSy647NAYBVFD0Z,90F3yetBUbo,"Simple Simple Kanchhi Ko | ANDAJ Nepali Movie Official Song | Rekha Thapa, Jiban Luitel | Dipak",done,2026-05-29 10:12:45.846745,2026-05-29 10:14:56.935688
9d0d3fdf75f84ba79b87080f16771901,223.473,227.936,4.463,107,1,1,2026-05-29 10:14:56.927022,29a14be8303c43f7b3066519f4c3ea68,https://youtu.be/90F3yetBUbo?si=QNSy647NAYBVFD0Z,90F3yetBUbo,"Simple Simple Kanchhi Ko | ANDAJ Nepali Movie Official Song | Rekha Thapa, Jiban Luitel | Dipak",done,2026-05-29 10:12:45.846745,2026-05-29 10:14:56.935688
d1dcbb17aceb4dca95ea0704e5a5afdf,232.983,237.904,4.922,111,1,1,2026-05-29 10:14:56.927022,29a14be8303c43f7b3066519f4c3ea68,https://youtu.be/90F3yetBUbo?si=QNSy647NAYBVFD0Z,90F3yetBUbo,"Simple Simple Kanchhi Ko | ANDAJ Nepali Movie Official Song | Rekha Thapa, Jiban Luitel | Dipak",done,2026-05-29 10:12:45.846745,2026-05-29 10:14:56.935688
06803b4878fe4bca9762bf3ae812e400,0.0,5.68,5.68,0,1,1,2026-05-29 08:44:04.087424,de79efe7d9734056b1305ea7cf253771,https://youtu.be/HAcLoqZO-Z0?si=gJN6bPj55VOf03x6,HAcLoqZO-Z0,Sushant KC - Bardali ft. Indrakala Rai (Official Music Video),done,2026-05-29 08:40:50.888193,2026-05-29 08:44:04.097547
4ef77773439842cdb9a0229f756c95e0,5.68,9.88,4.2,1,1,1,2026-05-29 08:44:04.087424,de79efe7d9734056b1305ea7cf253771,https://youtu.be/HAcLoqZO-Z0?si=gJN6bPj55VOf03x6,HAcLoqZO-Z0,Sushant KC - Bardali ft. Indrakala Rai (Official Music Video),done,2026-05-29 08:40:50.888193,2026-05-29 08:44:04.097547
88b8dd0fc6d246efa99d6bea1bf8e064,9.88,15.56,5.68,2,1,1,2026-05-29 08:44:04.087424,de79efe7d9734056b1305ea7cf253771,https://youtu.be/HAcLoqZO-Z0?si=gJN6bPj55VOf03x6,HAcLoqZO-Z0,Sushant KC - Bardali ft. Indrakala Rai (Official Music Video),done,2026-05-29 08:40:50.888193,2026-05-29 08:44:04.097547
80f4092b82b7422683e8cb3804435dbc,20.84,27.36,6.52,6,1,1,2026-05-29 08:44:04.087424,de79efe7d9734056b1305ea7cf253771,https://youtu.be/HAcLoqZO-Z0?si=gJN6bPj55VOf03x6,HAcLoqZO-Z0,Sushant KC - Bardali ft. Indrakala Rai (Official Music Video),done,2026-05-29 08:40:50.888193,2026-05-29 08:44:04.097547
e54645957d144dafa1c82d39c1edb9af,35.68,39.24,3.56,11,1,1,2026-05-29 08:44:04.087424,de79efe7d9734056b1305ea7cf253771,https://youtu.be/HAcLoqZO-Z0?si=gJN6bPj55VOf03x6,HAcLoqZO-Z0,Sushant KC - Bardali ft. Indrakala Rai (Official Music Video),done,2026-05-29 08:40:50.888193,2026-05-29 08:44:04.097547
3a272ceef4f54b978543f0ee5b392581,42.6,45.76,3.16,14,1,1,2026-05-29 08:44:04.087424,de79efe7d9734056b1305ea7cf253771,https://youtu.be/HAcLoqZO-Z0?si=gJN6bPj55VOf03x6,HAcLoqZO-Z0,Sushant KC - Bardali ft. Indrakala Rai (Official Music Video),done,2026-05-29 08:40:50.888193,2026-05-29 08:44:04.097547
00683d094833401e92949698c1198531,45.76,53.56,7.8,15,1,1,2026-05-29 08:44:04.087424,de79efe7d9734056b1305ea7cf253771,https://youtu.be/HAcLoqZO-Z0?si=gJN6bPj55VOf03x6,HAcLoqZO-Z0,Sushant KC - Bardali ft. Indrakala Rai (Official Music Video),done,2026-05-29 08:40:50.888193,2026-05-29 08:44:04.097547
27e5233981954ad0b1e6a382f8d58639,99.32,107.04,7.72,38,1,1,2026-05-29 08:44:04.087424,de79efe7d9734056b1305ea7cf253771,https://youtu.be/HAcLoqZO-Z0?si=gJN6bPj55VOf03x6,HAcLoqZO-Z0,Sushant KC - Bardali ft. Indrakala Rai (Official Music Video),done,2026-05-29 08:40:50.888193,2026-05-29 08:44:04.097547
d9f9b7429fa948b38f54c962dea4c6d7,109.64,119.64,10.0,41,1,1,2026-05-29 08:44:04.087424,de79efe7d9734056b1305ea7cf253771,https://youtu.be/HAcLoqZO-Z0?si=gJN6bPj55VOf03x6,HAcLoqZO-Z0,Sushant KC - Bardali ft. Indrakala Rai (Official Music Video),done,2026-05-29 08:40:50.888193,2026-05-29 08:44:04.097547
10bd618f800c443e83a4ca3f58a16e3e,131.72,140.48,8.76,49,1,1,2026-05-29 08:44:04.087424,de79efe7d9734056b1305ea7cf253771,https://youtu.be/HAcLoqZO-Z0?si=gJN6bPj55VOf03x6,HAcLoqZO-Z0,Sushant KC - Bardali ft. Indrakala Rai (Official Music Video),done,2026-05-29 08:40:50.888193,2026-05-29 08:44:04.097547
2767c9215dec4cd1a4f482abbf8582f2,162.08,165.12,3.04,62,1,1,2026-05-29 08:44:04.087424,de79efe7d9734056b1305ea7cf253771,https://youtu.be/HAcLoqZO-Z0?si=gJN6bPj55VOf03x6,HAcLoqZO-Z0,Sushant KC - Bardali ft. Indrakala Rai (Official Music Video),done,2026-05-29 08:40:50.888193,2026-05-29 08:44:04.097547
c7c374b3f62447068ec40bf5b19898e3,177.08,181.76,4.68,69,1,1,2026-05-29 08:44:04.087424,de79efe7d9734056b1305ea7cf253771,https://youtu.be/HAcLoqZO-Z0?si=gJN6bPj55VOf03x6,HAcLoqZO-Z0,Sushant KC - Bardali ft. Indrakala Rai (Official Music Video),done,2026-05-29 08:40:50.888193,2026-05-29 08:44:04.097547
d5a532144fab41aea31643820af12b6a,182.88,187.92,5.04,71,1,1,2026-05-29 08:44:04.087424,de79efe7d9734056b1305ea7cf253771,https://youtu.be/HAcLoqZO-Z0?si=gJN6bPj55VOf03x6,HAcLoqZO-Z0,Sushant KC - Bardali ft. Indrakala Rai (Official Music Video),done,2026-05-29 08:40:50.888193,2026-05-29 08:44:04.097547
2ab70553724d4b1286b72ae3759d1742,187.92,192.24,4.32,72,1,1,2026-05-29 08:44:04.087424,de79efe7d9734056b1305ea7cf253771,https://youtu.be/HAcLoqZO-Z0?si=gJN6bPj55VOf03x6,HAcLoqZO-Z0,Sushant KC - Bardali ft. Indrakala Rai (Official Music Video),done,2026-05-29 08:40:50.888193,2026-05-29 08:44:04.097547
c3d90b21b76b4c299a4e1dff691b70c6,192.24,202.24,10.0,73,1,1,2026-05-29 08:44:04.087424,de79efe7d9734056b1305ea7cf253771,https://youtu.be/HAcLoqZO-Z0?si=gJN6bPj55VOf03x6,HAcLoqZO-Z0,Sushant KC - Bardali ft. Indrakala Rai (Official Music Video),done,2026-05-29 08:40:50.888193,2026-05-29 08:44:04.097547
632084217fad494c926f7e4c1202c498,203.0,212.48,9.48,74,1,1,2026-05-29 08:44:04.087424,de79efe7d9734056b1305ea7cf253771,https://youtu.be/HAcLoqZO-Z0?si=gJN6bPj55VOf03x6,HAcLoqZO-Z0,Sushant KC - Bardali ft. Indrakala Rai (Official Music Video),done,2026-05-29 08:40:50.888193,2026-05-29 08:44:04.097547
06b4f8a67a0742948e08fad861d5e459,60.6,63.76,3.16,45,1,1,2026-05-29 08:44:13.577517,3edc450bdb984b66b13d4bfba4b314cd,https://youtu.be/Po6u6iT4YnU?si=nFxAcgSA0OwKGRnp,Po6u6iT4YnU,Sushant KC - Pahuna (Official Music Video),done,2026-05-29 08:41:45.171768,2026-05-29 08:44:13.581994
0e5e074fc8d744bd9b1a7e5dc430bc7e,72.28,75.84,3.56,53,1,1,2026-05-29 08:44:13.577517,3edc450bdb984b66b13d4bfba4b314cd,https://youtu.be/Po6u6iT4YnU?si=nFxAcgSA0OwKGRnp,Po6u6iT4YnU,Sushant KC - Pahuna (Official Music Video),done,2026-05-29 08:41:45.171768,2026-05-29 08:44:13.581994
cc42d086bb2f43f0900a6b7ec6428944,120.64,124.68,4.04,83,1,1,2026-05-29 08:44:13.577517,3edc450bdb984b66b13d4bfba4b314cd,https://youtu.be/Po6u6iT4YnU?si=nFxAcgSA0OwKGRnp,Po6u6iT4YnU,Sushant KC - Pahuna (Official Music Video),done,2026-05-29 08:41:45.171768,2026-05-29 08:44:13.581994
a34377d2a658466aaaefcc3aea9f4e99,149.2,152.52,3.32,102,1,1,2026-05-29 08:44:13.577517,3edc450bdb984b66b13d4bfba4b314cd,https://youtu.be/Po6u6iT4YnU?si=nFxAcgSA0OwKGRnp,Po6u6iT4YnU,Sushant KC - Pahuna (Official Music Video),done,2026-05-29 08:41:45.171768,2026-05-29 08:44:13.581994
9c5b037637894541a57304ebf1355de7,166.96,170.12,3.16,111,1,1,2026-05-29 08:44:13.577517,3edc450bdb984b66b13d4bfba4b314cd,https://youtu.be/Po6u6iT4YnU?si=nFxAcgSA0OwKGRnp,Po6u6iT4YnU,Sushant KC - Pahuna (Official Music Video),done,2026-05-29 08:41:45.171768,2026-05-29 08:44:13.581994
08c722119bc0493f9a2ee231a22cecab,170.12,180.12,10.0,112,1,1,2026-05-29 08:44:13.577517,3edc450bdb984b66b13d4bfba4b314cd,https://youtu.be/Po6u6iT4YnU?si=nFxAcgSA0OwKGRnp,Po6u6iT4YnU,Sushant KC - Pahuna (Official Music Video),done,2026-05-29 08:41:45.171768,2026-05-29 08:44:13.581994
e3d3cd59b4a941d491974a0a88ded4d6,181.96,187.36,5.4,113,1,1,2026-05-29 08:44:13.577517,3edc450bdb984b66b13d4bfba4b314cd,https://youtu.be/Po6u6iT4YnU?si=nFxAcgSA0OwKGRnp,Po6u6iT4YnU,Sushant KC - Pahuna (Official Music Video),done,2026-05-29 08:41:45.171768,2026-05-29 08:44:13.581994
c6740f434f2b463a86a7447d59abd722,0.0,10.0,10.0,0,0,1,2026-05-29 10:30:52.837963,6d874f62118c41bdbfe73786c1a46a87,https://youtu.be/K4XhEER19Eg?si=YlTGNVGmBqMWjkqi,K4XhEER19Eg,Timilai Ma K Bhanu | Narayan Gopal | Jharana Bajracharya | Nepali Adhunik Song | Music Nepal,done,2026-05-29 10:29:19.996327,2026-05-29 10:30:52.844681
944fba38db3f46d28679af88d62f6d76,10.2,16.933,6.733,1,0,1,2026-05-29 10:30:52.837963,6d874f62118c41bdbfe73786c1a46a87,https://youtu.be/K4XhEER19Eg?si=YlTGNVGmBqMWjkqi,K4XhEER19Eg,Timilai Ma K Bhanu | Narayan Gopal | Jharana Bajracharya | Nepali Adhunik Song | Music Nepal,done,2026-05-29 10:29:19.996327,2026-05-29 10:30:52.844681
0b21fbdc941f487f90d42685b6450f2a,21.733,31.733,10.0,5,0,1,2026-05-29 10:30:52.837963,6d874f62118c41bdbfe73786c1a46a87,https://youtu.be/K4XhEER19Eg?si=YlTGNVGmBqMWjkqi,K4XhEER19Eg,Timilai Ma K Bhanu | Narayan Gopal | Jharana Bajracharya | Nepali Adhunik Song | Music Nepal,done,2026-05-29 10:29:19.996327,2026-05-29 10:30:52.844681
1639d203b22c443eb02fee3c2b59f60d,52.8,57.4,4.6,6,0,1,2026-05-29 10:30:52.837963,6d874f62118c41bdbfe73786c1a46a87,https://youtu.be/K4XhEER19Eg?si=YlTGNVGmBqMWjkqi,K4XhEER19Eg,Timilai Ma K Bhanu | Narayan Gopal | Jharana Bajracharya | Nepali Adhunik Song | Music Nepal,done,2026-05-29 10:29:19.996327,2026-05-29 10:30:52.844681
764bc46ffff241a5b748d51d34bd015f,59.0,65.667,6.667,8,0,1,2026-05-29 10:30:52.837963,6d874f62118c41bdbfe73786c1a46a87,https://youtu.be/K4XhEER19Eg?si=YlTGNVGmBqMWjkqi,K4XhEER19Eg,Timilai Ma K Bhanu | Narayan Gopal | Jharana Bajracharya | Nepali Adhunik Song | Music Nepal,done,2026-05-29 10:29:19.996327,2026-05-29 10:30:52.844681
d71975b8a6f24a94a99ea8831beb9c22,81.333,91.333,10.0,20,0,1,2026-05-29 10:30:52.837963,6d874f62118c41bdbfe73786c1a46a87,https://youtu.be/K4XhEER19Eg?si=YlTGNVGmBqMWjkqi,K4XhEER19Eg,Timilai Ma K Bhanu | Narayan Gopal | Jharana Bajracharya | Nepali Adhunik Song | Music Nepal,done,2026-05-29 10:29:19.996327,2026-05-29 10:30:52.844681
b7a098bcc6ca4cdd960ce88ffe82edc2,102.2,112.2,10.0,21,0,1,2026-05-29 10:30:52.837963,6d874f62118c41bdbfe73786c1a46a87,https://youtu.be/K4XhEER19Eg?si=YlTGNVGmBqMWjkqi,K4XhEER19Eg,Timilai Ma K Bhanu | Narayan Gopal | Jharana Bajracharya | Nepali Adhunik Song | Music Nepal,done,2026-05-29 10:29:19.996327,2026-05-29 10:30:52.844681
055c495130d54074ad2b86db075537b3,115.0,125.0,10.0,23,0,1,2026-05-29 10:30:52.837963,6d874f62118c41bdbfe73786c1a46a87,https://youtu.be/K4XhEER19Eg?si=YlTGNVGmBqMWjkqi,K4XhEER19Eg,Timilai Ma K Bhanu | Narayan Gopal | Jharana Bajracharya | Nepali Adhunik Song | Music Nepal,done,2026-05-29 10:29:19.996327,2026-05-29 10:30:52.844681
6aae75c2626d4f84a59aa0f65b431218,132.133,142.133,10.0,24,0,1,2026-05-29 10:30:52.837963,6d874f62118c41bdbfe73786c1a46a87,https://youtu.be/K4XhEER19Eg?si=YlTGNVGmBqMWjkqi,K4XhEER19Eg,Timilai Ma K Bhanu | Narayan Gopal | Jharana Bajracharya | Nepali Adhunik Song | Music Nepal,done,2026-05-29 10:29:19.996327,2026-05-29 10:30:52.844681
7933830fb78a4065a4551ce091f889f9,142.8,146.8,4.0,25,0,1,2026-05-29 10:30:52.837963,6d874f62118c41bdbfe73786c1a46a87,https://youtu.be/K4XhEER19Eg?si=YlTGNVGmBqMWjkqi,K4XhEER19Eg,Timilai Ma K Bhanu | Narayan Gopal | Jharana Bajracharya | Nepali Adhunik Song | Music Nepal,done,2026-05-29 10:29:19.996327,2026-05-29 10:30:52.844681
5d0e0c9ac8bd4acfa56ed8ffe4f4a56a,146.8,150.067,3.267,26,0,1,2026-05-29 10:30:52.837963,6d874f62118c41bdbfe73786c1a46a87,https://youtu.be/K4XhEER19Eg?si=YlTGNVGmBqMWjkqi,K4XhEER19Eg,Timilai Ma K Bhanu | Narayan Gopal | Jharana Bajracharya | Nepali Adhunik Song | Music Nepal,done,2026-05-29 10:29:19.996327,2026-05-29 10:30:52.844681
a7b69d136d6140c189e73c5acfb84d2c,150.067,157.533,7.467,27,0,1,2026-05-29 10:30:52.837963,6d874f62118c41bdbfe73786c1a46a87,https://youtu.be/K4XhEER19Eg?si=YlTGNVGmBqMWjkqi,K4XhEER19Eg,Timilai Ma K Bhanu | Narayan Gopal | Jharana Bajracharya | Nepali Adhunik Song | Music Nepal,done,2026-05-29 10:29:19.996327,2026-05-29 10:30:52.844681
c9744b8433bd47a0a0c3a952974b1dae,157.533,167.533,10.0,28,0,1,2026-05-29 10:30:52.837963,6d874f62118c41bdbfe73786c1a46a87,https://youtu.be/K4XhEER19Eg?si=YlTGNVGmBqMWjkqi,K4XhEER19Eg,Timilai Ma K Bhanu | Narayan Gopal | Jharana Bajracharya | Nepali Adhunik Song | Music Nepal,done,2026-05-29 10:29:19.996327,2026-05-29 10:30:52.844681
7620040e78964d8eb8ab599af9b490cd,174.4,182.467,8.067,29,0,1,2026-05-29 10:30:52.837963,6d874f62118c41bdbfe73786c1a46a87,https://youtu.be/K4XhEER19Eg?si=YlTGNVGmBqMWjkqi,K4XhEER19Eg,Timilai Ma K Bhanu | Narayan Gopal | Jharana Bajracharya | Nepali Adhunik Song | Music Nepal,done,2026-05-29 10:29:19.996327,2026-05-29 10:30:52.844681
dc0e45857068447c89232294a465cfb0,182.467,187.667,5.2,30,0,1,2026-05-29 10:30:52.837963,6d874f62118c41bdbfe73786c1a46a87,https://youtu.be/K4XhEER19Eg?si=YlTGNVGmBqMWjkqi,K4XhEER19Eg,Timilai Ma K Bhanu | Narayan Gopal | Jharana Bajracharya | Nepali Adhunik Song | Music Nepal,done,2026-05-29 10:29:19.996327,2026-05-29 10:30:52.844681
16b45fd36eea4487adc619a0c9656e95,187.667,194.133,6.467,31,0,1,2026-05-29 10:30:52.837963,6d874f62118c41bdbfe73786c1a46a87,https://youtu.be/K4XhEER19Eg?si=YlTGNVGmBqMWjkqi,K4XhEER19Eg,Timilai Ma K Bhanu | Narayan Gopal | Jharana Bajracharya | Nepali Adhunik Song | Music Nepal,done,2026-05-29 10:29:19.996327,2026-05-29 10:30:52.844681
968c539d1a354eda8de490d8edd7c1b8,194.133,204.133,10.0,32,0,1,2026-05-29 10:30:52.837963,6d874f62118c41bdbfe73786c1a46a87,https://youtu.be/K4XhEER19Eg?si=YlTGNVGmBqMWjkqi,K4XhEER19Eg,Timilai Ma K Bhanu | Narayan Gopal | Jharana Bajracharya | Nepali Adhunik Song | Music Nepal,done,2026-05-29 10:29:19.996327,2026-05-29 10:30:52.844681
50622e4bbb594349a10ce671b4eda919,0.0,10.0,10.0,0,1,1,2026-05-29 09:29:58.351054,cda81bbfc5724ceaa0ddab9159a95789,https://youtu.be/OwLvKrenonw?si=PscxIRtt2Nfqv2df,OwLvKrenonw,Udaayo Mann | BEHULI from MEGHAULI Nepali Movie Official Song | Swastima Khadka | Simran Khadka,done,2026-05-29 09:28:06.358789,2026-05-29 09:29:58.356770
c0f2006c8e3941c0a81f9bf124a85efc,17.75,22.708,4.958,4,1,1,2026-05-29 09:29:58.351054,cda81bbfc5724ceaa0ddab9159a95789,https://youtu.be/OwLvKrenonw?si=PscxIRtt2Nfqv2df,OwLvKrenonw,Udaayo Mann | BEHULI from MEGHAULI Nepali Movie Official Song | Swastima Khadka | Simran Khadka,done,2026-05-29 09:28:06.358789,2026-05-29 09:29:58.356770
f43cab19cade4452aa2d3d8fe042c56c,29.0,32.083,3.083,8,1,1,2026-05-29 09:29:58.351054,cda81bbfc5724ceaa0ddab9159a95789,https://youtu.be/OwLvKrenonw?si=PscxIRtt2Nfqv2df,OwLvKrenonw,Udaayo Mann | BEHULI from MEGHAULI Nepali Movie Official Song | Swastima Khadka | Simran Khadka,done,2026-05-29 09:28:06.358789,2026-05-29 09:29:58.356770
b97adb2c23cc4e1d996dedb6f7d70681,51.667,57.625,5.958,18,1,1,2026-05-29 09:29:58.351054,cda81bbfc5724ceaa0ddab9159a95789,https://youtu.be/OwLvKrenonw?si=PscxIRtt2Nfqv2df,OwLvKrenonw,Udaayo Mann | BEHULI from MEGHAULI Nepali Movie Official Song | Swastima Khadka | Simran Khadka,done,2026-05-29 09:28:06.358789,2026-05-29 09:29:58.356770
4ec9966b27d6418696908b9a1bc5e2df,59.208,67.542,8.333,20,1,1,2026-05-29 09:29:58.351054,cda81bbfc5724ceaa0ddab9159a95789,https://youtu.be/OwLvKrenonw?si=PscxIRtt2Nfqv2df,OwLvKrenonw,Udaayo Mann | BEHULI from MEGHAULI Nepali Movie Official Song | Swastima Khadka | Simran Khadka,done,2026-05-29 09:28:06.358789,2026-05-29 09:29:58.356770
3f018c481aa6444eafb1b965833ec75f,69.167,72.708,3.542,22,1,1,2026-05-29 09:29:58.351054,cda81bbfc5724ceaa0ddab9159a95789,https://youtu.be/OwLvKrenonw?si=PscxIRtt2Nfqv2df,OwLvKrenonw,Udaayo Mann | BEHULI from MEGHAULI Nepali Movie Official Song | Swastima Khadka | Simran Khadka,done,2026-05-29 09:28:06.358789,2026-05-29 09:29:58.356770
9d895e9a8715487980c4594abc0bd6a0,82.0,86.917,4.917,29,1,1,2026-05-29 09:29:58.351054,cda81bbfc5724ceaa0ddab9159a95789,https://youtu.be/OwLvKrenonw?si=PscxIRtt2Nfqv2df,OwLvKrenonw,Udaayo Mann | BEHULI from MEGHAULI Nepali Movie Official Song | Swastima Khadka | Simran Khadka,done,2026-05-29 09:28:06.358789,2026-05-29 09:29:58.356770
6ed228c7156d4a8ab1d14eadc8a83183,93.708,100.917,7.208,35,1,1,2026-05-29 09:29:58.351054,cda81bbfc5724ceaa0ddab9159a95789,https://youtu.be/OwLvKrenonw?si=PscxIRtt2Nfqv2df,OwLvKrenonw,Udaayo Mann | BEHULI from MEGHAULI Nepali Movie Official Song | Swastima Khadka | Simran Khadka,done,2026-05-29 09:28:06.358789,2026-05-29 09:29:58.356770
79c39c44a53a403f8a70093ec7339791,103.208,113.167,9.958,38,1,1,2026-05-29 09:29:58.351054,cda81bbfc5724ceaa0ddab9159a95789,https://youtu.be/OwLvKrenonw?si=PscxIRtt2Nfqv2df,OwLvKrenonw,Udaayo Mann | BEHULI from MEGHAULI Nepali Movie Official Song | Swastima Khadka | Simran Khadka,done,2026-05-29 09:28:06.358789,2026-05-29 09:29:58.356770
2c8d2da1478b4551bd3f582b2367052b,113.167,123.167,10.0,39,1,1,2026-05-29 09:29:58.351054,cda81bbfc5724ceaa0ddab9159a95789,https://youtu.be/OwLvKrenonw?si=PscxIRtt2Nfqv2df,OwLvKrenonw,Udaayo Mann | BEHULI from MEGHAULI Nepali Movie Official Song | Swastima Khadka | Simran Khadka,done,2026-05-29 09:28:06.358789,2026-05-29 09:29:58.356770
8d565be45be34d1f866975f63ed1815c,162.375,171.708,9.333,57,1,1,2026-05-29 09:29:58.351054,cda81bbfc5724ceaa0ddab9159a95789,https://youtu.be/OwLvKrenonw?si=PscxIRtt2Nfqv2df,OwLvKrenonw,Udaayo Mann | BEHULI from MEGHAULI Nepali Movie Official Song | Swastima Khadka | Simran Khadka,done,2026-05-29 09:28:06.358789,2026-05-29 09:29:58.356770
4b9d9e8c76a04687967e5dd695f56842,179.417,184.333,4.917,62,1,1,2026-05-29 09:29:58.351054,cda81bbfc5724ceaa0ddab9159a95789,https://youtu.be/OwLvKrenonw?si=PscxIRtt2Nfqv2df,OwLvKrenonw,Udaayo Mann | BEHULI from MEGHAULI Nepali Movie Official Song | Swastima Khadka | Simran Khadka,done,2026-05-29 09:28:06.358789,2026-05-29 09:29:58.356770
c53130598a5a49b2a3fd5d738501eee3,189.208,194.083,4.875,66,1,1,2026-05-29 09:29:58.351054,cda81bbfc5724ceaa0ddab9159a95789,https://youtu.be/OwLvKrenonw?si=PscxIRtt2Nfqv2df,OwLvKrenonw,Udaayo Mann | BEHULI from MEGHAULI Nepali Movie Official Song | Swastima Khadka | Simran Khadka,done,2026-05-29 09:28:06.358789,2026-05-29 09:29:58.356770
5784954605fe45ad9c814bd51fc5e321,200.375,203.5,3.125,70,1,1,2026-05-29 09:29:58.351054,cda81bbfc5724ceaa0ddab9159a95789,https://youtu.be/OwLvKrenonw?si=PscxIRtt2Nfqv2df,OwLvKrenonw,Udaayo Mann | BEHULI from MEGHAULI Nepali Movie Official Song | Swastima Khadka | Simran Khadka,done,2026-05-29 09:28:06.358789,2026-05-29 09:29:58.356770
7e338cfb10eb4123b3e87d80dcc0afd7,205.333,209.5,4.167,72,1,1,2026-05-29 09:29:58.351054,cda81bbfc5724ceaa0ddab9159a95789,https://youtu.be/OwLvKrenonw?si=PscxIRtt2Nfqv2df,OwLvKrenonw,Udaayo Mann | BEHULI from MEGHAULI Nepali Movie Official Song | Swastima Khadka | Simran Khadka,done,2026-05-29 09:28:06.358789,2026-05-29 09:29:58.356770
49dac0257c1442eebedceb0f5d3afef3,213.583,216.708,3.125,75,1,1,2026-05-29 09:29:58.351054,cda81bbfc5724ceaa0ddab9159a95789,https://youtu.be/OwLvKrenonw?si=PscxIRtt2Nfqv2df,OwLvKrenonw,Udaayo Mann | BEHULI from MEGHAULI Nepali Movie Official Song | Swastima Khadka | Simran Khadka,done,2026-05-29 09:28:06.358789,2026-05-29 09:29:58.356770
bbf74ccb0e5c417b805da4e18d7a2d61,216.708,226.708,10.0,76,1,1,2026-05-29 09:29:58.351054,cda81bbfc5724ceaa0ddab9159a95789,https://youtu.be/OwLvKrenonw?si=PscxIRtt2Nfqv2df,OwLvKrenonw,Udaayo Mann | BEHULI from MEGHAULI Nepali Movie Official Song | Swastima Khadka | Simran Khadka,done,2026-05-29 09:28:06.358789,2026-05-29 09:29:58.356770
dcd0814474ce4bcb9ec31dd89665f015,241.792,245.208,3.417,81,1,1,2026-05-29 09:29:58.351054,cda81bbfc5724ceaa0ddab9159a95789,https://youtu.be/OwLvKrenonw?si=PscxIRtt2Nfqv2df,OwLvKrenonw,Udaayo Mann | BEHULI from MEGHAULI Nepali Movie Official Song | Swastima Khadka | Simran Khadka,done,2026-05-29 09:28:06.358789,2026-05-29 09:29:58.356770
dc3768f7e73a4500b7748323ab61e304,262.458,266.042,3.583,94,1,1,2026-05-29 09:29:58.351054,cda81bbfc5724ceaa0ddab9159a95789,https://youtu.be/OwLvKrenonw?si=PscxIRtt2Nfqv2df,OwLvKrenonw,Udaayo Mann | BEHULI from MEGHAULI Nepali Movie Official Song | Swastima Khadka | Simran Khadka,done,2026-05-29 09:28:06.358789,2026-05-29 09:29:58.356770
c29b73b8d201486e875a8b6b40af581b,271.958,277.667,5.708,98,1,1,2026-05-29 09:29:58.351054,cda81bbfc5724ceaa0ddab9159a95789,https://youtu.be/OwLvKrenonw?si=PscxIRtt2Nfqv2df,OwLvKrenonw,Udaayo Mann | BEHULI from MEGHAULI Nepali Movie Official Song | Swastima Khadka | Simran Khadka,done,2026-05-29 09:28:06.358789,2026-05-29 09:29:58.356770
bba4ae9c7fcb4e9ca04cd880c335d83b,277.667,281.542,3.875,99,1,1,2026-05-29 09:29:58.351054,cda81bbfc5724ceaa0ddab9159a95789,https://youtu.be/OwLvKrenonw?si=PscxIRtt2Nfqv2df,OwLvKrenonw,Udaayo Mann | BEHULI from MEGHAULI Nepali Movie Official Song | Swastima Khadka | Simran Khadka,done,2026-05-29 09:28:06.358789,2026-05-29 09:29:58.356770
127cd65e5a054a398d9f94f97f590365,0.0,5.84,5.84,0,1,1,2026-05-29 09:01:36.246855,df1eae5bd6314ec6ae6370f004030270,https://youtu.be/kJTgA-aBwZA?si=3pLRs5uuf41bpAec,kJTgA-aBwZA,Wangden Sherpa & @Sushant_Ghimire  - Jun Na Heri [Official Video] ft. Roneeshma Shrestha,done,2026-05-29 08:59:02.838366,2026-05-29 09:01:36.254631
e516ed93bd2947789b5ab37383f0ffa7,5.84,9.8,3.96,1,1,1,2026-05-29 09:01:36.246944,df1eae5bd6314ec6ae6370f004030270,https://youtu.be/kJTgA-aBwZA?si=3pLRs5uuf41bpAec,kJTgA-aBwZA,Wangden Sherpa & @Sushant_Ghimire  - Jun Na Heri [Official Video] ft. Roneeshma Shrestha,done,2026-05-29 08:59:02.838366,2026-05-29 09:01:36.254631
424d278d51104156af9db0f1f76ce535,13.88,17.4,3.52,4,1,1,2026-05-29 09:01:36.246944,df1eae5bd6314ec6ae6370f004030270,https://youtu.be/kJTgA-aBwZA?si=3pLRs5uuf41bpAec,kJTgA-aBwZA,Wangden Sherpa & @Sushant_Ghimire  - Jun Na Heri [Official Video] ft. Roneeshma Shrestha,done,2026-05-29 08:59:02.838366,2026-05-29 09:01:36.254631
e1d8bb53fe52481491f3c88950120d69,17.4,20.96,3.56,5,1,1,2026-05-29 09:01:36.246944,df1eae5bd6314ec6ae6370f004030270,https://youtu.be/kJTgA-aBwZA?si=3pLRs5uuf41bpAec,kJTgA-aBwZA,Wangden Sherpa & @Sushant_Ghimire  - Jun Na Heri [Official Video] ft. Roneeshma Shrestha,done,2026-05-29 08:59:02.838366,2026-05-29 09:01:36.254631
9d40e99823a1439499072bbde2336743,45.8,55.8,10.0,25,1,1,2026-05-29 09:01:36.246944,df1eae5bd6314ec6ae6370f004030270,https://youtu.be/kJTgA-aBwZA?si=3pLRs5uuf41bpAec,kJTgA-aBwZA,Wangden Sherpa & @Sushant_Ghimire  - Jun Na Heri [Official Video] ft. Roneeshma Shrestha,done,2026-05-29 08:59:02.838366,2026-05-29 09:01:36.254631
59e2b08d7c164156b10d273e36f2a465,58.72,64.52,5.8,27,1,1,2026-05-29 09:01:36.246944,df1eae5bd6314ec6ae6370f004030270,https://youtu.be/kJTgA-aBwZA?si=3pLRs5uuf41bpAec,kJTgA-aBwZA,Wangden Sherpa & @Sushant_Ghimire  - Jun Na Heri [Official Video] ft. Roneeshma Shrestha,done,2026-05-29 08:59:02.838366,2026-05-29 09:01:36.254631
3e2b7d576cef445eb8690386bd8383ab,69.12,72.16,3.04,32,1,1,2026-05-29 09:01:36.247043,df1eae5bd6314ec6ae6370f004030270,https://youtu.be/kJTgA-aBwZA?si=3pLRs5uuf41bpAec,kJTgA-aBwZA,Wangden Sherpa & @Sushant_Ghimire  - Jun Na Heri [Official Video] ft. Roneeshma Shrestha,done,2026-05-29 08:59:02.838366,2026-05-29 09:01:36.254631
11d5b646292545b5b5c3749213e15b36,92.72,101.64,8.92,47,1,1,2026-05-29 09:01:36.247043,df1eae5bd6314ec6ae6370f004030270,https://youtu.be/kJTgA-aBwZA?si=3pLRs5uuf41bpAec,kJTgA-aBwZA,Wangden Sherpa & @Sushant_Ghimire  - Jun Na Heri [Official Video] ft. Roneeshma Shrestha,done,2026-05-29 08:59:02.838366,2026-05-29 09:01:36.254631
d39406e69b75494797aea98a9f232ede,103.64,106.76,3.12,49,1,1,2026-05-29 09:01:36.247043,df1eae5bd6314ec6ae6370f004030270,https://youtu.be/kJTgA-aBwZA?si=3pLRs5uuf41bpAec,kJTgA-aBwZA,Wangden Sherpa & @Sushant_Ghimire  - Jun Na Heri [Official Video] ft. Roneeshma Shrestha,done,2026-05-29 08:59:02.838366,2026-05-29 09:01:36.254631
71b12da859f644648b109633b1a236e8,108.92,113.24,4.32,52,1,1,2026-05-29 09:01:36.247043,df1eae5bd6314ec6ae6370f004030270,https://youtu.be/kJTgA-aBwZA?si=3pLRs5uuf41bpAec,kJTgA-aBwZA,Wangden Sherpa & @Sushant_Ghimire  - Jun Na Heri [Official Video] ft. Roneeshma Shrestha,done,2026-05-29 08:59:02.838366,2026-05-29 09:01:36.254631
ba929d24601749fcaf0e3a03848ad35e,122.72,130.44,7.72,61,1,1,2026-05-29 09:01:36.247043,df1eae5bd6314ec6ae6370f004030270,https://youtu.be/kJTgA-aBwZA?si=3pLRs5uuf41bpAec,kJTgA-aBwZA,Wangden Sherpa & @Sushant_Ghimire  - Jun Na Heri [Official Video] ft. Roneeshma Shrestha,done,2026-05-29 08:59:02.838366,2026-05-29 09:01:36.254631
65ad395923de479399e8dafd8be52c6c,138.8,144.72,5.92,69,1,1,2026-05-29 09:01:36.247043,df1eae5bd6314ec6ae6370f004030270,https://youtu.be/kJTgA-aBwZA?si=3pLRs5uuf41bpAec,kJTgA-aBwZA,Wangden Sherpa & @Sushant_Ghimire  - Jun Na Heri [Official Video] ft. Roneeshma Shrestha,done,2026-05-29 08:59:02.838366,2026-05-29 09:01:36.254631
c7e3274f47754d3eaf4c17f56b410146,154.24,162.12,7.88,75,1,1,2026-05-29 09:01:36.247043,df1eae5bd6314ec6ae6370f004030270,https://youtu.be/kJTgA-aBwZA?si=3pLRs5uuf41bpAec,kJTgA-aBwZA,Wangden Sherpa & @Sushant_Ghimire  - Jun Na Heri [Official Video] ft. Roneeshma Shrestha,done,2026-05-29 08:59:02.838366,2026-05-29 09:01:36.254631
cf3c3cf6f11a4765b528ea79fe99484d,165.12,168.92,3.8,78,1,1,2026-05-29 09:01:36.247043,df1eae5bd6314ec6ae6370f004030270,https://youtu.be/kJTgA-aBwZA?si=3pLRs5uuf41bpAec,kJTgA-aBwZA,Wangden Sherpa & @Sushant_Ghimire  - Jun Na Heri [Official Video] ft. Roneeshma Shrestha,done,2026-05-29 08:59:02.838366,2026-05-29 09:01:36.254631
5acbd28fa893429fa52cea417f607c53,173.48,177.08,3.6,83,1,1,2026-05-29 09:01:36.247043,df1eae5bd6314ec6ae6370f004030270,https://youtu.be/kJTgA-aBwZA?si=3pLRs5uuf41bpAec,kJTgA-aBwZA,Wangden Sherpa & @Sushant_Ghimire  - Jun Na Heri [Official Video] ft. Roneeshma Shrestha,done,2026-05-29 08:59:02.838366,2026-05-29 09:01:36.254631
25253d66e09240e0a17107530ccc4664,185.56,189.4,3.84,89,1,1,2026-05-29 09:01:36.247043,df1eae5bd6314ec6ae6370f004030270,https://youtu.be/kJTgA-aBwZA?si=3pLRs5uuf41bpAec,kJTgA-aBwZA,Wangden Sherpa & @Sushant_Ghimire  - Jun Na Heri [Official Video] ft. Roneeshma Shrestha,done,2026-05-29 08:59:02.838366,2026-05-29 09:01:36.254631
d339f61e8f8e4158bf83ad6cac33c261,238.36,242.16,3.8,128,1,1,2026-05-29 09:01:36.247043,df1eae5bd6314ec6ae6370f004030270,https://youtu.be/kJTgA-aBwZA?si=3pLRs5uuf41bpAec,kJTgA-aBwZA,Wangden Sherpa & @Sushant_Ghimire  - Jun Na Heri [Official Video] ft. Roneeshma Shrestha,done,2026-05-29 08:59:02.838366,2026-05-29 09:01:36.254631
e2c1b2105c374dadbdd70b149c1acf4c,244.56,249.08,4.52,130,1,1,2026-05-29 09:01:36.247043,df1eae5bd6314ec6ae6370f004030270,https://youtu.be/kJTgA-aBwZA?si=3pLRs5uuf41bpAec,kJTgA-aBwZA,Wangden Sherpa & @Sushant_Ghimire  - Jun Na Heri [Official Video] ft. Roneeshma Shrestha,done,2026-05-29 08:59:02.838366,2026-05-29 09:01:36.254631
66f221606e56421d874a4c2f39e6d7ca,249.08,255.56,6.48,131,1,1,2026-05-29 09:01:36.247043,df1eae5bd6314ec6ae6370f004030270,https://youtu.be/kJTgA-aBwZA?si=3pLRs5uuf41bpAec,kJTgA-aBwZA,Wangden Sherpa & @Sushant_Ghimire  - Jun Na Heri [Official Video] ft. Roneeshma Shrestha,done,2026-05-29 08:59:02.838366,2026-05-29 09:01:36.254631
6c883ac7007b4c22bdd17d5ea6010a6f,255.56,258.64,3.08,132,1,1,2026-05-29 09:01:36.247043,df1eae5bd6314ec6ae6370f004030270,https://youtu.be/kJTgA-aBwZA?si=3pLRs5uuf41bpAec,kJTgA-aBwZA,Wangden Sherpa & @Sushant_Ghimire  - Jun Na Heri [Official Video] ft. Roneeshma Shrestha,done,2026-05-29 08:59:02.838366,2026-05-29 09:01:36.254631
84f946c58d5e4e18a6b05dff01d0ebfd,0.0,10.0,10.0,0,0,1,2026-05-29 10:38:07.109584,a44bb5af44de4b8a920198c4571d8784,https://youtu.be/RvIg3LEYt8I?si=KgWnP16FcorYEibp,RvIg3LEYt8I,Yo Larke Joban - Khuman Adhikari & Bishnu Majhi | Samjhana Budhathoki & Shankar BC | Nepali Song,done,2026-05-29 10:37:33.319917,2026-05-29 10:38:07.122811
bc9d2b26c6984ece9efa74ea6f91b42e,28.867,37.667,8.8,13,0,1,2026-05-29 10:38:07.109584,a44bb5af44de4b8a920198c4571d8784,https://youtu.be/RvIg3LEYt8I?si=KgWnP16FcorYEibp,RvIg3LEYt8I,Yo Larke Joban - Khuman Adhikari & Bishnu Majhi | Samjhana Budhathoki & Shankar BC | Nepali Song,done,2026-05-29 10:37:33.319917,2026-05-29 10:38:07.122811
33303ebd2a8f4add934a581f2afa4af6,49.0,54.0,5.0,20,0,1,2026-05-29 10:38:07.109584,a44bb5af44de4b8a920198c4571d8784,https://youtu.be/RvIg3LEYt8I?si=KgWnP16FcorYEibp,RvIg3LEYt8I,Yo Larke Joban - Khuman Adhikari & Bishnu Majhi | Samjhana Budhathoki & Shankar BC | Nepali Song,done,2026-05-29 10:37:33.319917,2026-05-29 10:38:07.122811
c0189e24b76a4d21b37b479722e8cde7,70.4,74.133,3.733,29,0,1,2026-05-29 10:38:07.109584,a44bb5af44de4b8a920198c4571d8784,https://youtu.be/RvIg3LEYt8I?si=KgWnP16FcorYEibp,RvIg3LEYt8I,Yo Larke Joban - Khuman Adhikari & Bishnu Majhi | Samjhana Budhathoki & Shankar BC | Nepali Song,done,2026-05-29 10:37:33.319917,2026-05-29 10:38:07.122811
bcf6d4b46c8a4372a5921ab61b185677,74.133,77.867,3.733,30,0,1,2026-05-29 10:38:07.109584,a44bb5af44de4b8a920198c4571d8784,https://youtu.be/RvIg3LEYt8I?si=KgWnP16FcorYEibp,RvIg3LEYt8I,Yo Larke Joban - Khuman Adhikari & Bishnu Majhi | Samjhana Budhathoki & Shankar BC | Nepali Song,done,2026-05-29 10:37:33.319917,2026-05-29 10:38:07.122811
4f1292b6b5c84cceb774ad4d0b900f94,80.467,89.267,8.8,32,0,1,2026-05-29 10:38:07.109584,a44bb5af44de4b8a920198c4571d8784,https://youtu.be/RvIg3LEYt8I?si=KgWnP16FcorYEibp,RvIg3LEYt8I,Yo Larke Joban - Khuman Adhikari & Bishnu Majhi | Samjhana Budhathoki & Shankar BC | Nepali Song,done,2026-05-29 10:37:33.319917,2026-05-29 10:38:07.122811
81ddbfd882564aecbc2b373ff2106e78,90.533,94.333,3.8,34,0,1,2026-05-29 10:38:07.109584,a44bb5af44de4b8a920198c4571d8784,https://youtu.be/RvIg3LEYt8I?si=KgWnP16FcorYEibp,RvIg3LEYt8I,Yo Larke Joban - Khuman Adhikari & Bishnu Majhi | Samjhana Budhathoki & Shankar BC | Nepali Song,done,2026-05-29 10:37:33.319917,2026-05-29 10:38:07.122811
02a3eb89b29249009463ef3ec36c8aba,100.6,106.867,6.267,38,0,1,2026-05-29 10:38:07.109584,a44bb5af44de4b8a920198c4571d8784,https://youtu.be/RvIg3LEYt8I?si=KgWnP16FcorYEibp,RvIg3LEYt8I,Yo Larke Joban - Khuman Adhikari & Bishnu Majhi | Samjhana Budhathoki & Shankar BC | Nepali Song,done,2026-05-29 10:37:33.319917,2026-05-29 10:38:07.122811
37a8bc74161847d5b770f3e65b56bc18,110.667,114.333,3.667,42,0,1,2026-05-29 10:38:07.109584,a44bb5af44de4b8a920198c4571d8784,https://youtu.be/RvIg3LEYt8I?si=KgWnP16FcorYEibp,RvIg3LEYt8I,Yo Larke Joban - Khuman Adhikari & Bishnu Majhi | Samjhana Budhathoki & Shankar BC | Nepali Song,done,2026-05-29 10:37:33.319917,2026-05-29 10:38:07.122811
a1393ecd6d614537a22aa1666d36854b,123.267,127.0,3.733,48,0,1,2026-05-29 10:38:07.109584,a44bb5af44de4b8a920198c4571d8784,https://youtu.be/RvIg3LEYt8I?si=KgWnP16FcorYEibp,RvIg3LEYt8I,Yo Larke Joban - Khuman Adhikari & Bishnu Majhi | Samjhana Budhathoki & Shankar BC | Nepali Song,done,2026-05-29 10:37:33.319917,2026-05-29 10:38:07.122811
4c612bef6f4a46ff8be4209602342a8f,130.8,134.533,3.733,51,0,1,2026-05-29 10:38:07.110118,a44bb5af44de4b8a920198c4571d8784,https://youtu.be/RvIg3LEYt8I?si=KgWnP16FcorYEibp,RvIg3LEYt8I,Yo Larke Joban - Khuman Adhikari & Bishnu Majhi | Samjhana Budhathoki & Shankar BC | Nepali Song,done,2026-05-29 10:37:33.319917,2026-05-29 10:38:07.122811
144f151cc77e4a6888926b88be399248,143.4,147.133,3.733,56,0,1,2026-05-29 10:38:07.110118,a44bb5af44de4b8a920198c4571d8784,https://youtu.be/RvIg3LEYt8I?si=KgWnP16FcorYEibp,RvIg3LEYt8I,Yo Larke Joban - Khuman Adhikari & Bishnu Majhi | Samjhana Budhathoki & Shankar BC | Nepali Song,done,2026-05-29 10:37:33.319917,2026-05-29 10:38:07.122811
e255aa5b9d094f05b919cbfdc33d3a79,151.133,154.733,3.6,59,0,1,2026-05-29 10:38:07.110118,a44bb5af44de4b8a920198c4571d8784,https://youtu.be/RvIg3LEYt8I?si=KgWnP16FcorYEibp,RvIg3LEYt8I,Yo Larke Joban - Khuman Adhikari & Bishnu Majhi | Samjhana Budhathoki & Shankar BC | Nepali Song,done,2026-05-29 10:37:33.319917,2026-05-29 10:38:07.122811
f9ba15a09af14b499f310677c3532e0a,154.733,161.0,6.267,60,0,1,2026-05-29 10:38:07.110118,a44bb5af44de4b8a920198c4571d8784,https://youtu.be/RvIg3LEYt8I?si=KgWnP16FcorYEibp,RvIg3LEYt8I,Yo Larke Joban - Khuman Adhikari & Bishnu Majhi | Samjhana Budhathoki & Shankar BC | Nepali Song,done,2026-05-29 10:37:33.319917,2026-05-29 10:38:07.122811
0fda82d1f7514b10b1683f99d43bcaa3,166.067,173.6,7.533,63,0,1,2026-05-29 10:38:07.110118,a44bb5af44de4b8a920198c4571d8784,https://youtu.be/RvIg3LEYt8I?si=KgWnP16FcorYEibp,RvIg3LEYt8I,Yo Larke Joban - Khuman Adhikari & Bishnu Majhi | Samjhana Budhathoki & Shankar BC | Nepali Song,done,2026-05-29 10:37:33.319917,2026-05-29 10:38:07.122811
9e05bd8a021b4d639f2a472218e68473,176.2,181.133,4.933,65,0,1,2026-05-29 10:38:07.110118,a44bb5af44de4b8a920198c4571d8784,https://youtu.be/RvIg3LEYt8I?si=KgWnP16FcorYEibp,RvIg3LEYt8I,Yo Larke Joban - Khuman Adhikari & Bishnu Majhi | Samjhana Budhathoki & Shankar BC | Nepali Song,done,2026-05-29 10:37:33.319917,2026-05-29 10:38:07.122811
d2cfce5524954f3688f27c4ba855caf2,182.4,188.733,6.333,67,0,1,2026-05-29 10:38:07.110118,a44bb5af44de4b8a920198c4571d8784,https://youtu.be/RvIg3LEYt8I?si=KgWnP16FcorYEibp,RvIg3LEYt8I,Yo Larke Joban - Khuman Adhikari & Bishnu Majhi | Samjhana Budhathoki & Shankar BC | Nepali Song,done,2026-05-29 10:37:33.319917,2026-05-29 10:38:07.122811
ca31d25f3ee7484a829c691b879fe817,202.933,206.333,3.4,76,0,1,2026-05-29 10:38:07.110118,a44bb5af44de4b8a920198c4571d8784,https://youtu.be/RvIg3LEYt8I?si=KgWnP16FcorYEibp,RvIg3LEYt8I,Yo Larke Joban - Khuman Adhikari & Bishnu Majhi | Samjhana Budhathoki & Shankar BC | Nepali Song,done,2026-05-29 10:37:33.319917,2026-05-29 10:38:07.122811
a78d982986624f1fa45cf2934bc440d3,215.067,222.733,7.667,81,0,1,2026-05-29 10:38:07.110118,a44bb5af44de4b8a920198c4571d8784,https://youtu.be/RvIg3LEYt8I?si=KgWnP16FcorYEibp,RvIg3LEYt8I,Yo Larke Joban - Khuman Adhikari & Bishnu Majhi | Samjhana Budhathoki & Shankar BC | Nepali Song,done,2026-05-29 10:37:33.319917,2026-05-29 10:38:07.122811
fc58c5c8d02c44ceb81ea8c2037afb1d,222.733,226.467,3.733,82,0,1,2026-05-29 10:38:07.110118,a44bb5af44de4b8a920198c4571d8784,https://youtu.be/RvIg3LEYt8I?si=KgWnP16FcorYEibp,RvIg3LEYt8I,Yo Larke Joban - Khuman Adhikari & Bishnu Majhi | Samjhana Budhathoki & Shankar BC | Nepali Song,done,2026-05-29 10:37:33.319917,2026-05-29 10:38:07.122811
45d3773ea08e4df0b0a4337a773cc8b0,226.467,236.467,10.0,83,0,1,2026-05-29 10:38:07.110118,a44bb5af44de4b8a920198c4571d8784,https://youtu.be/RvIg3LEYt8I?si=KgWnP16FcorYEibp,RvIg3LEYt8I,Yo Larke Joban - Khuman Adhikari & Bishnu Majhi | Samjhana Budhathoki & Shankar BC | Nepali Song,done,2026-05-29 10:37:33.319917,2026-05-29 10:38:07.122811
6d94f9a252f94e7bb89316b54b5727c7,245.333,249.133,3.8,89,0,1,2026-05-29 10:38:07.110118,a44bb5af44de4b8a920198c4571d8784,https://youtu.be/RvIg3LEYt8I?si=KgWnP16FcorYEibp,RvIg3LEYt8I,Yo Larke Joban - Khuman Adhikari & Bishnu Majhi | Samjhana Budhathoki & Shankar BC | Nepali Song,done,2026-05-29 10:37:33.319917,2026-05-29 10:38:07.122811
e121c07f1e5f4f8f87f9d3f221318ab9,255.4,259.133,3.733,93,0,1,2026-05-29 10:38:07.110118,a44bb5af44de4b8a920198c4571d8784,https://youtu.be/RvIg3LEYt8I?si=KgWnP16FcorYEibp,RvIg3LEYt8I,Yo Larke Joban - Khuman Adhikari & Bishnu Majhi | Samjhana Budhathoki & Shankar BC | Nepali Song,done,2026-05-29 10:37:33.319917,2026-05-29 10:38:07.122811
9363584c036240eaafa35713f9008b51,259.133,262.933,3.8,94,0,1,2026-05-29 10:38:07.110118,a44bb5af44de4b8a920198c4571d8784,https://youtu.be/RvIg3LEYt8I?si=KgWnP16FcorYEibp,RvIg3LEYt8I,Yo Larke Joban - Khuman Adhikari & Bishnu Majhi | Samjhana Budhathoki & Shankar BC | Nepali Song,done,2026-05-29 10:37:33.319917,2026-05-29 10:38:07.122811
c4b9599eb1cf40a2898e6990cb9a7ba7,268.0,275.467,7.467,99,0,1,2026-05-29 10:38:07.110118,a44bb5af44de4b8a920198c4571d8784,https://youtu.be/RvIg3LEYt8I?si=KgWnP16FcorYEibp,RvIg3LEYt8I,Yo Larke Joban - Khuman Adhikari & Bishnu Majhi | Samjhana Budhathoki & Shankar BC | Nepali Song,done,2026-05-29 10:37:33.319917,2026-05-29 10:38:07.122811
b07922b39f6f4b4884a922c31ca309ec,275.467,278.733,3.267,100,0,1,2026-05-29 10:38:07.110118,a44bb5af44de4b8a920198c4571d8784,https://youtu.be/RvIg3LEYt8I?si=KgWnP16FcorYEibp,RvIg3LEYt8I,Yo Larke Joban - Khuman Adhikari & Bishnu Majhi | Samjhana Budhathoki & Shankar BC | Nepali Song,done,2026-05-29 10:37:33.319917,2026-05-29 10:38:07.122811
af5ba729a6764707bc28127b504388d7,278.733,284.4,5.667,101,0,1,2026-05-29 10:38:07.110118,a44bb5af44de4b8a920198c4571d8784,https://youtu.be/RvIg3LEYt8I?si=KgWnP16FcorYEibp,RvIg3LEYt8I,Yo Larke Joban - Khuman Adhikari & Bishnu Majhi | Samjhana Budhathoki & Shankar BC | Nepali Song,done,2026-05-29 10:37:33.319917,2026-05-29 10:38:07.122811
c6989c43f1e9465e89a652e0279551c5,289.4,294.4,5.0,105,0,1,2026-05-29 10:38:07.110118,a44bb5af44de4b8a920198c4571d8784,https://youtu.be/RvIg3LEYt8I?si=KgWnP16FcorYEibp,RvIg3LEYt8I,Yo Larke Joban - Khuman Adhikari & Bishnu Majhi | Samjhana Budhathoki & Shankar BC | Nepali Song,done,2026-05-29 10:37:33.319917,2026-05-29 10:38:07.122811
5891836d042c4853a9ec99b143bb3322,298.2,308.2,10.0,108,0,1,2026-05-29 10:38:07.110118,a44bb5af44de4b8a920198c4571d8784,https://youtu.be/RvIg3LEYt8I?si=KgWnP16FcorYEibp,RvIg3LEYt8I,Yo Larke Joban - Khuman Adhikari & Bishnu Majhi | Samjhana Budhathoki & Shankar BC | Nepali Song,done,2026-05-29 10:37:33.319917,2026-05-29 10:38:07.122811
dbc962375fb54c8b8508427a773340e5,338.533,342.267,3.733,123,0,1,2026-05-29 10:38:07.110118,a44bb5af44de4b8a920198c4571d8784,https://youtu.be/RvIg3LEYt8I?si=KgWnP16FcorYEibp,RvIg3LEYt8I,Yo Larke Joban - Khuman Adhikari & Bishnu Majhi | Samjhana Budhathoki & Shankar BC | Nepali Song,done,2026-05-29 10:37:33.319917,2026-05-29 10:38:07.122811
928cdc176fa644a496a1a783a5b5dd6f,361.133,364.8,3.667,133,0,1,2026-05-29 10:38:07.110118,a44bb5af44de4b8a920198c4571d8784,https://youtu.be/RvIg3LEYt8I?si=KgWnP16FcorYEibp,RvIg3LEYt8I,Yo Larke Joban - Khuman Adhikari & Bishnu Majhi | Samjhana Budhathoki & Shankar BC | Nepali Song,done,2026-05-29 10:37:33.319917,2026-05-29 10:38:07.122811
7a2a97cfd75941738097a0c6d9fd86a7,371.2,375.4,4.2,138,0,1,2026-05-29 10:38:07.110118,a44bb5af44de4b8a920198c4571d8784,https://youtu.be/RvIg3LEYt8I?si=KgWnP16FcorYEibp,RvIg3LEYt8I,Yo Larke Joban - Khuman Adhikari & Bishnu Majhi | Samjhana Budhathoki & Shankar BC | Nepali Song,done,2026-05-29 10:37:33.319917,2026-05-29 10:38:07.122811
628a5befe259422eb2dc46a3960de645,388.8,392.6,3.8,148,0,1,2026-05-29 10:38:07.110118,a44bb5af44de4b8a920198c4571d8784,https://youtu.be/RvIg3LEYt8I?si=KgWnP16FcorYEibp,RvIg3LEYt8I,Yo Larke Joban - Khuman Adhikari & Bishnu Majhi | Samjhana Budhathoki & Shankar BC | Nepali Song,done,2026-05-29 10:37:33.319917,2026-05-29 10:38:07.122811
18a6c60850494f8dada8947c71e26b61,392.6,397.6,5.0,149,0,1,2026-05-29 10:38:07.110118,a44bb5af44de4b8a920198c4571d8784,https://youtu.be/RvIg3LEYt8I?si=KgWnP16FcorYEibp,RvIg3LEYt8I,Yo Larke Joban - Khuman Adhikari & Bishnu Majhi | Samjhana Budhathoki & Shankar BC | Nepali Song,done,2026-05-29 10:37:33.319917,2026-05-29 10:38:07.122811
f211b09868f64623a673627675a71ad8,398.933,404.533,5.6,151,0,1,2026-05-29 10:38:07.110118,a44bb5af44de4b8a920198c4571d8784,https://youtu.be/RvIg3LEYt8I?si=KgWnP16FcorYEibp,RvIg3LEYt8I,Yo Larke Joban - Khuman Adhikari & Bishnu Majhi | Samjhana Budhathoki & Shankar BC | Nepali Song,done,2026-05-29 10:37:33.319917,2026-05-29 10:38:07.122811
013b968a10514e2498585f697bcbb376,404.533,410.2,5.667,152,0,1,2026-05-29 10:38:07.110118,a44bb5af44de4b8a920198c4571d8784,https://youtu.be/RvIg3LEYt8I?si=KgWnP16FcorYEibp,RvIg3LEYt8I,Yo Larke Joban - Khuman Adhikari & Bishnu Majhi | Samjhana Budhathoki & Shankar BC | Nepali Song,done,2026-05-29 10:37:33.319917,2026-05-29 10:38:07.122811
642f195e3a7b4c93a65812e36ebd3f5d,414.0,417.733,3.733,155,0,1,2026-05-29 10:38:07.110118,a44bb5af44de4b8a920198c4571d8784,https://youtu.be/RvIg3LEYt8I?si=KgWnP16FcorYEibp,RvIg3LEYt8I,Yo Larke Joban - Khuman Adhikari & Bishnu Majhi | Samjhana Budhathoki & Shankar BC | Nepali Song,done,2026-05-29 10:37:33.319917,2026-05-29 10:38:07.122811
c74b673f91cb447cb0eba3240fcc46b3,424.067,427.8,3.733,160,0,1,2026-05-29 10:38:07.110118,a44bb5af44de4b8a920198c4571d8784,https://youtu.be/RvIg3LEYt8I?si=KgWnP16FcorYEibp,RvIg3LEYt8I,Yo Larke Joban - Khuman Adhikari & Bishnu Majhi | Samjhana Budhathoki & Shankar BC | Nepali Song,done,2026-05-29 10:37:33.319917,2026-05-29 10:38:07.122811
36e1bb7cc53d400ab944e3ef8b73150e,429.133,432.933,3.8,162,0,1,2026-05-29 10:38:07.110118,a44bb5af44de4b8a920198c4571d8784,https://youtu.be/RvIg3LEYt8I?si=KgWnP16FcorYEibp,RvIg3LEYt8I,Yo Larke Joban - Khuman Adhikari & Bishnu Majhi | Samjhana Budhathoki & Shankar BC | Nepali Song,done,2026-05-29 10:37:33.319917,2026-05-29 10:38:07.122811
97114983390847cf81283f8ac8e4944e,444.2,453.0,8.8,170,0,1,2026-05-29 10:38:07.110118,a44bb5af44de4b8a920198c4571d8784,https://youtu.be/RvIg3LEYt8I?si=KgWnP16FcorYEibp,RvIg3LEYt8I,Yo Larke Joban - Khuman Adhikari & Bishnu Majhi | Samjhana Budhathoki & Shankar BC | Nepali Song,done,2026-05-29 10:37:33.319917,2026-05-29 10:38:07.122811
2794967909d24dc8b1726ea2d924c0dc,454.267,464.267,10.0,172,0,1,2026-05-29 10:38:07.110653,a44bb5af44de4b8a920198c4571d8784,https://youtu.be/RvIg3LEYt8I?si=KgWnP16FcorYEibp,RvIg3LEYt8I,Yo Larke Joban - Khuman Adhikari & Bishnu Majhi | Samjhana Budhathoki & Shankar BC | Nepali Song,done,2026-05-29 10:37:33.319917,2026-05-29 10:38:07.122811
2c09ae3e13754fcbb8fd45b4cede3a52,12.28,18.32,6.04,8,0,1,2026-05-29 10:40:04.352242,0a60000e815c4ad8ba361e6e656d8685,https://youtu.be/f5hg8UDxVQc?si=6_eczXw0GDfH8bhr,f5hg8UDxVQc,Yo Mutu Timrai Ho - Muna Thapa Magar & Bimal Dangi | Nepali Song,done,2026-05-29 10:36:44.632702,2026-05-29 10:40:04.361238
a9035658cf8e42859a543a4639e86074,18.32,21.36,3.04,9,0,1,2026-05-29 10:40:04.352242,0a60000e815c4ad8ba361e6e656d8685,https://youtu.be/f5hg8UDxVQc?si=6_eczXw0GDfH8bhr,f5hg8UDxVQc,Yo Mutu Timrai Ho - Muna Thapa Magar & Bimal Dangi | Nepali Song,done,2026-05-29 10:36:44.632702,2026-05-29 10:40:04.361238
738783db4fda4338b6ce57d78fd2f7b1,21.36,24.36,3.0,10,0,1,2026-05-29 10:40:04.352242,0a60000e815c4ad8ba361e6e656d8685,https://youtu.be/f5hg8UDxVQc?si=6_eczXw0GDfH8bhr,f5hg8UDxVQc,Yo Mutu Timrai Ho - Muna Thapa Magar & Bimal Dangi | Nepali Song,done,2026-05-29 10:36:44.632702,2026-05-29 10:40:04.361238
c076c251f9af4121a97c9abeec7223b6,28.68,36.88,8.2,16,0,1,2026-05-29 10:40:04.352242,0a60000e815c4ad8ba361e6e656d8685,https://youtu.be/f5hg8UDxVQc?si=6_eczXw0GDfH8bhr,f5hg8UDxVQc,Yo Mutu Timrai Ho - Muna Thapa Magar & Bimal Dangi | Nepali Song,done,2026-05-29 10:36:44.632702,2026-05-29 10:40:04.361238
83639a6bc4d94abca6f9864328e2b01b,41.56,51.36,9.8,19,0,1,2026-05-29 10:40:04.352242,0a60000e815c4ad8ba361e6e656d8685,https://youtu.be/f5hg8UDxVQc?si=6_eczXw0GDfH8bhr,f5hg8UDxVQc,Yo Mutu Timrai Ho - Muna Thapa Magar & Bimal Dangi | Nepali Song,done,2026-05-29 10:36:44.632702,2026-05-29 10:40:04.361238
4f8a05ac907f42e7b89db39b4cc08223,52.08,56.16,4.08,21,0,1,2026-05-29 10:40:04.352242,0a60000e815c4ad8ba361e6e656d8685,https://youtu.be/f5hg8UDxVQc?si=6_eczXw0GDfH8bhr,f5hg8UDxVQc,Yo Mutu Timrai Ho - Muna Thapa Magar & Bimal Dangi | Nepali Song,done,2026-05-29 10:36:44.632702,2026-05-29 10:40:04.361238
5308c597104e4aa8a775373031e4cdea,56.84,59.92,3.08,23,0,1,2026-05-29 10:40:04.352242,0a60000e815c4ad8ba361e6e656d8685,https://youtu.be/f5hg8UDxVQc?si=6_eczXw0GDfH8bhr,f5hg8UDxVQc,Yo Mutu Timrai Ho - Muna Thapa Magar & Bimal Dangi | Nepali Song,done,2026-05-29 10:36:44.632702,2026-05-29 10:40:04.361238
923385cc389643a4b3b2a6947126a005,61.48,64.52,3.04,25,0,1,2026-05-29 10:40:04.352242,0a60000e815c4ad8ba361e6e656d8685,https://youtu.be/f5hg8UDxVQc?si=6_eczXw0GDfH8bhr,f5hg8UDxVQc,Yo Mutu Timrai Ho - Muna Thapa Magar & Bimal Dangi | Nepali Song,done,2026-05-29 10:36:44.632702,2026-05-29 10:40:04.361238
6afb14ad0f7b4595ae9b0e51c119af62,69.08,75.28,6.2,29,0,1,2026-05-29 10:40:04.352242,0a60000e815c4ad8ba361e6e656d8685,https://youtu.be/f5hg8UDxVQc?si=6_eczXw0GDfH8bhr,f5hg8UDxVQc,Yo Mutu Timrai Ho - Muna Thapa Magar & Bimal Dangi | Nepali Song,done,2026-05-29 10:36:44.632702,2026-05-29 10:40:04.361238
0d1ff2b5239043419f519700b0c3d838,76.84,79.88,3.04,31,0,1,2026-05-29 10:40:04.352242,0a60000e815c4ad8ba361e6e656d8685,https://youtu.be/f5hg8UDxVQc?si=6_eczXw0GDfH8bhr,f5hg8UDxVQc,Yo Mutu Timrai Ho - Muna Thapa Magar & Bimal Dangi | Nepali Song,done,2026-05-29 10:36:44.632702,2026-05-29 10:40:04.361238
59ebf711caf84d53af849813fdaa21c1,79.88,82.96,3.08,32,0,1,2026-05-29 10:40:04.352242,0a60000e815c4ad8ba361e6e656d8685,https://youtu.be/f5hg8UDxVQc?si=6_eczXw0GDfH8bhr,f5hg8UDxVQc,Yo Mutu Timrai Ho - Muna Thapa Magar & Bimal Dangi | Nepali Song,done,2026-05-29 10:36:44.632702,2026-05-29 10:40:04.361238
bf545a03f93e49dbad4c124d36924063,84.52,87.56,3.04,34,0,1,2026-05-29 10:40:04.352242,0a60000e815c4ad8ba361e6e656d8685,https://youtu.be/f5hg8UDxVQc?si=6_eczXw0GDfH8bhr,f5hg8UDxVQc,Yo Mutu Timrai Ho - Muna Thapa Magar & Bimal Dangi | Nepali Song,done,2026-05-29 10:36:44.632702,2026-05-29 10:40:04.361238
6c06990fca1546dea0437ef7dcea61c7,89.04,98.32,9.28,36,0,1,2026-05-29 10:40:04.352242,0a60000e815c4ad8ba361e6e656d8685,https://youtu.be/f5hg8UDxVQc?si=6_eczXw0GDfH8bhr,f5hg8UDxVQc,Yo Mutu Timrai Ho - Muna Thapa Magar & Bimal Dangi | Nepali Song,done,2026-05-29 10:36:44.632702,2026-05-29 10:40:04.361238
d95e118778f841f9be21b2eef0b351c7,99.72,107.68,7.96,38,0,1,2026-05-29 10:40:04.352242,0a60000e815c4ad8ba361e6e656d8685,https://youtu.be/f5hg8UDxVQc?si=6_eczXw0GDfH8bhr,f5hg8UDxVQc,Yo Mutu Timrai Ho - Muna Thapa Magar & Bimal Dangi | Nepali Song,done,2026-05-29 10:36:44.632702,2026-05-29 10:40:04.361238
4634c468a72e425eb138277e762dde96,110.6,120.6,10.0,41,0,1,2026-05-29 10:40:04.352242,0a60000e815c4ad8ba361e6e656d8685,https://youtu.be/f5hg8UDxVQc?si=6_eczXw0GDfH8bhr,f5hg8UDxVQc,Yo Mutu Timrai Ho - Muna Thapa Magar & Bimal Dangi | Nepali Song,done,2026-05-29 10:36:44.632702,2026-05-29 10:40:04.361238
04decd0ad5b74770b7865c96980a5697,124.24,130.4,6.16,43,0,1,2026-05-29 10:40:04.352242,0a60000e815c4ad8ba361e6e656d8685,https://youtu.be/f5hg8UDxVQc?si=6_eczXw0GDfH8bhr,f5hg8UDxVQc,Yo Mutu Timrai Ho - Muna Thapa Magar & Bimal Dangi | Nepali Song,done,2026-05-29 10:36:44.632702,2026-05-29 10:40:04.361238
3640d8097a8a4415b68168c72225c647,130.4,133.68,3.28,44,0,1,2026-05-29 10:40:04.352242,0a60000e815c4ad8ba361e6e656d8685,https://youtu.be/f5hg8UDxVQc?si=6_eczXw0GDfH8bhr,f5hg8UDxVQc,Yo Mutu Timrai Ho - Muna Thapa Magar & Bimal Dangi | Nepali Song,done,2026-05-29 10:36:44.632702,2026-05-29 10:40:04.361238
063def9e26d645e68027fa9b9c30ad53,135.2,141.52,6.32,46,0,1,2026-05-29 10:40:04.352242,0a60000e815c4ad8ba361e6e656d8685,https://youtu.be/f5hg8UDxVQc?si=6_eczXw0GDfH8bhr,f5hg8UDxVQc,Yo Mutu Timrai Ho - Muna Thapa Magar & Bimal Dangi | Nepali Song,done,2026-05-29 10:36:44.632702,2026-05-29 10:40:04.361238
dbf3a08638494bfdabb2355d4249329d,142.92,145.92,3.0,48,0,1,2026-05-29 10:40:04.352242,0a60000e815c4ad8ba361e6e656d8685,https://youtu.be/f5hg8UDxVQc?si=6_eczXw0GDfH8bhr,f5hg8UDxVQc,Yo Mutu Timrai Ho - Muna Thapa Magar & Bimal Dangi | Nepali Song,done,2026-05-29 10:36:44.632702,2026-05-29 10:40:04.361238
d3d3b54efe9c475da8f5bf5fd351421c,147.4,156.24,8.84,50,0,1,2026-05-29 10:40:04.352242,0a60000e815c4ad8ba361e6e656d8685,https://youtu.be/f5hg8UDxVQc?si=6_eczXw0GDfH8bhr,f5hg8UDxVQc,Yo Mutu Timrai Ho - Muna Thapa Magar & Bimal Dangi | Nepali Song,done,2026-05-29 10:36:44.632702,2026-05-29 10:40:04.361238
44bd7febaeca496eaa051a2487a28fc3,158.0,167.44,9.44,52,0,1,2026-05-29 10:40:04.352242,0a60000e815c4ad8ba361e6e656d8685,https://youtu.be/f5hg8UDxVQc?si=6_eczXw0GDfH8bhr,f5hg8UDxVQc,Yo Mutu Timrai Ho - Muna Thapa Magar & Bimal Dangi | Nepali Song,done,2026-05-29 10:36:44.632702,2026-05-29 10:40:04.361238
a2e744aeab0a4e44b45ee8c907ad2488,169.04,172.12,3.08,54,0,1,2026-05-29 10:40:04.352242,0a60000e815c4ad8ba361e6e656d8685,https://youtu.be/f5hg8UDxVQc?si=6_eczXw0GDfH8bhr,f5hg8UDxVQc,Yo Mutu Timrai Ho - Muna Thapa Magar & Bimal Dangi | Nepali Song,done,2026-05-29 10:36:44.632702,2026-05-29 10:40:04.361238
80bff1b88f8543068aa78eb8c6632f4d,175.04,181.04,6.0,56,0,1,2026-05-29 10:40:04.352242,0a60000e815c4ad8ba361e6e656d8685,https://youtu.be/f5hg8UDxVQc?si=6_eczXw0GDfH8bhr,f5hg8UDxVQc,Yo Mutu Timrai Ho - Muna Thapa Magar & Bimal Dangi | Nepali Song,done,2026-05-29 10:36:44.632702,2026-05-29 10:40:04.361238
6409170f13dd4d828b13384649854c1f,181.04,187.72,6.68,57,0,1,2026-05-29 10:40:04.352242,0a60000e815c4ad8ba361e6e656d8685,https://youtu.be/f5hg8UDxVQc?si=6_eczXw0GDfH8bhr,f5hg8UDxVQc,Yo Mutu Timrai Ho - Muna Thapa Magar & Bimal Dangi | Nepali Song,done,2026-05-29 10:36:44.632702,2026-05-29 10:40:04.361238
3a4abb0849f54a9d963ff471afdf5548,187.72,193.24,5.52,58,0,1,2026-05-29 10:40:04.352242,0a60000e815c4ad8ba361e6e656d8685,https://youtu.be/f5hg8UDxVQc?si=6_eczXw0GDfH8bhr,f5hg8UDxVQc,Yo Mutu Timrai Ho - Muna Thapa Magar & Bimal Dangi | Nepali Song,done,2026-05-29 10:36:44.632702,2026-05-29 10:40:04.361238
c399144a9acb46b39fd68eb694841c15,193.24,199.68,6.44,59,0,1,2026-05-29 10:40:04.352242,0a60000e815c4ad8ba361e6e656d8685,https://youtu.be/f5hg8UDxVQc?si=6_eczXw0GDfH8bhr,f5hg8UDxVQc,Yo Mutu Timrai Ho - Muna Thapa Magar & Bimal Dangi | Nepali Song,done,2026-05-29 10:36:44.632702,2026-05-29 10:40:04.361238
0b1976ce0afe46248f3cd5a7d2a6ec31,199.68,207.8,8.12,60,0,1,2026-05-29 10:40:04.352806,0a60000e815c4ad8ba361e6e656d8685,https://youtu.be/f5hg8UDxVQc?si=6_eczXw0GDfH8bhr,f5hg8UDxVQc,Yo Mutu Timrai Ho - Muna Thapa Magar & Bimal Dangi | Nepali Song,done,2026-05-29 10:36:44.632702,2026-05-29 10:40:04.361238
4717edb276764fce9c53acac380ffa0c,213.56,216.6,3.04,63,0,1,2026-05-29 10:40:04.352806,0a60000e815c4ad8ba361e6e656d8685,https://youtu.be/f5hg8UDxVQc?si=6_eczXw0GDfH8bhr,f5hg8UDxVQc,Yo Mutu Timrai Ho - Muna Thapa Magar & Bimal Dangi | Nepali Song,done,2026-05-29 10:36:44.632702,2026-05-29 10:40:04.361238
f09a940ebd9b43ff9ef455da69ec2de6,216.6,221.16,4.56,64,0,1,2026-05-29 10:40:04.352806,0a60000e815c4ad8ba361e6e656d8685,https://youtu.be/f5hg8UDxVQc?si=6_eczXw0GDfH8bhr,f5hg8UDxVQc,Yo Mutu Timrai Ho - Muna Thapa Magar & Bimal Dangi | Nepali Song,done,2026-05-29 10:36:44.632702,2026-05-29 10:40:04.361238
6553827bc0764128ab8c70131bad7e6c,221.16,227.36,6.2,65,0,1,2026-05-29 10:40:04.352874,0a60000e815c4ad8ba361e6e656d8685,https://youtu.be/f5hg8UDxVQc?si=6_eczXw0GDfH8bhr,f5hg8UDxVQc,Yo Mutu Timrai Ho - Muna Thapa Magar & Bimal Dangi | Nepali Song,done,2026-05-29 10:36:44.632702,2026-05-29 10:40:04.361238
7ab5b8db0c6f46d5b5336350cf51bb5d,228.64,233.48,4.84,67,0,1,2026-05-29 10:40:04.352874,0a60000e815c4ad8ba361e6e656d8685,https://youtu.be/f5hg8UDxVQc?si=6_eczXw0GDfH8bhr,f5hg8UDxVQc,Yo Mutu Timrai Ho - Muna Thapa Magar & Bimal Dangi | Nepali Song,done,2026-05-29 10:36:44.632702,2026-05-29 10:40:04.361238
dae1b40b5827493e8473a17a20f7d209,235.04,244.12,9.08,69,0,1,2026-05-29 10:40:04.352874,0a60000e815c4ad8ba361e6e656d8685,https://youtu.be/f5hg8UDxVQc?si=6_eczXw0GDfH8bhr,f5hg8UDxVQc,Yo Mutu Timrai Ho - Muna Thapa Magar & Bimal Dangi | Nepali Song,done,2026-05-29 10:36:44.632702,2026-05-29 10:40:04.361238
3320aa1d7e0349c69c56a9c2451a7d04,245.64,248.84,3.2,71,0,1,2026-05-29 10:40:04.352874,0a60000e815c4ad8ba361e6e656d8685,https://youtu.be/f5hg8UDxVQc?si=6_eczXw0GDfH8bhr,f5hg8UDxVQc,Yo Mutu Timrai Ho - Muna Thapa Magar & Bimal Dangi | Nepali Song,done,2026-05-29 10:36:44.632702,2026-05-29 10:40:04.361238
2bc9138e4f5d412582ac9a044764ef5d,248.84,253.56,4.72,72,0,1,2026-05-29 10:40:04.352874,0a60000e815c4ad8ba361e6e656d8685,https://youtu.be/f5hg8UDxVQc?si=6_eczXw0GDfH8bhr,f5hg8UDxVQc,Yo Mutu Timrai Ho - Muna Thapa Magar & Bimal Dangi | Nepali Song,done,2026-05-29 10:36:44.632702,2026-05-29 10:40:04.361238
fd297945d23344718e689cc9f3fa37cf,258.2,266.72,8.52,75,0,1,2026-05-29 10:40:04.352874,0a60000e815c4ad8ba361e6e656d8685,https://youtu.be/f5hg8UDxVQc?si=6_eczXw0GDfH8bhr,f5hg8UDxVQc,Yo Mutu Timrai Ho - Muna Thapa Magar & Bimal Dangi | Nepali Song,done,2026-05-29 10:36:44.632702,2026-05-29 10:40:04.361238
c0bda7fac9f741a6a7187d797b6b0268,268.8,271.8,3.0,77,0,1,2026-05-29 10:40:04.352874,0a60000e815c4ad8ba361e6e656d8685,https://youtu.be/f5hg8UDxVQc?si=6_eczXw0GDfH8bhr,f5hg8UDxVQc,Yo Mutu Timrai Ho - Muna Thapa Magar & Bimal Dangi | Nepali Song,done,2026-05-29 10:36:44.632702,2026-05-29 10:40:04.361238
b4e5577a47204474963d1c22ec1445b4,271.8,274.92,3.12,78,0,1,2026-05-29 10:40:04.352874,0a60000e815c4ad8ba361e6e656d8685,https://youtu.be/f5hg8UDxVQc?si=6_eczXw0GDfH8bhr,f5hg8UDxVQc,Yo Mutu Timrai Ho - Muna Thapa Magar & Bimal Dangi | Nepali Song,done,2026-05-29 10:36:44.632702,2026-05-29 10:40:04.361238
888e8e688f9645428369b0c2a33a6ae5,279.56,287.24,7.68,83,0,1,2026-05-29 10:40:04.352874,0a60000e815c4ad8ba361e6e656d8685,https://youtu.be/f5hg8UDxVQc?si=6_eczXw0GDfH8bhr,f5hg8UDxVQc,Yo Mutu Timrai Ho - Muna Thapa Magar & Bimal Dangi | Nepali Song,done,2026-05-29 10:36:44.632702,2026-05-29 10:40:04.361238
9c89a3298c574081bbaefabb09e9fa7c,288.8,291.84,3.04,85,0,1,2026-05-29 10:40:04.352874,0a60000e815c4ad8ba361e6e656d8685,https://youtu.be/f5hg8UDxVQc?si=6_eczXw0GDfH8bhr,f5hg8UDxVQc,Yo Mutu Timrai Ho - Muna Thapa Magar & Bimal Dangi | Nepali Song,done,2026-05-29 10:36:44.632702,2026-05-29 10:40:04.361238
dad0a4bc34ad424eaced8e6d0d7ae312,293.36,302.64,9.28,87,0,1,2026-05-29 10:40:04.352874,0a60000e815c4ad8ba361e6e656d8685,https://youtu.be/f5hg8UDxVQc?si=6_eczXw0GDfH8bhr,f5hg8UDxVQc,Yo Mutu Timrai Ho - Muna Thapa Magar & Bimal Dangi | Nepali Song,done,2026-05-29 10:36:44.632702,2026-05-29 10:40:04.361238
e9e6fc5cfe894a0e892c5b6ad4b39bc4,304.12,310.28,6.16,89,0,1,2026-05-29 10:40:04.352874,0a60000e815c4ad8ba361e6e656d8685,https://youtu.be/f5hg8UDxVQc?si=6_eczXw0GDfH8bhr,f5hg8UDxVQc,Yo Mutu Timrai Ho - Muna Thapa Magar & Bimal Dangi | Nepali Song,done,2026-05-29 10:36:44.632702,2026-05-29 10:40:04.361238
7725ceda19d94b699c27cbc7522e48a5,316.4,322.36,5.96,93,0,1,2026-05-29 10:40:04.352874,0a60000e815c4ad8ba361e6e656d8685,https://youtu.be/f5hg8UDxVQc?si=6_eczXw0GDfH8bhr,f5hg8UDxVQc,Yo Mutu Timrai Ho - Muna Thapa Magar & Bimal Dangi | Nepali Song,done,2026-05-29 10:36:44.632702,2026-05-29 10:40:04.361238
19fb7e72ea754f33a34a3d3c64cc7ede,322.36,326.0,3.64,94,0,1,2026-05-29 10:40:04.352874,0a60000e815c4ad8ba361e6e656d8685,https://youtu.be/f5hg8UDxVQc?si=6_eczXw0GDfH8bhr,f5hg8UDxVQc,Yo Mutu Timrai Ho - Muna Thapa Magar & Bimal Dangi | Nepali Song,done,2026-05-29 10:36:44.632702,2026-05-29 10:40:04.361238
cafaa5653c354086aa6c1a5f1c787f72,336.44,340.04,3.6,100,0,1,2026-05-29 10:40:04.352874,0a60000e815c4ad8ba361e6e656d8685,https://youtu.be/f5hg8UDxVQc?si=6_eczXw0GDfH8bhr,f5hg8UDxVQc,Yo Mutu Timrai Ho - Muna Thapa Magar & Bimal Dangi | Nepali Song,done,2026-05-29 10:36:44.632702,2026-05-29 10:40:04.361238
b551c52aa1414eaebd3dd8f49790e0ba,340.04,347.16,7.12,101,0,1,2026-05-29 10:40:04.352874,0a60000e815c4ad8ba361e6e656d8685,https://youtu.be/f5hg8UDxVQc?si=6_eczXw0GDfH8bhr,f5hg8UDxVQc,Yo Mutu Timrai Ho - Muna Thapa Magar & Bimal Dangi | Nepali Song,done,2026-05-29 10:36:44.632702,2026-05-29 10:40:04.361238
78357b3c0f4f4b2fbcecf8f166ec613c,348.6,358.6,10.0,103,0,1,2026-05-29 10:40:04.352874,0a60000e815c4ad8ba361e6e656d8685,https://youtu.be/f5hg8UDxVQc?si=6_eczXw0GDfH8bhr,f5hg8UDxVQc,Yo Mutu Timrai Ho - Muna Thapa Magar & Bimal Dangi | Nepali Song,done,2026-05-29 10:36:44.632702,2026-05-29 10:40:04.361238
4dc7a6e76e93466c805188f349c59eff,360.68,364.48,3.8,104,0,1,2026-05-29 10:40:04.352874,0a60000e815c4ad8ba361e6e656d8685,https://youtu.be/f5hg8UDxVQc?si=6_eczXw0GDfH8bhr,f5hg8UDxVQc,Yo Mutu Timrai Ho - Muna Thapa Magar & Bimal Dangi | Nepali Song,done,2026-05-29 10:36:44.632702,2026-05-29 10:40:04.361238
1fd459ce3ddb43f9a5d42ed03fe2ae2f,364.48,371.76,7.28,105,0,1,2026-05-29 10:40:04.352874,0a60000e815c4ad8ba361e6e656d8685,https://youtu.be/f5hg8UDxVQc?si=6_eczXw0GDfH8bhr,f5hg8UDxVQc,Yo Mutu Timrai Ho - Muna Thapa Magar & Bimal Dangi | Nepali Song,done,2026-05-29 10:36:44.632702,2026-05-29 10:40:04.361238
1d1ac23729a447ad96084dea48e95c7e,371.76,374.76,3.0,106,0,1,2026-05-29 10:40:04.352874,0a60000e815c4ad8ba361e6e656d8685,https://youtu.be/f5hg8UDxVQc?si=6_eczXw0GDfH8bhr,f5hg8UDxVQc,Yo Mutu Timrai Ho - Muna Thapa Magar & Bimal Dangi | Nepali Song,done,2026-05-29 10:36:44.632702,2026-05-29 10:40:04.361238
acd5be9015254c16be418530154930f1,374.76,378.12,3.36,107,0,1,2026-05-29 10:40:04.352874,0a60000e815c4ad8ba361e6e656d8685,https://youtu.be/f5hg8UDxVQc?si=6_eczXw0GDfH8bhr,f5hg8UDxVQc,Yo Mutu Timrai Ho - Muna Thapa Magar & Bimal Dangi | Nepali Song,done,2026-05-29 10:36:44.632702,2026-05-29 10:40:04.361238
d5efeb27e03647eda37de6add35f6817,378.12,388.12,10.0,108,0,1,2026-05-29 10:40:04.352874,0a60000e815c4ad8ba361e6e656d8685,https://youtu.be/f5hg8UDxVQc?si=6_eczXw0GDfH8bhr,f5hg8UDxVQc,Yo Mutu Timrai Ho - Muna Thapa Magar & Bimal Dangi | Nepali Song,done,2026-05-29 10:36:44.632702,2026-05-29 10:40:04.361238
0359653adba247dda663fb867e1aee54,394.76,399.36,4.6,114,0,1,2026-05-29 10:40:04.352874,0a60000e815c4ad8ba361e6e656d8685,https://youtu.be/f5hg8UDxVQc?si=6_eczXw0GDfH8bhr,f5hg8UDxVQc,Yo Mutu Timrai Ho - Muna Thapa Magar & Bimal Dangi | Nepali Song,done,2026-05-29 10:36:44.632702,2026-05-29 10:40:04.361238
06b9889c01364d9aaa268d355404cb01,399.36,402.44,3.08,115,0,1,2026-05-29 10:40:04.352874,0a60000e815c4ad8ba361e6e656d8685,https://youtu.be/f5hg8UDxVQc?si=6_eczXw0GDfH8bhr,f5hg8UDxVQc,Yo Mutu Timrai Ho - Muna Thapa Magar & Bimal Dangi | Nepali Song,done,2026-05-29 10:36:44.632702,2026-05-29 10:40:04.361238
119bbf9fadf647bf8ee068b67f8ae0c0,403.84,406.96,3.12,117,0,1,2026-05-29 10:40:04.352874,0a60000e815c4ad8ba361e6e656d8685,https://youtu.be/f5hg8UDxVQc?si=6_eczXw0GDfH8bhr,f5hg8UDxVQc,Yo Mutu Timrai Ho - Muna Thapa Magar & Bimal Dangi | Nepali Song,done,2026-05-29 10:36:44.632702,2026-05-29 10:40:04.361238
a9bf02d5504848a8a8e0d4c59e1b49ab,406.96,413.24,6.28,118,0,1,2026-05-29 10:40:04.352874,0a60000e815c4ad8ba361e6e656d8685,https://youtu.be/f5hg8UDxVQc?si=6_eczXw0GDfH8bhr,f5hg8UDxVQc,Yo Mutu Timrai Ho - Muna Thapa Magar & Bimal Dangi | Nepali Song,done,2026-05-29 10:36:44.632702,2026-05-29 10:40:04.361238
98fcb0a8e6a7459b9b92f6c437ca805b,422.52,425.56,3.04,124,0,1,2026-05-29 10:40:04.352874,0a60000e815c4ad8ba361e6e656d8685,https://youtu.be/f5hg8UDxVQc?si=6_eczXw0GDfH8bhr,f5hg8UDxVQc,Yo Mutu Timrai Ho - Muna Thapa Magar & Bimal Dangi | Nepali Song,done,2026-05-29 10:36:44.632702,2026-05-29 10:40:04.361238
4cb21e467a4a45c98c18aefe8ad491a5,426.96,431.68,4.72,126,0,1,2026-05-29 10:40:04.352874,0a60000e815c4ad8ba361e6e656d8685,https://youtu.be/f5hg8UDxVQc?si=6_eczXw0GDfH8bhr,f5hg8UDxVQc,Yo Mutu Timrai Ho - Muna Thapa Magar & Bimal Dangi | Nepali Song,done,2026-05-29 10:36:44.632702,2026-05-29 10:40:04.361238
2c62d95e6bc24c57a2f5d8a044e88f1c,433.12,436.16,3.04,128,0,1,2026-05-29 10:40:04.352874,0a60000e815c4ad8ba361e6e656d8685,https://youtu.be/f5hg8UDxVQc?si=6_eczXw0GDfH8bhr,f5hg8UDxVQc,Yo Mutu Timrai Ho - Muna Thapa Magar & Bimal Dangi | Nepali Song,done,2026-05-29 10:36:44.632702,2026-05-29 10:40:04.361238
3c39fd871bf146e3822e75667c8337b3,437.76,447.04,9.28,130,0,1,2026-05-29 10:40:04.352874,0a60000e815c4ad8ba361e6e656d8685,https://youtu.be/f5hg8UDxVQc?si=6_eczXw0GDfH8bhr,f5hg8UDxVQc,Yo Mutu Timrai Ho - Muna Thapa Magar & Bimal Dangi | Nepali Song,done,2026-05-29 10:36:44.632702,2026-05-29 10:40:04.361238
503d585b926040be8434f102c9096754,448.52,458.52,10.0,133,0,1,2026-05-29 10:40:04.352874,0a60000e815c4ad8ba361e6e656d8685,https://youtu.be/f5hg8UDxVQc?si=6_eczXw0GDfH8bhr,f5hg8UDxVQc,Yo Mutu Timrai Ho - Muna Thapa Magar & Bimal Dangi | Nepali Song,done,2026-05-29 10:36:44.632702,2026-05-29 10:40:04.361238
23899db46e9c48039f2c9ede9e19b8ab,462.32,471.24,8.92,135,0,1,2026-05-29 10:40:04.352874,0a60000e815c4ad8ba361e6e656d8685,https://youtu.be/f5hg8UDxVQc?si=6_eczXw0GDfH8bhr,f5hg8UDxVQc,Yo Mutu Timrai Ho - Muna Thapa Magar & Bimal Dangi | Nepali Song,done,2026-05-29 10:36:44.632702,2026-05-29 10:40:04.361238
958efcde292048139c48c6fdd3c8dcd9,473.12,480.48,7.36,137,0,1,2026-05-29 10:40:04.352874,0a60000e815c4ad8ba361e6e656d8685,https://youtu.be/f5hg8UDxVQc?si=6_eczXw0GDfH8bhr,f5hg8UDxVQc,Yo Mutu Timrai Ho - Muna Thapa Magar & Bimal Dangi | Nepali Song,done,2026-05-29 10:36:44.632702,2026-05-29 10:40:04.361238
025d8dafd0044e0fb7503e62e25f0038,480.48,484.28,3.8,138,0,1,2026-05-29 10:40:04.352874,0a60000e815c4ad8ba361e6e656d8685,https://youtu.be/f5hg8UDxVQc?si=6_eczXw0GDfH8bhr,f5hg8UDxVQc,Yo Mutu Timrai Ho - Muna Thapa Magar & Bimal Dangi | Nepali Song,done,2026-05-29 10:36:44.632702,2026-05-29 10:40:04.361238
e44eb1e9750b4f67ba1b4d84e4f88a5b,485.36,488.44,3.08,140,0,1,2026-05-29 10:40:04.353396,0a60000e815c4ad8ba361e6e656d8685,https://youtu.be/f5hg8UDxVQc?si=6_eczXw0GDfH8bhr,f5hg8UDxVQc,Yo Mutu Timrai Ho - Muna Thapa Magar & Bimal Dangi | Nepali Song,done,2026-05-29 10:36:44.632702,2026-05-29 10:40:04.361238
4977b422ae774a8f9a7106e01205faaf,488.44,491.44,3.0,141,0,1,2026-05-29 10:40:04.353396,0a60000e815c4ad8ba361e6e656d8685,https://youtu.be/f5hg8UDxVQc?si=6_eczXw0GDfH8bhr,f5hg8UDxVQc,Yo Mutu Timrai Ho - Muna Thapa Magar & Bimal Dangi | Nepali Song,done,2026-05-29 10:36:44.632702,2026-05-29 10:40:04.361238
b90faed6552f41b18e62ec4097dd3ca1,491.44,494.64,3.2,142,0,1,2026-05-29 10:40:04.353396,0a60000e815c4ad8ba361e6e656d8685,https://youtu.be/f5hg8UDxVQc?si=6_eczXw0GDfH8bhr,f5hg8UDxVQc,Yo Mutu Timrai Ho - Muna Thapa Magar & Bimal Dangi | Nepali Song,done,2026-05-29 10:36:44.632702,2026-05-29 10:40:04.361238
b8019613cf074528801f9cb67d080b03,496.16,499.24,3.08,144,0,1,2026-05-29 10:40:04.353396,0a60000e815c4ad8ba361e6e656d8685,https://youtu.be/f5hg8UDxVQc?si=6_eczXw0GDfH8bhr,f5hg8UDxVQc,Yo Mutu Timrai Ho - Muna Thapa Magar & Bimal Dangi | Nepali Song,done,2026-05-29 10:36:44.632702,2026-05-29 10:40:04.361238
cf86d8087f224e949ad357a478e1b267,499.24,502.24,3.0,145,0,1,2026-05-29 10:40:04.353396,0a60000e815c4ad8ba361e6e656d8685,https://youtu.be/f5hg8UDxVQc?si=6_eczXw0GDfH8bhr,f5hg8UDxVQc,Yo Mutu Timrai Ho - Muna Thapa Magar & Bimal Dangi | Nepali Song,done,2026-05-29 10:36:44.632702,2026-05-29 10:40:04.361238
92267405ac274f5aa71cd5ae5fdf6b8a,506.76,509.8,3.04,148,0,1,2026-05-29 10:40:04.353464,0a60000e815c4ad8ba361e6e656d8685,https://youtu.be/f5hg8UDxVQc?si=6_eczXw0GDfH8bhr,f5hg8UDxVQc,Yo Mutu Timrai Ho - Muna Thapa Magar & Bimal Dangi | Nepali Song,done,2026-05-29 10:36:44.632702,2026-05-29 10:40:04.361238
43dd3037aa88450082564102695f01be,509.8,512.96,3.16,149,0,1,2026-05-29 10:40:04.353464,0a60000e815c4ad8ba361e6e656d8685,https://youtu.be/f5hg8UDxVQc?si=6_eczXw0GDfH8bhr,f5hg8UDxVQc,Yo Mutu Timrai Ho - Muna Thapa Magar & Bimal Dangi | Nepali Song,done,2026-05-29 10:36:44.632702,2026-05-29 10:40:04.361238
7862ef1cdbf140369aefe84879f5eb39,512.96,516.6,3.64,150,0,1,2026-05-29 10:40:04.353464,0a60000e815c4ad8ba361e6e656d8685,https://youtu.be/f5hg8UDxVQc?si=6_eczXw0GDfH8bhr,f5hg8UDxVQc,Yo Mutu Timrai Ho - Muna Thapa Magar & Bimal Dangi | Nepali Song,done,2026-05-29 10:36:44.632702,2026-05-29 10:40:04.361238
2b77bcc288af4cab9fac7ed60b8d3e95,520.76,527.24,6.48,154,0,1,2026-05-29 10:40:04.353529,0a60000e815c4ad8ba361e6e656d8685,https://youtu.be/f5hg8UDxVQc?si=6_eczXw0GDfH8bhr,f5hg8UDxVQc,Yo Mutu Timrai Ho - Muna Thapa Magar & Bimal Dangi | Nepali Song,done,2026-05-29 10:36:44.632702,2026-05-29 10:40:04.361238
a613dd63f42d4b409a775996d2c4b063,527.24,537.24,10.0,155,0,1,2026-05-29 10:40:04.353529,0a60000e815c4ad8ba361e6e656d8685,https://youtu.be/f5hg8UDxVQc?si=6_eczXw0GDfH8bhr,f5hg8UDxVQc,Yo Mutu Timrai Ho - Muna Thapa Magar & Bimal Dangi | Nepali Song,done,2026-05-29 10:36:44.632702,2026-05-29 10:40:04.361238
b10ded327ffd439a8a37a93dc237d70c,0.0,3.48,3.48,0,0,1,2026-05-29 10:43:05.752442,7f6e1ac7a7c94dd99d0d665b92b3ac31,https://youtu.be/jWsCos4vJ2Q?si=XtA1tDq3TZyBYLyA,jWsCos4vJ2Q,Yo Sansar Ko Rit - Ramji Khand and Muna Thapa Magar | Dhiren Shakya & Samjhana Budhathoki,done,2026-05-29 10:42:20.507009,2026-05-29 10:43:05.765770
f85f34fda9fc4a9abbe3b65a96f9e533,3.48,6.56,3.08,1,0,1,2026-05-29 10:43:05.752442,7f6e1ac7a7c94dd99d0d665b92b3ac31,https://youtu.be/jWsCos4vJ2Q?si=XtA1tDq3TZyBYLyA,jWsCos4vJ2Q,Yo Sansar Ko Rit - Ramji Khand and Muna Thapa Magar | Dhiren Shakya & Samjhana Budhathoki,done,2026-05-29 10:42:20.507009,2026-05-29 10:43:05.765770
c5bb72a5d5f34cce8b73a5e746c16799,12.56,15.56,3.0,5,0,1,2026-05-29 10:43:05.752442,7f6e1ac7a7c94dd99d0d665b92b3ac31,https://youtu.be/jWsCos4vJ2Q?si=XtA1tDq3TZyBYLyA,jWsCos4vJ2Q,Yo Sansar Ko Rit - Ramji Khand and Muna Thapa Magar | Dhiren Shakya & Samjhana Budhathoki,done,2026-05-29 10:42:20.507009,2026-05-29 10:43:05.765770
1c7400b34f434ba88cd59284491cba91,18.16,24.6,6.44,8,0,1,2026-05-29 10:43:05.752442,7f6e1ac7a7c94dd99d0d665b92b3ac31,https://youtu.be/jWsCos4vJ2Q?si=XtA1tDq3TZyBYLyA,jWsCos4vJ2Q,Yo Sansar Ko Rit - Ramji Khand and Muna Thapa Magar | Dhiren Shakya & Samjhana Budhathoki,done,2026-05-29 10:42:20.507009,2026-05-29 10:43:05.765770
4a8640b76692426790b21a898269018f,27.6,30.6,3.0,11,0,1,2026-05-29 10:43:05.752442,7f6e1ac7a7c94dd99d0d665b92b3ac31,https://youtu.be/jWsCos4vJ2Q?si=XtA1tDq3TZyBYLyA,jWsCos4vJ2Q,Yo Sansar Ko Rit - Ramji Khand and Muna Thapa Magar | Dhiren Shakya & Samjhana Budhathoki,done,2026-05-29 10:42:20.507009,2026-05-29 10:43:05.765770
419488caf957487cbf18e7035f17f64b,33.64,38.12,4.48,14,0,1,2026-05-29 10:43:05.752442,7f6e1ac7a7c94dd99d0d665b92b3ac31,https://youtu.be/jWsCos4vJ2Q?si=XtA1tDq3TZyBYLyA,jWsCos4vJ2Q,Yo Sansar Ko Rit - Ramji Khand and Muna Thapa Magar | Dhiren Shakya & Samjhana Budhathoki,done,2026-05-29 10:42:20.507009,2026-05-29 10:43:05.765770
8559dde711544659b7c3015d0279a0d4,39.64,48.64,9.0,16,0,1,2026-05-29 10:43:05.752442,7f6e1ac7a7c94dd99d0d665b92b3ac31,https://youtu.be/jWsCos4vJ2Q?si=XtA1tDq3TZyBYLyA,jWsCos4vJ2Q,Yo Sansar Ko Rit - Ramji Khand and Muna Thapa Magar | Dhiren Shakya & Samjhana Budhathoki,done,2026-05-29 10:42:20.507009,2026-05-29 10:43:05.765770
10cb4954c4304d0093a3d097ab692f41,50.16,53.2,3.04,18,0,1,2026-05-29 10:43:05.752442,7f6e1ac7a7c94dd99d0d665b92b3ac31,https://youtu.be/jWsCos4vJ2Q?si=XtA1tDq3TZyBYLyA,jWsCos4vJ2Q,Yo Sansar Ko Rit - Ramji Khand and Muna Thapa Magar | Dhiren Shakya & Samjhana Budhathoki,done,2026-05-29 10:42:20.507009,2026-05-29 10:43:05.765770
1630a6b50591492990060ff92527d001,57.68,62.2,4.52,22,0,1,2026-05-29 10:43:05.752442,7f6e1ac7a7c94dd99d0d665b92b3ac31,https://youtu.be/jWsCos4vJ2Q?si=XtA1tDq3TZyBYLyA,jWsCos4vJ2Q,Yo Sansar Ko Rit - Ramji Khand and Muna Thapa Magar | Dhiren Shakya & Samjhana Budhathoki,done,2026-05-29 10:42:20.507009,2026-05-29 10:43:05.765770
01f8333187f14763bc625baae059706d,80.08,83.24,3.16,35,0,1,2026-05-29 10:43:05.752442,7f6e1ac7a7c94dd99d0d665b92b3ac31,https://youtu.be/jWsCos4vJ2Q?si=XtA1tDq3TZyBYLyA,jWsCos4vJ2Q,Yo Sansar Ko Rit - Ramji Khand and Muna Thapa Magar | Dhiren Shakya & Samjhana Budhathoki,done,2026-05-29 10:42:20.507009,2026-05-29 10:43:05.765770
9cc181afb6704daca7acef74d5edd6c3,86.28,90.8,4.52,38,0,1,2026-05-29 10:43:05.752442,7f6e1ac7a7c94dd99d0d665b92b3ac31,https://youtu.be/jWsCos4vJ2Q?si=XtA1tDq3TZyBYLyA,jWsCos4vJ2Q,Yo Sansar Ko Rit - Ramji Khand and Muna Thapa Magar | Dhiren Shakya & Samjhana Budhathoki,done,2026-05-29 10:42:20.507009,2026-05-29 10:43:05.765770
cceb326f81e94ae6b01619ca62173bf1,93.76,99.08,5.32,40,0,1,2026-05-29 10:43:05.752442,7f6e1ac7a7c94dd99d0d665b92b3ac31,https://youtu.be/jWsCos4vJ2Q?si=XtA1tDq3TZyBYLyA,jWsCos4vJ2Q,Yo Sansar Ko Rit - Ramji Khand and Muna Thapa Magar | Dhiren Shakya & Samjhana Budhathoki,done,2026-05-29 10:42:20.507009,2026-05-29 10:43:05.765770
f1ea6c742ac34e42bfb253cc4444e878,99.08,105.84,6.76,41,0,1,2026-05-29 10:43:05.752442,7f6e1ac7a7c94dd99d0d665b92b3ac31,https://youtu.be/jWsCos4vJ2Q?si=XtA1tDq3TZyBYLyA,jWsCos4vJ2Q,Yo Sansar Ko Rit - Ramji Khand and Muna Thapa Magar | Dhiren Shakya & Samjhana Budhathoki,done,2026-05-29 10:42:20.507009,2026-05-29 10:43:05.765770
edf26953e12344a3973ddb72cb388f29,108.88,117.76,8.88,44,0,1,2026-05-29 10:43:05.752442,7f6e1ac7a7c94dd99d0d665b92b3ac31,https://youtu.be/jWsCos4vJ2Q?si=XtA1tDq3TZyBYLyA,jWsCos4vJ2Q,Yo Sansar Ko Rit - Ramji Khand and Muna Thapa Magar | Dhiren Shakya & Samjhana Budhathoki,done,2026-05-29 10:42:20.507009,2026-05-29 10:43:05.765770
eb6369b0658e4481b1b69feb1fbd0fc1,117.76,123.8,6.04,45,0,1,2026-05-29 10:43:05.752442,7f6e1ac7a7c94dd99d0d665b92b3ac31,https://youtu.be/jWsCos4vJ2Q?si=XtA1tDq3TZyBYLyA,jWsCos4vJ2Q,Yo Sansar Ko Rit - Ramji Khand and Muna Thapa Magar | Dhiren Shakya & Samjhana Budhathoki,done,2026-05-29 10:42:20.507009,2026-05-29 10:43:05.765770
ba59670a9ee647cabda634a2fad6a1c1,123.8,126.88,3.08,46,0,1,2026-05-29 10:43:05.752442,7f6e1ac7a7c94dd99d0d665b92b3ac31,https://youtu.be/jWsCos4vJ2Q?si=XtA1tDq3TZyBYLyA,jWsCos4vJ2Q,Yo Sansar Ko Rit - Ramji Khand and Muna Thapa Magar | Dhiren Shakya & Samjhana Budhathoki,done,2026-05-29 10:42:20.507009,2026-05-29 10:43:05.765770
1cebb775ff3b427f850a0bac204ba447,126.88,136.88,10.0,47,0,1,2026-05-29 10:43:05.752442,7f6e1ac7a7c94dd99d0d665b92b3ac31,https://youtu.be/jWsCos4vJ2Q?si=XtA1tDq3TZyBYLyA,jWsCos4vJ2Q,Yo Sansar Ko Rit - Ramji Khand and Muna Thapa Magar | Dhiren Shakya & Samjhana Budhathoki,done,2026-05-29 10:42:20.507009,2026-05-29 10:43:05.765770
aa5e8383eea44588b8732b04384f39fc,137.44,143.48,6.04,48,0,1,2026-05-29 10:43:05.752442,7f6e1ac7a7c94dd99d0d665b92b3ac31,https://youtu.be/jWsCos4vJ2Q?si=XtA1tDq3TZyBYLyA,jWsCos4vJ2Q,Yo Sansar Ko Rit - Ramji Khand and Muna Thapa Magar | Dhiren Shakya & Samjhana Budhathoki,done,2026-05-29 10:42:20.507009,2026-05-29 10:43:05.765770
5b97efadfa204ca99749a920769fcede,149.32,152.48,3.16,52,0,1,2026-05-29 10:43:05.752442,7f6e1ac7a7c94dd99d0d665b92b3ac31,https://youtu.be/jWsCos4vJ2Q?si=XtA1tDq3TZyBYLyA,jWsCos4vJ2Q,Yo Sansar Ko Rit - Ramji Khand and Muna Thapa Magar | Dhiren Shakya & Samjhana Budhathoki,done,2026-05-29 10:42:20.507009,2026-05-29 10:43:05.765770
adc022ffdf734d219ac1808be489fceb,155.52,159.96,4.44,55,0,1,2026-05-29 10:43:05.752977,7f6e1ac7a7c94dd99d0d665b92b3ac31,https://youtu.be/jWsCos4vJ2Q?si=XtA1tDq3TZyBYLyA,jWsCos4vJ2Q,Yo Sansar Ko Rit - Ramji Khand and Muna Thapa Magar | Dhiren Shakya & Samjhana Budhathoki,done,2026-05-29 10:42:20.507009,2026-05-29 10:43:05.765770
e9c7b4cbf9dd4ba3ada85c7c9245af5b,159.96,163.0,3.04,56,0,1,2026-05-29 10:43:05.752977,7f6e1ac7a7c94dd99d0d665b92b3ac31,https://youtu.be/jWsCos4vJ2Q?si=XtA1tDq3TZyBYLyA,jWsCos4vJ2Q,Yo Sansar Ko Rit - Ramji Khand and Muna Thapa Magar | Dhiren Shakya & Samjhana Budhathoki,done,2026-05-29 10:42:20.507009,2026-05-29 10:43:05.765770
67c094f0c5d74411826ddb36bd615e79,163.0,172.04,9.04,57,0,1,2026-05-29 10:43:05.752977,7f6e1ac7a7c94dd99d0d665b92b3ac31,https://youtu.be/jWsCos4vJ2Q?si=XtA1tDq3TZyBYLyA,jWsCos4vJ2Q,Yo Sansar Ko Rit - Ramji Khand and Muna Thapa Magar | Dhiren Shakya & Samjhana Budhathoki,done,2026-05-29 10:42:20.507009,2026-05-29 10:43:05.765770
86268dc8b506454989d6fe5728f4c551,172.04,178.08,6.04,58,0,1,2026-05-29 10:43:05.752977,7f6e1ac7a7c94dd99d0d665b92b3ac31,https://youtu.be/jWsCos4vJ2Q?si=XtA1tDq3TZyBYLyA,jWsCos4vJ2Q,Yo Sansar Ko Rit - Ramji Khand and Muna Thapa Magar | Dhiren Shakya & Samjhana Budhathoki,done,2026-05-29 10:42:20.507009,2026-05-29 10:43:05.765770
7b60f5aa6efb4e9fb266519377cfe904,178.08,188.08,10.0,59,0,1,2026-05-29 10:43:05.752977,7f6e1ac7a7c94dd99d0d665b92b3ac31,https://youtu.be/jWsCos4vJ2Q?si=XtA1tDq3TZyBYLyA,jWsCos4vJ2Q,Yo Sansar Ko Rit - Ramji Khand and Muna Thapa Magar | Dhiren Shakya & Samjhana Budhathoki,done,2026-05-29 10:42:20.507009,2026-05-29 10:43:05.765770
150f508504694408ba7e81187937d686,199.0,205.16,6.16,60,0,1,2026-05-29 10:43:05.752977,7f6e1ac7a7c94dd99d0d665b92b3ac31,https://youtu.be/jWsCos4vJ2Q?si=XtA1tDq3TZyBYLyA,jWsCos4vJ2Q,Yo Sansar Ko Rit - Ramji Khand and Muna Thapa Magar | Dhiren Shakya & Samjhana Budhathoki,done,2026-05-29 10:42:20.507009,2026-05-29 10:43:05.765770
4d7a79cebbdc4c0196156551c1a1dfe1,205.16,210.84,5.68,61,0,1,2026-05-29 10:43:05.752977,7f6e1ac7a7c94dd99d0d665b92b3ac31,https://youtu.be/jWsCos4vJ2Q?si=XtA1tDq3TZyBYLyA,jWsCos4vJ2Q,Yo Sansar Ko Rit - Ramji Khand and Muna Thapa Magar | Dhiren Shakya & Samjhana Budhathoki,done,2026-05-29 10:42:20.507009,2026-05-29 10:43:05.765770
0102f447b2f34b5687d6759b493695e1,210.84,214.16,3.32,62,0,1,2026-05-29 10:43:05.752977,7f6e1ac7a7c94dd99d0d665b92b3ac31,https://youtu.be/jWsCos4vJ2Q?si=XtA1tDq3TZyBYLyA,jWsCos4vJ2Q,Yo Sansar Ko Rit - Ramji Khand and Muna Thapa Magar | Dhiren Shakya & Samjhana Budhathoki,done,2026-05-29 10:42:20.507009,2026-05-29 10:43:05.765770
52cbb392f98a4778bb7c3aaaaaac6c6d,214.16,217.16,3.0,63,0,1,2026-05-29 10:43:05.752977,7f6e1ac7a7c94dd99d0d665b92b3ac31,https://youtu.be/jWsCos4vJ2Q?si=XtA1tDq3TZyBYLyA,jWsCos4vJ2Q,Yo Sansar Ko Rit - Ramji Khand and Muna Thapa Magar | Dhiren Shakya & Samjhana Budhathoki,done,2026-05-29 10:42:20.507009,2026-05-29 10:43:05.765770
c591e75ea7a04cae91f9800c35acec01,217.16,220.2,3.04,64,0,1,2026-05-29 10:43:05.752977,7f6e1ac7a7c94dd99d0d665b92b3ac31,https://youtu.be/jWsCos4vJ2Q?si=XtA1tDq3TZyBYLyA,jWsCos4vJ2Q,Yo Sansar Ko Rit - Ramji Khand and Muna Thapa Magar | Dhiren Shakya & Samjhana Budhathoki,done,2026-05-29 10:42:20.507009,2026-05-29 10:43:05.765770
6e85e53e03da4eb2bc91542ce84d72e5,220.2,223.2,3.0,65,0,1,2026-05-29 10:43:05.752977,7f6e1ac7a7c94dd99d0d665b92b3ac31,https://youtu.be/jWsCos4vJ2Q?si=XtA1tDq3TZyBYLyA,jWsCos4vJ2Q,Yo Sansar Ko Rit - Ramji Khand and Muna Thapa Magar | Dhiren Shakya & Samjhana Budhathoki,done,2026-05-29 10:42:20.507009,2026-05-29 10:43:05.765770
49f5808c2c2f465793d5c174e5e752c7,223.2,226.24,3.04,66,0,1,2026-05-29 10:43:05.752977,7f6e1ac7a7c94dd99d0d665b92b3ac31,https://youtu.be/jWsCos4vJ2Q?si=XtA1tDq3TZyBYLyA,jWsCos4vJ2Q,Yo Sansar Ko Rit - Ramji Khand and Muna Thapa Magar | Dhiren Shakya & Samjhana Budhathoki,done,2026-05-29 10:42:20.507009,2026-05-29 10:43:05.765770
c647ec6057d247a0a47005ec644f4a00,229.2,232.6,3.4,68,0,1,2026-05-29 10:43:05.752977,7f6e1ac7a7c94dd99d0d665b92b3ac31,https://youtu.be/jWsCos4vJ2Q?si=XtA1tDq3TZyBYLyA,jWsCos4vJ2Q,Yo Sansar Ko Rit - Ramji Khand and Muna Thapa Magar | Dhiren Shakya & Samjhana Budhathoki,done,2026-05-29 10:42:20.507009,2026-05-29 10:43:05.765770
b7bd13a30db841cda45250a906910726,232.6,236.76,4.16,69,0,1,2026-05-29 10:43:05.752977,7f6e1ac7a7c94dd99d0d665b92b3ac31,https://youtu.be/jWsCos4vJ2Q?si=XtA1tDq3TZyBYLyA,jWsCos4vJ2Q,Yo Sansar Ko Rit - Ramji Khand and Muna Thapa Magar | Dhiren Shakya & Samjhana Budhathoki,done,2026-05-29 10:42:20.507009,2026-05-29 10:43:05.765770
65bf91071fa2460b837cd580a8e49e02,242.76,245.8,3.04,73,0,1,2026-05-29 10:43:05.752977,7f6e1ac7a7c94dd99d0d665b92b3ac31,https://youtu.be/jWsCos4vJ2Q?si=XtA1tDq3TZyBYLyA,jWsCos4vJ2Q,Yo Sansar Ko Rit - Ramji Khand and Muna Thapa Magar | Dhiren Shakya & Samjhana Budhathoki,done,2026-05-29 10:42:20.507009,2026-05-29 10:43:05.765770
20c3f22c4fa246439bc530e949669678,251.8,254.84,3.04,78,0,1,2026-05-29 10:43:05.752977,7f6e1ac7a7c94dd99d0d665b92b3ac31,https://youtu.be/jWsCos4vJ2Q?si=XtA1tDq3TZyBYLyA,jWsCos4vJ2Q,Yo Sansar Ko Rit - Ramji Khand and Muna Thapa Magar | Dhiren Shakya & Samjhana Budhathoki,done,2026-05-29 10:42:20.507009,2026-05-29 10:43:05.765770
ba6ab3fdf0dc4c238435e7579dcf8c78,257.8,260.84,3.04,81,0,1,2026-05-29 10:43:05.752977,7f6e1ac7a7c94dd99d0d665b92b3ac31,https://youtu.be/jWsCos4vJ2Q?si=XtA1tDq3TZyBYLyA,jWsCos4vJ2Q,Yo Sansar Ko Rit - Ramji Khand and Muna Thapa Magar | Dhiren Shakya & Samjhana Budhathoki,done,2026-05-29 10:42:20.507009,2026-05-29 10:43:05.765770
c8bf00abd1c1423cbd25690acf8ad4e6,260.84,263.84,3.0,82,0,1,2026-05-29 10:43:05.752977,7f6e1ac7a7c94dd99d0d665b92b3ac31,https://youtu.be/jWsCos4vJ2Q?si=XtA1tDq3TZyBYLyA,jWsCos4vJ2Q,Yo Sansar Ko Rit - Ramji Khand and Muna Thapa Magar | Dhiren Shakya & Samjhana Budhathoki,done,2026-05-29 10:42:20.507009,2026-05-29 10:43:05.765770
5bbf109544834d81898be446951dec7f,263.84,266.84,3.0,83,0,1,2026-05-29 10:43:05.752977,7f6e1ac7a7c94dd99d0d665b92b3ac31,https://youtu.be/jWsCos4vJ2Q?si=XtA1tDq3TZyBYLyA,jWsCos4vJ2Q,Yo Sansar Ko Rit - Ramji Khand and Muna Thapa Magar | Dhiren Shakya & Samjhana Budhathoki,done,2026-05-29 10:42:20.507009,2026-05-29 10:43:05.765770
5ff2aae64ec84380bfd0b7c3e7adf16b,266.84,269.88,3.04,84,0,1,2026-05-29 10:43:05.752977,7f6e1ac7a7c94dd99d0d665b92b3ac31,https://youtu.be/jWsCos4vJ2Q?si=XtA1tDq3TZyBYLyA,jWsCos4vJ2Q,Yo Sansar Ko Rit - Ramji Khand and Muna Thapa Magar | Dhiren Shakya & Samjhana Budhathoki,done,2026-05-29 10:42:20.507009,2026-05-29 10:43:05.765770
d968d57344394d50890b9289e2f8eec3,274.36,277.4,3.04,88,0,1,2026-05-29 10:43:05.752977,7f6e1ac7a7c94dd99d0d665b92b3ac31,https://youtu.be/jWsCos4vJ2Q?si=XtA1tDq3TZyBYLyA,jWsCos4vJ2Q,Yo Sansar Ko Rit - Ramji Khand and Muna Thapa Magar | Dhiren Shakya & Samjhana Budhathoki,done,2026-05-29 10:42:20.507009,2026-05-29 10:43:05.765770
3824b39adb2b4be1910f762a4a61b5e3,281.88,285.76,3.88,92,0,1,2026-05-29 10:43:05.752977,7f6e1ac7a7c94dd99d0d665b92b3ac31,https://youtu.be/jWsCos4vJ2Q?si=XtA1tDq3TZyBYLyA,jWsCos4vJ2Q,Yo Sansar Ko Rit - Ramji Khand and Muna Thapa Magar | Dhiren Shakya & Samjhana Budhathoki,done,2026-05-29 10:42:20.507009,2026-05-29 10:43:05.765770
f82b0ce46a0d4ea08b773310407814a8,286.36,290.56,4.2,94,0,1,2026-05-29 10:43:05.752977,7f6e1ac7a7c94dd99d0d665b92b3ac31,https://youtu.be/jWsCos4vJ2Q?si=XtA1tDq3TZyBYLyA,jWsCos4vJ2Q,Yo Sansar Ko Rit - Ramji Khand and Muna Thapa Magar | Dhiren Shakya & Samjhana Budhathoki,done,2026-05-29 10:42:20.507009,2026-05-29 10:43:05.765770
e6d2d74949e04e4ab5d7c5954b98c731,292.44,295.44,3.0,96,0,1,2026-05-29 10:43:05.752977,7f6e1ac7a7c94dd99d0d665b92b3ac31,https://youtu.be/jWsCos4vJ2Q?si=XtA1tDq3TZyBYLyA,jWsCos4vJ2Q,Yo Sansar Ko Rit - Ramji Khand and Muna Thapa Magar | Dhiren Shakya & Samjhana Budhathoki,done,2026-05-29 10:42:20.507009,2026-05-29 10:43:05.765770
da2cd983aeb74ba8be2b6e2bd4c33642,295.44,298.44,3.0,97,0,1,2026-05-29 10:43:05.752977,7f6e1ac7a7c94dd99d0d665b92b3ac31,https://youtu.be/jWsCos4vJ2Q?si=XtA1tDq3TZyBYLyA,jWsCos4vJ2Q,Yo Sansar Ko Rit - Ramji Khand and Muna Thapa Magar | Dhiren Shakya & Samjhana Budhathoki,done,2026-05-29 10:42:20.507009,2026-05-29 10:43:05.765770
0a73462cc48a45db93468ba77d7da4bd,298.44,301.48,3.04,98,0,1,2026-05-29 10:43:05.752977,7f6e1ac7a7c94dd99d0d665b92b3ac31,https://youtu.be/jWsCos4vJ2Q?si=XtA1tDq3TZyBYLyA,jWsCos4vJ2Q,Yo Sansar Ko Rit - Ramji Khand and Muna Thapa Magar | Dhiren Shakya & Samjhana Budhathoki,done,2026-05-29 10:42:20.507009,2026-05-29 10:43:05.765770
dddcb12374ab4eeab8c93356e43559d7,301.48,304.48,3.0,99,0,1,2026-05-29 10:43:05.752977,7f6e1ac7a7c94dd99d0d665b92b3ac31,https://youtu.be/jWsCos4vJ2Q?si=XtA1tDq3TZyBYLyA,jWsCos4vJ2Q,Yo Sansar Ko Rit - Ramji Khand and Muna Thapa Magar | Dhiren Shakya & Samjhana Budhathoki,done,2026-05-29 10:42:20.507009,2026-05-29 10:43:05.765770
6e99e9f69888424aa3549283db64e4e0,319.48,322.52,3.04,111,0,1,2026-05-29 10:43:05.752977,7f6e1ac7a7c94dd99d0d665b92b3ac31,https://youtu.be/jWsCos4vJ2Q?si=XtA1tDq3TZyBYLyA,jWsCos4vJ2Q,Yo Sansar Ko Rit - Ramji Khand and Muna Thapa Magar | Dhiren Shakya & Samjhana Budhathoki,done,2026-05-29 10:42:20.507009,2026-05-29 10:43:05.765770
7907124ad84e4862ba9acc920a74a000,324.0,327.04,3.04,113,0,1,2026-05-29 10:43:05.752977,7f6e1ac7a7c94dd99d0d665b92b3ac31,https://youtu.be/jWsCos4vJ2Q?si=XtA1tDq3TZyBYLyA,jWsCos4vJ2Q,Yo Sansar Ko Rit - Ramji Khand and Muna Thapa Magar | Dhiren Shakya & Samjhana Budhathoki,done,2026-05-29 10:42:20.507009,2026-05-29 10:43:05.765770
3291f958b63f4813ad35c9bf59354f99,330.0,333.04,3.04,115,0,1,2026-05-29 10:43:05.752977,7f6e1ac7a7c94dd99d0d665b92b3ac31,https://youtu.be/jWsCos4vJ2Q?si=XtA1tDq3TZyBYLyA,jWsCos4vJ2Q,Yo Sansar Ko Rit - Ramji Khand and Muna Thapa Magar | Dhiren Shakya & Samjhana Budhathoki,done,2026-05-29 10:42:20.507009,2026-05-29 10:43:05.765770
488ce76926af4a3a847bc959a0db3638,333.04,336.08,3.04,116,0,1,2026-05-29 10:43:05.753519,7f6e1ac7a7c94dd99d0d665b92b3ac31,https://youtu.be/jWsCos4vJ2Q?si=XtA1tDq3TZyBYLyA,jWsCos4vJ2Q,Yo Sansar Ko Rit - Ramji Khand and Muna Thapa Magar | Dhiren Shakya & Samjhana Budhathoki,done,2026-05-29 10:42:20.507009,2026-05-29 10:43:05.765770
93ce1d99477546b5bde485fe3b80a688,355.64,358.64,3.0,129,0,1,2026-05-29 10:43:05.753519,7f6e1ac7a7c94dd99d0d665b92b3ac31,https://youtu.be/jWsCos4vJ2Q?si=XtA1tDq3TZyBYLyA,jWsCos4vJ2Q,Yo Sansar Ko Rit - Ramji Khand and Muna Thapa Magar | Dhiren Shakya & Samjhana Budhathoki,done,2026-05-29 10:42:20.507009,2026-05-29 10:43:05.765770
daf5a08109f3443b8c04dea03c953536,373.68,378.2,4.52,141,0,1,2026-05-29 10:43:05.753519,7f6e1ac7a7c94dd99d0d665b92b3ac31,https://youtu.be/jWsCos4vJ2Q?si=XtA1tDq3TZyBYLyA,jWsCos4vJ2Q,Yo Sansar Ko Rit - Ramji Khand and Muna Thapa Magar | Dhiren Shakya & Samjhana Budhathoki,done,2026-05-29 10:42:20.507009,2026-05-29 10:43:05.765770
a90a24706e154c4d9780e0200be377b8,379.72,388.44,8.72,143,0,1,2026-05-29 10:43:05.753519,7f6e1ac7a7c94dd99d0d665b92b3ac31,https://youtu.be/jWsCos4vJ2Q?si=XtA1tDq3TZyBYLyA,jWsCos4vJ2Q,Yo Sansar Ko Rit - Ramji Khand and Muna Thapa Magar | Dhiren Shakya & Samjhana Budhathoki,done,2026-05-29 10:42:20.507009,2026-05-29 10:43:05.765770
b106bf0e49184554a68e46dacee2c781,388.44,391.48,3.04,144,0,1,2026-05-29 10:43:05.753519,7f6e1ac7a7c94dd99d0d665b92b3ac31,https://youtu.be/jWsCos4vJ2Q?si=XtA1tDq3TZyBYLyA,jWsCos4vJ2Q,Yo Sansar Ko Rit - Ramji Khand and Muna Thapa Magar | Dhiren Shakya & Samjhana Budhathoki,done,2026-05-29 10:42:20.507009,2026-05-29 10:43:05.765770
3a818dc65fd94e65a69edbc231247b6a,394.44,400.4,5.96,146,0,1,2026-05-29 10:43:05.753519,7f6e1ac7a7c94dd99d0d665b92b3ac31,https://youtu.be/jWsCos4vJ2Q?si=XtA1tDq3TZyBYLyA,jWsCos4vJ2Q,Yo Sansar Ko Rit - Ramji Khand and Muna Thapa Magar | Dhiren Shakya & Samjhana Budhathoki,done,2026-05-29 10:42:20.507009,2026-05-29 10:43:05.765770
6748f600501240e7a0500861aae8e1b7,400.4,403.52,3.12,147,0,1,2026-05-29 10:43:05.753519,7f6e1ac7a7c94dd99d0d665b92b3ac31,https://youtu.be/jWsCos4vJ2Q?si=XtA1tDq3TZyBYLyA,jWsCos4vJ2Q,Yo Sansar Ko Rit - Ramji Khand and Muna Thapa Magar | Dhiren Shakya & Samjhana Budhathoki,done,2026-05-29 10:42:20.507009,2026-05-29 10:43:05.765770
b1fd87c05bed4143bc874217c8c03e80,406.52,409.52,3.0,150,0,1,2026-05-29 10:43:05.753519,7f6e1ac7a7c94dd99d0d665b92b3ac31,https://youtu.be/jWsCos4vJ2Q?si=XtA1tDq3TZyBYLyA,jWsCos4vJ2Q,Yo Sansar Ko Rit - Ramji Khand and Muna Thapa Magar | Dhiren Shakya & Samjhana Budhathoki,done,2026-05-29 10:42:20.507009,2026-05-29 10:43:05.765770
c10022ef8a2c4051b8cdaaae7aea4b69,429.04,432.04,3.0,164,0,1,2026-05-29 10:43:05.753519,7f6e1ac7a7c94dd99d0d665b92b3ac31,https://youtu.be/jWsCos4vJ2Q?si=XtA1tDq3TZyBYLyA,jWsCos4vJ2Q,Yo Sansar Ko Rit - Ramji Khand and Muna Thapa Magar | Dhiren Shakya & Samjhana Budhathoki,done,2026-05-29 10:42:20.507009,2026-05-29 10:43:05.765770
847fb3c3e2094a919f0c3784b05e8ff6,432.04,435.04,3.0,165,0,1,2026-05-29 10:43:05.753519,7f6e1ac7a7c94dd99d0d665b92b3ac31,https://youtu.be/jWsCos4vJ2Q?si=XtA1tDq3TZyBYLyA,jWsCos4vJ2Q,Yo Sansar Ko Rit - Ramji Khand and Muna Thapa Magar | Dhiren Shakya & Samjhana Budhathoki,done,2026-05-29 10:42:20.507009,2026-05-29 10:43:05.765770
b2a9b1b7ad4e46969340f927b8dcc413,435.04,438.08,3.04,166,0,1,2026-05-29 10:43:05.753519,7f6e1ac7a7c94dd99d0d665b92b3ac31,https://youtu.be/jWsCos4vJ2Q?si=XtA1tDq3TZyBYLyA,jWsCos4vJ2Q,Yo Sansar Ko Rit - Ramji Khand and Muna Thapa Magar | Dhiren Shakya & Samjhana Budhathoki,done,2026-05-29 10:42:20.507009,2026-05-29 10:43:05.765770
f7745be008734d99a943b19715c1cc29,438.08,447.12,9.04,167,0,1,2026-05-29 10:43:05.753519,7f6e1ac7a7c94dd99d0d665b92b3ac31,https://youtu.be/jWsCos4vJ2Q?si=XtA1tDq3TZyBYLyA,jWsCos4vJ2Q,Yo Sansar Ko Rit - Ramji Khand and Muna Thapa Magar | Dhiren Shakya & Samjhana Budhathoki,done,2026-05-29 10:42:20.507009,2026-05-29 10:43:05.765770
e57447ffaee4404c93db39e6edcfc69d,451.6,454.64,3.04,171,0,1,2026-05-29 10:43:05.753519,7f6e1ac7a7c94dd99d0d665b92b3ac31,https://youtu.be/jWsCos4vJ2Q?si=XtA1tDq3TZyBYLyA,jWsCos4vJ2Q,Yo Sansar Ko Rit - Ramji Khand and Muna Thapa Magar | Dhiren Shakya & Samjhana Budhathoki,done,2026-05-29 10:42:20.507009,2026-05-29 10:43:05.765770
4e859b46bb9e4e0a9dd71fc52636b397,454.64,460.68,6.04,172,0,1,2026-05-29 10:43:05.753519,7f6e1ac7a7c94dd99d0d665b92b3ac31,https://youtu.be/jWsCos4vJ2Q?si=XtA1tDq3TZyBYLyA,jWsCos4vJ2Q,Yo Sansar Ko Rit - Ramji Khand and Muna Thapa Magar | Dhiren Shakya & Samjhana Budhathoki,done,2026-05-29 10:42:20.507009,2026-05-29 10:43:05.765770
cf25eca9301448c4b2cb950506ab1380,460.68,464.08,3.4,173,0,1,2026-05-29 10:43:05.753519,7f6e1ac7a7c94dd99d0d665b92b3ac31,https://youtu.be/jWsCos4vJ2Q?si=XtA1tDq3TZyBYLyA,jWsCos4vJ2Q,Yo Sansar Ko Rit - Ramji Khand and Muna Thapa Magar | Dhiren Shakya & Samjhana Budhathoki,done,2026-05-29 10:42:20.507009,2026-05-29 10:43:05.765770
1d79357923214a48a25f0392421289fc,472.72,475.72,3.0,178,0,1,2026-05-29 10:43:05.753519,7f6e1ac7a7c94dd99d0d665b92b3ac31,https://youtu.be/jWsCos4vJ2Q?si=XtA1tDq3TZyBYLyA,jWsCos4vJ2Q,Yo Sansar Ko Rit - Ramji Khand and Muna Thapa Magar | Dhiren Shakya & Samjhana Budhathoki,done,2026-05-29 10:42:20.507009,2026-05-29 10:43:05.765770
f142fb6e406643ad938f473eb0d5fe77,481.68,484.68,3.0,182,0,1,2026-05-29 10:43:05.753519,7f6e1ac7a7c94dd99d0d665b92b3ac31,https://youtu.be/jWsCos4vJ2Q?si=XtA1tDq3TZyBYLyA,jWsCos4vJ2Q,Yo Sansar Ko Rit - Ramji Khand and Muna Thapa Magar | Dhiren Shakya & Samjhana Budhathoki,done,2026-05-29 10:42:20.507009,2026-05-29 10:43:05.765770
6424fa25f7974962ae879aa16a5dd346,487.72,490.72,3.0,185,0,1,2026-05-29 10:43:05.753519,7f6e1ac7a7c94dd99d0d665b92b3ac31,https://youtu.be/jWsCos4vJ2Q?si=XtA1tDq3TZyBYLyA,jWsCos4vJ2Q,Yo Sansar Ko Rit - Ramji Khand and Muna Thapa Magar | Dhiren Shakya & Samjhana Budhathoki,done,2026-05-29 10:42:20.507009,2026-05-29 10:43:05.765770
02c691f5e5a34cce8baaaf08d49ef199,490.72,493.72,3.0,186,0,1,2026-05-29 10:43:05.753519,7f6e1ac7a7c94dd99d0d665b92b3ac31,https://youtu.be/jWsCos4vJ2Q?si=XtA1tDq3TZyBYLyA,jWsCos4vJ2Q,Yo Sansar Ko Rit - Ramji Khand and Muna Thapa Magar | Dhiren Shakya & Samjhana Budhathoki,done,2026-05-29 10:42:20.507009,2026-05-29 10:43:05.765770
dc17eb1a112842e1b92ff320c8f33b78,493.72,496.76,3.04,187,0,1,2026-05-29 10:43:05.753519,7f6e1ac7a7c94dd99d0d665b92b3ac31,https://youtu.be/jWsCos4vJ2Q?si=XtA1tDq3TZyBYLyA,jWsCos4vJ2Q,Yo Sansar Ko Rit - Ramji Khand and Muna Thapa Magar | Dhiren Shakya & Samjhana Budhathoki,done,2026-05-29 10:42:20.507009,2026-05-29 10:43:05.765770
5045af6f3bb343b585f3a5a6ef3fd0f3,496.76,499.76,3.0,188,0,1,2026-05-29 10:43:05.754079,7f6e1ac7a7c94dd99d0d665b92b3ac31,https://youtu.be/jWsCos4vJ2Q?si=XtA1tDq3TZyBYLyA,jWsCos4vJ2Q,Yo Sansar Ko Rit - Ramji Khand and Muna Thapa Magar | Dhiren Shakya & Samjhana Budhathoki,done,2026-05-29 10:42:20.507009,2026-05-29 10:43:05.765770
6809d6a8e00e4fae847110158caaa869,499.76,502.76,3.0,189,0,1,2026-05-29 10:43:05.754079,7f6e1ac7a7c94dd99d0d665b92b3ac31,https://youtu.be/jWsCos4vJ2Q?si=XtA1tDq3TZyBYLyA,jWsCos4vJ2Q,Yo Sansar Ko Rit - Ramji Khand and Muna Thapa Magar | Dhiren Shakya & Samjhana Budhathoki,done,2026-05-29 10:42:20.507009,2026-05-29 10:43:05.765770
16b128c81eee4a84bc5b68ae2f17b7ff,502.76,512.76,10.0,190,0,1,2026-05-29 10:43:05.754079,7f6e1ac7a7c94dd99d0d665b92b3ac31,https://youtu.be/jWsCos4vJ2Q?si=XtA1tDq3TZyBYLyA,jWsCos4vJ2Q,Yo Sansar Ko Rit - Ramji Khand and Muna Thapa Magar | Dhiren Shakya & Samjhana Budhathoki,done,2026-05-29 10:42:20.507009,2026-05-29 10:43:05.765770
9002ba4fdb454611ab0a4f9527ae7cc6,10.6,14.667,4.067,7,0,1,2026-06-02 10:14:33.398554,9ae421dbb88c4f98b629feb0755b276d,https://youtu.be/K_QVescZ-wI?si=KHPChWvwDqapa-vh,K_QVescZ-wI,तिमीले दिने माया | Timle Dine Maya | Most Romantic & Emotional Nepali Song | Narendra Pyasi Hits,done,2026-06-02 10:13:23.307111,2026-06-02 10:14:33.405005
175981271cee409497a340dbbf9f1e44,14.667,18.0,3.333,8,0,1,2026-06-02 10:14:33.398554,9ae421dbb88c4f98b629feb0755b276d,https://youtu.be/K_QVescZ-wI?si=KHPChWvwDqapa-vh,K_QVescZ-wI,तिमीले दिने माया | Timle Dine Maya | Most Romantic & Emotional Nepali Song | Narendra Pyasi Hits,done,2026-06-02 10:13:23.307111,2026-06-02 10:14:33.405005
3bfd61468e8743fa883511f3d0ba39cb,18.0,22.133,4.133,9,0,1,2026-06-02 10:14:33.398554,9ae421dbb88c4f98b629feb0755b276d,https://youtu.be/K_QVescZ-wI?si=KHPChWvwDqapa-vh,K_QVescZ-wI,तिमीले दिने माया | Timle Dine Maya | Most Romantic & Emotional Nepali Song | Narendra Pyasi Hits,done,2026-06-02 10:13:23.307111,2026-06-02 10:14:33.405005
401f2c6d38704ecc8ef629b4be4aff38,29.933,35.6,5.667,15,0,1,2026-06-02 10:14:33.398554,9ae421dbb88c4f98b629feb0755b276d,https://youtu.be/K_QVescZ-wI?si=KHPChWvwDqapa-vh,K_QVescZ-wI,तिमीले दिने माया | Timle Dine Maya | Most Romantic & Emotional Nepali Song | Narendra Pyasi Hits,done,2026-06-02 10:13:23.307111,2026-06-02 10:14:33.405005
1109c1e7ba6548c3a7744b25838c07d7,35.6,45.4,9.8,16,0,1,2026-06-02 10:14:33.398554,9ae421dbb88c4f98b629feb0755b276d,https://youtu.be/K_QVescZ-wI?si=KHPChWvwDqapa-vh,K_QVescZ-wI,तिमीले दिने माया | Timle Dine Maya | Most Romantic & Emotional Nepali Song | Narendra Pyasi Hits,done,2026-06-02 10:13:23.307111,2026-06-02 10:14:33.405005
2b4dd91d947d414a8a33dfcba35b0c4f,45.4,51.267,5.867,17,0,1,2026-06-02 10:14:33.398554,9ae421dbb88c4f98b629feb0755b276d,https://youtu.be/K_QVescZ-wI?si=KHPChWvwDqapa-vh,K_QVescZ-wI,तिमीले दिने माया | Timle Dine Maya | Most Romantic & Emotional Nepali Song | Narendra Pyasi Hits,done,2026-06-02 10:13:23.307111,2026-06-02 10:14:33.405005
51e3e9ce708349dc89f20bf181cafb76,59.133,62.133,3.0,23,0,1,2026-06-02 10:14:33.398554,9ae421dbb88c4f98b629feb0755b276d,https://youtu.be/K_QVescZ-wI?si=KHPChWvwDqapa-vh,K_QVescZ-wI,तिमीले दिने माया | Timle Dine Maya | Most Romantic & Emotional Nepali Song | Narendra Pyasi Hits,done,2026-06-02 10:13:23.307111,2026-06-02 10:14:33.405005
44c2174d57da405a911fde83c3bada0a,62.133,67.467,5.333,24,0,1,2026-06-02 10:14:33.398554,9ae421dbb88c4f98b629feb0755b276d,https://youtu.be/K_QVescZ-wI?si=KHPChWvwDqapa-vh,K_QVescZ-wI,तिमीले दिने माया | Timle Dine Maya | Most Romantic & Emotional Nepali Song | Narendra Pyasi Hits,done,2026-06-02 10:13:23.307111,2026-06-02 10:14:33.405005
93819f673fdb4ac5976bff0be13dfe30,84.533,87.8,3.267,35,0,1,2026-06-02 10:14:33.398554,9ae421dbb88c4f98b629feb0755b276d,https://youtu.be/K_QVescZ-wI?si=KHPChWvwDqapa-vh,K_QVescZ-wI,तिमीले दिने माया | Timle Dine Maya | Most Romantic & Emotional Nepali Song | Narendra Pyasi Hits,done,2026-06-02 10:13:23.307111,2026-06-02 10:14:33.405005
5febd137217f4a2d823d440b2d09d030,89.0,93.933,4.933,37,0,1,2026-06-02 10:14:33.398554,9ae421dbb88c4f98b629feb0755b276d,https://youtu.be/K_QVescZ-wI?si=KHPChWvwDqapa-vh,K_QVescZ-wI,तिमीले दिने माया | Timle Dine Maya | Most Romantic & Emotional Nepali Song | Narendra Pyasi Hits,done,2026-06-02 10:13:23.307111,2026-06-02 10:14:33.405005
63692b539ce7413b99d079b4780f1f3a,113.4,118.8,5.4,48,0,1,2026-06-02 10:14:33.398554,9ae421dbb88c4f98b629feb0755b276d,https://youtu.be/K_QVescZ-wI?si=KHPChWvwDqapa-vh,K_QVescZ-wI,तिमीले दिने माया | Timle Dine Maya | Most Romantic & Emotional Nepali Song | Narendra Pyasi Hits,done,2026-06-02 10:13:23.307111,2026-06-02 10:14:33.405005
daf49e18e3564bd192a9c83fbe2dccc9,118.8,126.8,8.0,49,0,1,2026-06-02 10:14:33.398554,9ae421dbb88c4f98b629feb0755b276d,https://youtu.be/K_QVescZ-wI?si=KHPChWvwDqapa-vh,K_QVescZ-wI,तिमीले दिने माया | Timle Dine Maya | Most Romantic & Emotional Nepali Song | Narendra Pyasi Hits,done,2026-06-02 10:13:23.307111,2026-06-02 10:14:33.405005
57368f3c35c740bfa883696164e241f1,145.533,148.933,3.4,62,0,1,2026-06-02 10:14:33.398554,9ae421dbb88c4f98b629feb0755b276d,https://youtu.be/K_QVescZ-wI?si=KHPChWvwDqapa-vh,K_QVescZ-wI,तिमीले दिने माया | Timle Dine Maya | Most Romantic & Emotional Nepali Song | Narendra Pyasi Hits,done,2026-06-02 10:13:23.307111,2026-06-02 10:14:33.405005
6ee97a16187e4e1a8e251f870212fa7c,153.6,156.667,3.067,66,0,1,2026-06-02 10:14:33.398554,9ae421dbb88c4f98b629feb0755b276d,https://youtu.be/K_QVescZ-wI?si=KHPChWvwDqapa-vh,K_QVescZ-wI,तिमीले दिने माया | Timle Dine Maya | Most Romantic & Emotional Nepali Song | Narendra Pyasi Hits,done,2026-06-02 10:13:23.307111,2026-06-02 10:14:33.405005
6d8e2e9829db4d6c86751470a159df5b,167.0,177.0,10.0,73,0,1,2026-06-02 10:14:33.398554,9ae421dbb88c4f98b629feb0755b276d,https://youtu.be/K_QVescZ-wI?si=KHPChWvwDqapa-vh,K_QVescZ-wI,तिमीले दिने माया | Timle Dine Maya | Most Romantic & Emotional Nepali Song | Narendra Pyasi Hits,done,2026-06-02 10:13:23.307111,2026-06-02 10:14:33.405005
b3b1031dc5b94a92a6703c945960ea1c,182.4,189.067,6.667,76,0,1,2026-06-02 10:14:33.398554,9ae421dbb88c4f98b629feb0755b276d,https://youtu.be/K_QVescZ-wI?si=KHPChWvwDqapa-vh,K_QVescZ-wI,तिमीले दिने माया | Timle Dine Maya | Most Romantic & Emotional Nepali Song | Narendra Pyasi Hits,done,2026-06-02 10:13:23.307111,2026-06-02 10:14:33.405005
26ce4da04183401cabda75d100aa5df4,192.2,195.8,3.6,79,0,1,2026-06-02 10:14:33.398554,9ae421dbb88c4f98b629feb0755b276d,https://youtu.be/K_QVescZ-wI?si=KHPChWvwDqapa-vh,K_QVescZ-wI,तिमीले दिने माया | Timle Dine Maya | Most Romantic & Emotional Nepali Song | Narendra Pyasi Hits,done,2026-06-02 10:13:23.307111,2026-06-02 10:14:33.405005
1b2e8c42ed6a41ca9a552c7202042348,195.8,199.0,3.2,80,0,1,2026-06-02 10:14:33.398554,9ae421dbb88c4f98b629feb0755b276d,https://youtu.be/K_QVescZ-wI?si=KHPChWvwDqapa-vh,K_QVescZ-wI,तिमीले दिने माया | Timle Dine Maya | Most Romantic & Emotional Nepali Song | Narendra Pyasi Hits,done,2026-06-02 10:13:23.307111,2026-06-02 10:14:33.405005
fce0047ab1ec494db7eaf3ccd63f0269,201.667,205.067,3.4,82,0,1,2026-06-02 10:14:33.398554,9ae421dbb88c4f98b629feb0755b276d,https://youtu.be/K_QVescZ-wI?si=KHPChWvwDqapa-vh,K_QVescZ-wI,तिमीले दिने माया | Timle Dine Maya | Most Romantic & Emotional Nepali Song | Narendra Pyasi Hits,done,2026-06-02 10:13:23.307111,2026-06-02 10:14:33.405005
8e2934109c5e468490487f02d61306a6,206.6,209.867,3.267,84,0,1,2026-06-02 10:14:33.398554,9ae421dbb88c4f98b629feb0755b276d,https://youtu.be/K_QVescZ-wI?si=KHPChWvwDqapa-vh,K_QVescZ-wI,तिमीले दिने माया | Timle Dine Maya | Most Romantic & Emotional Nepali Song | Narendra Pyasi Hits,done,2026-06-02 10:13:23.307111,2026-06-02 10:14:33.405005
39cc87949ec44eed92b360b5c4f43846,209.867,214.533,4.667,85,0,1,2026-06-02 10:14:33.398554,9ae421dbb88c4f98b629feb0755b276d,https://youtu.be/K_QVescZ-wI?si=KHPChWvwDqapa-vh,K_QVescZ-wI,तिमीले दिने माया | Timle Dine Maya | Most Romantic & Emotional Nepali Song | Narendra Pyasi Hits,done,2026-06-02 10:13:23.307111,2026-06-02 10:14:33.405005
fa0ebd45471a4eb2bc6276fc28a9b214,219.733,223.867,4.133,89,0,1,2026-06-02 10:14:33.398554,9ae421dbb88c4f98b629feb0755b276d,https://youtu.be/K_QVescZ-wI?si=KHPChWvwDqapa-vh,K_QVescZ-wI,तिमीले दिने माया | Timle Dine Maya | Most Romantic & Emotional Nepali Song | Narendra Pyasi Hits,done,2026-06-02 10:13:23.307111,2026-06-02 10:14:33.405005
ffefef6c51924ef58eaf1f209bf7e232,223.867,231.733,7.867,90,0,1,2026-06-02 10:14:33.398554,9ae421dbb88c4f98b629feb0755b276d,https://youtu.be/K_QVescZ-wI?si=KHPChWvwDqapa-vh,K_QVescZ-wI,तिमीले दिने माया | Timle Dine Maya | Most Romantic & Emotional Nepali Song | Narendra Pyasi Hits,done,2026-06-02 10:13:23.307111,2026-06-02 10:14:33.405005
fbb9c9d4f3204763a3f9ca120af5089a,236.067,243.8,7.733,93,0,1,2026-06-02 10:14:33.398554,9ae421dbb88c4f98b629feb0755b276d,https://youtu.be/K_QVescZ-wI?si=KHPChWvwDqapa-vh,K_QVescZ-wI,तिमीले दिने माया | Timle Dine Maya | Most Romantic & Emotional Nepali Song | Narendra Pyasi Hits,done,2026-06-02 10:13:23.307111,2026-06-02 10:14:33.405005
2581c2717237425caefa0e0db201ea04,243.8,249.333,5.533,94,0,1,2026-06-02 10:14:33.398554,9ae421dbb88c4f98b629feb0755b276d,https://youtu.be/K_QVescZ-wI?si=KHPChWvwDqapa-vh,K_QVescZ-wI,तिमीले दिने माया | Timle Dine Maya | Most Romantic & Emotional Nepali Song | Narendra Pyasi Hits,done,2026-06-02 10:13:23.307111,2026-06-02 10:14:33.405005
9b6fee5647cf4804a9c23db72e61f852,255.867,259.2,3.333,100,0,1,2026-06-02 10:14:33.398554,9ae421dbb88c4f98b629feb0755b276d,https://youtu.be/K_QVescZ-wI?si=KHPChWvwDqapa-vh,K_QVescZ-wI,तिमीले दिने माया | Timle Dine Maya | Most Romantic & Emotional Nepali Song | Narendra Pyasi Hits,done,2026-06-02 10:13:23.307111,2026-06-02 10:14:33.405005
58e040b7b6004eebab6f275e6613b50d,259.2,268.933,9.733,101,0,1,2026-06-02 10:14:33.399086,9ae421dbb88c4f98b629feb0755b276d,https://youtu.be/K_QVescZ-wI?si=KHPChWvwDqapa-vh,K_QVescZ-wI,तिमीले दिने माया | Timle Dine Maya | Most Romantic & Emotional Nepali Song | Narendra Pyasi Hits,done,2026-06-02 10:13:23.307111,2026-06-02 10:14:33.405005
6134f391cd294dcf815c6f06ef7649c0,268.933,278.933,10.0,102,0,1,2026-06-02 10:14:33.399086,9ae421dbb88c4f98b629feb0755b276d,https://youtu.be/K_QVescZ-wI?si=KHPChWvwDqapa-vh,K_QVescZ-wI,तिमीले दिने माया | Timle Dine Maya | Most Romantic & Emotional Nepali Song | Narendra Pyasi Hits,done,2026-06-02 10:13:23.307111,2026-06-02 10:14:33.405005
2cf91aeefc9b49b29c4085ceb37baf2f,0.0,10.0,10.0,0,1,1,2026-05-29 09:33:59.386307,0c8defb836fb4b7fa00738d970830e96,https://youtu.be/CgVQkHQqNNI?si=7-wFciD5FfivowUk,CgVQkHQqNNI,"मखमली-Movie Song[ऊनको स्वीटर] Sujan Chapagain, Sunita Thegim | Bipin Karki,Miruna Magar,Wilson B.Rai",done,2026-05-29 09:31:20.871187,2026-05-29 09:33:59.394939
02f780c60a454db4b1485be75c3b09ba,17.542,25.083,7.542,1,1,1,2026-05-29 09:33:59.386307,0c8defb836fb4b7fa00738d970830e96,https://youtu.be/CgVQkHQqNNI?si=7-wFciD5FfivowUk,CgVQkHQqNNI,"मखमली-Movie Song[ऊनको स्वीटर] Sujan Chapagain, Sunita Thegim | Bipin Karki,Miruna Magar,Wilson B.Rai",done,2026-05-29 09:31:20.871187,2026-05-29 09:33:59.394939
a524f73ff8a0415d83f5579d3c4afa5b,25.083,35.083,10.0,2,1,1,2026-05-29 09:33:59.386307,0c8defb836fb4b7fa00738d970830e96,https://youtu.be/CgVQkHQqNNI?si=7-wFciD5FfivowUk,CgVQkHQqNNI,"मखमली-Movie Song[ऊनको स्वीटर] Sujan Chapagain, Sunita Thegim | Bipin Karki,Miruna Magar,Wilson B.Rai",done,2026-05-29 09:31:20.871187,2026-05-29 09:33:59.394939
a57846621a1e42b5a62f3c23e0391a26,44.042,49.208,5.167,3,1,1,2026-05-29 09:33:59.386307,0c8defb836fb4b7fa00738d970830e96,https://youtu.be/CgVQkHQqNNI?si=7-wFciD5FfivowUk,CgVQkHQqNNI,"मखमली-Movie Song[ऊनको स्वीटर] Sujan Chapagain, Sunita Thegim | Bipin Karki,Miruna Magar,Wilson B.Rai",done,2026-05-29 09:31:20.871187,2026-05-29 09:33:59.394939
a7d7fd4f8d5946f5941e73cd5569ba7a,49.208,53.833,4.625,4,1,1,2026-05-29 09:33:59.386307,0c8defb836fb4b7fa00738d970830e96,https://youtu.be/CgVQkHQqNNI?si=7-wFciD5FfivowUk,CgVQkHQqNNI,"मखमली-Movie Song[ऊनको स्वीटर] Sujan Chapagain, Sunita Thegim | Bipin Karki,Miruna Magar,Wilson B.Rai",done,2026-05-29 09:31:20.871187,2026-05-29 09:33:59.394939
22ea3b18dd904f329364ef5d3b9a44dc,53.833,57.667,3.833,5,1,1,2026-05-29 09:33:59.386307,0c8defb836fb4b7fa00738d970830e96,https://youtu.be/CgVQkHQqNNI?si=7-wFciD5FfivowUk,CgVQkHQqNNI,"मखमली-Movie Song[ऊनको स्वीटर] Sujan Chapagain, Sunita Thegim | Bipin Karki,Miruna Magar,Wilson B.Rai",done,2026-05-29 09:31:20.871187,2026-05-29 09:33:59.394939
133c647d318c4d21a6c6601d0bb92a01,57.667,62.25,4.583,6,1,1,2026-05-29 09:33:59.386307,0c8defb836fb4b7fa00738d970830e96,https://youtu.be/CgVQkHQqNNI?si=7-wFciD5FfivowUk,CgVQkHQqNNI,"मखमली-Movie Song[ऊनको स्वीटर] Sujan Chapagain, Sunita Thegim | Bipin Karki,Miruna Magar,Wilson B.Rai",done,2026-05-29 09:31:20.871187,2026-05-29 09:33:59.394939
6180f8cc2455455ba4f1ded2e7df166b,62.25,66.292,4.042,7,1,1,2026-05-29 09:33:59.386307,0c8defb836fb4b7fa00738d970830e96,https://youtu.be/CgVQkHQqNNI?si=7-wFciD5FfivowUk,CgVQkHQqNNI,"मखमली-Movie Song[ऊनको स्वीटर] Sujan Chapagain, Sunita Thegim | Bipin Karki,Miruna Magar,Wilson B.Rai",done,2026-05-29 09:31:20.871187,2026-05-29 09:33:59.394939
622342255dd3457091c561b81b36c5d6,66.292,70.542,4.25,8,1,1,2026-05-29 09:33:59.386307,0c8defb836fb4b7fa00738d970830e96,https://youtu.be/CgVQkHQqNNI?si=7-wFciD5FfivowUk,CgVQkHQqNNI,"मखमली-Movie Song[ऊनको स्वीटर] Sujan Chapagain, Sunita Thegim | Bipin Karki,Miruna Magar,Wilson B.Rai",done,2026-05-29 09:31:20.871187,2026-05-29 09:33:59.394939
6cd89b3b2c1d47ea837834f06aba8ca0,70.542,80.542,10.0,9,1,1,2026-05-29 09:33:59.386307,0c8defb836fb4b7fa00738d970830e96,https://youtu.be/CgVQkHQqNNI?si=7-wFciD5FfivowUk,CgVQkHQqNNI,"मखमली-Movie Song[ऊनको स्वीटर] Sujan Chapagain, Sunita Thegim | Bipin Karki,Miruna Magar,Wilson B.Rai",done,2026-05-29 09:31:20.871187,2026-05-29 09:33:59.394939
118e7d8655644db083fb6719381cfbe2,87.875,97.875,10.0,10,1,1,2026-05-29 09:33:59.386307,0c8defb836fb4b7fa00738d970830e96,https://youtu.be/CgVQkHQqNNI?si=7-wFciD5FfivowUk,CgVQkHQqNNI,"मखमली-Movie Song[ऊनको स्वीटर] Sujan Chapagain, Sunita Thegim | Bipin Karki,Miruna Magar,Wilson B.Rai",done,2026-05-29 09:31:20.871187,2026-05-29 09:33:59.394939
527ae7db920f414e954ccbafe574c9a4,116.792,126.792,10.0,11,1,1,2026-05-29 09:33:59.386307,0c8defb836fb4b7fa00738d970830e96,https://youtu.be/CgVQkHQqNNI?si=7-wFciD5FfivowUk,CgVQkHQqNNI,"मखमली-Movie Song[ऊनको स्वीटर] Sujan Chapagain, Sunita Thegim | Bipin Karki,Miruna Magar,Wilson B.Rai",done,2026-05-29 09:31:20.871187,2026-05-29 09:33:59.394939
87bf4c4a52a649e9ab1d2dd3d0ffa4d7,130.5,135.083,4.583,12,1,1,2026-05-29 09:33:59.386307,0c8defb836fb4b7fa00738d970830e96,https://youtu.be/CgVQkHQqNNI?si=7-wFciD5FfivowUk,CgVQkHQqNNI,"मखमली-Movie Song[ऊनको स्वीटर] Sujan Chapagain, Sunita Thegim | Bipin Karki,Miruna Magar,Wilson B.Rai",done,2026-05-29 09:31:20.871187,2026-05-29 09:33:59.394939
62b229fbf0194887a2c503f19b3bdc37,135.083,139.083,4.0,13,1,1,2026-05-29 09:33:59.386307,0c8defb836fb4b7fa00738d970830e96,https://youtu.be/CgVQkHQqNNI?si=7-wFciD5FfivowUk,CgVQkHQqNNI,"मखमली-Movie Song[ऊनको स्वीटर] Sujan Chapagain, Sunita Thegim | Bipin Karki,Miruna Magar,Wilson B.Rai",done,2026-05-29 09:31:20.871187,2026-05-29 09:33:59.394939
549fb3c64199479b9af56f5d267c9133,139.083,142.792,3.708,14,1,1,2026-05-29 09:33:59.386307,0c8defb836fb4b7fa00738d970830e96,https://youtu.be/CgVQkHQqNNI?si=7-wFciD5FfivowUk,CgVQkHQqNNI,"मखमली-Movie Song[ऊनको स्वीटर] Sujan Chapagain, Sunita Thegim | Bipin Karki,Miruna Magar,Wilson B.Rai",done,2026-05-29 09:31:20.871187,2026-05-29 09:33:59.394939
8edd4fcd3f3741478aa436e6d6f41553,142.792,152.792,10.0,15,1,1,2026-05-29 09:33:59.386307,0c8defb836fb4b7fa00738d970830e96,https://youtu.be/CgVQkHQqNNI?si=7-wFciD5FfivowUk,CgVQkHQqNNI,"मखमली-Movie Song[ऊनको स्वीटर] Sujan Chapagain, Sunita Thegim | Bipin Karki,Miruna Magar,Wilson B.Rai",done,2026-05-29 09:31:20.871187,2026-05-29 09:33:59.394939
00b72f0e542244a880f443de645665f7,155.5,161.875,6.375,16,1,1,2026-05-29 09:33:59.386307,0c8defb836fb4b7fa00738d970830e96,https://youtu.be/CgVQkHQqNNI?si=7-wFciD5FfivowUk,CgVQkHQqNNI,"मखमली-Movie Song[ऊनको स्वीटर] Sujan Chapagain, Sunita Thegim | Bipin Karki,Miruna Magar,Wilson B.Rai",done,2026-05-29 09:31:20.871187,2026-05-29 09:33:59.394939
b8cd46e44fce42358ae62c13b58d23c3,161.875,171.875,10.0,17,1,1,2026-05-29 09:33:59.386307,0c8defb836fb4b7fa00738d970830e96,https://youtu.be/CgVQkHQqNNI?si=7-wFciD5FfivowUk,CgVQkHQqNNI,"मखमली-Movie Song[ऊनको स्वीटर] Sujan Chapagain, Sunita Thegim | Bipin Karki,Miruna Magar,Wilson B.Rai",done,2026-05-29 09:31:20.871187,2026-05-29 09:33:59.394939
eea95f1615d94d819cb5271cb60ffe8c,177.625,187.292,9.667,18,1,1,2026-05-29 09:33:59.386307,0c8defb836fb4b7fa00738d970830e96,https://youtu.be/CgVQkHQqNNI?si=7-wFciD5FfivowUk,CgVQkHQqNNI,"मखमली-Movie Song[ऊनको स्वीटर] Sujan Chapagain, Sunita Thegim | Bipin Karki,Miruna Magar,Wilson B.Rai",done,2026-05-29 09:31:20.871187,2026-05-29 09:33:59.394939
f2b89e8a482e4e97b64af1eb8e05ad71,187.292,191.417,4.125,19,1,1,2026-05-29 09:33:59.386307,0c8defb836fb4b7fa00738d970830e96,https://youtu.be/CgVQkHQqNNI?si=7-wFciD5FfivowUk,CgVQkHQqNNI,"मखमली-Movie Song[ऊनको स्वीटर] Sujan Chapagain, Sunita Thegim | Bipin Karki,Miruna Magar,Wilson B.Rai",done,2026-05-29 09:31:20.871187,2026-05-29 09:33:59.394939
8c8b23ad279042eb8c9d7bd4df6a4499,191.417,196.25,4.833,20,1,1,2026-05-29 09:33:59.386307,0c8defb836fb4b7fa00738d970830e96,https://youtu.be/CgVQkHQqNNI?si=7-wFciD5FfivowUk,CgVQkHQqNNI,"मखमली-Movie Song[ऊनको स्वीटर] Sujan Chapagain, Sunita Thegim | Bipin Karki,Miruna Magar,Wilson B.Rai",done,2026-05-29 09:31:20.871187,2026-05-29 09:33:59.394939
be31e691d5c04eb6b7dee13feadf3e9b,203.583,208.917,5.333,24,1,1,2026-05-29 09:33:59.386307,0c8defb836fb4b7fa00738d970830e96,https://youtu.be/CgVQkHQqNNI?si=7-wFciD5FfivowUk,CgVQkHQqNNI,"मखमली-Movie Song[ऊनको स्वीटर] Sujan Chapagain, Sunita Thegim | Bipin Karki,Miruna Magar,Wilson B.Rai",done,2026-05-29 09:31:20.871187,2026-05-29 09:33:59.394939
0fdb45df18c34a73b5e146cdc77b5173,208.917,214.958,6.042,25,1,1,2026-05-29 09:33:59.386307,0c8defb836fb4b7fa00738d970830e96,https://youtu.be/CgVQkHQqNNI?si=7-wFciD5FfivowUk,CgVQkHQqNNI,"मखमली-Movie Song[ऊनको स्वीटर] Sujan Chapagain, Sunita Thegim | Bipin Karki,Miruna Magar,Wilson B.Rai",done,2026-05-29 09:31:20.871187,2026-05-29 09:33:59.394939
82ab76f22f024eefb942dd807f7a9a34,214.958,219.5,4.542,26,1,1,2026-05-29 09:33:59.386307,0c8defb836fb4b7fa00738d970830e96,https://youtu.be/CgVQkHQqNNI?si=7-wFciD5FfivowUk,CgVQkHQqNNI,"मखमली-Movie Song[ऊनको स्वीटर] Sujan Chapagain, Sunita Thegim | Bipin Karki,Miruna Magar,Wilson B.Rai",done,2026-05-29 09:31:20.871187,2026-05-29 09:33:59.394939
1d46a0d64b2945a98e9f1b3607fc705b,219.5,225.167,5.667,27,1,1,2026-05-29 09:33:59.386307,0c8defb836fb4b7fa00738d970830e96,https://youtu.be/CgVQkHQqNNI?si=7-wFciD5FfivowUk,CgVQkHQqNNI,"मखमली-Movie Song[ऊनको स्वीटर] Sujan Chapagain, Sunita Thegim | Bipin Karki,Miruna Magar,Wilson B.Rai",done,2026-05-29 09:31:20.871187,2026-05-29 09:33:59.394939
80d538f45fb54799b5b67a45c3db0e69,225.167,228.417,3.25,28,1,1,2026-05-29 09:33:59.386307,0c8defb836fb4b7fa00738d970830e96,https://youtu.be/CgVQkHQqNNI?si=7-wFciD5FfivowUk,CgVQkHQqNNI,"मखमली-Movie Song[ऊनको स्वीटर] Sujan Chapagain, Sunita Thegim | Bipin Karki,Miruna Magar,Wilson B.Rai",done,2026-05-29 09:31:20.871187,2026-05-29 09:33:59.394939
24eceb6ce4cd4a589499a12f947ea6d0,230.708,233.958,3.25,30,1,1,2026-05-29 09:33:59.386307,0c8defb836fb4b7fa00738d970830e96,https://youtu.be/CgVQkHQqNNI?si=7-wFciD5FfivowUk,CgVQkHQqNNI,"मखमली-Movie Song[ऊनको स्वीटर] Sujan Chapagain, Sunita Thegim | Bipin Karki,Miruna Magar,Wilson B.Rai",done,2026-05-29 09:31:20.871187,2026-05-29 09:33:59.394939
d87e8ca8e8cd406483637b44606cafc5,233.958,240.375,6.417,31,1,1,2026-05-29 09:33:59.386307,0c8defb836fb4b7fa00738d970830e96,https://youtu.be/CgVQkHQqNNI?si=7-wFciD5FfivowUk,CgVQkHQqNNI,"मखमली-Movie Song[ऊनको स्वीटर] Sujan Chapagain, Sunita Thegim | Bipin Karki,Miruna Magar,Wilson B.Rai",done,2026-05-29 09:31:20.871187,2026-05-29 09:33:59.394939
d6e9f3b0d0804d8495b59b5cca68c997,240.375,244.75,4.375,32,1,1,2026-05-29 09:33:59.386307,0c8defb836fb4b7fa00738d970830e96,https://youtu.be/CgVQkHQqNNI?si=7-wFciD5FfivowUk,CgVQkHQqNNI,"मखमली-Movie Song[ऊनको स्वीटर] Sujan Chapagain, Sunita Thegim | Bipin Karki,Miruna Magar,Wilson B.Rai",done,2026-05-29 09:31:20.871187,2026-05-29 09:33:59.394939
f141bbe5846949588c9464c0ffbbc6be,249.958,255.708,5.75,35,1,1,2026-05-29 09:33:59.386307,0c8defb836fb4b7fa00738d970830e96,https://youtu.be/CgVQkHQqNNI?si=7-wFciD5FfivowUk,CgVQkHQqNNI,"मखमली-Movie Song[ऊनको स्वीटर] Sujan Chapagain, Sunita Thegim | Bipin Karki,Miruna Magar,Wilson B.Rai",done,2026-05-29 09:31:20.871187,2026-05-29 09:33:59.394939
bea9e98ecd20430a9c8b1735f648c3d7,255.708,261.292,5.583,36,1,1,2026-05-29 09:33:59.386307,0c8defb836fb4b7fa00738d970830e96,https://youtu.be/CgVQkHQqNNI?si=7-wFciD5FfivowUk,CgVQkHQqNNI,"मखमली-Movie Song[ऊनको स्वीटर] Sujan Chapagain, Sunita Thegim | Bipin Karki,Miruna Magar,Wilson B.Rai",done,2026-05-29 09:31:20.871187,2026-05-29 09:33:59.394939
327eca372af3457f8740cd91a2a02edf,261.292,265.0,3.708,37,1,1,2026-05-29 09:33:59.386307,0c8defb836fb4b7fa00738d970830e96,https://youtu.be/CgVQkHQqNNI?si=7-wFciD5FfivowUk,CgVQkHQqNNI,"मखमली-Movie Song[ऊनको स्वीटर] Sujan Chapagain, Sunita Thegim | Bipin Karki,Miruna Magar,Wilson B.Rai",done,2026-05-29 09:31:20.871187,2026-05-29 09:33:59.394939
89f0fb61ab7240c88d74bad1e3bfceb5,267.917,271.667,3.75,39,1,1,2026-05-29 09:33:59.386307,0c8defb836fb4b7fa00738d970830e96,https://youtu.be/CgVQkHQqNNI?si=7-wFciD5FfivowUk,CgVQkHQqNNI,"मखमली-Movie Song[ऊनको स्वीटर] Sujan Chapagain, Sunita Thegim | Bipin Karki,Miruna Magar,Wilson B.Rai",done,2026-05-29 09:31:20.871187,2026-05-29 09:33:59.394939
82fa46aa52554dcd869db12f4c8dfc26,271.667,274.792,3.125,40,1,1,2026-05-29 09:33:59.386307,0c8defb836fb4b7fa00738d970830e96,https://youtu.be/CgVQkHQqNNI?si=7-wFciD5FfivowUk,CgVQkHQqNNI,"मखमली-Movie Song[ऊनको स्वीटर] Sujan Chapagain, Sunita Thegim | Bipin Karki,Miruna Magar,Wilson B.Rai",done,2026-05-29 09:31:20.871187,2026-05-29 09:33:59.394939
57c496f6f8b74eb08e42b073ee9a892b,277.417,284.25,6.833,42,1,1,2026-05-29 09:33:59.386307,0c8defb836fb4b7fa00738d970830e96,https://youtu.be/CgVQkHQqNNI?si=7-wFciD5FfivowUk,CgVQkHQqNNI,"मखमली-Movie Song[ऊनको स्वीटर] Sujan Chapagain, Sunita Thegim | Bipin Karki,Miruna Magar,Wilson B.Rai",done,2026-05-29 09:31:20.871187,2026-05-29 09:33:59.394939
02ecf3c177e14f3db19ab00617d6e3dc,285.5,294.625,9.125,44,1,1,2026-05-29 09:33:59.386307,0c8defb836fb4b7fa00738d970830e96,https://youtu.be/CgVQkHQqNNI?si=7-wFciD5FfivowUk,CgVQkHQqNNI,"मखमली-Movie Song[ऊनको स्वीटर] Sujan Chapagain, Sunita Thegim | Bipin Karki,Miruna Magar,Wilson B.Rai",done,2026-05-29 09:31:20.871187,2026-05-29 09:33:59.394939
e8df4329a3e64993adb7271cbbc6842a,294.625,299.75,5.125,45,1,1,2026-05-29 09:33:59.386307,0c8defb836fb4b7fa00738d970830e96,https://youtu.be/CgVQkHQqNNI?si=7-wFciD5FfivowUk,CgVQkHQqNNI,"मखमली-Movie Song[ऊनको स्वीटर] Sujan Chapagain, Sunita Thegim | Bipin Karki,Miruna Magar,Wilson B.Rai",done,2026-05-29 09:31:20.871187,2026-05-29 09:33:59.394939
836dc01f219a46e386750a2a707cf256,299.75,303.5,3.75,46,1,1,2026-05-29 09:33:59.386307,0c8defb836fb4b7fa00738d970830e96,https://youtu.be/CgVQkHQqNNI?si=7-wFciD5FfivowUk,CgVQkHQqNNI,"मखमली-Movie Song[ऊनको स्वीटर] Sujan Chapagain, Sunita Thegim | Bipin Karki,Miruna Magar,Wilson B.Rai",done,2026-05-29 09:31:20.871187,2026-05-29 09:33:59.394939
534f4abc352842b2b30e4f937cde8e9a,303.5,307.042,3.542,47,1,1,2026-05-29 09:33:59.386307,0c8defb836fb4b7fa00738d970830e96,https://youtu.be/CgVQkHQqNNI?si=7-wFciD5FfivowUk,CgVQkHQqNNI,"मखमली-Movie Song[ऊनको स्वीटर] Sujan Chapagain, Sunita Thegim | Bipin Karki,Miruna Magar,Wilson B.Rai",done,2026-05-29 09:31:20.871187,2026-05-29 09:33:59.394939
68c1d51b419a4932be8976048ec83be6,307.042,313.5,6.458,48,1,1,2026-05-29 09:33:59.386307,0c8defb836fb4b7fa00738d970830e96,https://youtu.be/CgVQkHQqNNI?si=7-wFciD5FfivowUk,CgVQkHQqNNI,"मखमली-Movie Song[ऊनको स्वीटर] Sujan Chapagain, Sunita Thegim | Bipin Karki,Miruna Magar,Wilson B.Rai",done,2026-05-29 09:31:20.871187,2026-05-29 09:33:59.394939
23683997292646c08339926c51a9aedb,313.5,316.625,3.125,49,1,1,2026-05-29 09:33:59.386307,0c8defb836fb4b7fa00738d970830e96,https://youtu.be/CgVQkHQqNNI?si=7-wFciD5FfivowUk,CgVQkHQqNNI,"मखमली-Movie Song[ऊनको स्वीटर] Sujan Chapagain, Sunita Thegim | Bipin Karki,Miruna Magar,Wilson B.Rai",done,2026-05-29 09:31:20.871187,2026-05-29 09:33:59.394939
ec0de75b8de74b1e88f8022bc3580381,316.625,321.542,4.917,50,1,1,2026-05-29 09:33:59.386307,0c8defb836fb4b7fa00738d970830e96,https://youtu.be/CgVQkHQqNNI?si=7-wFciD5FfivowUk,CgVQkHQqNNI,"मखमली-Movie Song[ऊनको स्वीटर] Sujan Chapagain, Sunita Thegim | Bipin Karki,Miruna Magar,Wilson B.Rai",done,2026-05-29 09:31:20.871187,2026-05-29 09:33:59.394939
c91848c4f5d94d5aba0ca8d2ca63f6ee,324.125,331.167,7.042,52,1,1,2026-05-29 09:33:59.386307,0c8defb836fb4b7fa00738d970830e96,https://youtu.be/CgVQkHQqNNI?si=7-wFciD5FfivowUk,CgVQkHQqNNI,"मखमली-Movie Song[ऊनको स्वीटर] Sujan Chapagain, Sunita Thegim | Bipin Karki,Miruna Magar,Wilson B.Rai",done,2026-05-29 09:31:20.871187,2026-05-29 09:33:59.394939
66aa5b085da04da3a19c5c8314270c3d,334.125,339.625,5.5,54,1,1,2026-05-29 09:33:59.386307,0c8defb836fb4b7fa00738d970830e96,https://youtu.be/CgVQkHQqNNI?si=7-wFciD5FfivowUk,CgVQkHQqNNI,"मखमली-Movie Song[ऊनको स्वीटर] Sujan Chapagain, Sunita Thegim | Bipin Karki,Miruna Magar,Wilson B.Rai",done,2026-05-29 09:31:20.871187,2026-05-29 09:33:59.394939
e386deae722446479274c8c532b6abfe,339.625,346.375,6.75,55,1,1,2026-05-29 09:33:59.386307,0c8defb836fb4b7fa00738d970830e96,https://youtu.be/CgVQkHQqNNI?si=7-wFciD5FfivowUk,CgVQkHQqNNI,"मखमली-Movie Song[ऊनको स्वीटर] Sujan Chapagain, Sunita Thegim | Bipin Karki,Miruna Magar,Wilson B.Rai",done,2026-05-29 09:31:20.871187,2026-05-29 09:33:59.394939
998d5c1626f149329766d51cd8c5d2fb,349.25,354.708,5.458,57,1,1,2026-05-29 09:33:59.386307,0c8defb836fb4b7fa00738d970830e96,https://youtu.be/CgVQkHQqNNI?si=7-wFciD5FfivowUk,CgVQkHQqNNI,"मखमली-Movie Song[ऊनको स्वीटर] Sujan Chapagain, Sunita Thegim | Bipin Karki,Miruna Magar,Wilson B.Rai",done,2026-05-29 09:31:20.871187,2026-05-29 09:33:59.394939
ab40aa76a16749e59551cce6da3ae6d1,360.167,370.167,10.0,60,1,1,2026-05-29 09:33:59.386307,0c8defb836fb4b7fa00738d970830e96,https://youtu.be/CgVQkHQqNNI?si=7-wFciD5FfivowUk,CgVQkHQqNNI,"मखमली-Movie Song[ऊनको स्वीटर] Sujan Chapagain, Sunita Thegim | Bipin Karki,Miruna Magar,Wilson B.Rai",done,2026-05-29 09:31:20.871187,2026-05-29 09:33:59.394939
b1b35c13603f4a9ba4bd8fc09c191a3a,376.5,386.5,10.0,63,1,1,2026-05-29 09:33:59.386307,0c8defb836fb4b7fa00738d970830e96,https://youtu.be/CgVQkHQqNNI?si=7-wFciD5FfivowUk,CgVQkHQqNNI,"मखमली-Movie Song[ऊनको स्वीटर] Sujan Chapagain, Sunita Thegim | Bipin Karki,Miruna Magar,Wilson B.Rai",done,2026-05-29 09:31:20.871187,2026-05-29 09:33:59.394939
ee30946dc2d14b1db0d3da5b84423c6c,386.792,389.875,3.083,64,1,1,2026-05-29 09:33:59.386307,0c8defb836fb4b7fa00738d970830e96,https://youtu.be/CgVQkHQqNNI?si=7-wFciD5FfivowUk,CgVQkHQqNNI,"मखमली-Movie Song[ऊनको स्वीटर] Sujan Chapagain, Sunita Thegim | Bipin Karki,Miruna Magar,Wilson B.Rai",done,2026-05-29 09:31:20.871187,2026-05-29 09:33:59.394939
b7bbf57213c04e1cb1917d1abf3133b8,391.125,400.75,9.625,66,1,1,2026-05-29 09:33:59.386307,0c8defb836fb4b7fa00738d970830e96,https://youtu.be/CgVQkHQqNNI?si=7-wFciD5FfivowUk,CgVQkHQqNNI,"मखमली-Movie Song[ऊनको स्वीटर] Sujan Chapagain, Sunita Thegim | Bipin Karki,Miruna Magar,Wilson B.Rai",done,2026-05-29 09:31:20.871187,2026-05-29 09:33:59.394939
d3ad6d0c1e30461dada7d4921bb2a286,400.75,408.042,7.292,67,1,1,2026-05-29 09:33:59.386307,0c8defb836fb4b7fa00738d970830e96,https://youtu.be/CgVQkHQqNNI?si=7-wFciD5FfivowUk,CgVQkHQqNNI,"मखमली-Movie Song[ऊनको स्वीटर] Sujan Chapagain, Sunita Thegim | Bipin Karki,Miruna Magar,Wilson B.Rai",done,2026-05-29 09:31:20.871187,2026-05-29 09:33:59.394939
01aba128e1bc4e1c8d493e267e174c5c,408.042,413.708,5.667,68,1,1,2026-05-29 09:33:59.386307,0c8defb836fb4b7fa00738d970830e96,https://youtu.be/CgVQkHQqNNI?si=7-wFciD5FfivowUk,CgVQkHQqNNI,"मखमली-Movie Song[ऊनको स्वीटर] Sujan Chapagain, Sunita Thegim | Bipin Karki,Miruna Magar,Wilson B.Rai",done,2026-05-29 09:31:20.871187,2026-05-29 09:33:59.394939
68ee0f6626c0455cb97e03ad2d721aba,416.167,419.458,3.292,70,1,1,2026-05-29 09:33:59.386307,0c8defb836fb4b7fa00738d970830e96,https://youtu.be/CgVQkHQqNNI?si=7-wFciD5FfivowUk,CgVQkHQqNNI,"मखमली-Movie Song[ऊनको स्वीटर] Sujan Chapagain, Sunita Thegim | Bipin Karki,Miruna Magar,Wilson B.Rai",done,2026-05-29 09:31:20.871187,2026-05-29 09:33:59.394939
df2499f15c744f008db17f0159619fb6,419.458,424.542,5.083,71,1,1,2026-05-29 09:33:59.386307,0c8defb836fb4b7fa00738d970830e96,https://youtu.be/CgVQkHQqNNI?si=7-wFciD5FfivowUk,CgVQkHQqNNI,"मखमली-Movie Song[ऊनको स्वीटर] Sujan Chapagain, Sunita Thegim | Bipin Karki,Miruna Magar,Wilson B.Rai",done,2026-05-29 09:31:20.871187,2026-05-29 09:33:59.394939
f1126d43eaa94a20a66cdae1c570afdc,424.542,430.458,5.917,72,1,1,2026-05-29 09:33:59.386307,0c8defb836fb4b7fa00738d970830e96,https://youtu.be/CgVQkHQqNNI?si=7-wFciD5FfivowUk,CgVQkHQqNNI,"मखमली-Movie Song[ऊनको स्वीटर] Sujan Chapagain, Sunita Thegim | Bipin Karki,Miruna Magar,Wilson B.Rai",done,2026-05-29 09:31:20.871187,2026-05-29 09:33:59.394939
3deb1fd2807d4fa8818995697681ba86,430.458,433.583,3.125,73,1,1,2026-05-29 09:33:59.386307,0c8defb836fb4b7fa00738d970830e96,https://youtu.be/CgVQkHQqNNI?si=7-wFciD5FfivowUk,CgVQkHQqNNI,"मखमली-Movie Song[ऊनको स्वीटर] Sujan Chapagain, Sunita Thegim | Bipin Karki,Miruna Magar,Wilson B.Rai",done,2026-05-29 09:31:20.871187,2026-05-29 09:33:59.394939
da76b966662b4ff3a8a363d0c4263297,433.583,439.875,6.292,74,1,1,2026-05-29 09:33:59.386307,0c8defb836fb4b7fa00738d970830e96,https://youtu.be/CgVQkHQqNNI?si=7-wFciD5FfivowUk,CgVQkHQqNNI,"मखमली-Movie Song[ऊनको स्वीटर] Sujan Chapagain, Sunita Thegim | Bipin Karki,Miruna Magar,Wilson B.Rai",done,2026-05-29 09:31:20.871187,2026-05-29 09:33:59.394939
59bc6ec17e8145218f51e68c945b2ed5,439.875,443.083,3.208,75,1,1,2026-05-29 09:33:59.386307,0c8defb836fb4b7fa00738d970830e96,https://youtu.be/CgVQkHQqNNI?si=7-wFciD5FfivowUk,CgVQkHQqNNI,"मखमली-Movie Song[ऊनको स्वीटर] Sujan Chapagain, Sunita Thegim | Bipin Karki,Miruna Magar,Wilson B.Rai",done,2026-05-29 09:31:20.871187,2026-05-29 09:33:59.394939
76aebd4f0b804f82a25801ea94592106,443.083,447.125,4.042,76,1,1,2026-05-29 09:33:59.386307,0c8defb836fb4b7fa00738d970830e96,https://youtu.be/CgVQkHQqNNI?si=7-wFciD5FfivowUk,CgVQkHQqNNI,"मखमली-Movie Song[ऊनको स्वीटर] Sujan Chapagain, Sunita Thegim | Bipin Karki,Miruna Magar,Wilson B.Rai",done,2026-05-29 09:31:20.871187,2026-05-29 09:33:59.394939
904ac73c34a94f0fb069448d9d8cb671,447.125,453.292,6.167,77,1,1,2026-05-29 09:33:59.386307,0c8defb836fb4b7fa00738d970830e96,https://youtu.be/CgVQkHQqNNI?si=7-wFciD5FfivowUk,CgVQkHQqNNI,"मखमली-Movie Song[ऊनको स्वीटर] Sujan Chapagain, Sunita Thegim | Bipin Karki,Miruna Magar,Wilson B.Rai",done,2026-05-29 09:31:20.871187,2026-05-29 09:33:59.394939
0f2bd2ca25974cc19295e8023a09e05d,453.292,456.667,3.375,78,1,1,2026-05-29 09:33:59.386307,0c8defb836fb4b7fa00738d970830e96,https://youtu.be/CgVQkHQqNNI?si=7-wFciD5FfivowUk,CgVQkHQqNNI,"मखमली-Movie Song[ऊनको स्वीटर] Sujan Chapagain, Sunita Thegim | Bipin Karki,Miruna Magar,Wilson B.Rai",done,2026-05-29 09:31:20.871187,2026-05-29 09:33:59.394939
52c5f943f38d41da9372598a8fd41d29,456.667,460.333,3.667,79,1,1,2026-05-29 09:33:59.387335,0c8defb836fb4b7fa00738d970830e96,https://youtu.be/CgVQkHQqNNI?si=7-wFciD5FfivowUk,CgVQkHQqNNI,"मखमली-Movie Song[ऊनको स्वीटर] Sujan Chapagain, Sunita Thegim | Bipin Karki,Miruna Magar,Wilson B.Rai",done,2026-05-29 09:31:20.871187,2026-05-29 09:33:59.394939
a5a691ca9fcf4401a8473d0963fd8881,462.042,470.042,8.0,81,1,1,2026-05-29 09:33:59.387335,0c8defb836fb4b7fa00738d970830e96,https://youtu.be/CgVQkHQqNNI?si=7-wFciD5FfivowUk,CgVQkHQqNNI,"मखमली-Movie Song[ऊनको स्वीटर] Sujan Chapagain, Sunita Thegim | Bipin Karki,Miruna Magar,Wilson B.Rai",done,2026-05-29 09:31:20.871187,2026-05-29 09:33:59.394939
23642c8bf82647e79aee2af343091d2f,470.042,480.042,10.0,82,1,1,2026-05-29 09:33:59.387335,0c8defb836fb4b7fa00738d970830e96,https://youtu.be/CgVQkHQqNNI?si=7-wFciD5FfivowUk,CgVQkHQqNNI,"मखमली-Movie Song[ऊनको स्वीटर] Sujan Chapagain, Sunita Thegim | Bipin Karki,Miruna Magar,Wilson B.Rai",done,2026-05-29 09:31:20.871187,2026-05-29 09:33:59.394939
974eb18bb1014f8793adca79a4165631,0.0,8.467,8.467,0,0,1,2026-05-29 11:25:25.852281,88e157548b95407ba65d6299caca21a7,https://youtu.be/m_TAAhUMbgk?si=hGHiKYkP2QGPNI1L,m_TAAhUMbgk,रोपेर सुन उम्रन्न - Laxmi Prasad Devkota | Ropera Sun Umranna | Bhimsen Lama | Yadav Kharel,done,2026-05-29 11:25:11.145224,2026-05-29 11:25:25.858341
936a8733c7614cfba09ef8c52142d36d,10.533,20.533,10.0,2,0,1,2026-05-29 11:25:25.852281,88e157548b95407ba65d6299caca21a7,https://youtu.be/m_TAAhUMbgk?si=hGHiKYkP2QGPNI1L,m_TAAhUMbgk,रोपेर सुन उम्रन्न - Laxmi Prasad Devkota | Ropera Sun Umranna | Bhimsen Lama | Yadav Kharel,done,2026-05-29 11:25:11.145224,2026-05-29 11:25:25.858341
2685ef876d374385abd18018b12ea0cf,25.0,31.133,6.133,3,0,1,2026-05-29 11:25:25.852281,88e157548b95407ba65d6299caca21a7,https://youtu.be/m_TAAhUMbgk?si=hGHiKYkP2QGPNI1L,m_TAAhUMbgk,रोपेर सुन उम्रन्न - Laxmi Prasad Devkota | Ropera Sun Umranna | Bhimsen Lama | Yadav Kharel,done,2026-05-29 11:25:11.145224,2026-05-29 11:25:25.858341
3a8327311b554c1da7e0123640c8d046,33.733,42.6,8.867,5,0,1,2026-05-29 11:25:25.852281,88e157548b95407ba65d6299caca21a7,https://youtu.be/m_TAAhUMbgk?si=hGHiKYkP2QGPNI1L,m_TAAhUMbgk,रोपेर सुन उम्रन्न - Laxmi Prasad Devkota | Ropera Sun Umranna | Bhimsen Lama | Yadav Kharel,done,2026-05-29 11:25:11.145224,2026-05-29 11:25:25.858341
8ebf70dbd2c247db8a4c01763e358cba,44.333,54.333,10.0,7,0,1,2026-05-29 11:25:25.852281,88e157548b95407ba65d6299caca21a7,https://youtu.be/m_TAAhUMbgk?si=hGHiKYkP2QGPNI1L,m_TAAhUMbgk,रोपेर सुन उम्रन्न - Laxmi Prasad Devkota | Ropera Sun Umranna | Bhimsen Lama | Yadav Kharel,done,2026-05-29 11:25:11.145224,2026-05-29 11:25:25.858341
921bd7735b014dcf9b8ec520138124f8,62.2,70.8,8.6,8,0,1,2026-05-29 11:25:25.852281,88e157548b95407ba65d6299caca21a7,https://youtu.be/m_TAAhUMbgk?si=hGHiKYkP2QGPNI1L,m_TAAhUMbgk,रोपेर सुन उम्रन्न - Laxmi Prasad Devkota | Ropera Sun Umranna | Bhimsen Lama | Yadav Kharel,done,2026-05-29 11:25:11.145224,2026-05-29 11:25:25.858341
68a89ae74cec4574875ec706a2be7824,70.8,78.133,7.333,9,0,1,2026-05-29 11:25:25.852281,88e157548b95407ba65d6299caca21a7,https://youtu.be/m_TAAhUMbgk?si=hGHiKYkP2QGPNI1L,m_TAAhUMbgk,रोपेर सुन उम्रन्न - Laxmi Prasad Devkota | Ropera Sun Umranna | Bhimsen Lama | Yadav Kharel,done,2026-05-29 11:25:11.145224,2026-05-29 11:25:25.858341
c77a8fd27b024055b7d225d64f0c1e2c,79.2,89.2,10.0,11,0,1,2026-05-29 11:25:25.852281,88e157548b95407ba65d6299caca21a7,https://youtu.be/m_TAAhUMbgk?si=hGHiKYkP2QGPNI1L,m_TAAhUMbgk,रोपेर सुन उम्रन्न - Laxmi Prasad Devkota | Ropera Sun Umranna | Bhimsen Lama | Yadav Kharel,done,2026-05-29 11:25:11.145224,2026-05-29 11:25:25.858341
b5f5e12ca82b4d3bafbdeae911037c00,98.733,104.4,5.667,12,0,1,2026-05-29 11:25:25.852281,88e157548b95407ba65d6299caca21a7,https://youtu.be/m_TAAhUMbgk?si=hGHiKYkP2QGPNI1L,m_TAAhUMbgk,रोपेर सुन उम्रन्न - Laxmi Prasad Devkota | Ropera Sun Umranna | Bhimsen Lama | Yadav Kharel,done,2026-05-29 11:25:11.145224,2026-05-29 11:25:25.858341
b69e62d61d3d41fea12cca1039a2227a,104.4,109.467,5.067,13,0,1,2026-05-29 11:25:25.852281,88e157548b95407ba65d6299caca21a7,https://youtu.be/m_TAAhUMbgk?si=hGHiKYkP2QGPNI1L,m_TAAhUMbgk,रोपेर सुन उम्रन्न - Laxmi Prasad Devkota | Ropera Sun Umranna | Bhimsen Lama | Yadav Kharel,done,2026-05-29 11:25:11.145224,2026-05-29 11:25:25.858341
4959de3492b2465ca9a2507ab3b03bd3,109.467,119.467,10.0,14,0,1,2026-05-29 11:25:25.852281,88e157548b95407ba65d6299caca21a7,https://youtu.be/m_TAAhUMbgk?si=hGHiKYkP2QGPNI1L,m_TAAhUMbgk,रोपेर सुन उम्रन्न - Laxmi Prasad Devkota | Ropera Sun Umranna | Bhimsen Lama | Yadav Kharel,done,2026-05-29 11:25:11.145224,2026-05-29 11:25:25.858341
22ba1bc90798458c81c4ed512b9eb06c,13.04,16.24,3.2,5,0,1,2026-06-02 10:40:28.308201,aa5c02f8109e4c1fa4fd7484c65ff0fc,https://youtu.be/sgNY6S-gSgA?si=phv-ey5cynYOb8su,sgNY6S-gSgA,सिमानाको कथा | Simanako Katha - Herne Katha EP11,done,2026-06-02 10:30:16.581211,2026-06-02 10:40:28.331531
05d9029c8e894fc5ac1a78834ed52e45,16.24,26.24,10.0,6,0,1,2026-06-02 10:40:28.308201,aa5c02f8109e4c1fa4fd7484c65ff0fc,https://youtu.be/sgNY6S-gSgA?si=phv-ey5cynYOb8su,sgNY6S-gSgA,सिमानाको कथा | Simanako Katha - Herne Katha EP11,done,2026-06-02 10:30:16.581211,2026-06-02 10:40:28.331531
23ca5663e97047af8acbffa3420059c2,36.84,41.96,5.12,8,0,1,2026-06-02 10:40:28.308201,aa5c02f8109e4c1fa4fd7484c65ff0fc,https://youtu.be/sgNY6S-gSgA?si=phv-ey5cynYOb8su,sgNY6S-gSgA,सिमानाको कथा | Simanako Katha - Herne Katha EP11,done,2026-06-02 10:30:16.581211,2026-06-02 10:40:28.331531
16739b69ccf645adb099f489cf20a02d,41.96,47.12,5.16,9,0,1,2026-06-02 10:40:28.308201,aa5c02f8109e4c1fa4fd7484c65ff0fc,https://youtu.be/sgNY6S-gSgA?si=phv-ey5cynYOb8su,sgNY6S-gSgA,सिमानाको कथा | Simanako Katha - Herne Katha EP11,done,2026-06-02 10:30:16.581211,2026-06-02 10:40:28.331531
9d3b4bd051f24098803afa802ca82658,59.64,65.76,6.12,16,0,1,2026-06-02 10:40:28.308201,aa5c02f8109e4c1fa4fd7484c65ff0fc,https://youtu.be/sgNY6S-gSgA?si=phv-ey5cynYOb8su,sgNY6S-gSgA,सिमानाको कथा | Simanako Katha - Herne Katha EP11,done,2026-06-02 10:30:16.581211,2026-06-02 10:40:28.331531
a9b03b2f43184ca8865412584247ec48,80.52,84.64,4.12,26,0,1,2026-06-02 10:40:28.308201,aa5c02f8109e4c1fa4fd7484c65ff0fc,https://youtu.be/sgNY6S-gSgA?si=phv-ey5cynYOb8su,sgNY6S-gSgA,सिमानाको कथा | Simanako Katha - Herne Katha EP11,done,2026-06-02 10:30:16.581211,2026-06-02 10:40:28.331531
f407a3fd791a4abe808f1f391fe9dde8,104.64,109.44,4.8,36,0,1,2026-06-02 10:40:28.308201,aa5c02f8109e4c1fa4fd7484c65ff0fc,https://youtu.be/sgNY6S-gSgA?si=phv-ey5cynYOb8su,sgNY6S-gSgA,सिमानाको कथा | Simanako Katha - Herne Katha EP11,done,2026-06-02 10:30:16.581211,2026-06-02 10:40:28.331531
ea78bbb33a4c40c2afd4ce0a9949b0da,109.44,113.44,4.0,37,0,1,2026-06-02 10:40:28.308201,aa5c02f8109e4c1fa4fd7484c65ff0fc,https://youtu.be/sgNY6S-gSgA?si=phv-ey5cynYOb8su,sgNY6S-gSgA,सिमानाको कथा | Simanako Katha - Herne Katha EP11,done,2026-06-02 10:30:16.581211,2026-06-02 10:40:28.331531
c11d19ed4a424f11be7a8631a13c509c,113.44,116.76,3.32,38,0,1,2026-06-02 10:40:28.308201,aa5c02f8109e4c1fa4fd7484c65ff0fc,https://youtu.be/sgNY6S-gSgA?si=phv-ey5cynYOb8su,sgNY6S-gSgA,सिमानाको कथा | Simanako Katha - Herne Katha EP11,done,2026-06-02 10:30:16.581211,2026-06-02 10:40:28.331531
9499afe12bc448abbd32f1d7418f981f,116.76,120.68,3.92,39,0,1,2026-06-02 10:40:28.308201,aa5c02f8109e4c1fa4fd7484c65ff0fc,https://youtu.be/sgNY6S-gSgA?si=phv-ey5cynYOb8su,sgNY6S-gSgA,सिमानाको कथा | Simanako Katha - Herne Katha EP11,done,2026-06-02 10:30:16.581211,2026-06-02 10:40:28.331531
377c4a0e4c75442294065621a86697b4,120.68,124.08,3.4,40,0,1,2026-06-02 10:40:28.308201,aa5c02f8109e4c1fa4fd7484c65ff0fc,https://youtu.be/sgNY6S-gSgA?si=phv-ey5cynYOb8su,sgNY6S-gSgA,सिमानाको कथा | Simanako Katha - Herne Katha EP11,done,2026-06-02 10:30:16.581211,2026-06-02 10:40:28.331531
8f9adba6b6574a5db8f9d21eed51320a,143.6,148.04,4.44,51,0,1,2026-06-02 10:40:28.308201,aa5c02f8109e4c1fa4fd7484c65ff0fc,https://youtu.be/sgNY6S-gSgA?si=phv-ey5cynYOb8su,sgNY6S-gSgA,सिमानाको कथा | Simanako Katha - Herne Katha EP11,done,2026-06-02 10:30:16.581211,2026-06-02 10:40:28.331531
7707a2cfcba249fa92630d0135ac8715,153.2,157.28,4.08,54,0,1,2026-06-02 10:40:28.308201,aa5c02f8109e4c1fa4fd7484c65ff0fc,https://youtu.be/sgNY6S-gSgA?si=phv-ey5cynYOb8su,sgNY6S-gSgA,सिमानाको कथा | Simanako Katha - Herne Katha EP11,done,2026-06-02 10:30:16.581211,2026-06-02 10:40:28.331531
388d8ea5cc7247e9ad640e6bd494ff0d,160.12,163.92,3.8,56,0,1,2026-06-02 10:40:28.308201,aa5c02f8109e4c1fa4fd7484c65ff0fc,https://youtu.be/sgNY6S-gSgA?si=phv-ey5cynYOb8su,sgNY6S-gSgA,सिमानाको कथा | Simanako Katha - Herne Katha EP11,done,2026-06-02 10:30:16.581211,2026-06-02 10:40:28.331531
e76713c22e5a4bc6bb8122e99fd3fc9f,177.8,182.56,4.76,65,0,1,2026-06-02 10:40:28.308201,aa5c02f8109e4c1fa4fd7484c65ff0fc,https://youtu.be/sgNY6S-gSgA?si=phv-ey5cynYOb8su,sgNY6S-gSgA,सिमानाको कथा | Simanako Katha - Herne Katha EP11,done,2026-06-02 10:30:16.581211,2026-06-02 10:40:28.331531
2318cbb0a9914c9da5a74370abaeed66,184.48,188.56,4.08,67,0,1,2026-06-02 10:40:28.308201,aa5c02f8109e4c1fa4fd7484c65ff0fc,https://youtu.be/sgNY6S-gSgA?si=phv-ey5cynYOb8su,sgNY6S-gSgA,सिमानाको कथा | Simanako Katha - Herne Katha EP11,done,2026-06-02 10:30:16.581211,2026-06-02 10:40:28.331531
e6ff13f2be854eaeb5363903bd9df8df,189.72,193.16,3.44,69,0,1,2026-06-02 10:40:28.308201,aa5c02f8109e4c1fa4fd7484c65ff0fc,https://youtu.be/sgNY6S-gSgA?si=phv-ey5cynYOb8su,sgNY6S-gSgA,सिमानाको कथा | Simanako Katha - Herne Katha EP11,done,2026-06-02 10:30:16.581211,2026-06-02 10:40:28.331531
c2a05356d17844fab09b240e2d350b87,199.28,206.96,7.68,73,0,1,2026-06-02 10:40:28.308201,aa5c02f8109e4c1fa4fd7484c65ff0fc,https://youtu.be/sgNY6S-gSgA?si=phv-ey5cynYOb8su,sgNY6S-gSgA,सिमानाको कथा | Simanako Katha - Herne Katha EP11,done,2026-06-02 10:30:16.581211,2026-06-02 10:40:28.331531
76407e5e77da43fba1fe922b4ff84701,206.96,212.2,5.24,74,0,1,2026-06-02 10:40:28.308201,aa5c02f8109e4c1fa4fd7484c65ff0fc,https://youtu.be/sgNY6S-gSgA?si=phv-ey5cynYOb8su,sgNY6S-gSgA,सिमानाको कथा | Simanako Katha - Herne Katha EP11,done,2026-06-02 10:30:16.581211,2026-06-02 10:40:28.331531
b6a30d4b8d73457bbd26ad6a384d3f88,212.2,215.36,3.16,75,0,1,2026-06-02 10:40:28.308201,aa5c02f8109e4c1fa4fd7484c65ff0fc,https://youtu.be/sgNY6S-gSgA?si=phv-ey5cynYOb8su,sgNY6S-gSgA,सिमानाको कथा | Simanako Katha - Herne Katha EP11,done,2026-06-02 10:30:16.581211,2026-06-02 10:40:28.331531
d6d542cb98934e7faf3adb4c3400ae6f,215.36,219.96,4.6,76,0,1,2026-06-02 10:40:28.308201,aa5c02f8109e4c1fa4fd7484c65ff0fc,https://youtu.be/sgNY6S-gSgA?si=phv-ey5cynYOb8su,sgNY6S-gSgA,सिमानाको कथा | Simanako Katha - Herne Katha EP11,done,2026-06-02 10:30:16.581211,2026-06-02 10:40:28.331531
ef044d947f534c999bea5780e9236af6,219.96,223.76,3.8,77,0,1,2026-06-02 10:40:28.308201,aa5c02f8109e4c1fa4fd7484c65ff0fc,https://youtu.be/sgNY6S-gSgA?si=phv-ey5cynYOb8su,sgNY6S-gSgA,सिमानाको कथा | Simanako Katha - Herne Katha EP11,done,2026-06-02 10:30:16.581211,2026-06-02 10:40:28.331531
2d27134fa14a4bfda2395d5f2887ab09,225.92,230.04,4.12,79,0,1,2026-06-02 10:40:28.308201,aa5c02f8109e4c1fa4fd7484c65ff0fc,https://youtu.be/sgNY6S-gSgA?si=phv-ey5cynYOb8su,sgNY6S-gSgA,सिमानाको कथा | Simanako Katha - Herne Katha EP11,done,2026-06-02 10:30:16.581211,2026-06-02 10:40:28.331531
f1ba7ad6400d412990df3eb89840f7dd,231.8,235.28,3.48,81,0,1,2026-06-02 10:40:28.308201,aa5c02f8109e4c1fa4fd7484c65ff0fc,https://youtu.be/sgNY6S-gSgA?si=phv-ey5cynYOb8su,sgNY6S-gSgA,सिमानाको कथा | Simanako Katha - Herne Katha EP11,done,2026-06-02 10:30:16.581211,2026-06-02 10:40:28.331531
7f2685a1c08942fba0357f8480bb6737,237.52,241.36,3.84,83,0,1,2026-06-02 10:40:28.308201,aa5c02f8109e4c1fa4fd7484c65ff0fc,https://youtu.be/sgNY6S-gSgA?si=phv-ey5cynYOb8su,sgNY6S-gSgA,सिमानाको कथा | Simanako Katha - Herne Katha EP11,done,2026-06-02 10:30:16.581211,2026-06-02 10:40:28.331531
a5924fe5cb5c40e6987efc5a2a2d96b0,243.8,248.36,4.56,85,0,1,2026-06-02 10:40:28.308201,aa5c02f8109e4c1fa4fd7484c65ff0fc,https://youtu.be/sgNY6S-gSgA?si=phv-ey5cynYOb8su,sgNY6S-gSgA,सिमानाको कथा | Simanako Katha - Herne Katha EP11,done,2026-06-02 10:30:16.581211,2026-06-02 10:40:28.331531
d5174534d8ba4a6ea53d036741a5b653,248.36,251.8,3.44,86,0,1,2026-06-02 10:40:28.308201,aa5c02f8109e4c1fa4fd7484c65ff0fc,https://youtu.be/sgNY6S-gSgA?si=phv-ey5cynYOb8su,sgNY6S-gSgA,सिमानाको कथा | Simanako Katha - Herne Katha EP11,done,2026-06-02 10:30:16.581211,2026-06-02 10:40:28.331531
6ddb355f8a7146c3b468211b925c666c,251.8,257.72,5.92,87,0,1,2026-06-02 10:40:28.308201,aa5c02f8109e4c1fa4fd7484c65ff0fc,https://youtu.be/sgNY6S-gSgA?si=phv-ey5cynYOb8su,sgNY6S-gSgA,सिमानाको कथा | Simanako Katha - Herne Katha EP11,done,2026-06-02 10:30:16.581211,2026-06-02 10:40:28.331531
9fe21ca2baea48e8804d245e5afbefca,262.24,265.84,3.6,90,0,1,2026-06-02 10:40:28.308201,aa5c02f8109e4c1fa4fd7484c65ff0fc,https://youtu.be/sgNY6S-gSgA?si=phv-ey5cynYOb8su,sgNY6S-gSgA,सिमानाको कथा | Simanako Katha - Herne Katha EP11,done,2026-06-02 10:30:16.581211,2026-06-02 10:40:28.331531
653362e728dd4cfe915f7351e456d0d5,270.08,273.64,3.56,93,0,1,2026-06-02 10:40:28.308201,aa5c02f8109e4c1fa4fd7484c65ff0fc,https://youtu.be/sgNY6S-gSgA?si=phv-ey5cynYOb8su,sgNY6S-gSgA,सिमानाको कथा | Simanako Katha - Herne Katha EP11,done,2026-06-02 10:30:16.581211,2026-06-02 10:40:28.331531
8899700a62f24c7eb2fcbbe1c1c70b2d,273.64,279.64,6.0,94,0,1,2026-06-02 10:40:28.308767,aa5c02f8109e4c1fa4fd7484c65ff0fc,https://youtu.be/sgNY6S-gSgA?si=phv-ey5cynYOb8su,sgNY6S-gSgA,सिमानाको कथा | Simanako Katha - Herne Katha EP11,done,2026-06-02 10:30:16.581211,2026-06-02 10:40:28.331531
88590d94b7f4458993071ce2ed9e95fb,293.04,296.72,3.68,102,0,1,2026-06-02 10:40:28.308767,aa5c02f8109e4c1fa4fd7484c65ff0fc,https://youtu.be/sgNY6S-gSgA?si=phv-ey5cynYOb8su,sgNY6S-gSgA,सिमानाको कथा | Simanako Katha - Herne Katha EP11,done,2026-06-02 10:30:16.581211,2026-06-02 10:40:28.331531
26a4ce0a9f9b4bd79c8b80fa392f1264,296.72,299.96,3.24,103,0,1,2026-06-02 10:40:28.308767,aa5c02f8109e4c1fa4fd7484c65ff0fc,https://youtu.be/sgNY6S-gSgA?si=phv-ey5cynYOb8su,sgNY6S-gSgA,सिमानाको कथा | Simanako Katha - Herne Katha EP11,done,2026-06-02 10:30:16.581211,2026-06-02 10:40:28.331531
e387d111fa624c76b77bd84b2e467cfe,308.88,312.88,4.0,109,0,1,2026-06-02 10:40:28.308767,aa5c02f8109e4c1fa4fd7484c65ff0fc,https://youtu.be/sgNY6S-gSgA?si=phv-ey5cynYOb8su,sgNY6S-gSgA,सिमानाको कथा | Simanako Katha - Herne Katha EP11,done,2026-06-02 10:30:16.581211,2026-06-02 10:40:28.331531
67960830f6c74972a7f8befb04f432ce,312.88,322.88,10.0,110,0,1,2026-06-02 10:40:28.308829,aa5c02f8109e4c1fa4fd7484c65ff0fc,https://youtu.be/sgNY6S-gSgA?si=phv-ey5cynYOb8su,sgNY6S-gSgA,सिमानाको कथा | Simanako Katha - Herne Katha EP11,done,2026-06-02 10:30:16.581211,2026-06-02 10:40:28.331531
6f376bd011b74d348a5589c1317afa79,332.64,335.64,3.0,117,0,1,2026-06-02 10:40:28.308829,aa5c02f8109e4c1fa4fd7484c65ff0fc,https://youtu.be/sgNY6S-gSgA?si=phv-ey5cynYOb8su,sgNY6S-gSgA,सिमानाको कथा | Simanako Katha - Herne Katha EP11,done,2026-06-02 10:30:16.581211,2026-06-02 10:40:28.331531
9ced9fb3fdb94a50b06f9e26c2258133,343.28,349.12,5.84,122,0,1,2026-06-02 10:40:28.308829,aa5c02f8109e4c1fa4fd7484c65ff0fc,https://youtu.be/sgNY6S-gSgA?si=phv-ey5cynYOb8su,sgNY6S-gSgA,सिमानाको कथा | Simanako Katha - Herne Katha EP11,done,2026-06-02 10:30:16.581211,2026-06-02 10:40:28.331531
e98bd705bd324e7a8c0cdfac8d76906d,354.32,359.44,5.12,125,0,1,2026-06-02 10:40:28.308829,aa5c02f8109e4c1fa4fd7484c65ff0fc,https://youtu.be/sgNY6S-gSgA?si=phv-ey5cynYOb8su,sgNY6S-gSgA,सिमानाको कथा | Simanako Katha - Herne Katha EP11,done,2026-06-02 10:30:16.581211,2026-06-02 10:40:28.331531
2f5e1eb7214e40e8bef1a9c675448200,370.52,375.08,4.56,131,0,1,2026-06-02 10:40:28.308829,aa5c02f8109e4c1fa4fd7484c65ff0fc,https://youtu.be/sgNY6S-gSgA?si=phv-ey5cynYOb8su,sgNY6S-gSgA,सिमानाको कथा | Simanako Katha - Herne Katha EP11,done,2026-06-02 10:30:16.581211,2026-06-02 10:40:28.331531
015f1d0926d941b39c14df2749a8cd96,376.8,381.76,4.96,133,0,1,2026-06-02 10:40:28.308829,aa5c02f8109e4c1fa4fd7484c65ff0fc,https://youtu.be/sgNY6S-gSgA?si=phv-ey5cynYOb8su,sgNY6S-gSgA,सिमानाको कथा | Simanako Katha - Herne Katha EP11,done,2026-06-02 10:30:16.581211,2026-06-02 10:40:28.331531
7bacc041af5542f09050ae3f9e3e4950,389.4,393.56,4.16,138,0,1,2026-06-02 10:40:28.308829,aa5c02f8109e4c1fa4fd7484c65ff0fc,https://youtu.be/sgNY6S-gSgA?si=phv-ey5cynYOb8su,sgNY6S-gSgA,सिमानाको कथा | Simanako Katha - Herne Katha EP11,done,2026-06-02 10:30:16.581211,2026-06-02 10:40:28.331531
2015de8632cf43c4bee4e46393520571,393.56,399.16,5.6,139,0,1,2026-06-02 10:40:28.308829,aa5c02f8109e4c1fa4fd7484c65ff0fc,https://youtu.be/sgNY6S-gSgA?si=phv-ey5cynYOb8su,sgNY6S-gSgA,सिमानाको कथा | Simanako Katha - Herne Katha EP11,done,2026-06-02 10:30:16.581211,2026-06-02 10:40:28.331531
601ee338c04e4c54ab1cec78b5daec1c,407.32,411.16,3.84,145,0,1,2026-06-02 10:40:28.308829,aa5c02f8109e4c1fa4fd7484c65ff0fc,https://youtu.be/sgNY6S-gSgA?si=phv-ey5cynYOb8su,sgNY6S-gSgA,सिमानाको कथा | Simanako Katha - Herne Katha EP11,done,2026-06-02 10:30:16.581211,2026-06-02 10:40:28.331531
5339059625a04a6f9f5fa5747b3bc142,422.4,426.36,3.96,153,0,1,2026-06-02 10:40:28.308829,aa5c02f8109e4c1fa4fd7484c65ff0fc,https://youtu.be/sgNY6S-gSgA?si=phv-ey5cynYOb8su,sgNY6S-gSgA,सिमानाको कथा | Simanako Katha - Herne Katha EP11,done,2026-06-02 10:30:16.581211,2026-06-02 10:40:28.331531
6321159732aa4d7fbd66f1751535a8cd,429.28,434.96,5.68,155,0,1,2026-06-02 10:40:28.308829,aa5c02f8109e4c1fa4fd7484c65ff0fc,https://youtu.be/sgNY6S-gSgA?si=phv-ey5cynYOb8su,sgNY6S-gSgA,सिमानाको कथा | Simanako Katha - Herne Katha EP11,done,2026-06-02 10:30:16.581211,2026-06-02 10:40:28.331531
d737699afdaf4f67889e2624be12b0cb,437.44,443.36,5.92,157,0,1,2026-06-02 10:40:28.308829,aa5c02f8109e4c1fa4fd7484c65ff0fc,https://youtu.be/sgNY6S-gSgA?si=phv-ey5cynYOb8su,sgNY6S-gSgA,सिमानाको कथा | Simanako Katha - Herne Katha EP11,done,2026-06-02 10:30:16.581211,2026-06-02 10:40:28.331531
58b3b50740a641cc96795f102500cd1d,445.76,453.76,8.0,159,0,1,2026-06-02 10:40:28.308829,aa5c02f8109e4c1fa4fd7484c65ff0fc,https://youtu.be/sgNY6S-gSgA?si=phv-ey5cynYOb8su,sgNY6S-gSgA,सिमानाको कथा | Simanako Katha - Herne Katha EP11,done,2026-06-02 10:30:16.581211,2026-06-02 10:40:28.331531
dba62c63403a49c58132ca3d566b807f,455.72,460.96,5.24,161,0,1,2026-06-02 10:40:28.308829,aa5c02f8109e4c1fa4fd7484c65ff0fc,https://youtu.be/sgNY6S-gSgA?si=phv-ey5cynYOb8su,sgNY6S-gSgA,सिमानाको कथा | Simanako Katha - Herne Katha EP11,done,2026-06-02 10:30:16.581211,2026-06-02 10:40:28.331531
4a94e5f439b04dc3923a2685532657e8,463.2,466.36,3.16,163,0,1,2026-06-02 10:40:28.308829,aa5c02f8109e4c1fa4fd7484c65ff0fc,https://youtu.be/sgNY6S-gSgA?si=phv-ey5cynYOb8su,sgNY6S-gSgA,सिमानाको कथा | Simanako Katha - Herne Katha EP11,done,2026-06-02 10:30:16.581211,2026-06-02 10:40:28.331531
74f47391393c4b778a7fe3353284da8f,467.04,470.68,3.64,165,0,1,2026-06-02 10:40:28.308829,aa5c02f8109e4c1fa4fd7484c65ff0fc,https://youtu.be/sgNY6S-gSgA?si=phv-ey5cynYOb8su,sgNY6S-gSgA,सिमानाको कथा | Simanako Katha - Herne Katha EP11,done,2026-06-02 10:30:16.581211,2026-06-02 10:40:28.331531
05aeef7ebd864c18a365252fba35ff73,472.36,476.56,4.2,167,0,1,2026-06-02 10:40:28.308829,aa5c02f8109e4c1fa4fd7484c65ff0fc,https://youtu.be/sgNY6S-gSgA?si=phv-ey5cynYOb8su,sgNY6S-gSgA,सिमानाको कथा | Simanako Katha - Herne Katha EP11,done,2026-06-02 10:30:16.581211,2026-06-02 10:40:28.331531
acd5b6acc45c48dd91bdcf2e87714900,478.52,482.4,3.88,169,0,1,2026-06-02 10:40:28.308829,aa5c02f8109e4c1fa4fd7484c65ff0fc,https://youtu.be/sgNY6S-gSgA?si=phv-ey5cynYOb8su,sgNY6S-gSgA,सिमानाको कथा | Simanako Katha - Herne Katha EP11,done,2026-06-02 10:30:16.581211,2026-06-02 10:40:28.331531
48328f48630c4c9b9a1a6a53f9ea79bd,483.24,488.28,5.04,171,0,1,2026-06-02 10:40:28.308829,aa5c02f8109e4c1fa4fd7484c65ff0fc,https://youtu.be/sgNY6S-gSgA?si=phv-ey5cynYOb8su,sgNY6S-gSgA,सिमानाको कथा | Simanako Katha - Herne Katha EP11,done,2026-06-02 10:30:16.581211,2026-06-02 10:40:28.331531
39ef3837e51b42d6a798425ac4f0c0b8,496.24,499.96,3.72,177,0,1,2026-06-02 10:40:28.308829,aa5c02f8109e4c1fa4fd7484c65ff0fc,https://youtu.be/sgNY6S-gSgA?si=phv-ey5cynYOb8su,sgNY6S-gSgA,सिमानाको कथा | Simanako Katha - Herne Katha EP11,done,2026-06-02 10:30:16.581211,2026-06-02 10:40:28.331531
7c6cd22929dc4e3b995e19a55ba9505c,499.96,504.52,4.56,178,0,1,2026-06-02 10:40:28.308829,aa5c02f8109e4c1fa4fd7484c65ff0fc,https://youtu.be/sgNY6S-gSgA?si=phv-ey5cynYOb8su,sgNY6S-gSgA,सिमानाको कथा | Simanako Katha - Herne Katha EP11,done,2026-06-02 10:30:16.581211,2026-06-02 10:40:28.331531
f6dc0a3ff1f34de2aaa9536cda976bbe,508.68,512.72,4.04,181,0,1,2026-06-02 10:40:28.308829,aa5c02f8109e4c1fa4fd7484c65ff0fc,https://youtu.be/sgNY6S-gSgA?si=phv-ey5cynYOb8su,sgNY6S-gSgA,सिमानाको कथा | Simanako Katha - Herne Katha EP11,done,2026-06-02 10:30:16.581211,2026-06-02 10:40:28.331531
5ec64721ef4d4160a8fc2109550f2d92,512.72,515.84,3.12,182,0,1,2026-06-02 10:40:28.308829,aa5c02f8109e4c1fa4fd7484c65ff0fc,https://youtu.be/sgNY6S-gSgA?si=phv-ey5cynYOb8su,sgNY6S-gSgA,सिमानाको कथा | Simanako Katha - Herne Katha EP11,done,2026-06-02 10:30:16.581211,2026-06-02 10:40:28.331531
85354a25db28408e883fb6186acfc511,515.84,519.76,3.92,183,0,1,2026-06-02 10:40:28.308829,aa5c02f8109e4c1fa4fd7484c65ff0fc,https://youtu.be/sgNY6S-gSgA?si=phv-ey5cynYOb8su,sgNY6S-gSgA,सिमानाको कथा | Simanako Katha - Herne Katha EP11,done,2026-06-02 10:30:16.581211,2026-06-02 10:40:28.331531
ec28c6d032894ad0b63009a6881c815f,521.44,524.44,3.0,185,0,1,2026-06-02 10:40:28.308829,aa5c02f8109e4c1fa4fd7484c65ff0fc,https://youtu.be/sgNY6S-gSgA?si=phv-ey5cynYOb8su,sgNY6S-gSgA,सिमानाको कथा | Simanako Katha - Herne Katha EP11,done,2026-06-02 10:30:16.581211,2026-06-02 10:40:28.331531
63ad1ae6d44c477ca0454630e8a3b3bf,526.68,531.6,4.92,187,0,1,2026-06-02 10:40:28.308829,aa5c02f8109e4c1fa4fd7484c65ff0fc,https://youtu.be/sgNY6S-gSgA?si=phv-ey5cynYOb8su,sgNY6S-gSgA,सिमानाको कथा | Simanako Katha - Herne Katha EP11,done,2026-06-02 10:30:16.581211,2026-06-02 10:40:28.331531
e463fab40ee84d0f876945384ed30672,531.6,534.72,3.12,188,0,1,2026-06-02 10:40:28.308829,aa5c02f8109e4c1fa4fd7484c65ff0fc,https://youtu.be/sgNY6S-gSgA?si=phv-ey5cynYOb8su,sgNY6S-gSgA,सिमानाको कथा | Simanako Katha - Herne Katha EP11,done,2026-06-02 10:30:16.581211,2026-06-02 10:40:28.331531
6abdaa5c1284446d8fdb2d86e8a1b441,534.72,541.04,6.32,189,0,1,2026-06-02 10:40:28.308829,aa5c02f8109e4c1fa4fd7484c65ff0fc,https://youtu.be/sgNY6S-gSgA?si=phv-ey5cynYOb8su,sgNY6S-gSgA,सिमानाको कथा | Simanako Katha - Herne Katha EP11,done,2026-06-02 10:30:16.581211,2026-06-02 10:40:28.331531
a6a6f58a9aa14cc1a6eede36cb988864,542.56,547.64,5.08,191,0,1,2026-06-02 10:40:28.308829,aa5c02f8109e4c1fa4fd7484c65ff0fc,https://youtu.be/sgNY6S-gSgA?si=phv-ey5cynYOb8su,sgNY6S-gSgA,सिमानाको कथा | Simanako Katha - Herne Katha EP11,done,2026-06-02 10:30:16.581211,2026-06-02 10:40:28.331531
95ba0e5ad3ba408eb28548e41fac67c9,547.64,550.72,3.08,192,0,1,2026-06-02 10:40:28.308829,aa5c02f8109e4c1fa4fd7484c65ff0fc,https://youtu.be/sgNY6S-gSgA?si=phv-ey5cynYOb8su,sgNY6S-gSgA,सिमानाको कथा | Simanako Katha - Herne Katha EP11,done,2026-06-02 10:30:16.581211,2026-06-02 10:40:28.331531
a86d899dd1e345b195c14962fb8481ef,550.72,555.48,4.76,193,0,1,2026-06-02 10:40:28.308829,aa5c02f8109e4c1fa4fd7484c65ff0fc,https://youtu.be/sgNY6S-gSgA?si=phv-ey5cynYOb8su,sgNY6S-gSgA,सिमानाको कथा | Simanako Katha - Herne Katha EP11,done,2026-06-02 10:30:16.581211,2026-06-02 10:40:28.331531
6181840498474cdc9856cf509cd6a559,557.64,560.68,3.04,195,0,1,2026-06-02 10:40:28.308829,aa5c02f8109e4c1fa4fd7484c65ff0fc,https://youtu.be/sgNY6S-gSgA?si=phv-ey5cynYOb8su,sgNY6S-gSgA,सिमानाको कथा | Simanako Katha - Herne Katha EP11,done,2026-06-02 10:30:16.581211,2026-06-02 10:40:28.331531
f0b12cbbefa8410ba2f8927d01266146,560.68,570.68,10.0,196,0,1,2026-06-02 10:40:28.308829,aa5c02f8109e4c1fa4fd7484c65ff0fc,https://youtu.be/sgNY6S-gSgA?si=phv-ey5cynYOb8su,sgNY6S-gSgA,सिमानाको कथा | Simanako Katha - Herne Katha EP11,done,2026-06-02 10:30:16.581211,2026-06-02 10:40:28.331531
99a2351b27c84501a5105538a347c2d6,571.4,575.4,4.0,197,0,1,2026-06-02 10:40:28.309384,aa5c02f8109e4c1fa4fd7484c65ff0fc,https://youtu.be/sgNY6S-gSgA?si=phv-ey5cynYOb8su,sgNY6S-gSgA,सिमानाको कथा | Simanako Katha - Herne Katha EP11,done,2026-06-02 10:30:16.581211,2026-06-02 10:40:28.331531
fad8b24da48548f9be4407d41acf72b4,575.4,579.52,4.12,198,0,1,2026-06-02 10:40:28.309384,aa5c02f8109e4c1fa4fd7484c65ff0fc,https://youtu.be/sgNY6S-gSgA?si=phv-ey5cynYOb8su,sgNY6S-gSgA,सिमानाको कथा | Simanako Katha - Herne Katha EP11,done,2026-06-02 10:30:16.581211,2026-06-02 10:40:28.331531
3e4c2a1d56484ca091c69c5c3b223e04,579.52,583.96,4.44,199,0,1,2026-06-02 10:40:28.309384,aa5c02f8109e4c1fa4fd7484c65ff0fc,https://youtu.be/sgNY6S-gSgA?si=phv-ey5cynYOb8su,sgNY6S-gSgA,सिमानाको कथा | Simanako Katha - Herne Katha EP11,done,2026-06-02 10:30:16.581211,2026-06-02 10:40:28.331531
bb53843df1114b13a22205042977c769,583.96,591.8,7.84,200,0,1,2026-06-02 10:40:28.309384,aa5c02f8109e4c1fa4fd7484c65ff0fc,https://youtu.be/sgNY6S-gSgA?si=phv-ey5cynYOb8su,sgNY6S-gSgA,सिमानाको कथा | Simanako Katha - Herne Katha EP11,done,2026-06-02 10:30:16.581211,2026-06-02 10:40:28.331531
93173d776d4b4bffa6eacd9bce2f402e,591.8,595.76,3.96,201,0,1,2026-06-02 10:40:28.309435,aa5c02f8109e4c1fa4fd7484c65ff0fc,https://youtu.be/sgNY6S-gSgA?si=phv-ey5cynYOb8su,sgNY6S-gSgA,सिमानाको कथा | Simanako Katha - Herne Katha EP11,done,2026-06-02 10:30:16.581211,2026-06-02 10:40:28.331531
28a902c9ff0f4c9695d3a2416f3469e4,595.76,600.32,4.56,202,0,1,2026-06-02 10:40:28.309435,aa5c02f8109e4c1fa4fd7484c65ff0fc,https://youtu.be/sgNY6S-gSgA?si=phv-ey5cynYOb8su,sgNY6S-gSgA,सिमानाको कथा | Simanako Katha - Herne Katha EP11,done,2026-06-02 10:30:16.581211,2026-06-02 10:40:28.331531
9d9c5235088440e79e6e1e3dc3110d88,600.32,605.04,4.72,203,0,1,2026-06-02 10:40:28.309435,aa5c02f8109e4c1fa4fd7484c65ff0fc,https://youtu.be/sgNY6S-gSgA?si=phv-ey5cynYOb8su,sgNY6S-gSgA,सिमानाको कथा | Simanako Katha - Herne Katha EP11,done,2026-06-02 10:30:16.581211,2026-06-02 10:40:28.331531
e339edab60ca41278261f87538702e5b,605.04,608.76,3.72,204,0,1,2026-06-02 10:40:28.309435,aa5c02f8109e4c1fa4fd7484c65ff0fc,https://youtu.be/sgNY6S-gSgA?si=phv-ey5cynYOb8su,sgNY6S-gSgA,सिमानाको कथा | Simanako Katha - Herne Katha EP11,done,2026-06-02 10:30:16.581211,2026-06-02 10:40:28.331531
c941dd353fe44f03bcdf9b1bd37af35b,610.76,614.28,3.52,206,0,1,2026-06-02 10:40:28.309435,aa5c02f8109e4c1fa4fd7484c65ff0fc,https://youtu.be/sgNY6S-gSgA?si=phv-ey5cynYOb8su,sgNY6S-gSgA,सिमानाको कथा | Simanako Katha - Herne Katha EP11,done,2026-06-02 10:30:16.581211,2026-06-02 10:40:28.331531
31573b6c4a0140eba54a2e3e994d80e1,614.28,622.44,8.16,207,0,1,2026-06-02 10:40:28.309435,aa5c02f8109e4c1fa4fd7484c65ff0fc,https://youtu.be/sgNY6S-gSgA?si=phv-ey5cynYOb8su,sgNY6S-gSgA,सिमानाको कथा | Simanako Katha - Herne Katha EP11,done,2026-06-02 10:30:16.581211,2026-06-02 10:40:28.331531
65609a7ded9b4284824d5a2b8ce86d59,622.44,625.84,3.4,208,0,1,2026-06-02 10:40:28.309435,aa5c02f8109e4c1fa4fd7484c65ff0fc,https://youtu.be/sgNY6S-gSgA?si=phv-ey5cynYOb8su,sgNY6S-gSgA,सिमानाको कथा | Simanako Katha - Herne Katha EP11,done,2026-06-02 10:30:16.581211,2026-06-02 10:40:28.331531
8a0f244a9d1e454ebfbda0b16939c459,625.84,632.76,6.92,209,0,1,2026-06-02 10:40:28.309435,aa5c02f8109e4c1fa4fd7484c65ff0fc,https://youtu.be/sgNY6S-gSgA?si=phv-ey5cynYOb8su,sgNY6S-gSgA,सिमानाको कथा | Simanako Katha - Herne Katha EP11,done,2026-06-02 10:30:16.581211,2026-06-02 10:40:28.331531
80ac205f55c943f389acf1a824cc807b,635.36,639.08,3.72,211,0,1,2026-06-02 10:40:28.309435,aa5c02f8109e4c1fa4fd7484c65ff0fc,https://youtu.be/sgNY6S-gSgA?si=phv-ey5cynYOb8su,sgNY6S-gSgA,सिमानाको कथा | Simanako Katha - Herne Katha EP11,done,2026-06-02 10:30:16.581211,2026-06-02 10:40:28.331531
bfd108357dbd432aa21127e79d461a74,639.08,644.72,5.64,212,0,1,2026-06-02 10:40:28.309435,aa5c02f8109e4c1fa4fd7484c65ff0fc,https://youtu.be/sgNY6S-gSgA?si=phv-ey5cynYOb8su,sgNY6S-gSgA,सिमानाको कथा | Simanako Katha - Herne Katha EP11,done,2026-06-02 10:30:16.581211,2026-06-02 10:40:28.331531
19715964f0904c07be559a1f656606d3,644.72,648.32,3.6,213,0,1,2026-06-02 10:40:28.309435,aa5c02f8109e4c1fa4fd7484c65ff0fc,https://youtu.be/sgNY6S-gSgA?si=phv-ey5cynYOb8su,sgNY6S-gSgA,सिमानाको कथा | Simanako Katha - Herne Katha EP11,done,2026-06-02 10:30:16.581211,2026-06-02 10:40:28.331531
1bf9c4e46807436c8414ef6c6e453aa3,650.96,655.2,4.24,215,0,1,2026-06-02 10:40:28.309435,aa5c02f8109e4c1fa4fd7484c65ff0fc,https://youtu.be/sgNY6S-gSgA?si=phv-ey5cynYOb8su,sgNY6S-gSgA,सिमानाको कथा | Simanako Katha - Herne Katha EP11,done,2026-06-02 10:30:16.581211,2026-06-02 10:40:28.331531
e649edb0cd4f45b598a7df61302b142a,655.2,665.2,10.0,216,0,1,2026-06-02 10:40:28.309435,aa5c02f8109e4c1fa4fd7484c65ff0fc,https://youtu.be/sgNY6S-gSgA?si=phv-ey5cynYOb8su,sgNY6S-gSgA,सिमानाको कथा | Simanako Katha - Herne Katha EP11,done,2026-06-02 10:30:16.581211,2026-06-02 10:40:28.331531
de37ea157a214cffb34571362bfde4ac,667.92,675.08,7.16,217,0,1,2026-06-02 10:40:28.309435,aa5c02f8109e4c1fa4fd7484c65ff0fc,https://youtu.be/sgNY6S-gSgA?si=phv-ey5cynYOb8su,sgNY6S-gSgA,सिमानाको कथा | Simanako Katha - Herne Katha EP11,done,2026-06-02 10:30:16.581211,2026-06-02 10:40:28.331531
660e60912c9a4cbbbd16c15615745723,675.08,679.96,4.88,218,0,1,2026-06-02 10:40:28.309435,aa5c02f8109e4c1fa4fd7484c65ff0fc,https://youtu.be/sgNY6S-gSgA?si=phv-ey5cynYOb8su,sgNY6S-gSgA,सिमानाको कथा | Simanako Katha - Herne Katha EP11,done,2026-06-02 10:30:16.581211,2026-06-02 10:40:28.331531
ae23eb84c654443faeb1287e7f5371b7,746.16,749.48,3.32,265,0,1,2026-06-02 10:40:28.309435,aa5c02f8109e4c1fa4fd7484c65ff0fc,https://youtu.be/sgNY6S-gSgA?si=phv-ey5cynYOb8su,sgNY6S-gSgA,सिमानाको कथा | Simanako Katha - Herne Katha EP11,done,2026-06-02 10:30:16.581211,2026-06-02 10:40:28.331531
0f2c6a1cd90744c0ad6fe4dca6700716,754.72,760.48,5.76,269,0,1,2026-06-02 10:40:28.309435,aa5c02f8109e4c1fa4fd7484c65ff0fc,https://youtu.be/sgNY6S-gSgA?si=phv-ey5cynYOb8su,sgNY6S-gSgA,सिमानाको कथा | Simanako Katha - Herne Katha EP11,done,2026-06-02 10:30:16.581211,2026-06-02 10:40:28.331531
b91ff291bcaa41d5a778ca7c4cf1b0b6,760.48,765.24,4.76,270,0,1,2026-06-02 10:40:28.309435,aa5c02f8109e4c1fa4fd7484c65ff0fc,https://youtu.be/sgNY6S-gSgA?si=phv-ey5cynYOb8su,sgNY6S-gSgA,सिमानाको कथा | Simanako Katha - Herne Katha EP11,done,2026-06-02 10:30:16.581211,2026-06-02 10:40:28.331531
c3d1f0452f054a9082b7084b108ca1f2,776.16,779.52,3.36,278,0,1,2026-06-02 10:40:28.309435,aa5c02f8109e4c1fa4fd7484c65ff0fc,https://youtu.be/sgNY6S-gSgA?si=phv-ey5cynYOb8su,sgNY6S-gSgA,सिमानाको कथा | Simanako Katha - Herne Katha EP11,done,2026-06-02 10:30:16.581211,2026-06-02 10:40:28.331531
119635cf6def49b78ad45abda80e702d,790.56,796.32,5.76,285,0,1,2026-06-02 10:40:28.309435,aa5c02f8109e4c1fa4fd7484c65ff0fc,https://youtu.be/sgNY6S-gSgA?si=phv-ey5cynYOb8su,sgNY6S-gSgA,सिमानाको कथा | Simanako Katha - Herne Katha EP11,done,2026-06-02 10:30:16.581211,2026-06-02 10:40:28.331531
c6b63522f00a4c8da65f8249277d568b,809.68,812.92,3.24,294,0,1,2026-06-02 10:40:28.309435,aa5c02f8109e4c1fa4fd7484c65ff0fc,https://youtu.be/sgNY6S-gSgA?si=phv-ey5cynYOb8su,sgNY6S-gSgA,सिमानाको कथा | Simanako Katha - Herne Katha EP11,done,2026-06-02 10:30:16.581211,2026-06-02 10:40:28.331531
e71d4d707bf24dffaaa4e0daa012fde5,854.68,858.04,3.36,318,0,1,2026-06-02 10:40:28.309435,aa5c02f8109e4c1fa4fd7484c65ff0fc,https://youtu.be/sgNY6S-gSgA?si=phv-ey5cynYOb8su,sgNY6S-gSgA,सिमानाको कथा | Simanako Katha - Herne Katha EP11,done,2026-06-02 10:30:16.581211,2026-06-02 10:40:28.331531
69864fbc78a64e7b98146f28ed904c16,860.0,863.12,3.12,320,0,1,2026-06-02 10:40:28.309435,aa5c02f8109e4c1fa4fd7484c65ff0fc,https://youtu.be/sgNY6S-gSgA?si=phv-ey5cynYOb8su,sgNY6S-gSgA,सिमानाको कथा | Simanako Katha - Herne Katha EP11,done,2026-06-02 10:30:16.581211,2026-06-02 10:40:28.331531
08fda95614ba4fffa21c1d81b9fda12a,863.12,867.76,4.64,321,0,1,2026-06-02 10:40:28.309435,aa5c02f8109e4c1fa4fd7484c65ff0fc,https://youtu.be/sgNY6S-gSgA?si=phv-ey5cynYOb8su,sgNY6S-gSgA,सिमानाको कथा | Simanako Katha - Herne Katha EP11,done,2026-06-02 10:30:16.581211,2026-06-02 10:40:28.331531
34df9bb1e7ed417a9f8329f8f2040e65,889.4,893.56,4.16,336,0,1,2026-06-02 10:40:28.309435,aa5c02f8109e4c1fa4fd7484c65ff0fc,https://youtu.be/sgNY6S-gSgA?si=phv-ey5cynYOb8su,sgNY6S-gSgA,सिमानाको कथा | Simanako Katha - Herne Katha EP11,done,2026-06-02 10:30:16.581211,2026-06-02 10:40:28.331531
16ec299041a548eb85532ef456bd6430,903.96,907.36,3.4,342,0,1,2026-06-02 10:40:28.309435,aa5c02f8109e4c1fa4fd7484c65ff0fc,https://youtu.be/sgNY6S-gSgA?si=phv-ey5cynYOb8su,sgNY6S-gSgA,सिमानाको कथा | Simanako Katha - Herne Katha EP11,done,2026-06-02 10:30:16.581211,2026-06-02 10:40:28.331531
210a1a5943854e43a6f567cb4a7b317f,922.44,925.88,3.44,352,0,1,2026-06-02 10:40:28.309435,aa5c02f8109e4c1fa4fd7484c65ff0fc,https://youtu.be/sgNY6S-gSgA?si=phv-ey5cynYOb8su,sgNY6S-gSgA,सिमानाको कथा | Simanako Katha - Herne Katha EP11,done,2026-06-02 10:30:16.581211,2026-06-02 10:40:28.331531
9d1bd29e02854a4a84e6ea26ff824cc6,933.04,936.36,3.32,356,0,1,2026-06-02 10:40:28.309435,aa5c02f8109e4c1fa4fd7484c65ff0fc,https://youtu.be/sgNY6S-gSgA?si=phv-ey5cynYOb8su,sgNY6S-gSgA,सिमानाको कथा | Simanako Katha - Herne Katha EP11,done,2026-06-02 10:30:16.581211,2026-06-02 10:40:28.331531
311c9efaf9f843b0bb51f59058357a97,936.36,939.6,3.24,357,0,1,2026-06-02 10:40:28.309435,aa5c02f8109e4c1fa4fd7484c65ff0fc,https://youtu.be/sgNY6S-gSgA?si=phv-ey5cynYOb8su,sgNY6S-gSgA,सिमानाको कथा | Simanako Katha - Herne Katha EP11,done,2026-06-02 10:30:16.581211,2026-06-02 10:40:28.331531
d48dd11038984664b4fe38a5928f651c,939.6,944.12,4.52,358,0,1,2026-06-02 10:40:28.309435,aa5c02f8109e4c1fa4fd7484c65ff0fc,https://youtu.be/sgNY6S-gSgA?si=phv-ey5cynYOb8su,sgNY6S-gSgA,सिमानाको कथा | Simanako Katha - Herne Katha EP11,done,2026-06-02 10:30:16.581211,2026-06-02 10:40:28.331531
728b2d1df996410d88ad8af96b5fa83d,957.64,962.28,4.64,366,0,1,2026-06-02 10:40:28.309435,aa5c02f8109e4c1fa4fd7484c65ff0fc,https://youtu.be/sgNY6S-gSgA?si=phv-ey5cynYOb8su,sgNY6S-gSgA,सिमानाको कथा | Simanako Katha - Herne Katha EP11,done,2026-06-02 10:30:16.581211,2026-06-02 10:40:28.331531
bb5982020cce453c80de201f8863bf11,962.28,965.32,3.04,367,0,1,2026-06-02 10:40:28.309435,aa5c02f8109e4c1fa4fd7484c65ff0fc,https://youtu.be/sgNY6S-gSgA?si=phv-ey5cynYOb8su,sgNY6S-gSgA,सिमानाको कथा | Simanako Katha - Herne Katha EP11,done,2026-06-02 10:30:16.581211,2026-06-02 10:40:28.331531
f50d8b8df8ef492a8f2148166f5f4035,966.96,971.0,4.04,369,0,1,2026-06-02 10:40:28.309435,aa5c02f8109e4c1fa4fd7484c65ff0fc,https://youtu.be/sgNY6S-gSgA?si=phv-ey5cynYOb8su,sgNY6S-gSgA,सिमानाको कथा | Simanako Katha - Herne Katha EP11,done,2026-06-02 10:30:16.581211,2026-06-02 10:40:28.331531
3334ace39bba4863b196c39cbb3e59cb,1000.76,1004.84,4.08,388,0,1,2026-06-02 10:40:28.309435,aa5c02f8109e4c1fa4fd7484c65ff0fc,https://youtu.be/sgNY6S-gSgA?si=phv-ey5cynYOb8su,sgNY6S-gSgA,सिमानाको कथा | Simanako Katha - Herne Katha EP11,done,2026-06-02 10:30:16.581211,2026-06-02 10:40:28.331531
59525146ad0c48f98a07f03f1b295aa0,1004.84,1008.32,3.48,389,0,1,2026-06-02 10:40:28.309435,aa5c02f8109e4c1fa4fd7484c65ff0fc,https://youtu.be/sgNY6S-gSgA?si=phv-ey5cynYOb8su,sgNY6S-gSgA,सिमानाको कथा | Simanako Katha - Herne Katha EP11,done,2026-06-02 10:30:16.581211,2026-06-02 10:40:28.331531
2010c27120c84eb9a3d902861077fc95,1008.32,1014.96,6.64,390,0,1,2026-06-02 10:40:28.309967,aa5c02f8109e4c1fa4fd7484c65ff0fc,https://youtu.be/sgNY6S-gSgA?si=phv-ey5cynYOb8su,sgNY6S-gSgA,सिमानाको कथा | Simanako Katha - Herne Katha EP11,done,2026-06-02 10:30:16.581211,2026-06-02 10:40:28.331531
362a41f87a854988ac13feed82051657,1016.44,1020.32,3.88,392,0,1,2026-06-02 10:40:28.309967,aa5c02f8109e4c1fa4fd7484c65ff0fc,https://youtu.be/sgNY6S-gSgA?si=phv-ey5cynYOb8su,sgNY6S-gSgA,सिमानाको कथा | Simanako Katha - Herne Katha EP11,done,2026-06-02 10:30:16.581211,2026-06-02 10:40:28.331531
d60b1b4303ae48c0b97396926b15abc1,1020.32,1023.92,3.6,393,0,1,2026-06-02 10:40:28.309967,aa5c02f8109e4c1fa4fd7484c65ff0fc,https://youtu.be/sgNY6S-gSgA?si=phv-ey5cynYOb8su,sgNY6S-gSgA,सिमानाको कथा | Simanako Katha - Herne Katha EP11,done,2026-06-02 10:30:16.581211,2026-06-02 10:40:28.331531
7eb6c09b40024a8c926ddce467ed5440,1029.2,1034.52,5.32,397,0,1,2026-06-02 10:40:28.309967,aa5c02f8109e4c1fa4fd7484c65ff0fc,https://youtu.be/sgNY6S-gSgA?si=phv-ey5cynYOb8su,sgNY6S-gSgA,सिमानाको कथा | Simanako Katha - Herne Katha EP11,done,2026-06-02 10:30:16.581211,2026-06-02 10:40:28.331531
af48e88dc5e34aef90a413f96affc9bd,1040.64,1049.36,8.72,401,0,1,2026-06-02 10:40:28.309967,aa5c02f8109e4c1fa4fd7484c65ff0fc,https://youtu.be/sgNY6S-gSgA?si=phv-ey5cynYOb8su,sgNY6S-gSgA,सिमानाको कथा | Simanako Katha - Herne Katha EP11,done,2026-06-02 10:30:16.581211,2026-06-02 10:40:28.331531
2eb143a877bb470197e15674c07be889,1067.8,1073.64,5.84,413,0,1,2026-06-02 10:40:28.316007,aa5c02f8109e4c1fa4fd7484c65ff0fc,https://youtu.be/sgNY6S-gSgA?si=phv-ey5cynYOb8su,sgNY6S-gSgA,सिमानाको कथा | Simanako Katha - Herne Katha EP11,done,2026-06-02 10:30:16.581211,2026-06-02 10:40:28.331531
a4aa98523a3f4b8a8fa939c5965b6b87,1098.56,1102.24,3.68,431,0,1,2026-06-02 10:40:28.316007,aa5c02f8109e4c1fa4fd7484c65ff0fc,https://youtu.be/sgNY6S-gSgA?si=phv-ey5cynYOb8su,sgNY6S-gSgA,सिमानाको कथा | Simanako Katha - Herne Katha EP11,done,2026-06-02 10:30:16.581211,2026-06-02 10:40:28.331531
cc095db6487f40739a6a6db9367de2c0,1102.24,1106.16,3.92,432,0,1,2026-06-02 10:40:28.316007,aa5c02f8109e4c1fa4fd7484c65ff0fc,https://youtu.be/sgNY6S-gSgA?si=phv-ey5cynYOb8su,sgNY6S-gSgA,सिमानाको कथा | Simanako Katha - Herne Katha EP11,done,2026-06-02 10:30:16.581211,2026-06-02 10:40:28.331531
23438d6c88184f0d8c90b3a0332da691,1106.16,1110.72,4.56,433,0,1,2026-06-02 10:40:28.316007,aa5c02f8109e4c1fa4fd7484c65ff0fc,https://youtu.be/sgNY6S-gSgA?si=phv-ey5cynYOb8su,sgNY6S-gSgA,सिमानाको कथा | Simanako Katha - Herne Katha EP11,done,2026-06-02 10:30:16.581211,2026-06-02 10:40:28.331531
72b038443a4145569e5f444d1b3ad97c,1112.24,1115.88,3.64,435,0,1,2026-06-02 10:40:28.316007,aa5c02f8109e4c1fa4fd7484c65ff0fc,https://youtu.be/sgNY6S-gSgA?si=phv-ey5cynYOb8su,sgNY6S-gSgA,सिमानाको कथा | Simanako Katha - Herne Katha EP11,done,2026-06-02 10:30:16.581211,2026-06-02 10:40:28.331531
c49c9160883643afb11ce8f88ed50c7f,1117.8,1122.12,4.32,437,0,1,2026-06-02 10:40:28.316007,aa5c02f8109e4c1fa4fd7484c65ff0fc,https://youtu.be/sgNY6S-gSgA?si=phv-ey5cynYOb8su,sgNY6S-gSgA,सिमानाको कथा | Simanako Katha - Herne Katha EP11,done,2026-06-02 10:30:16.581211,2026-06-02 10:40:28.331531
3a6253cda92e4da19a4c772211848195,1122.12,1127.68,5.56,438,0,1,2026-06-02 10:40:28.316007,aa5c02f8109e4c1fa4fd7484c65ff0fc,https://youtu.be/sgNY6S-gSgA?si=phv-ey5cynYOb8su,sgNY6S-gSgA,सिमानाको कथा | Simanako Katha - Herne Katha EP11,done,2026-06-02 10:30:16.581211,2026-06-02 10:40:28.331531
cbbdd179564d47a69eeb97223a2f9c1b,1127.68,1132.8,5.12,439,0,1,2026-06-02 10:40:28.316007,aa5c02f8109e4c1fa4fd7484c65ff0fc,https://youtu.be/sgNY6S-gSgA?si=phv-ey5cynYOb8su,sgNY6S-gSgA,सिमानाको कथा | Simanako Katha - Herne Katha EP11,done,2026-06-02 10:30:16.581211,2026-06-02 10:40:28.331531
4789557af01b495e82849a33a183c756,1136.76,1139.76,3.0,442,0,1,2026-06-02 10:40:28.316007,aa5c02f8109e4c1fa4fd7484c65ff0fc,https://youtu.be/sgNY6S-gSgA?si=phv-ey5cynYOb8su,sgNY6S-gSgA,सिमानाको कथा | Simanako Katha - Herne Katha EP11,done,2026-06-02 10:30:16.581211,2026-06-02 10:40:28.331531
8d2051883f394fc58ac642f3c2926387,1153.2,1156.68,3.48,450,0,1,2026-06-02 10:40:28.316007,aa5c02f8109e4c1fa4fd7484c65ff0fc,https://youtu.be/sgNY6S-gSgA?si=phv-ey5cynYOb8su,sgNY6S-gSgA,सिमानाको कथा | Simanako Katha - Herne Katha EP11,done,2026-06-02 10:30:16.581211,2026-06-02 10:40:28.331531
429f4e9a8baa41d48bc4aef0a41641fe,1156.68,1160.04,3.36,451,0,1,2026-06-02 10:40:28.316007,aa5c02f8109e4c1fa4fd7484c65ff0fc,https://youtu.be/sgNY6S-gSgA?si=phv-ey5cynYOb8su,sgNY6S-gSgA,सिमानाको कथा | Simanako Katha - Herne Katha EP11,done,2026-06-02 10:30:16.581211,2026-06-02 10:40:28.331531
3d8cdfe1f69942f6ab40a8e880551c6a,1169.56,1173.24,3.68,456,0,1,2026-06-02 10:40:28.316007,aa5c02f8109e4c1fa4fd7484c65ff0fc,https://youtu.be/sgNY6S-gSgA?si=phv-ey5cynYOb8su,sgNY6S-gSgA,सिमानाको कथा | Simanako Katha - Herne Katha EP11,done,2026-06-02 10:30:16.581211,2026-06-02 10:40:28.331531
f1f5871f3f9543f787671f0b3dfee7c2,1174.56,1177.56,3.0,458,0,1,2026-06-02 10:40:28.316007,aa5c02f8109e4c1fa4fd7484c65ff0fc,https://youtu.be/sgNY6S-gSgA?si=phv-ey5cynYOb8su,sgNY6S-gSgA,सिमानाको कथा | Simanako Katha - Herne Katha EP11,done,2026-06-02 10:30:16.581211,2026-06-02 10:40:28.331531
15f9200429124811b6141397901fa099,1177.56,1181.0,3.44,459,0,1,2026-06-02 10:40:28.316007,aa5c02f8109e4c1fa4fd7484c65ff0fc,https://youtu.be/sgNY6S-gSgA?si=phv-ey5cynYOb8su,sgNY6S-gSgA,सिमानाको कथा | Simanako Katha - Herne Katha EP11,done,2026-06-02 10:30:16.581211,2026-06-02 10:40:28.331531
e8fda1b02167404583c83aa03e64a64c,1181.0,1184.88,3.88,460,0,1,2026-06-02 10:40:28.316007,aa5c02f8109e4c1fa4fd7484c65ff0fc,https://youtu.be/sgNY6S-gSgA?si=phv-ey5cynYOb8su,sgNY6S-gSgA,सिमानाको कथा | Simanako Katha - Herne Katha EP11,done,2026-06-02 10:30:16.581211,2026-06-02 10:40:28.331531
79e73257a7f94e6d84867e2f4b39bac1,1187.4,1190.8,3.4,462,0,1,2026-06-02 10:40:28.316007,aa5c02f8109e4c1fa4fd7484c65ff0fc,https://youtu.be/sgNY6S-gSgA?si=phv-ey5cynYOb8su,sgNY6S-gSgA,सिमानाको कथा | Simanako Katha - Herne Katha EP11,done,2026-06-02 10:30:16.581211,2026-06-02 10:40:28.331531
6653f11457b24d2dadec835aca6d6d2d,1208.16,1211.2,3.04,471,0,1,2026-06-02 10:40:28.316007,aa5c02f8109e4c1fa4fd7484c65ff0fc,https://youtu.be/sgNY6S-gSgA?si=phv-ey5cynYOb8su,sgNY6S-gSgA,सिमानाको कथा | Simanako Katha - Herne Katha EP11,done,2026-06-02 10:30:16.581211,2026-06-02 10:40:28.331531
eeb5b4e4dfa64189b360d56e69f59768,1211.2,1215.08,3.88,472,0,1,2026-06-02 10:40:28.316007,aa5c02f8109e4c1fa4fd7484c65ff0fc,https://youtu.be/sgNY6S-gSgA?si=phv-ey5cynYOb8su,sgNY6S-gSgA,सिमानाको कथा | Simanako Katha - Herne Katha EP11,done,2026-06-02 10:30:16.581211,2026-06-02 10:40:28.331531
66c8e2163c5841f396ea890cc27ea6ab,1215.08,1218.68,3.6,473,0,1,2026-06-02 10:40:28.316007,aa5c02f8109e4c1fa4fd7484c65ff0fc,https://youtu.be/sgNY6S-gSgA?si=phv-ey5cynYOb8su,sgNY6S-gSgA,सिमानाको कथा | Simanako Katha - Herne Katha EP11,done,2026-06-02 10:30:16.581211,2026-06-02 10:40:28.331531
3b60dd87da724af59860de9767656bbc,1218.68,1222.28,3.6,474,0,1,2026-06-02 10:40:28.316007,aa5c02f8109e4c1fa4fd7484c65ff0fc,https://youtu.be/sgNY6S-gSgA?si=phv-ey5cynYOb8su,sgNY6S-gSgA,सिमानाको कथा | Simanako Katha - Herne Katha EP11,done,2026-06-02 10:30:16.581211,2026-06-02 10:40:28.331531
72c64f36688d41a58ee360d276e2b898,1231.88,1235.04,3.16,479,0,1,2026-06-02 10:40:28.316007,aa5c02f8109e4c1fa4fd7484c65ff0fc,https://youtu.be/sgNY6S-gSgA?si=phv-ey5cynYOb8su,sgNY6S-gSgA,सिमानाको कथा | Simanako Katha - Herne Katha EP11,done,2026-06-02 10:30:16.581211,2026-06-02 10:40:28.331531
bbad403eba9844cebfafe4bd3c44c68a,1238.0,1241.44,3.44,481,0,1,2026-06-02 10:40:28.316007,aa5c02f8109e4c1fa4fd7484c65ff0fc,https://youtu.be/sgNY6S-gSgA?si=phv-ey5cynYOb8su,sgNY6S-gSgA,सिमानाको कथा | Simanako Katha - Herne Katha EP11,done,2026-06-02 10:30:16.581211,2026-06-02 10:40:28.331531
cdea4fa153b74a79a0c534387f39aebe,1258.72,1262.32,3.6,491,0,1,2026-06-02 10:40:28.316007,aa5c02f8109e4c1fa4fd7484c65ff0fc,https://youtu.be/sgNY6S-gSgA?si=phv-ey5cynYOb8su,sgNY6S-gSgA,सिमानाको कथा | Simanako Katha - Herne Katha EP11,done,2026-06-02 10:30:16.581211,2026-06-02 10:40:28.331531
350ce8a0e39e4f378b402636b8e49075,1264.44,1267.68,3.24,493,0,1,2026-06-02 10:40:28.316007,aa5c02f8109e4c1fa4fd7484c65ff0fc,https://youtu.be/sgNY6S-gSgA?si=phv-ey5cynYOb8su,sgNY6S-gSgA,सिमानाको कथा | Simanako Katha - Herne Katha EP11,done,2026-06-02 10:30:16.581211,2026-06-02 10:40:28.331531
1c9f641f9e8144ce9c3f0c22c4dbd065,1270.24,1273.28,3.04,495,0,1,2026-06-02 10:40:28.316007,aa5c02f8109e4c1fa4fd7484c65ff0fc,https://youtu.be/sgNY6S-gSgA?si=phv-ey5cynYOb8su,sgNY6S-gSgA,सिमानाको कथा | Simanako Katha - Herne Katha EP11,done,2026-06-02 10:30:16.581211,2026-06-02 10:40:28.331531
661c6327cb734910b7230d8ea888e582,1276.0,1280.0,4.0,497,0,1,2026-06-02 10:40:28.316007,aa5c02f8109e4c1fa4fd7484c65ff0fc,https://youtu.be/sgNY6S-gSgA?si=phv-ey5cynYOb8su,sgNY6S-gSgA,सिमानाको कथा | Simanako Katha - Herne Katha EP11,done,2026-06-02 10:30:16.581211,2026-06-02 10:40:28.331531
8bbbb270857045efa78eb0f922c52fb7,1288.16,1291.32,3.16,504,0,1,2026-06-02 10:40:28.316007,aa5c02f8109e4c1fa4fd7484c65ff0fc,https://youtu.be/sgNY6S-gSgA?si=phv-ey5cynYOb8su,sgNY6S-gSgA,सिमानाको कथा | Simanako Katha - Herne Katha EP11,done,2026-06-02 10:30:16.581211,2026-06-02 10:40:28.331531
f4b5e29e4a13481f9bce96f2e69a5788,1293.04,1296.8,3.76,506,0,1,2026-06-02 10:40:28.316007,aa5c02f8109e4c1fa4fd7484c65ff0fc,https://youtu.be/sgNY6S-gSgA?si=phv-ey5cynYOb8su,sgNY6S-gSgA,सिमानाको कथा | Simanako Katha - Herne Katha EP11,done,2026-06-02 10:30:16.581211,2026-06-02 10:40:28.331531
86a96567018b4c59b7a37eb7253194fe,1304.36,1307.6,3.24,511,0,1,2026-06-02 10:40:28.316007,aa5c02f8109e4c1fa4fd7484c65ff0fc,https://youtu.be/sgNY6S-gSgA?si=phv-ey5cynYOb8su,sgNY6S-gSgA,सिमानाको कथा | Simanako Katha - Herne Katha EP11,done,2026-06-02 10:30:16.581211,2026-06-02 10:40:28.331531
46f4512eca0446fc9c850ddc46bb46f2,1314.64,1317.92,3.28,516,0,1,2026-06-02 10:40:28.316007,aa5c02f8109e4c1fa4fd7484c65ff0fc,https://youtu.be/sgNY6S-gSgA?si=phv-ey5cynYOb8su,sgNY6S-gSgA,सिमानाको कथा | Simanako Katha - Herne Katha EP11,done,2026-06-02 10:30:16.581211,2026-06-02 10:40:28.331531
3e0209d5ee644d65b58e2abc1b5649f0,1320.2,1323.2,3.0,518,0,1,2026-06-02 10:40:28.316007,aa5c02f8109e4c1fa4fd7484c65ff0fc,https://youtu.be/sgNY6S-gSgA?si=phv-ey5cynYOb8su,sgNY6S-gSgA,सिमानाको कथा | Simanako Katha - Herne Katha EP11,done,2026-06-02 10:30:16.581211,2026-06-02 10:40:28.331531
db317d15f9c44dfd99db962aa03314b2,1323.2,1328.04,4.84,519,0,1,2026-06-02 10:40:28.316007,aa5c02f8109e4c1fa4fd7484c65ff0fc,https://youtu.be/sgNY6S-gSgA?si=phv-ey5cynYOb8su,sgNY6S-gSgA,सिमानाको कथा | Simanako Katha - Herne Katha EP11,done,2026-06-02 10:30:16.581211,2026-06-02 10:40:28.331531
fd276fc654064508af056f132dd52d97,1331.96,1335.92,3.96,522,0,1,2026-06-02 10:40:28.316007,aa5c02f8109e4c1fa4fd7484c65ff0fc,https://youtu.be/sgNY6S-gSgA?si=phv-ey5cynYOb8su,sgNY6S-gSgA,सिमानाको कथा | Simanako Katha - Herne Katha EP11,done,2026-06-02 10:30:16.581211,2026-06-02 10:40:28.331531
19da39f7dd524f418438564aba149ba6,1340.52,1348.52,8.0,525,0,1,2026-06-02 10:40:28.316007,aa5c02f8109e4c1fa4fd7484c65ff0fc,https://youtu.be/sgNY6S-gSgA?si=phv-ey5cynYOb8su,sgNY6S-gSgA,सिमानाको कथा | Simanako Katha - Herne Katha EP11,done,2026-06-02 10:30:16.581211,2026-06-02 10:40:28.331531
71c3b66151264733933cf59850a74530,1348.52,1358.52,10.0,526,0,1,2026-06-02 10:40:28.316007,aa5c02f8109e4c1fa4fd7484c65ff0fc,https://youtu.be/sgNY6S-gSgA?si=phv-ey5cynYOb8su,sgNY6S-gSgA,सिमानाको कथा | Simanako Katha - Herne Katha EP11,done,2026-06-02 10:30:16.581211,2026-06-02 10:40:28.331531
1e7c28472dde4f71a5bbc19e15a87ac9,1368.32,1374.32,6.0,527,0,1,2026-06-02 10:40:28.316007,aa5c02f8109e4c1fa4fd7484c65ff0fc,https://youtu.be/sgNY6S-gSgA?si=phv-ey5cynYOb8su,sgNY6S-gSgA,सिमानाको कथा | Simanako Katha - Herne Katha EP11,done,2026-06-02 10:30:16.581211,2026-06-02 10:40:28.331531
f14d59fc4fc1489b858c3c2bf44da5e2,1374.32,1377.36,3.04,528,0,1,2026-06-02 10:40:28.316007,aa5c02f8109e4c1fa4fd7484c65ff0fc,https://youtu.be/sgNY6S-gSgA?si=phv-ey5cynYOb8su,sgNY6S-gSgA,सिमानाको कथा | Simanako Katha - Herne Katha EP11,done,2026-06-02 10:30:16.581211,2026-06-02 10:40:28.331531
f1c07c1e0b4544ddb111332c282a7594,1377.36,1381.48,4.12,529,0,1,2026-06-02 10:40:28.316007,aa5c02f8109e4c1fa4fd7484c65ff0fc,https://youtu.be/sgNY6S-gSgA?si=phv-ey5cynYOb8su,sgNY6S-gSgA,सिमानाको कथा | Simanako Katha - Herne Katha EP11,done,2026-06-02 10:30:16.581211,2026-06-02 10:40:28.331531
f5bf42dd615a46e1a3f46ea07641ab02,1381.48,1391.48,10.0,530,0,1,2026-06-02 10:40:28.316007,aa5c02f8109e4c1fa4fd7484c65ff0fc,https://youtu.be/sgNY6S-gSgA?si=phv-ey5cynYOb8su,sgNY6S-gSgA,सिमानाको कथा | Simanako Katha - Herne Katha EP11,done,2026-06-02 10:30:16.581211,2026-06-02 10:40:28.331531
f1b14580404645268220a32ce876e6c1,1396.36,1403.36,7.0,532,0,1,2026-06-02 10:40:28.316007,aa5c02f8109e4c1fa4fd7484c65ff0fc,https://youtu.be/sgNY6S-gSgA?si=phv-ey5cynYOb8su,sgNY6S-gSgA,सिमानाको कथा | Simanako Katha - Herne Katha EP11,done,2026-06-02 10:30:16.581211,2026-06-02 10:40:28.331531
aa22b728a3d04bdbac7a8b51e2263793,1403.36,1408.96,5.6,533,0,1,2026-06-02 10:40:28.316007,aa5c02f8109e4c1fa4fd7484c65ff0fc,https://youtu.be/sgNY6S-gSgA?si=phv-ey5cynYOb8su,sgNY6S-gSgA,सिमानाको कथा | Simanako Katha - Herne Katha EP11,done,2026-06-02 10:30:16.581211,2026-06-02 10:40:28.331531
1d95bf9779804a6ab095b0a37825b8b7,1411.28,1414.84,3.56,535,0,1,2026-06-02 10:40:28.316007,aa5c02f8109e4c1fa4fd7484c65ff0fc,https://youtu.be/sgNY6S-gSgA?si=phv-ey5cynYOb8su,sgNY6S-gSgA,सिमानाको कथा | Simanako Katha - Herne Katha EP11,done,2026-06-02 10:30:16.581211,2026-06-02 10:40:28.331531
40018e88314a41f3ac17150768053834,1417.08,1425.44,8.36,537,0,1,2026-06-02 10:40:28.316007,aa5c02f8109e4c1fa4fd7484c65ff0fc,https://youtu.be/sgNY6S-gSgA?si=phv-ey5cynYOb8su,sgNY6S-gSgA,सिमानाको कथा | Simanako Katha - Herne Katha EP11,done,2026-06-02 10:30:16.581211,2026-06-02 10:40:28.331531
5ff5b6ed3745411ab6e8601f986bee87,1425.44,1429.92,4.48,538,0,1,2026-06-02 10:40:28.316007,aa5c02f8109e4c1fa4fd7484c65ff0fc,https://youtu.be/sgNY6S-gSgA?si=phv-ey5cynYOb8su,sgNY6S-gSgA,सिमानाको कथा | Simanako Katha - Herne Katha EP11,done,2026-06-02 10:30:16.581211,2026-06-02 10:40:28.331531
67386b6559714f289931046c8ccbbca3,1429.92,1437.16,7.24,539,0,1,2026-06-02 10:40:28.318036,aa5c02f8109e4c1fa4fd7484c65ff0fc,https://youtu.be/sgNY6S-gSgA?si=phv-ey5cynYOb8su,sgNY6S-gSgA,सिमानाको कथा | Simanako Katha - Herne Katha EP11,done,2026-06-02 10:30:16.581211,2026-06-02 10:40:28.331531
24e989d303204a028d993a10c5b27856,1437.16,1441.44,4.28,540,0,1,2026-06-02 10:40:28.318036,aa5c02f8109e4c1fa4fd7484c65ff0fc,https://youtu.be/sgNY6S-gSgA?si=phv-ey5cynYOb8su,sgNY6S-gSgA,सिमानाको कथा | Simanako Katha - Herne Katha EP11,done,2026-06-02 10:30:16.581211,2026-06-02 10:40:28.331531
12d14bf7e06f4f64843039d3728ada05,1441.44,1444.44,3.0,541,0,1,2026-06-02 10:40:28.318036,aa5c02f8109e4c1fa4fd7484c65ff0fc,https://youtu.be/sgNY6S-gSgA?si=phv-ey5cynYOb8su,sgNY6S-gSgA,सिमानाको कथा | Simanako Katha - Herne Katha EP11,done,2026-06-02 10:30:16.581211,2026-06-02 10:40:28.331531
a069c5367fee420c848671f1ab5be9aa,1452.12,1457.36,5.24,546,0,1,2026-06-02 10:40:28.318036,aa5c02f8109e4c1fa4fd7484c65ff0fc,https://youtu.be/sgNY6S-gSgA?si=phv-ey5cynYOb8su,sgNY6S-gSgA,सिमानाको कथा | Simanako Katha - Herne Katha EP11,done,2026-06-02 10:30:16.581211,2026-06-02 10:40:28.331531
53dd75f3d00f46c597b0fa7df36215d0,1457.36,1460.84,3.48,547,0,1,2026-06-02 10:40:28.318036,aa5c02f8109e4c1fa4fd7484c65ff0fc,https://youtu.be/sgNY6S-gSgA?si=phv-ey5cynYOb8su,sgNY6S-gSgA,सिमानाको कथा | Simanako Katha - Herne Katha EP11,done,2026-06-02 10:30:16.581211,2026-06-02 10:40:28.331531
9ef9e8d4371c4de3b5391a6ad2f175c1,1460.84,1464.6,3.76,548,0,1,2026-06-02 10:40:28.318036,aa5c02f8109e4c1fa4fd7484c65ff0fc,https://youtu.be/sgNY6S-gSgA?si=phv-ey5cynYOb8su,sgNY6S-gSgA,सिमानाको कथा | Simanako Katha - Herne Katha EP11,done,2026-06-02 10:30:16.581211,2026-06-02 10:40:28.331531
2ce7bd3f5d5445c48abbb7b094ab29dd,1464.6,1473.68,9.08,549,0,1,2026-06-02 10:40:28.318036,aa5c02f8109e4c1fa4fd7484c65ff0fc,https://youtu.be/sgNY6S-gSgA?si=phv-ey5cynYOb8su,sgNY6S-gSgA,सिमानाको कथा | Simanako Katha - Herne Katha EP11,done,2026-06-02 10:30:16.581211,2026-06-02 10:40:28.331531
a79b34f008df4fb7ad7307fe96860c4d,1473.68,1478.0,4.32,550,0,1,2026-06-02 10:40:28.318036,aa5c02f8109e4c1fa4fd7484c65ff0fc,https://youtu.be/sgNY6S-gSgA?si=phv-ey5cynYOb8su,sgNY6S-gSgA,सिमानाको कथा | Simanako Katha - Herne Katha EP11,done,2026-06-02 10:30:16.581211,2026-06-02 10:40:28.331531
2942a7e2267e4f29b43417f3d8b796af,1478.0,1483.24,5.24,551,0,1,2026-06-02 10:40:28.318036,aa5c02f8109e4c1fa4fd7484c65ff0fc,https://youtu.be/sgNY6S-gSgA?si=phv-ey5cynYOb8su,sgNY6S-gSgA,सिमानाको कथा | Simanako Katha - Herne Katha EP11,done,2026-06-02 10:30:16.581211,2026-06-02 10:40:28.331531
929131f16912463287e564d66cf8ba73,1483.24,1489.2,5.96,552,0,1,2026-06-02 10:40:28.318036,aa5c02f8109e4c1fa4fd7484c65ff0fc,https://youtu.be/sgNY6S-gSgA?si=phv-ey5cynYOb8su,sgNY6S-gSgA,सिमानाको कथा | Simanako Katha - Herne Katha EP11,done,2026-06-02 10:30:16.581211,2026-06-02 10:40:28.331531
f4dae3db217344c1a4e70499ee8ace80,1489.2,1492.76,3.56,553,0,1,2026-06-02 10:40:28.318036,aa5c02f8109e4c1fa4fd7484c65ff0fc,https://youtu.be/sgNY6S-gSgA?si=phv-ey5cynYOb8su,sgNY6S-gSgA,सिमानाको कथा | Simanako Katha - Herne Katha EP11,done,2026-06-02 10:30:16.581211,2026-06-02 10:40:28.331531
c766d69d4e9d4fa09a99a7022db92f70,1497.36,1501.4,4.04,556,0,1,2026-06-02 10:40:28.318036,aa5c02f8109e4c1fa4fd7484c65ff0fc,https://youtu.be/sgNY6S-gSgA?si=phv-ey5cynYOb8su,sgNY6S-gSgA,सिमानाको कथा | Simanako Katha - Herne Katha EP11,done,2026-06-02 10:30:16.581211,2026-06-02 10:40:28.331531
43d4b82228f748c887d41eb07c86dc37,1510.96,1520.96,10.0,561,0,1,2026-06-02 10:40:28.318036,aa5c02f8109e4c1fa4fd7484c65ff0fc,https://youtu.be/sgNY6S-gSgA?si=phv-ey5cynYOb8su,sgNY6S-gSgA,सिमानाको कथा | Simanako Katha - Herne Katha EP11,done,2026-06-02 10:30:16.581211,2026-06-02 10:40:28.331531
5798e609073641b1920c98d405586012,1523.12,1528.04,4.92,563,0,1,2026-06-02 10:40:28.318036,aa5c02f8109e4c1fa4fd7484c65ff0fc,https://youtu.be/sgNY6S-gSgA?si=phv-ey5cynYOb8su,sgNY6S-gSgA,सिमानाको कथा | Simanako Katha - Herne Katha EP11,done,2026-06-02 10:30:16.581211,2026-06-02 10:40:28.331531
55e405bc4a194672a5df7f4f7e573ba7,1533.88,1540.12,6.24,567,0,1,2026-06-02 10:40:28.318036,aa5c02f8109e4c1fa4fd7484c65ff0fc,https://youtu.be/sgNY6S-gSgA?si=phv-ey5cynYOb8su,sgNY6S-gSgA,सिमानाको कथा | Simanako Katha - Herne Katha EP11,done,2026-06-02 10:30:16.581211,2026-06-02 10:40:28.331531
9431a9e6703f478a8d6ede1372c77bc8,1543.56,1546.96,3.4,570,0,1,2026-06-02 10:40:28.318036,aa5c02f8109e4c1fa4fd7484c65ff0fc,https://youtu.be/sgNY6S-gSgA?si=phv-ey5cynYOb8su,sgNY6S-gSgA,सिमानाको कथा | Simanako Katha - Herne Katha EP11,done,2026-06-02 10:30:16.581211,2026-06-02 10:40:28.331531
e04cfe4c295c4a9eaec1acc3a50794db,1554.52,1558.4,3.88,574,0,1,2026-06-02 10:40:28.318036,aa5c02f8109e4c1fa4fd7484c65ff0fc,https://youtu.be/sgNY6S-gSgA?si=phv-ey5cynYOb8su,sgNY6S-gSgA,सिमानाको कथा | Simanako Katha - Herne Katha EP11,done,2026-06-02 10:30:16.581211,2026-06-02 10:40:28.331531
92fe8376621449fc8dfd4a66365f730d,1560.28,1563.44,3.16,576,0,1,2026-06-02 10:40:28.318036,aa5c02f8109e4c1fa4fd7484c65ff0fc,https://youtu.be/sgNY6S-gSgA?si=phv-ey5cynYOb8su,sgNY6S-gSgA,सिमानाको कथा | Simanako Katha - Herne Katha EP11,done,2026-06-02 10:30:16.581211,2026-06-02 10:40:28.331531
8b06f4a960e241eda297805ea371d2a9,1563.44,1566.48,3.04,577,0,1,2026-06-02 10:40:28.318036,aa5c02f8109e4c1fa4fd7484c65ff0fc,https://youtu.be/sgNY6S-gSgA?si=phv-ey5cynYOb8su,sgNY6S-gSgA,सिमानाको कथा | Simanako Katha - Herne Katha EP11,done,2026-06-02 10:30:16.581211,2026-06-02 10:40:28.331531
fa1ff844023349cabebfcdfc1a695a21,1566.48,1571.64,5.16,578,0,1,2026-06-02 10:40:28.318036,aa5c02f8109e4c1fa4fd7484c65ff0fc,https://youtu.be/sgNY6S-gSgA?si=phv-ey5cynYOb8su,sgNY6S-gSgA,सिमानाको कथा | Simanako Katha - Herne Katha EP11,done,2026-06-02 10:30:16.581211,2026-06-02 10:40:28.331531
11851958c46a4080b30bd23b0721ced0,1578.92,1582.48,3.56,582,0,1,2026-06-02 10:40:28.318036,aa5c02f8109e4c1fa4fd7484c65ff0fc,https://youtu.be/sgNY6S-gSgA?si=phv-ey5cynYOb8su,sgNY6S-gSgA,सिमानाको कथा | Simanako Katha - Herne Katha EP11,done,2026-06-02 10:30:16.581211,2026-06-02 10:40:28.331531
01fc8b6cf00d42d397b69e66fe714ac2,1595.72,1600.32,4.6,591,0,1,2026-06-02 10:40:28.318036,aa5c02f8109e4c1fa4fd7484c65ff0fc,https://youtu.be/sgNY6S-gSgA?si=phv-ey5cynYOb8su,sgNY6S-gSgA,सिमानाको कथा | Simanako Katha - Herne Katha EP11,done,2026-06-02 10:30:16.581211,2026-06-02 10:40:28.331531
2a7eeca02d884f74b8c0ebae561c402f,1600.32,1605.96,5.64,592,0,1,2026-06-02 10:40:28.318036,aa5c02f8109e4c1fa4fd7484c65ff0fc,https://youtu.be/sgNY6S-gSgA?si=phv-ey5cynYOb8su,sgNY6S-gSgA,सिमानाको कथा | Simanako Katha - Herne Katha EP11,done,2026-06-02 10:30:16.581211,2026-06-02 10:40:28.331531
44a836c78d2d45c7895e0ecb51526f1d,1605.96,1608.96,3.0,593,0,1,2026-06-02 10:40:28.318036,aa5c02f8109e4c1fa4fd7484c65ff0fc,https://youtu.be/sgNY6S-gSgA?si=phv-ey5cynYOb8su,sgNY6S-gSgA,सिमानाको कथा | Simanako Katha - Herne Katha EP11,done,2026-06-02 10:30:16.581211,2026-06-02 10:40:28.331531
3550bce4d36442e3a4e7bd8a3fd6033c,1611.28,1615.36,4.08,595,0,1,2026-06-02 10:40:28.318036,aa5c02f8109e4c1fa4fd7484c65ff0fc,https://youtu.be/sgNY6S-gSgA?si=phv-ey5cynYOb8su,sgNY6S-gSgA,सिमानाको कथा | Simanako Katha - Herne Katha EP11,done,2026-06-02 10:30:16.581211,2026-06-02 10:40:28.331531
1094d1063d6649728fca29ad48fd0b26,1617.6,1620.76,3.16,597,0,1,2026-06-02 10:40:28.318036,aa5c02f8109e4c1fa4fd7484c65ff0fc,https://youtu.be/sgNY6S-gSgA?si=phv-ey5cynYOb8su,sgNY6S-gSgA,सिमानाको कथा | Simanako Katha - Herne Katha EP11,done,2026-06-02 10:30:16.581211,2026-06-02 10:40:28.331531
8b23d924c1b44fcebcb6cb0ca2fe1311,1620.76,1629.72,8.96,598,0,1,2026-06-02 10:40:28.318036,aa5c02f8109e4c1fa4fd7484c65ff0fc,https://youtu.be/sgNY6S-gSgA?si=phv-ey5cynYOb8su,sgNY6S-gSgA,सिमानाको कथा | Simanako Katha - Herne Katha EP11,done,2026-06-02 10:30:16.581211,2026-06-02 10:40:28.331531
5710952cc356480cb6004ae5579dbb2e,1629.72,1632.72,3.0,599,0,1,2026-06-02 10:40:28.318036,aa5c02f8109e4c1fa4fd7484c65ff0fc,https://youtu.be/sgNY6S-gSgA?si=phv-ey5cynYOb8su,sgNY6S-gSgA,सिमानाको कथा | Simanako Katha - Herne Katha EP11,done,2026-06-02 10:30:16.581211,2026-06-02 10:40:28.331531
156d551a078840a1940419c26b586ffd,1635.0,1638.08,3.08,601,0,1,2026-06-02 10:40:28.318036,aa5c02f8109e4c1fa4fd7484c65ff0fc,https://youtu.be/sgNY6S-gSgA?si=phv-ey5cynYOb8su,sgNY6S-gSgA,सिमानाको कथा | Simanako Katha - Herne Katha EP11,done,2026-06-02 10:30:16.581211,2026-06-02 10:40:28.331531
dbd60acf6ade45e2b514bb432b2e3ba9,1638.08,1641.12,3.04,602,0,1,2026-06-02 10:40:28.318036,aa5c02f8109e4c1fa4fd7484c65ff0fc,https://youtu.be/sgNY6S-gSgA?si=phv-ey5cynYOb8su,sgNY6S-gSgA,सिमानाको कथा | Simanako Katha - Herne Katha EP11,done,2026-06-02 10:30:16.581211,2026-06-02 10:40:28.331531
4d330a2f42164db398181f16eaffbf24,1641.12,1644.24,3.12,603,0,1,2026-06-02 10:40:28.318036,aa5c02f8109e4c1fa4fd7484c65ff0fc,https://youtu.be/sgNY6S-gSgA?si=phv-ey5cynYOb8su,sgNY6S-gSgA,सिमानाको कथा | Simanako Katha - Herne Katha EP11,done,2026-06-02 10:30:16.581211,2026-06-02 10:40:28.331531
05671d9c8d3f4f80b3afbb668871631b,1655.84,1659.28,3.44,610,0,1,2026-06-02 10:40:28.318036,aa5c02f8109e4c1fa4fd7484c65ff0fc,https://youtu.be/sgNY6S-gSgA?si=phv-ey5cynYOb8su,sgNY6S-gSgA,सिमानाको कथा | Simanako Katha - Herne Katha EP11,done,2026-06-02 10:30:16.581211,2026-06-02 10:40:28.331531
294bf5ac2fb74a9081a36818e3065ea6,1659.28,1662.8,3.52,611,0,1,2026-06-02 10:40:28.318036,aa5c02f8109e4c1fa4fd7484c65ff0fc,https://youtu.be/sgNY6S-gSgA?si=phv-ey5cynYOb8su,sgNY6S-gSgA,सिमानाको कथा | Simanako Katha - Herne Katha EP11,done,2026-06-02 10:30:16.581211,2026-06-02 10:40:28.331531
d101a75ef7db4305a3943099a8bbbe80,1662.8,1668.0,5.2,612,0,1,2026-06-02 10:40:28.318036,aa5c02f8109e4c1fa4fd7484c65ff0fc,https://youtu.be/sgNY6S-gSgA?si=phv-ey5cynYOb8su,sgNY6S-gSgA,सिमानाको कथा | Simanako Katha - Herne Katha EP11,done,2026-06-02 10:30:16.581211,2026-06-02 10:40:28.331531
c7a801a72074409dbf8c11cdb28e4917,1668.0,1676.64,8.64,613,0,1,2026-06-02 10:40:28.318036,aa5c02f8109e4c1fa4fd7484c65ff0fc,https://youtu.be/sgNY6S-gSgA?si=phv-ey5cynYOb8su,sgNY6S-gSgA,सिमानाको कथा | Simanako Katha - Herne Katha EP11,done,2026-06-02 10:30:16.581211,2026-06-02 10:40:28.331531
0e6ff8580c3a44a8aa2c641740428a5b,1676.64,1685.12,8.48,614,0,1,2026-06-02 10:40:28.318036,aa5c02f8109e4c1fa4fd7484c65ff0fc,https://youtu.be/sgNY6S-gSgA?si=phv-ey5cynYOb8su,sgNY6S-gSgA,सिमानाको कथा | Simanako Katha - Herne Katha EP11,done,2026-06-02 10:30:16.581211,2026-06-02 10:40:28.331531
da5cd39feeb049ceb7ff5d8a94af5d3b,1685.12,1689.28,4.16,615,0,1,2026-06-02 10:40:28.318036,aa5c02f8109e4c1fa4fd7484c65ff0fc,https://youtu.be/sgNY6S-gSgA?si=phv-ey5cynYOb8su,sgNY6S-gSgA,सिमानाको कथा | Simanako Katha - Herne Katha EP11,done,2026-06-02 10:30:16.581211,2026-06-02 10:40:28.331531
976afa47ca0442e1b747ddd83499e489,1689.28,1699.04,9.76,616,0,1,2026-06-02 10:40:28.318612,aa5c02f8109e4c1fa4fd7484c65ff0fc,https://youtu.be/sgNY6S-gSgA?si=phv-ey5cynYOb8su,sgNY6S-gSgA,सिमानाको कथा | Simanako Katha - Herne Katha EP11,done,2026-06-02 10:30:16.581211,2026-06-02 10:40:28.331531
d9fc45949622451eaa22fc683989cb09,1699.04,1703.04,4.0,617,0,1,2026-06-02 10:40:28.318612,aa5c02f8109e4c1fa4fd7484c65ff0fc,https://youtu.be/sgNY6S-gSgA?si=phv-ey5cynYOb8su,sgNY6S-gSgA,सिमानाको कथा | Simanako Katha - Herne Katha EP11,done,2026-06-02 10:30:16.581211,2026-06-02 10:40:28.331531
66524482cd4d4120b9edab4760b8a394,1703.04,1706.08,3.04,618,0,1,2026-06-02 10:40:28.318612,aa5c02f8109e4c1fa4fd7484c65ff0fc,https://youtu.be/sgNY6S-gSgA?si=phv-ey5cynYOb8su,sgNY6S-gSgA,सिमानाको कथा | Simanako Katha - Herne Katha EP11,done,2026-06-02 10:30:16.581211,2026-06-02 10:40:28.331531
93fb8e4843004e759e8ed5bbe48f5e37,1706.08,1709.6,3.52,619,0,1,2026-06-02 10:40:28.318612,aa5c02f8109e4c1fa4fd7484c65ff0fc,https://youtu.be/sgNY6S-gSgA?si=phv-ey5cynYOb8su,sgNY6S-gSgA,सिमानाको कथा | Simanako Katha - Herne Katha EP11,done,2026-06-02 10:30:16.581211,2026-06-02 10:40:28.331531
60f9f25a6ea64e5888485265ac3afe59,1709.6,1714.96,5.36,620,0,1,2026-06-02 10:40:28.318612,aa5c02f8109e4c1fa4fd7484c65ff0fc,https://youtu.be/sgNY6S-gSgA?si=phv-ey5cynYOb8su,sgNY6S-gSgA,सिमानाको कथा | Simanako Katha - Herne Katha EP11,done,2026-06-02 10:30:16.581211,2026-06-02 10:40:28.331531
1d0cc191f46c40349f548bfd2715c0c5,1714.96,1718.36,3.4,621,0,1,2026-06-02 10:40:28.318791,aa5c02f8109e4c1fa4fd7484c65ff0fc,https://youtu.be/sgNY6S-gSgA?si=phv-ey5cynYOb8su,sgNY6S-gSgA,सिमानाको कथा | Simanako Katha - Herne Katha EP11,done,2026-06-02 10:30:16.581211,2026-06-02 10:40:28.331531
3d7c4406b9f84b09a3a2f328444e3c26,1718.36,1721.84,3.48,622,0,1,2026-06-02 10:40:28.319071,aa5c02f8109e4c1fa4fd7484c65ff0fc,https://youtu.be/sgNY6S-gSgA?si=phv-ey5cynYOb8su,sgNY6S-gSgA,सिमानाको कथा | Simanako Katha - Herne Katha EP11,done,2026-06-02 10:30:16.581211,2026-06-02 10:40:28.331531
dbf633f9e644483fa5939abae1d11e85,1726.04,1730.92,4.88,625,0,1,2026-06-02 10:40:28.319126,aa5c02f8109e4c1fa4fd7484c65ff0fc,https://youtu.be/sgNY6S-gSgA?si=phv-ey5cynYOb8su,sgNY6S-gSgA,सिमानाको कथा | Simanako Katha - Herne Katha EP11,done,2026-06-02 10:30:16.581211,2026-06-02 10:40:28.331531
f1601a899e6147e49784cf5138bd7ec8,1730.92,1737.88,6.96,626,0,1,2026-06-02 10:40:28.319126,aa5c02f8109e4c1fa4fd7484c65ff0fc,https://youtu.be/sgNY6S-gSgA?si=phv-ey5cynYOb8su,sgNY6S-gSgA,सिमानाको कथा | Simanako Katha - Herne Katha EP11,done,2026-06-02 10:30:16.581211,2026-06-02 10:40:28.331531
721c5e45cb4c4964a053151d9695b859,1737.88,1745.48,7.6,627,0,1,2026-06-02 10:40:28.319126,aa5c02f8109e4c1fa4fd7484c65ff0fc,https://youtu.be/sgNY6S-gSgA?si=phv-ey5cynYOb8su,sgNY6S-gSgA,सिमानाको कथा | Simanako Katha - Herne Katha EP11,done,2026-06-02 10:30:16.581211,2026-06-02 10:40:28.331531
e1bc554766f44b878778a20b0d46c79e,1747.72,1751.96,4.24,629,0,1,2026-06-02 10:40:28.319126,aa5c02f8109e4c1fa4fd7484c65ff0fc,https://youtu.be/sgNY6S-gSgA?si=phv-ey5cynYOb8su,sgNY6S-gSgA,सिमानाको कथा | Simanako Katha - Herne Katha EP11,done,2026-06-02 10:30:16.581211,2026-06-02 10:40:28.331531
50ce39560d304412b9f66f59ae1db111,1751.96,1755.8,3.84,630,0,1,2026-06-02 10:40:28.319126,aa5c02f8109e4c1fa4fd7484c65ff0fc,https://youtu.be/sgNY6S-gSgA?si=phv-ey5cynYOb8su,sgNY6S-gSgA,सिमानाको कथा | Simanako Katha - Herne Katha EP11,done,2026-06-02 10:30:16.581211,2026-06-02 10:40:28.331531
8ff390386a534823a9370ad8478572cc,1755.8,1763.56,7.76,631,0,1,2026-06-02 10:40:28.319234,aa5c02f8109e4c1fa4fd7484c65ff0fc,https://youtu.be/sgNY6S-gSgA?si=phv-ey5cynYOb8su,sgNY6S-gSgA,सिमानाको कथा | Simanako Katha - Herne Katha EP11,done,2026-06-02 10:30:16.581211,2026-06-02 10:40:28.331531
2d6602fa68a441dd9bb601be76267c8c,1763.56,1771.68,8.12,632,0,1,2026-06-02 10:40:28.319234,aa5c02f8109e4c1fa4fd7484c65ff0fc,https://youtu.be/sgNY6S-gSgA?si=phv-ey5cynYOb8su,sgNY6S-gSgA,सिमानाको कथा | Simanako Katha - Herne Katha EP11,done,2026-06-02 10:30:16.581211,2026-06-02 10:40:28.331531
2c7cc283c5e64fd891918333c5cce336,1774.16,1777.68,3.52,634,0,1,2026-06-02 10:40:28.319234,aa5c02f8109e4c1fa4fd7484c65ff0fc,https://youtu.be/sgNY6S-gSgA?si=phv-ey5cynYOb8su,sgNY6S-gSgA,सिमानाको कथा | Simanako Katha - Herne Katha EP11,done,2026-06-02 10:30:16.581211,2026-06-02 10:40:28.331531
c8ef935412e3455798963bdd1afdf16d,1777.68,1781.56,3.88,635,0,1,2026-06-02 10:40:28.319234,aa5c02f8109e4c1fa4fd7484c65ff0fc,https://youtu.be/sgNY6S-gSgA?si=phv-ey5cynYOb8su,sgNY6S-gSgA,सिमानाको कथा | Simanako Katha - Herne Katha EP11,done,2026-06-02 10:30:16.581211,2026-06-02 10:40:28.331531
6028b4fe6abe48dba3843c0f07464b11,1781.56,1785.08,3.52,636,0,1,2026-06-02 10:40:28.319234,aa5c02f8109e4c1fa4fd7484c65ff0fc,https://youtu.be/sgNY6S-gSgA?si=phv-ey5cynYOb8su,sgNY6S-gSgA,सिमानाको कथा | Simanako Katha - Herne Katha EP11,done,2026-06-02 10:30:16.581211,2026-06-02 10:40:28.331531
18a2c36268424a81b47fedd1baeee471,1785.08,1795.08,10.0,637,0,1,2026-06-02 10:40:28.319234,aa5c02f8109e4c1fa4fd7484c65ff0fc,https://youtu.be/sgNY6S-gSgA?si=phv-ey5cynYOb8su,sgNY6S-gSgA,सिमानाको कथा | Simanako Katha - Herne Katha EP11,done,2026-06-02 10:30:16.581211,2026-06-02 10:40:28.331531
